<?xml version="1.0" encoding="UTF-8"?>
<Document doc_name="2439_ecbplus.xml.xml">
  <token t_id="1" sentence="0" number="0">山</token>
  <token t_id="2" sentence="0" number="1">西</token>
  <token t_id="3" sentence="0" number="2">孝</token>
  <token t_id="4" sentence="0" number="3">义</token>
  <token t_id="5" sentence="0" number="4">开</token>
  <token t_id="6" sentence="0" number="5">展</token>
  <token t_id="7" sentence="0" number="6">打</token>
  <token t_id="8" sentence="0" number="7">击</token>
  <token t_id="9" sentence="0" number="8">盗</token>
  <token t_id="10" sentence="0" number="9">采</token>
  <token t_id="11" sentence="0" number="10">矿</token>
  <token t_id="12" sentence="0" number="11">产</token>
  <token t_id="13" sentence="0" number="12">资</token>
  <token t_id="14" sentence="0" number="13">源</token>
  <token t_id="15" sentence="0" number="14">专</token>
  <token t_id="16" sentence="0" number="15">项</token>
  <token t_id="17" sentence="0" number="16">行</token>
  <token t_id="18" sentence="0" number="17">动</token>
  <token t_id="19" sentence="0" number="18">。</token>
  <token t_id="20" sentence="1" number="0">赵</token>
  <token t_id="21" sentence="1" number="1">泉</token>
  <token t_id="22" sentence="1" number="2">摄</token>
  <token t_id="23" sentence="1" number="3">1</token>
  <token t_id="24" sentence="1" number="4">2</token>
  <token t_id="25" sentence="1" number="5">月</token>
  <token t_id="26" sentence="1" number="6">1</token>
  <token t_id="27" sentence="1" number="7">9</token>
  <token t_id="28" sentence="1" number="8">日</token>
  <token t_id="29" sentence="1" number="9">，</token>
  <token t_id="30" sentence="1" number="10">山</token>
  <token t_id="31" sentence="1" number="11">西</token>
  <token t_id="32" sentence="1" number="12">省</token>
  <token t_id="33" sentence="1" number="13">孝</token>
  <token t_id="34" sentence="1" number="14">义</token>
  <token t_id="35" sentence="1" number="15">市</token>
  <token t_id="36" sentence="1" number="16">召</token>
  <token t_id="37" sentence="1" number="17">开</token>
  <token t_id="38" sentence="1" number="18">打</token>
  <token t_id="39" sentence="1" number="19">击</token>
  <token t_id="40" sentence="1" number="20">盗</token>
  <token t_id="41" sentence="1" number="21">采</token>
  <token t_id="42" sentence="1" number="22">矿</token>
  <token t_id="43" sentence="1" number="23">产</token>
  <token t_id="44" sentence="1" number="24">资</token>
  <token t_id="45" sentence="1" number="25">源</token>
  <token t_id="46" sentence="1" number="26">专</token>
  <token t_id="47" sentence="1" number="27">项</token>
  <token t_id="48" sentence="1" number="28">行</token>
  <token t_id="49" sentence="1" number="29">动</token>
  <token t_id="50" sentence="1" number="30">动</token>
  <token t_id="51" sentence="1" number="31">员</token>
  <token t_id="52" sentence="1" number="32">部</token>
  <token t_id="53" sentence="1" number="33">署</token>
  <token t_id="54" sentence="1" number="34">会</token>
  <token t_id="55" sentence="1" number="35">，</token>
  <token t_id="56" sentence="1" number="36">决</token>
  <token t_id="57" sentence="1" number="37">定</token>
  <token t_id="58" sentence="1" number="38">集</token>
  <token t_id="59" sentence="1" number="39">中</token>
  <token t_id="60" sentence="1" number="40">一</token>
  <token t_id="61" sentence="1" number="41">个</token>
  <token t_id="62" sentence="1" number="42">月</token>
  <token t_id="63" sentence="1" number="43">时</token>
  <token t_id="64" sentence="1" number="44">间</token>
  <token t_id="65" sentence="1" number="45">在</token>
  <token t_id="66" sentence="1" number="46">全</token>
  <token t_id="67" sentence="1" number="47">市</token>
  <token t_id="68" sentence="1" number="48">开</token>
  <token t_id="69" sentence="1" number="49">展</token>
  <token t_id="70" sentence="1" number="50">严</token>
  <token t_id="71" sentence="1" number="51">厉</token>
  <token t_id="72" sentence="1" number="52">打</token>
  <token t_id="73" sentence="1" number="53">击</token>
  <token t_id="74" sentence="1" number="54">盗</token>
  <token t_id="75" sentence="1" number="55">采</token>
  <token t_id="76" sentence="1" number="56">矿</token>
  <token t_id="77" sentence="1" number="57">产</token>
  <token t_id="78" sentence="1" number="58">资</token>
  <token t_id="79" sentence="1" number="59">源</token>
  <token t_id="80" sentence="1" number="60">专</token>
  <token t_id="81" sentence="1" number="61">项</token>
  <token t_id="82" sentence="1" number="62">行</token>
  <token t_id="83" sentence="1" number="63">动</token>
  <token t_id="84" sentence="1" number="64">。</token>
  <token t_id="85" sentence="2" number="0">当</token>
  <token t_id="86" sentence="2" number="1">地</token>
  <token t_id="87" sentence="2" number="2">表</token>
  <token t_id="88" sentence="2" number="3">示</token>
  <token t_id="89" sentence="2" number="4">要</token>
  <token t_id="90" sentence="2" number="5">在</token>
  <token t_id="91" sentence="2" number="6">全</token>
  <token t_id="92" sentence="2" number="7">市</token>
  <token t_id="93" sentence="2" number="8">干</token>
  <token t_id="94" sentence="2" number="9">部</token>
  <token t_id="95" sentence="2" number="10">队</token>
  <token t_id="96" sentence="2" number="11">伍</token>
  <token t_id="97" sentence="2" number="12">、</token>
  <token t_id="98" sentence="2" number="13">公</token>
  <token t_id="99" sentence="2" number="14">职</token>
  <token t_id="100" sentence="2" number="15">人</token>
  <token t_id="101" sentence="2" number="16">员</token>
  <token t_id="102" sentence="2" number="17">中</token>
  <token t_id="103" sentence="2" number="18">开</token>
  <token t_id="104" sentence="2" number="19">展</token>
  <token t_id="105" sentence="2" number="20">一</token>
  <token t_id="106" sentence="2" number="21">次</token>
  <token t_id="107" sentence="2" number="22">大</token>
  <token t_id="108" sentence="2" number="23">排</token>
  <token t_id="109" sentence="2" number="24">查</token>
  <token t_id="110" sentence="2" number="25">、</token>
  <token t_id="111" sentence="2" number="26">大</token>
  <token t_id="112" sentence="2" number="27">起</token>
  <token t_id="113" sentence="2" number="28">底</token>
  <token t_id="114" sentence="2" number="29">，</token>
  <token t_id="115" sentence="2" number="30">查</token>
  <token t_id="116" sentence="2" number="31">办</token>
  <token t_id="117" sentence="2" number="32">“</token>
  <token t_id="118" sentence="2" number="33">保</token>
  <token t_id="119" sentence="2" number="34">护</token>
  <token t_id="120" sentence="2" number="35">伞</token>
  <token t_id="121" sentence="2" number="36">”</token>
  <token t_id="122" sentence="2" number="37">，</token>
  <token t_id="123" sentence="2" number="38">揪</token>
  <token t_id="124" sentence="2" number="39">出</token>
  <token t_id="125" sentence="2" number="40">“</token>
  <token t_id="126" sentence="2" number="41">内</token>
  <token t_id="127" sentence="2" number="42">鬼</token>
  <token t_id="128" sentence="2" number="43">”</token>
  <token t_id="129" sentence="2" number="44">，</token>
  <token t_id="130" sentence="2" number="45">清</token>
  <token t_id="131" sentence="2" number="46">除</token>
  <token t_id="132" sentence="2" number="47">“</token>
  <token t_id="133" sentence="2" number="48">毒</token>
  <token t_id="134" sentence="2" number="49">瘤</token>
  <token t_id="135" sentence="2" number="50">”</token>
  <token t_id="136" sentence="2" number="51">。</token>
  <token t_id="137" sentence="3" number="0">当</token>
  <token t_id="138" sentence="3" number="1">地</token>
  <token t_id="139" sentence="3" number="2">出</token>
  <token t_id="140" sentence="3" number="3">台</token>
  <token t_id="141" sentence="3" number="4">《</token>
  <token t_id="142" sentence="3" number="5">孝</token>
  <token t_id="143" sentence="3" number="6">义</token>
  <token t_id="144" sentence="3" number="7">市</token>
  <token t_id="145" sentence="3" number="8">严</token>
  <token t_id="146" sentence="3" number="9">厉</token>
  <token t_id="147" sentence="3" number="10">打</token>
  <token t_id="148" sentence="3" number="11">击</token>
  <token t_id="149" sentence="3" number="12">盗</token>
  <token t_id="150" sentence="3" number="13">采</token>
  <token t_id="151" sentence="3" number="14">矿</token>
  <token t_id="152" sentence="3" number="15">产</token>
  <token t_id="153" sentence="3" number="16">资</token>
  <token t_id="154" sentence="3" number="17">源</token>
  <token t_id="155" sentence="3" number="18">专</token>
  <token t_id="156" sentence="3" number="19">项</token>
  <token t_id="157" sentence="3" number="20">行</token>
  <token t_id="158" sentence="3" number="21">动</token>
  <token t_id="159" sentence="3" number="22">实</token>
  <token t_id="160" sentence="3" number="23">施</token>
  <token t_id="161" sentence="3" number="24">方</token>
  <token t_id="162" sentence="3" number="25">案</token>
  <token t_id="163" sentence="3" number="26">》</token>
  <token t_id="164" sentence="3" number="27">。</token>
  <token t_id="165" sentence="4" number="0">此</token>
  <token t_id="166" sentence="4" number="1">次</token>
  <token t_id="167" sentence="4" number="2">专</token>
  <token t_id="168" sentence="4" number="3">项</token>
  <token t_id="169" sentence="4" number="4">行</token>
  <token t_id="170" sentence="4" number="5">动</token>
  <token t_id="171" sentence="4" number="6">严</token>
  <token t_id="172" sentence="4" number="7">厉</token>
  <token t_id="173" sentence="4" number="8">打</token>
  <token t_id="174" sentence="4" number="9">击</token>
  <token t_id="175" sentence="4" number="10">的</token>
  <token t_id="176" sentence="4" number="11">行</token>
  <token t_id="177" sentence="4" number="12">为</token>
  <token t_id="178" sentence="4" number="13">包</token>
  <token t_id="179" sentence="4" number="14">括</token>
  <token t_id="180" sentence="4" number="15">：</token>
  <token t_id="181" sentence="4" number="16">一</token>
  <token t_id="182" sentence="4" number="17">、</token>
  <token t_id="183" sentence="4" number="18">无</token>
  <token t_id="184" sentence="4" number="19">证</token>
  <token t_id="185" sentence="4" number="20">开</token>
  <token t_id="186" sentence="4" number="21">采</token>
  <token t_id="187" sentence="4" number="22">、</token>
  <token t_id="188" sentence="4" number="23">无</token>
  <token t_id="189" sentence="4" number="24">证</token>
  <token t_id="190" sentence="4" number="25">勘</token>
  <token t_id="191" sentence="4" number="26">查</token>
  <token t_id="192" sentence="4" number="27">、</token>
  <token t_id="193" sentence="4" number="28">以</token>
  <token t_id="194" sentence="4" number="29">探</token>
  <token t_id="195" sentence="4" number="30">代</token>
  <token t_id="196" sentence="4" number="31">采</token>
  <token t_id="197" sentence="4" number="32">、</token>
  <token t_id="198" sentence="4" number="33">擅</token>
  <token t_id="199" sentence="4" number="34">自</token>
  <token t_id="200" sentence="4" number="35">改</token>
  <token t_id="201" sentence="4" number="36">变</token>
  <token t_id="202" sentence="4" number="37">开</token>
  <token t_id="203" sentence="4" number="38">采</token>
  <token t_id="204" sentence="4" number="39">方</token>
  <token t_id="205" sentence="4" number="40">式</token>
  <token t_id="206" sentence="4" number="41">、</token>
  <token t_id="207" sentence="4" number="42">不</token>
  <token t_id="208" sentence="4" number="43">按</token>
  <token t_id="209" sentence="4" number="44">批</token>
  <token t_id="210" sentence="4" number="45">准</token>
  <token t_id="211" sentence="4" number="46">矿</token>
  <token t_id="212" sentence="4" number="47">种</token>
  <token t_id="213" sentence="4" number="48">、</token>
  <token t_id="214" sentence="4" number="49">超</token>
  <token t_id="215" sentence="4" number="50">出</token>
  <token t_id="216" sentence="4" number="51">批</token>
  <token t_id="217" sentence="4" number="52">准</token>
  <token t_id="218" sentence="4" number="53">矿</token>
  <token t_id="219" sentence="4" number="54">区</token>
  <token t_id="220" sentence="4" number="55">范</token>
  <token t_id="221" sentence="4" number="56">围</token>
  <token t_id="222" sentence="4" number="57">等</token>
  <token t_id="223" sentence="4" number="58">非</token>
  <token t_id="224" sentence="4" number="59">法</token>
  <token t_id="225" sentence="4" number="60">开</token>
  <token t_id="226" sentence="4" number="61">采</token>
  <token t_id="227" sentence="4" number="62">矿</token>
  <token t_id="228" sentence="4" number="63">产</token>
  <token t_id="229" sentence="4" number="64">资</token>
  <token t_id="230" sentence="4" number="65">源</token>
  <token t_id="231" sentence="4" number="66">的</token>
  <token t_id="232" sentence="4" number="67">行</token>
  <token t_id="233" sentence="4" number="68">为</token>
  <token t_id="234" sentence="4" number="69">。</token>
  <token t_id="235" sentence="5" number="0">二</token>
  <token t_id="236" sentence="5" number="1">、</token>
  <token t_id="237" sentence="5" number="2">未</token>
  <token t_id="238" sentence="5" number="3">取</token>
  <token t_id="239" sentence="5" number="4">得</token>
  <token t_id="240" sentence="5" number="5">采</token>
  <token t_id="241" sentence="5" number="6">矿</token>
  <token t_id="242" sentence="5" number="7">许</token>
  <token t_id="243" sentence="5" number="8">可</token>
  <token t_id="244" sentence="5" number="9">证</token>
  <token t_id="245" sentence="5" number="10">，</token>
  <token t_id="246" sentence="5" number="11">擅</token>
  <token t_id="247" sentence="5" number="12">自</token>
  <token t_id="248" sentence="5" number="13">以</token>
  <token t_id="249" sentence="5" number="14">土</token>
  <token t_id="250" sentence="5" number="15">地</token>
  <token t_id="251" sentence="5" number="16">复</token>
  <token t_id="252" sentence="5" number="17">垦</token>
  <token t_id="253" sentence="5" number="18">、</token>
  <token t_id="254" sentence="5" number="19">地</token>
  <token t_id="255" sentence="5" number="20">质</token>
  <token t_id="256" sentence="5" number="21">环</token>
  <token t_id="257" sentence="5" number="22">境</token>
  <token t_id="258" sentence="5" number="23">治</token>
  <token t_id="259" sentence="5" number="24">理</token>
  <token t_id="260" sentence="5" number="25">等</token>
  <token t_id="261" sentence="5" number="26">各</token>
  <token t_id="262" sentence="5" number="27">种</token>
  <token t_id="263" sentence="5" number="28">工</token>
  <token t_id="264" sentence="5" number="29">程</token>
  <token t_id="265" sentence="5" number="30">建</token>
  <token t_id="266" sentence="5" number="31">设</token>
  <token t_id="267" sentence="5" number="32">名</token>
  <token t_id="268" sentence="5" number="33">义</token>
  <token t_id="269" sentence="5" number="34">非</token>
  <token t_id="270" sentence="5" number="35">法</token>
  <token t_id="271" sentence="5" number="36">开</token>
  <token t_id="272" sentence="5" number="37">采</token>
  <token t_id="273" sentence="5" number="38">浅</token>
  <token t_id="274" sentence="5" number="39">层</token>
  <token t_id="275" sentence="5" number="40">煤</token>
  <token t_id="276" sentence="5" number="41">、</token>
  <token t_id="277" sentence="5" number="42">浅</token>
  <token t_id="278" sentence="5" number="43">层</token>
  <token t_id="279" sentence="5" number="44">矿</token>
  <token t_id="280" sentence="5" number="45">的</token>
  <token t_id="281" sentence="5" number="46">行</token>
  <token t_id="282" sentence="5" number="47">为</token>
  <token t_id="283" sentence="5" number="48">。</token>
  <token t_id="284" sentence="6" number="0">三</token>
  <token t_id="285" sentence="6" number="1">、</token>
  <token t_id="286" sentence="6" number="2">利</token>
  <token t_id="287" sentence="6" number="3">用</token>
  <token t_id="288" sentence="6" number="4">种</token>
  <token t_id="289" sentence="6" number="5">植</token>
  <token t_id="290" sentence="6" number="6">养</token>
  <token t_id="291" sentence="6" number="7">殖</token>
  <token t_id="292" sentence="6" number="8">场</token>
  <token t_id="293" sentence="6" number="9">、</token>
  <token t_id="294" sentence="6" number="10">洗</token>
  <token t_id="295" sentence="6" number="11">煤</token>
  <token t_id="296" sentence="6" number="12">厂</token>
  <token t_id="297" sentence="6" number="13">、</token>
  <token t_id="298" sentence="6" number="14">焦</token>
  <token t_id="299" sentence="6" number="15">化</token>
  <token t_id="300" sentence="6" number="16">厂</token>
  <token t_id="301" sentence="6" number="17">、</token>
  <token t_id="302" sentence="6" number="18">储</token>
  <token t_id="303" sentence="6" number="19">煤</token>
  <token t_id="304" sentence="6" number="20">储</token>
  <token t_id="305" sentence="6" number="21">料</token>
  <token t_id="306" sentence="6" number="22">厂</token>
  <token t_id="307" sentence="6" number="23">、</token>
  <token t_id="308" sentence="6" number="24">矿</token>
  <token t_id="309" sentence="6" number="25">产</token>
  <token t_id="310" sentence="6" number="26">品</token>
  <token t_id="311" sentence="6" number="27">加</token>
  <token t_id="312" sentence="6" number="28">工</token>
  <token t_id="313" sentence="6" number="29">企</token>
  <token t_id="314" sentence="6" number="30">业</token>
  <token t_id="315" sentence="6" number="31">、</token>
  <token t_id="316" sentence="6" number="32">村</token>
  <token t_id="317" sentence="6" number="33">民</token>
  <token t_id="318" sentence="6" number="34">住</token>
  <token t_id="319" sentence="6" number="35">宅</token>
  <token t_id="320" sentence="6" number="36">院</token>
  <token t_id="321" sentence="6" number="37">落</token>
  <token t_id="322" sentence="6" number="38">等</token>
  <token t_id="323" sentence="6" number="39">场</token>
  <token t_id="324" sentence="6" number="40">所</token>
  <token t_id="325" sentence="6" number="41">作</token>
  <token t_id="326" sentence="6" number="42">为</token>
  <token t_id="327" sentence="6" number="43">掩</token>
  <token t_id="328" sentence="6" number="44">护</token>
  <token t_id="329" sentence="6" number="45">，</token>
  <token t_id="330" sentence="6" number="46">以</token>
  <token t_id="331" sentence="6" number="47">暗</token>
  <token t_id="332" sentence="6" number="48">堡</token>
  <token t_id="333" sentence="6" number="49">等</token>
  <token t_id="334" sentence="6" number="50">形</token>
  <token t_id="335" sentence="6" number="51">式</token>
  <token t_id="336" sentence="6" number="52">秘</token>
  <token t_id="337" sentence="6" number="53">密</token>
  <token t_id="338" sentence="6" number="54">进</token>
  <token t_id="339" sentence="6" number="55">行</token>
  <token t_id="340" sentence="6" number="56">非</token>
  <token t_id="341" sentence="6" number="57">法</token>
  <token t_id="342" sentence="6" number="58">开</token>
  <token t_id="343" sentence="6" number="59">采</token>
  <token t_id="344" sentence="6" number="60">矿</token>
  <token t_id="345" sentence="6" number="61">产</token>
  <token t_id="346" sentence="6" number="62">资</token>
  <token t_id="347" sentence="6" number="63">源</token>
  <token t_id="348" sentence="6" number="64">的</token>
  <token t_id="349" sentence="6" number="65">行</token>
  <token t_id="350" sentence="6" number="66">为</token>
  <token t_id="351" sentence="6" number="67">。</token>
  <token t_id="352" sentence="7" number="0">四</token>
  <token t_id="353" sentence="7" number="1">、</token>
  <token t_id="354" sentence="7" number="2">非</token>
  <token t_id="355" sentence="7" number="3">法</token>
  <token t_id="356" sentence="7" number="4">开</token>
  <token t_id="357" sentence="7" number="5">采</token>
  <token t_id="358" sentence="7" number="6">矿</token>
  <token t_id="359" sentence="7" number="7">产</token>
  <token t_id="360" sentence="7" number="8">资</token>
  <token t_id="361" sentence="7" number="9">源</token>
  <token t_id="362" sentence="7" number="10">易</token>
  <token t_id="363" sentence="7" number="11">发</token>
  <token t_id="364" sentence="7" number="12">区</token>
  <token t_id="365" sentence="7" number="13">、</token>
  <token t_id="366" sentence="7" number="14">频</token>
  <token t_id="367" sentence="7" number="15">发</token>
  <token t_id="368" sentence="7" number="16">区</token>
  <token t_id="369" sentence="7" number="17">、</token>
  <token t_id="370" sentence="7" number="18">偏</token>
  <token t_id="371" sentence="7" number="19">远</token>
  <token t_id="372" sentence="7" number="20">偏</token>
  <token t_id="373" sentence="7" number="21">僻</token>
  <token t_id="374" sentence="7" number="22">区</token>
  <token t_id="375" sentence="7" number="23">、</token>
  <token t_id="376" sentence="7" number="24">县</token>
  <token t_id="377" sentence="7" number="25">域</token>
  <token t_id="378" sentence="7" number="26">交</token>
  <token t_id="379" sentence="7" number="27">界</token>
  <token t_id="380" sentence="7" number="28">区</token>
  <token t_id="381" sentence="7" number="29">、</token>
  <token t_id="382" sentence="7" number="30">浅</token>
  <token t_id="383" sentence="7" number="31">层</token>
  <token t_id="384" sentence="7" number="32">矿</token>
  <token t_id="385" sentence="7" number="33">露</token>
  <token t_id="386" sentence="7" number="34">头</token>
  <token t_id="387" sentence="7" number="35">区</token>
  <token t_id="388" sentence="7" number="36">、</token>
  <token t_id="389" sentence="7" number="37">历</token>
  <token t_id="390" sentence="7" number="38">年</token>
  <token t_id="391" sentence="7" number="39">关</token>
  <token t_id="392" sentence="7" number="40">闭</token>
  <token t_id="393" sentence="7" number="41">矿</token>
  <token t_id="394" sentence="7" number="42">井</token>
  <token t_id="395" sentence="7" number="43">、</token>
  <token t_id="396" sentence="7" number="44">取</token>
  <token t_id="397" sentence="7" number="45">缔</token>
  <token t_id="398" sentence="7" number="46">矿</token>
  <token t_id="399" sentence="7" number="47">井</token>
  <token t_id="400" sentence="7" number="48">、</token>
  <token t_id="401" sentence="7" number="49">废</token>
  <token t_id="402" sentence="7" number="50">弃</token>
  <token t_id="403" sentence="7" number="51">矿</token>
  <token t_id="404" sentence="7" number="52">井</token>
  <token t_id="405" sentence="7" number="53">等</token>
  <token t_id="406" sentence="7" number="54">特</token>
  <token t_id="407" sentence="7" number="55">殊</token>
  <token t_id="408" sentence="7" number="56">区</token>
  <token t_id="409" sentence="7" number="57">域</token>
  <token t_id="410" sentence="7" number="58">盗</token>
  <token t_id="411" sentence="7" number="59">采</token>
  <token t_id="412" sentence="7" number="60">矿</token>
  <token t_id="413" sentence="7" number="61">产</token>
  <token t_id="414" sentence="7" number="62">资</token>
  <token t_id="415" sentence="7" number="63">源</token>
  <token t_id="416" sentence="7" number="64">的</token>
  <token t_id="417" sentence="7" number="65">行</token>
  <token t_id="418" sentence="7" number="66">为</token>
  <token t_id="419" sentence="7" number="67">。</token>
  <token t_id="420" sentence="8" number="0">五</token>
  <token t_id="421" sentence="8" number="1">、</token>
  <token t_id="422" sentence="8" number="2">买</token>
  <token t_id="423" sentence="8" number="3">卖</token>
  <token t_id="424" sentence="8" number="4">、</token>
  <token t_id="425" sentence="8" number="5">运</token>
  <token t_id="426" sentence="8" number="6">输</token>
  <token t_id="427" sentence="8" number="7">、</token>
  <token t_id="428" sentence="8" number="8">储</token>
  <token t_id="429" sentence="8" number="9">存</token>
  <token t_id="430" sentence="8" number="10">、</token>
  <token t_id="431" sentence="8" number="11">提</token>
  <token t_id="432" sentence="8" number="12">供</token>
  <token t_id="433" sentence="8" number="13">、</token>
  <token t_id="434" sentence="8" number="14">使</token>
  <token t_id="435" sentence="8" number="15">用</token>
  <token t_id="436" sentence="8" number="16">民</token>
  <token t_id="437" sentence="8" number="17">用</token>
  <token t_id="438" sentence="8" number="18">爆</token>
  <token t_id="439" sentence="8" number="19">炸</token>
  <token t_id="440" sentence="8" number="20">物</token>
  <token t_id="441" sentence="8" number="21">品</token>
  <token t_id="442" sentence="8" number="22">用</token>
  <token t_id="443" sentence="8" number="23">于</token>
  <token t_id="444" sentence="8" number="24">非</token>
  <token t_id="445" sentence="8" number="25">法</token>
  <token t_id="446" sentence="8" number="26">开</token>
  <token t_id="447" sentence="8" number="27">采</token>
  <token t_id="448" sentence="8" number="28">矿</token>
  <token t_id="449" sentence="8" number="29">产</token>
  <token t_id="450" sentence="8" number="30">资</token>
  <token t_id="451" sentence="8" number="31">源</token>
  <token t_id="452" sentence="8" number="32">的</token>
  <token t_id="453" sentence="8" number="33">行</token>
  <token t_id="454" sentence="8" number="34">为</token>
  <token t_id="455" sentence="8" number="35">。</token>
  <token t_id="456" sentence="9" number="0">六</token>
  <token t_id="457" sentence="9" number="1">、</token>
  <token t_id="458" sentence="9" number="2">“</token>
  <token t_id="459" sentence="9" number="3">沙</token>
  <token t_id="460" sentence="9" number="4">霸</token>
  <token t_id="461" sentence="9" number="5">”</token>
  <token t_id="462" sentence="9" number="6">“</token>
  <token t_id="463" sentence="9" number="7">矿</token>
  <token t_id="464" sentence="9" number="8">霸</token>
  <token t_id="465" sentence="9" number="9">”</token>
  <token t_id="466" sentence="9" number="10">等</token>
  <token t_id="467" sentence="9" number="11">非</token>
  <token t_id="468" sentence="9" number="12">法</token>
  <token t_id="469" sentence="9" number="13">开</token>
  <token t_id="470" sentence="9" number="14">采</token>
  <token t_id="471" sentence="9" number="15">矿</token>
  <token t_id="472" sentence="9" number="16">产</token>
  <token t_id="473" sentence="9" number="17">资</token>
  <token t_id="474" sentence="9" number="18">源</token>
  <token t_id="475" sentence="9" number="19">领</token>
  <token t_id="476" sentence="9" number="20">域</token>
  <token t_id="477" sentence="9" number="21">的</token>
  <token t_id="478" sentence="9" number="22">“</token>
  <token t_id="479" sentence="9" number="23">涉</token>
  <token t_id="480" sentence="9" number="24">黑</token>
  <token t_id="481" sentence="9" number="25">涉</token>
  <token t_id="482" sentence="9" number="26">恶</token>
  <token t_id="483" sentence="9" number="27">”</token>
  <token t_id="484" sentence="9" number="28">犯</token>
  <token t_id="485" sentence="9" number="29">罪</token>
  <token t_id="486" sentence="9" number="30">的</token>
  <token t_id="487" sentence="9" number="31">行</token>
  <token t_id="488" sentence="9" number="32">为</token>
  <token t_id="489" sentence="9" number="33">。</token>
  <token t_id="490" sentence="10" number="0">孝</token>
  <token t_id="491" sentence="10" number="1">义</token>
  <token t_id="492" sentence="10" number="2">市</token>
  <token t_id="493" sentence="10" number="3">委</token>
  <token t_id="494" sentence="10" number="4">、</token>
  <token t_id="495" sentence="10" number="5">市</token>
  <token t_id="496" sentence="10" number="6">政</token>
  <token t_id="497" sentence="10" number="7">府</token>
  <token t_id="498" sentence="10" number="8">要</token>
  <token t_id="499" sentence="10" number="9">求</token>
  <token t_id="500" sentence="10" number="10">各</token>
  <token t_id="501" sentence="10" number="11">级</token>
  <token t_id="502" sentence="10" number="12">各</token>
  <token t_id="503" sentence="10" number="13">部</token>
  <token t_id="504" sentence="10" number="14">门</token>
  <token t_id="505" sentence="10" number="15">逐</token>
  <token t_id="506" sentence="10" number="16">乡</token>
  <token t_id="507" sentence="10" number="17">、</token>
  <token t_id="508" sentence="10" number="18">逐</token>
  <token t_id="509" sentence="10" number="19">村</token>
  <token t_id="510" sentence="10" number="20">、</token>
  <token t_id="511" sentence="10" number="21">逐</token>
  <token t_id="512" sentence="10" number="22">沟</token>
  <token t_id="513" sentence="10" number="23">、</token>
  <token t_id="514" sentence="10" number="24">逐</token>
  <token t_id="515" sentence="10" number="25">矿</token>
  <token t_id="516" sentence="10" number="26">开</token>
  <token t_id="517" sentence="10" number="27">展</token>
  <token t_id="518" sentence="10" number="28">滚</token>
  <token t_id="519" sentence="10" number="29">动</token>
  <token t_id="520" sentence="10" number="30">式</token>
  <token t_id="521" sentence="10" number="31">、</token>
  <token t_id="522" sentence="10" number="32">拉</token>
  <token t_id="523" sentence="10" number="33">网</token>
  <token t_id="524" sentence="10" number="34">式</token>
  <token t_id="525" sentence="10" number="35">、</token>
  <token t_id="526" sentence="10" number="36">地</token>
  <token t_id="527" sentence="10" number="37">毯</token>
  <token t_id="528" sentence="10" number="38">式</token>
  <token t_id="529" sentence="10" number="39">大</token>
  <token t_id="530" sentence="10" number="40">检</token>
  <token t_id="531" sentence="10" number="41">查</token>
  <token t_id="532" sentence="10" number="42">大</token>
  <token t_id="533" sentence="10" number="43">排</token>
  <token t_id="534" sentence="10" number="44">查</token>
  <token t_id="535" sentence="10" number="45">，</token>
  <token t_id="536" sentence="10" number="46">对</token>
  <token t_id="537" sentence="10" number="47">矿</token>
  <token t_id="538" sentence="10" number="48">产</token>
  <token t_id="539" sentence="10" number="49">富</token>
  <token t_id="540" sentence="10" number="50">集</token>
  <token t_id="541" sentence="10" number="51">山</token>
  <token t_id="542" sentence="10" number="52">头</token>
  <token t_id="543" sentence="10" number="53">、</token>
  <token t_id="544" sentence="10" number="54">县</token>
  <token t_id="545" sentence="10" number="55">乡</token>
  <token t_id="546" sentence="10" number="56">交</token>
  <token t_id="547" sentence="10" number="57">界</token>
  <token t_id="548" sentence="10" number="58">处</token>
  <token t_id="549" sentence="10" number="59">、</token>
  <token t_id="550" sentence="10" number="60">废</token>
  <token t_id="551" sentence="10" number="61">弃</token>
  <token t_id="552" sentence="10" number="62">厂</token>
  <token t_id="553" sentence="10" number="63">矿</token>
  <token t_id="554" sentence="10" number="64">等</token>
  <token t_id="555" sentence="10" number="65">重</token>
  <token t_id="556" sentence="10" number="66">点</token>
  <token t_id="557" sentence="10" number="67">区</token>
  <token t_id="558" sentence="10" number="68">域</token>
  <token t_id="559" sentence="10" number="69">要</token>
  <token t_id="560" sentence="10" number="70">进</token>
  <token t_id="561" sentence="10" number="71">行</token>
  <token t_id="562" sentence="10" number="72">重</token>
  <token t_id="563" sentence="10" number="73">点</token>
  <token t_id="564" sentence="10" number="74">摸</token>
  <token t_id="565" sentence="10" number="75">排</token>
  <token t_id="566" sentence="10" number="76">；</token>
  <token t_id="567" sentence="10" number="77">对</token>
  <token t_id="568" sentence="10" number="78">遗</token>
  <token t_id="569" sentence="10" number="79">留</token>
  <token t_id="570" sentence="10" number="80">的</token>
  <token t_id="571" sentence="10" number="81">历</token>
  <token t_id="572" sentence="10" number="82">史</token>
  <token t_id="573" sentence="10" number="83">关</token>
  <token t_id="574" sentence="10" number="84">闭</token>
  <token t_id="575" sentence="10" number="85">矿</token>
  <token t_id="576" sentence="10" number="86">井</token>
  <token t_id="577" sentence="10" number="87">、</token>
  <token t_id="578" sentence="10" number="88">疑</token>
  <token t_id="579" sentence="10" number="89">似</token>
  <token t_id="580" sentence="10" number="90">矿</token>
  <token t_id="581" sentence="10" number="91">点</token>
  <token t_id="582" sentence="10" number="92">要</token>
  <token t_id="583" sentence="10" number="93">彻</token>
  <token t_id="584" sentence="10" number="94">底</token>
  <token t_id="585" sentence="10" number="95">捣</token>
  <token t_id="586" sentence="10" number="96">毁</token>
  <token t_id="587" sentence="10" number="97">。</token>
  <token t_id="588" sentence="11" number="0">近</token>
  <token t_id="589" sentence="11" number="1">几</token>
  <token t_id="590" sentence="11" number="2">年</token>
  <token t_id="591" sentence="11" number="3">来</token>
  <token t_id="592" sentence="11" number="4">，</token>
  <token t_id="593" sentence="11" number="5">孝</token>
  <token t_id="594" sentence="11" number="6">义</token>
  <token t_id="595" sentence="11" number="7">市</token>
  <token t_id="596" sentence="11" number="8">严</token>
  <token t_id="597" sentence="11" number="9">打</token>
  <token t_id="598" sentence="11" number="10">私</token>
  <token t_id="599" sentence="11" number="11">挖</token>
  <token t_id="600" sentence="11" number="12">滥</token>
  <token t_id="601" sentence="11" number="13">采</token>
  <token t_id="602" sentence="11" number="14">专</token>
  <token t_id="603" sentence="11" number="15">项</token>
  <token t_id="604" sentence="11" number="16">行</token>
  <token t_id="605" sentence="11" number="17">动</token>
  <token t_id="606" sentence="11" number="18">持</token>
  <token t_id="607" sentence="11" number="19">续</token>
  <token t_id="608" sentence="11" number="20">不</token>
  <token t_id="609" sentence="11" number="21">断</token>
  <token t_id="610" sentence="11" number="22">。</token>
  <token t_id="611" sentence="12" number="0">今</token>
  <token t_id="612" sentence="12" number="1">年</token>
  <token t_id="613" sentence="12" number="2">3</token>
  <token t_id="614" sentence="12" number="3">月</token>
  <token t_id="615" sentence="12" number="4">和</token>
  <token t_id="616" sentence="12" number="5">8</token>
  <token t_id="617" sentence="12" number="6">月</token>
  <token t_id="618" sentence="12" number="7">，</token>
  <token t_id="619" sentence="12" number="8">孝</token>
  <token t_id="620" sentence="12" number="9">义</token>
  <token t_id="621" sentence="12" number="10">市</token>
  <token t_id="622" sentence="12" number="11">分</token>
  <token t_id="623" sentence="12" number="12">别</token>
  <token t_id="624" sentence="12" number="13">开</token>
  <token t_id="625" sentence="12" number="14">展</token>
  <token t_id="626" sentence="12" number="15">了</token>
  <token t_id="627" sentence="12" number="16">打</token>
  <token t_id="628" sentence="12" number="17">击</token>
  <token t_id="629" sentence="12" number="18">非</token>
  <token t_id="630" sentence="12" number="19">法</token>
  <token t_id="631" sentence="12" number="20">违</token>
  <token t_id="632" sentence="12" number="21">法</token>
  <token t_id="633" sentence="12" number="22">采</token>
  <token t_id="634" sentence="12" number="23">矿</token>
  <token t_id="635" sentence="12" number="24">“</token>
  <token t_id="636" sentence="12" number="25">百</token>
  <token t_id="637" sentence="12" number="26">日</token>
  <token t_id="638" sentence="12" number="27">行</token>
  <token t_id="639" sentence="12" number="28">动</token>
  <token t_id="640" sentence="12" number="29">”</token>
  <token t_id="641" sentence="12" number="30">。</token>
  <token t_id="642" sentence="13" number="0">今</token>
  <token t_id="643" sentence="13" number="1">年</token>
  <token t_id="644" sentence="13" number="2">1</token>
  <token t_id="645" sentence="13" number="3">1</token>
  <token t_id="646" sentence="13" number="4">月</token>
  <token t_id="647" sentence="13" number="5">2</token>
  <token t_id="648" sentence="13" number="6">0</token>
  <token t_id="649" sentence="13" number="7">日</token>
  <token t_id="650" sentence="13" number="8">，</token>
  <token t_id="651" sentence="13" number="9">孝</token>
  <token t_id="652" sentence="13" number="10">义</token>
  <token t_id="653" sentence="13" number="11">市</token>
  <token t_id="654" sentence="13" number="12">人</token>
  <token t_id="655" sentence="13" number="13">民</token>
  <token t_id="656" sentence="13" number="14">政</token>
  <token t_id="657" sentence="13" number="15">府</token>
  <token t_id="658" sentence="13" number="16">曾</token>
  <token t_id="659" sentence="13" number="17">发</token>
  <token t_id="660" sentence="13" number="18">布</token>
  <token t_id="661" sentence="13" number="19">《</token>
  <token t_id="662" sentence="13" number="20">关</token>
  <token t_id="663" sentence="13" number="21">于</token>
  <token t_id="664" sentence="13" number="22">开</token>
  <token t_id="665" sentence="13" number="23">展</token>
  <token t_id="666" sentence="13" number="24">打</token>
  <token t_id="667" sentence="13" number="25">击</token>
  <token t_id="668" sentence="13" number="26">非</token>
  <token t_id="669" sentence="13" number="27">法</token>
  <token t_id="670" sentence="13" number="28">违</token>
  <token t_id="671" sentence="13" number="29">法</token>
  <token t_id="672" sentence="13" number="30">采</token>
  <token t_id="673" sentence="13" number="31">矿</token>
  <token t_id="674" sentence="13" number="32">专</token>
  <token t_id="675" sentence="13" number="33">项</token>
  <token t_id="676" sentence="13" number="34">整</token>
  <token t_id="677" sentence="13" number="35">治</token>
  <token t_id="678" sentence="13" number="36">行</token>
  <token t_id="679" sentence="13" number="37">动</token>
  <token t_id="680" sentence="13" number="38">的</token>
  <token t_id="681" sentence="13" number="39">通</token>
  <token t_id="682" sentence="13" number="40">告</token>
  <token t_id="683" sentence="13" number="41">》</token>
  <token t_id="684" sentence="13" number="42">。</token>
  <token t_id="685" sentence="14" number="0">1</token>
  <token t_id="686" sentence="14" number="1">2</token>
  <token t_id="687" sentence="14" number="2">月</token>
  <token t_id="688" sentence="14" number="3">1</token>
  <token t_id="689" sentence="14" number="4">5</token>
  <token t_id="690" sentence="14" number="5">日</token>
  <token t_id="691" sentence="14" number="6">2</token>
  <token t_id="692" sentence="14" number="7">3</token>
  <token t_id="693" sentence="14" number="8">时</token>
  <token t_id="694" sentence="14" number="9">许</token>
  <token t_id="695" sentence="14" number="10">，</token>
  <token t_id="696" sentence="14" number="11">孝</token>
  <token t_id="697" sentence="14" number="12">义</token>
  <token t_id="698" sentence="14" number="13">市</token>
  <token t_id="699" sentence="14" number="14">西</token>
  <token t_id="700" sentence="14" number="15">辛</token>
  <token t_id="701" sentence="14" number="16">庄</token>
  <token t_id="702" sentence="14" number="17">镇</token>
  <token t_id="703" sentence="14" number="18">杜</token>
  <token t_id="704" sentence="14" number="19">西</token>
  <token t_id="705" sentence="14" number="20">沟</token>
  <token t_id="706" sentence="14" number="21">村</token>
  <token t_id="707" sentence="14" number="22">发</token>
  <token t_id="708" sentence="14" number="23">生</token>
  <token t_id="709" sentence="14" number="24">盗</token>
  <token t_id="710" sentence="14" number="25">采</token>
  <token t_id="711" sentence="14" number="26">煤</token>
  <token t_id="712" sentence="14" number="27">炭</token>
  <token t_id="713" sentence="14" number="28">引</token>
  <token t_id="714" sentence="14" number="29">发</token>
  <token t_id="715" sentence="14" number="30">的</token>
  <token t_id="716" sentence="14" number="31">透</token>
  <token t_id="717" sentence="14" number="32">水</token>
  <token t_id="718" sentence="14" number="33">事</token>
  <token t_id="719" sentence="14" number="34">故</token>
  <token t_id="720" sentence="14" number="35">。</token>
  <token t_id="721" sentence="15" number="0">1</token>
  <token t_id="722" sentence="15" number="1">2</token>
  <token t_id="723" sentence="15" number="2">月</token>
  <token t_id="724" sentence="15" number="3">1</token>
  <token t_id="725" sentence="15" number="4">7</token>
  <token t_id="726" sentence="15" number="5">日</token>
  <token t_id="727" sentence="15" number="6">晚</token>
  <token t_id="728" sentence="15" number="7">，</token>
  <token t_id="729" sentence="15" number="8">2</token>
  <token t_id="730" sentence="15" number="9">0</token>
  <token t_id="731" sentence="15" number="10">名</token>
  <token t_id="732" sentence="15" number="11">被</token>
  <token t_id="733" sentence="15" number="12">困</token>
  <token t_id="734" sentence="15" number="13">人</token>
  <token t_id="735" sentence="15" number="14">员</token>
  <token t_id="736" sentence="15" number="15">成</token>
  <token t_id="737" sentence="15" number="16">功</token>
  <token t_id="738" sentence="15" number="17">升</token>
  <token t_id="739" sentence="15" number="18">井</token>
  <token t_id="740" sentence="15" number="19">，</token>
  <token t_id="741" sentence="15" number="20">另</token>
  <token t_id="742" sentence="15" number="21">有</token>
  <token t_id="743" sentence="15" number="22">2</token>
  <token t_id="744" sentence="15" number="23">名</token>
  <token t_id="745" sentence="15" number="24">被</token>
  <token t_id="746" sentence="15" number="25">困</token>
  <token t_id="747" sentence="15" number="26">人</token>
  <token t_id="748" sentence="15" number="27">员</token>
  <token t_id="749" sentence="15" number="28">遇</token>
  <token t_id="750" sentence="15" number="29">难</token>
  <Markables>
    <ACTION m_id="23086" comment="">
      <token_anchor t_id="5" />
      <token_anchor t_id="6" />
    </ACTION>
    <ACTION m_id="23090" comment="">
      <token_anchor t_id="36" />
      <token_anchor t_id="37" />
    </ACTION>
    <ACTION m_id="23094" comment="">
      <token_anchor t_id="56" />
      <token_anchor t_id="57" />
    </ACTION>
    <ACTION m_id="23095" comment="">
      <token_anchor t_id="68" />
      <token_anchor t_id="69" />
    </ACTION>
    <ACTION m_id="23096" comment="">
      <token_anchor t_id="72" />
      <token_anchor t_id="73" />
    </ACTION>
    <ACTION m_id="23099" comment="">
      <token_anchor t_id="103" />
      <token_anchor t_id="104" />
    </ACTION>
    <ACTION m_id="23101" comment="">
      <token_anchor t_id="115" />
      <token_anchor t_id="116" />
    </ACTION>
    <ACTION m_id="23102" comment="">
      <token_anchor t_id="123" />
      <token_anchor t_id="124" />
    </ACTION>
    <ACTION m_id="23103" comment="">
      <token_anchor t_id="130" />
      <token_anchor t_id="131" />
    </ACTION>
    <ACTION m_id="23104" comment="">
      <token_anchor t_id="139" />
      <token_anchor t_id="140" />
    </ACTION>
    <ACTION m_id="23105" comment="">
      <token_anchor t_id="169" />
      <token_anchor t_id="170" />
    </ACTION>
    <ACTION m_id="23106" comment="">
      <token_anchor t_id="185" />
      <token_anchor t_id="186" />
    </ACTION>
    <ACTION m_id="23107" comment="">
      <token_anchor t_id="190" />
      <token_anchor t_id="191" />
    </ACTION>
    <ACTION m_id="23109" comment="">
      <token_anchor t_id="209" />
      <token_anchor t_id="210" />
    </ACTION>
    <ACTION m_id="23111" comment="">
      <token_anchor t_id="225" />
      <token_anchor t_id="226" />
    </ACTION>
    <ACTION m_id="23112" comment="">
      <token_anchor t_id="238" />
      <token_anchor t_id="239" />
    </ACTION>
    <ACTION m_id="23113" comment="">
      <token_anchor t_id="246" />
      <token_anchor t_id="247" />
    </ACTION>
    <ACTION m_id="23114" comment="">
      <token_anchor t_id="271" />
      <token_anchor t_id="272" />
    </ACTION>
    <ACTION m_id="23115" comment="">
      <token_anchor t_id="286" />
      <token_anchor t_id="287" />
    </ACTION>
    <ACTION m_id="23116" comment="">
      <token_anchor t_id="327" />
      <token_anchor t_id="328" />
    </ACTION>
    <ACTION m_id="23117" comment="">
      <token_anchor t_id="338" />
      <token_anchor t_id="339" />
    </ACTION>
    <ACTION m_id="23118" comment="">
      <token_anchor t_id="342" />
      <token_anchor t_id="343" />
    </ACTION>
    <ACTION m_id="23119" comment="">
      <token_anchor t_id="356" />
      <token_anchor t_id="357" />
    </ACTION>
    <ACTION m_id="23120" comment="">
      <token_anchor t_id="391" />
      <token_anchor t_id="392" />
    </ACTION>
    <ACTION m_id="23121" comment="">
      <token_anchor t_id="396" />
      <token_anchor t_id="397" />
    </ACTION>
    <ACTION m_id="23122" comment="">
      <token_anchor t_id="410" />
      <token_anchor t_id="411" />
    </ACTION>
    <ACTION m_id="23123" comment="">
      <token_anchor t_id="422" />
      <token_anchor t_id="423" />
    </ACTION>
    <ACTION m_id="23124" comment="">
      <token_anchor t_id="425" />
      <token_anchor t_id="426" />
    </ACTION>
    <ACTION m_id="23125" comment="">
      <token_anchor t_id="428" />
      <token_anchor t_id="429" />
    </ACTION>
    <ACTION m_id="23126" comment="">
      <token_anchor t_id="431" />
      <token_anchor t_id="432" />
    </ACTION>
    <ACTION m_id="23127" comment="">
      <token_anchor t_id="434" />
      <token_anchor t_id="435" />
    </ACTION>
    <ACTION m_id="23128" comment="">
      <token_anchor t_id="438" />
      <token_anchor t_id="439" />
    </ACTION>
    <ACTION m_id="23129" comment="">
      <token_anchor t_id="446" />
      <token_anchor t_id="447" />
    </ACTION>
    <ACTION m_id="23130" comment="">
      <token_anchor t_id="469" />
      <token_anchor t_id="470" />
    </ACTION>
    <ACTION m_id="23131" comment="">
      <token_anchor t_id="484" />
      <token_anchor t_id="485" />
    </ACTION>
    <ACTION m_id="23132" comment="">
      <token_anchor t_id="516" />
      <token_anchor t_id="517" />
    </ACTION>
    <ACTION m_id="23133" comment="">
      <token_anchor t_id="530" />
      <token_anchor t_id="531" />
    </ACTION>
    <ACTION m_id="23134" comment="">
      <token_anchor t_id="533" />
      <token_anchor t_id="534" />
    </ACTION>
    <ACTION m_id="23135" comment="">
      <token_anchor t_id="564" />
      <token_anchor t_id="565" />
    </ACTION>
    <ACTION m_id="23136" comment="">
      <token_anchor t_id="573" />
      <token_anchor t_id="574" />
    </ACTION>
    <ACTION m_id="23137" comment="">
      <token_anchor t_id="585" />
      <token_anchor t_id="586" />
    </ACTION>
    <ACTION m_id="23138" comment="">
      <token_anchor t_id="596" />
      <token_anchor t_id="597" />
    </ACTION>
    <ACTION m_id="23141" comment="">
      <token_anchor t_id="624" />
      <token_anchor t_id="625" />
    </ACTION>
    <ACTION m_id="23145" comment="">
      <token_anchor t_id="659" />
      <token_anchor t_id="660" />
    </ACTION>
    <ACTION m_id="23153" comment="">
      <token_anchor t_id="716" />
      <token_anchor t_id="717" />
      <token_anchor t_id="718" />
      <token_anchor t_id="719" />
    </ACTION>
    <ACTION m_id="23154" comment="">
      <token_anchor t_id="732" />
      <token_anchor t_id="733" />
    </ACTION>
    <ACTION m_id="23155" comment="">
      <token_anchor t_id="738" />
      <token_anchor t_id="739" />
    </ACTION>
    <ACTION m_id="23156" comment="">
      <token_anchor t_id="745" />
      <token_anchor t_id="746" />
    </ACTION>
    <ACTION m_id="23157" comment="">
      <token_anchor t_id="749" />
      <token_anchor t_id="750" />
    </ACTION>
    <ACTION m_id="30228" comment="">
      <token_anchor t_id="200" />
      <token_anchor t_id="201" />
    </ACTION>
    <ACTION m_id="30229" comment="">
      <token_anchor t_id="709" />
      <token_anchor t_id="710" />
    </ACTION>
    <ACTION_CAUSATIVE m_id="30230" comment="">
      <token_anchor t_id="713" />
      <token_anchor t_id="714" />
    </ACTION_CAUSATIVE>
  </Markables>
  <Relations>
    <PLOT_LINK r_id="1067" SIGNAL="" relType="causation" CAUSES="FALSE" CAUSED_BY="FALSE">
      <source m_id="30229" />
      <target m_id="23153" />
    </PLOT_LINK>
  </Relations>
</Document>