<?xml version="1.0" encoding="UTF-8"?>
<Document doc_name="2448_ecbplus.xml.xml">
  <token t_id="1" sentence="0" number="0">中</token>
  <token t_id="2" sentence="0" number="1">新</token>
  <token t_id="3" sentence="0" number="2">网</token>
  <token t_id="4" sentence="0" number="3">四</token>
  <token t_id="5" sentence="0" number="4">川</token>
  <token t_id="6" sentence="0" number="5">珙</token>
  <token t_id="7" sentence="0" number="6">县</token>
  <token t_id="8" sentence="0" number="7">1</token>
  <token t_id="9" sentence="0" number="8">2</token>
  <token t_id="10" sentence="0" number="9">月</token>
  <token t_id="11" sentence="0" number="10">1</token>
  <token t_id="12" sentence="0" number="11">6</token>
  <token t_id="13" sentence="0" number="12">日</token>
  <token t_id="14" sentence="0" number="13">电</token>
  <token t_id="15" sentence="0" number="14"> </token>
  <token t_id="16" sentence="0" number="15">(</token>
  <token t_id="17" sentence="0" number="16">王</token>
  <token t_id="18" sentence="0" number="17">鹏</token>
  <token t_id="19" sentence="0" number="18"> </token>
  <token t_id="20" sentence="0" number="19">吕</token>
  <token t_id="21" sentence="0" number="20">杨</token>
  <token t_id="22" sentence="0" number="21">刘</token>
  <token t_id="23" sentence="0" number="22">忠</token>
  <token t_id="24" sentence="0" number="23">俊</token>
  <token t_id="25" sentence="0" number="24">)</token>
  <token t_id="26" sentence="0" number="25">记</token>
  <token t_id="27" sentence="0" number="26">者</token>
  <token t_id="28" sentence="0" number="27">1</token>
  <token t_id="29" sentence="0" number="28">6</token>
  <token t_id="30" sentence="0" number="29">日</token>
  <token t_id="31" sentence="0" number="30">中</token>
  <token t_id="32" sentence="0" number="31">午</token>
  <token t_id="33" sentence="0" number="32">从</token>
  <token t_id="34" sentence="0" number="33">川</token>
  <token t_id="35" sentence="0" number="34">煤</token>
  <token t_id="36" sentence="0" number="35">集</token>
  <token t_id="37" sentence="0" number="36">团</token>
  <token t_id="38" sentence="0" number="37">杉</token>
  <token t_id="39" sentence="0" number="38">木</token>
  <token t_id="40" sentence="0" number="39">树</token>
  <token t_id="41" sentence="0" number="40">煤</token>
  <token t_id="42" sentence="0" number="41">矿</token>
  <token t_id="43" sentence="0" number="42">“</token>
  <token t_id="44" sentence="0" number="43">1</token>
  <token t_id="45" sentence="0" number="44">2</token>
  <token t_id="46" sentence="0" number="45">·</token>
  <token t_id="47" sentence="0" number="46">1</token>
  <token t_id="48" sentence="0" number="47">4</token>
  <token t_id="49" sentence="0" number="48">”</token>
  <token t_id="50" sentence="0" number="49">透</token>
  <token t_id="51" sentence="0" number="50">水</token>
  <token t_id="52" sentence="0" number="51">事</token>
  <token t_id="53" sentence="0" number="52">故</token>
  <token t_id="54" sentence="0" number="53">现</token>
  <token t_id="55" sentence="0" number="54">场</token>
  <token t_id="56" sentence="0" number="55">获</token>
  <token t_id="57" sentence="0" number="56">悉</token>
  <token t_id="58" sentence="0" number="57">，</token>
  <token t_id="59" sentence="0" number="58">当</token>
  <token t_id="60" sentence="0" number="59">日</token>
  <token t_id="61" sentence="0" number="60">凌</token>
  <token t_id="62" sentence="0" number="61">晨</token>
  <token t_id="63" sentence="0" number="62">1</token>
  <token t_id="64" sentence="0" number="63">时</token>
  <token t_id="65" sentence="0" number="64">左</token>
  <token t_id="66" sentence="0" number="65">右</token>
  <token t_id="67" sentence="0" number="66">井</token>
  <token t_id="68" sentence="0" number="67">下</token>
  <token t_id="69" sentence="0" number="68">人</token>
  <token t_id="70" sentence="0" number="69">员</token>
  <token t_id="71" sentence="0" number="70">被</token>
  <token t_id="72" sentence="0" number="71">困</token>
  <token t_id="73" sentence="0" number="72">区</token>
  <token t_id="74" sentence="0" number="73">域</token>
  <token t_id="75" sentence="0" number="74">水</token>
  <token t_id="76" sentence="0" number="75">位</token>
  <token t_id="77" sentence="0" number="76">开</token>
  <token t_id="78" sentence="0" number="77">始</token>
  <token t_id="79" sentence="0" number="78">下</token>
  <token t_id="80" sentence="0" number="79">降</token>
  <token t_id="81" sentence="0" number="80">。</token>
  <token t_id="82" sentence="1" number="0">1</token>
  <token t_id="83" sentence="1" number="1">2</token>
  <token t_id="84" sentence="1" number="2">月</token>
  <token t_id="85" sentence="1" number="3">1</token>
  <token t_id="86" sentence="1" number="4">4</token>
  <token t_id="87" sentence="1" number="5">日</token>
  <token t_id="88" sentence="1" number="6">1</token>
  <token t_id="89" sentence="1" number="7">5</token>
  <token t_id="90" sentence="1" number="8">时</token>
  <token t_id="91" sentence="1" number="9">2</token>
  <token t_id="92" sentence="1" number="10">6</token>
  <token t_id="93" sentence="1" number="11">分</token>
  <token t_id="94" sentence="1" number="12">，</token>
  <token t_id="95" sentence="1" number="13">位</token>
  <token t_id="96" sentence="1" number="14">于</token>
  <token t_id="97" sentence="1" number="15">四</token>
  <token t_id="98" sentence="1" number="16">川</token>
  <token t_id="99" sentence="1" number="17">宜</token>
  <token t_id="100" sentence="1" number="18">宾</token>
  <token t_id="101" sentence="1" number="19">珙</token>
  <token t_id="102" sentence="1" number="20">县</token>
  <token t_id="103" sentence="1" number="21">的</token>
  <token t_id="104" sentence="1" number="22">川</token>
  <token t_id="105" sentence="1" number="23">煤</token>
  <token t_id="106" sentence="1" number="24">集</token>
  <token t_id="107" sentence="1" number="25">团</token>
  <token t_id="108" sentence="1" number="26">杉</token>
  <token t_id="109" sentence="1" number="27">木</token>
  <token t_id="110" sentence="1" number="28">树</token>
  <token t_id="111" sentence="1" number="29">煤</token>
  <token t_id="112" sentence="1" number="30">矿</token>
  <token t_id="113" sentence="1" number="31">在</token>
  <token t_id="114" sentence="1" number="32">N</token>
  <token t_id="115" sentence="1" number="33">2</token>
  <token t_id="116" sentence="1" number="34">4</token>
  <token t_id="117" sentence="1" number="35">采</token>
  <token t_id="118" sentence="1" number="36">区</token>
  <token t_id="119" sentence="1" number="37">边</token>
  <token t_id="120" sentence="1" number="38">界</token>
  <token t_id="121" sentence="1" number="39">运</token>
  <token t_id="122" sentence="1" number="40">输</token>
  <token t_id="123" sentence="1" number="41">石</token>
  <token t_id="124" sentence="1" number="42">门</token>
  <token t_id="125" sentence="1" number="43">发</token>
  <token t_id="126" sentence="1" number="44">生</token>
  <token t_id="127" sentence="1" number="45">一</token>
  <token t_id="128" sentence="1" number="46">起</token>
  <token t_id="129" sentence="1" number="47">透</token>
  <token t_id="130" sentence="1" number="48">水</token>
  <token t_id="131" sentence="1" number="49">事</token>
  <token t_id="132" sentence="1" number="50">故</token>
  <token t_id="133" sentence="1" number="51">。</token>
  <token t_id="134" sentence="2" number="0">截</token>
  <token t_id="135" sentence="2" number="1">至</token>
  <token t_id="136" sentence="2" number="2">1</token>
  <token t_id="137" sentence="2" number="3">5</token>
  <token t_id="138" sentence="2" number="4">日</token>
  <token t_id="139" sentence="2" number="5">1</token>
  <token t_id="140" sentence="2" number="6">7</token>
  <token t_id="141" sentence="2" number="7">时</token>
  <token t_id="142" sentence="2" number="8">，</token>
  <token t_id="143" sentence="2" number="9">确</token>
  <token t_id="144" sentence="2" number="10">认</token>
  <token t_id="145" sentence="2" number="11">4</token>
  <token t_id="146" sentence="2" number="12">人</token>
  <token t_id="147" sentence="2" number="13">遇</token>
  <token t_id="148" sentence="2" number="14">难</token>
  <token t_id="149" sentence="2" number="15">，</token>
  <token t_id="150" sentence="2" number="16">1</token>
  <token t_id="151" sentence="2" number="17">4</token>
  <token t_id="152" sentence="2" number="18">人</token>
  <token t_id="153" sentence="2" number="19">失</token>
  <token t_id="154" sentence="2" number="20">联</token>
  <token t_id="155" sentence="2" number="21">。</token>
  <token t_id="156" sentence="3" number="0">据</token>
  <token t_id="157" sentence="3" number="1">了</token>
  <token t_id="158" sentence="3" number="2">解</token>
  <token t_id="159" sentence="3" number="3">，</token>
  <token t_id="160" sentence="3" number="4">为</token>
  <token t_id="161" sentence="3" number="5">加</token>
  <token t_id="162" sentence="3" number="6">强</token>
  <token t_id="163" sentence="3" number="7">救</token>
  <token t_id="164" sentence="3" number="8">援</token>
  <token t_id="165" sentence="3" number="9">技</token>
  <token t_id="166" sentence="3" number="10">术</token>
  <token t_id="167" sentence="3" number="11">力</token>
  <token t_id="168" sentence="3" number="12">量</token>
  <token t_id="169" sentence="3" number="13">，</token>
  <token t_id="170" sentence="3" number="14">现</token>
  <token t_id="171" sentence="3" number="15">场</token>
  <token t_id="172" sentence="3" number="16">救</token>
  <token t_id="173" sentence="3" number="17">援</token>
  <token t_id="174" sentence="3" number="18">指</token>
  <token t_id="175" sentence="3" number="19">挥</token>
  <token t_id="176" sentence="3" number="20">部</token>
  <token t_id="177" sentence="3" number="21">从</token>
  <token t_id="178" sentence="3" number="22">西</token>
  <token t_id="179" sentence="3" number="23">安</token>
  <token t_id="180" sentence="3" number="24">防</token>
  <token t_id="181" sentence="3" number="25">治</token>
  <token t_id="182" sentence="3" number="26">水</token>
  <token t_id="183" sentence="3" number="27">研</token>
  <token t_id="184" sentence="3" number="28">究</token>
  <token t_id="185" sentence="3" number="29">院</token>
  <token t_id="186" sentence="3" number="30">等</token>
  <token t_id="187" sentence="3" number="31">单</token>
  <token t_id="188" sentence="3" number="32">位</token>
  <token t_id="189" sentence="3" number="33">抽</token>
  <token t_id="190" sentence="3" number="34">调</token>
  <token t_id="191" sentence="3" number="35">多</token>
  <token t_id="192" sentence="3" number="36">名</token>
  <token t_id="193" sentence="3" number="37">专</token>
  <token t_id="194" sentence="3" number="38">家</token>
  <token t_id="195" sentence="3" number="39">到</token>
  <token t_id="196" sentence="3" number="40">矿</token>
  <token t_id="197" sentence="3" number="41">协</token>
  <token t_id="198" sentence="3" number="42">助</token>
  <token t_id="199" sentence="3" number="43">工</token>
  <token t_id="200" sentence="3" number="44">作</token>
  <token t_id="201" sentence="3" number="45">，</token>
  <token t_id="202" sentence="3" number="46">同</token>
  <token t_id="203" sentence="3" number="47">时</token>
  <token t_id="204" sentence="3" number="48">，</token>
  <token t_id="205" sentence="3" number="49">国</token>
  <token t_id="206" sentence="3" number="50">家</token>
  <token t_id="207" sentence="3" number="51">矿</token>
  <token t_id="208" sentence="3" number="52">山</token>
  <token t_id="209" sentence="3" number="53">救</token>
  <token t_id="210" sentence="3" number="54">援</token>
  <token t_id="211" sentence="3" number="55">中</token>
  <token t_id="212" sentence="3" number="56">心</token>
  <token t_id="213" sentence="3" number="57">总</token>
  <token t_id="214" sentence="3" number="58">工</token>
  <token t_id="215" sentence="3" number="59">程</token>
  <token t_id="216" sentence="3" number="60">师</token>
  <token t_id="217" sentence="3" number="61">肖</token>
  <token t_id="218" sentence="3" number="62">方</token>
  <token t_id="219" sentence="3" number="63">儒</token>
  <token t_id="220" sentence="3" number="64">坐</token>
  <token t_id="221" sentence="3" number="65">镇</token>
  <token t_id="222" sentence="3" number="66">指</token>
  <token t_id="223" sentence="3" number="67">导</token>
  <token t_id="224" sentence="3" number="68">救</token>
  <token t_id="225" sentence="3" number="69">援</token>
  <token t_id="226" sentence="3" number="70">工</token>
  <token t_id="227" sentence="3" number="71">作</token>
  <token t_id="228" sentence="3" number="72">。</token>
  <token t_id="229" sentence="4" number="0">1</token>
  <token t_id="230" sentence="4" number="1">6</token>
  <token t_id="231" sentence="4" number="2">日</token>
  <token t_id="232" sentence="4" number="3">凌</token>
  <token t_id="233" sentence="4" number="4">晨</token>
  <token t_id="234" sentence="4" number="5">1</token>
  <token t_id="235" sentence="4" number="6">时</token>
  <token t_id="236" sentence="4" number="7">左</token>
  <token t_id="237" sentence="4" number="8">右</token>
  <token t_id="238" sentence="4" number="9">，</token>
  <token t_id="239" sentence="4" number="10">杉</token>
  <token t_id="240" sentence="4" number="11">木</token>
  <token t_id="241" sentence="4" number="12">树</token>
  <token t_id="242" sentence="4" number="13">煤</token>
  <token t_id="243" sentence="4" number="14">矿</token>
  <token t_id="244" sentence="4" number="15">井</token>
  <token t_id="245" sentence="4" number="16">下</token>
  <token t_id="246" sentence="4" number="17">人</token>
  <token t_id="247" sentence="4" number="18">员</token>
  <token t_id="248" sentence="4" number="19">被</token>
  <token t_id="249" sentence="4" number="20">困</token>
  <token t_id="250" sentence="4" number="21">区</token>
  <token t_id="251" sentence="4" number="22">域</token>
  <token t_id="252" sentence="4" number="23">的</token>
  <token t_id="253" sentence="4" number="24">水</token>
  <token t_id="254" sentence="4" number="25">位</token>
  <token t_id="255" sentence="4" number="26">开</token>
  <token t_id="256" sentence="4" number="27">始</token>
  <token t_id="257" sentence="4" number="28">出</token>
  <token t_id="258" sentence="4" number="29">现</token>
  <token t_id="259" sentence="4" number="30">下</token>
  <token t_id="260" sentence="4" number="31">降</token>
  <token t_id="261" sentence="4" number="32">，</token>
  <token t_id="262" sentence="4" number="33">并</token>
  <token t_id="263" sentence="4" number="34">呈</token>
  <token t_id="264" sentence="4" number="35">缓</token>
  <token t_id="265" sentence="4" number="36">慢</token>
  <token t_id="266" sentence="4" number="37">下</token>
  <token t_id="267" sentence="4" number="38">降</token>
  <token t_id="268" sentence="4" number="39">趋</token>
  <token t_id="269" sentence="4" number="40">势</token>
  <token t_id="270" sentence="4" number="41">，</token>
  <token t_id="271" sentence="4" number="42">为</token>
  <token t_id="272" sentence="4" number="43">现</token>
  <token t_id="273" sentence="4" number="44">场</token>
  <token t_id="274" sentence="4" number="45">大</token>
  <token t_id="275" sentence="4" number="46">、</token>
  <token t_id="276" sentence="4" number="47">小</token>
  <token t_id="277" sentence="4" number="48">能</token>
  <token t_id="278" sentence="4" number="49">力</token>
  <token t_id="279" sentence="4" number="50">排</token>
  <token t_id="280" sentence="4" number="51">水</token>
  <token t_id="281" sentence="4" number="52">设</token>
  <token t_id="282" sentence="4" number="53">备</token>
  <token t_id="283" sentence="4" number="54">的</token>
  <token t_id="284" sentence="4" number="55">替</token>
  <token t_id="285" sentence="4" number="56">换</token>
  <token t_id="286" sentence="4" number="57">创</token>
  <token t_id="287" sentence="4" number="58">造</token>
  <token t_id="288" sentence="4" number="59">了</token>
  <token t_id="289" sentence="4" number="60">条</token>
  <token t_id="290" sentence="4" number="61">件</token>
  <token t_id="291" sentence="4" number="62">。</token>
  <token t_id="292" sentence="5" number="0">目</token>
  <token t_id="293" sentence="5" number="1">前</token>
  <token t_id="294" sentence="5" number="2">大</token>
  <token t_id="295" sentence="5" number="3">流</token>
  <token t_id="296" sentence="5" number="4">量</token>
  <token t_id="297" sentence="5" number="5">的</token>
  <token t_id="298" sentence="5" number="6">排</token>
  <token t_id="299" sentence="5" number="7">水</token>
  <token t_id="300" sentence="5" number="8">设</token>
  <token t_id="301" sentence="5" number="9">备</token>
  <token t_id="302" sentence="5" number="10">正</token>
  <token t_id="303" sentence="5" number="11">在</token>
  <token t_id="304" sentence="5" number="12">紧</token>
  <token t_id="305" sentence="5" number="13">急</token>
  <token t_id="306" sentence="5" number="14">安</token>
  <token t_id="307" sentence="5" number="15">装</token>
  <token t_id="308" sentence="5" number="16">之</token>
  <token t_id="309" sentence="5" number="17">中</token>
  <token t_id="310" sentence="5" number="18">，</token>
  <token t_id="311" sentence="5" number="19">完</token>
  <token t_id="312" sentence="5" number="20">成</token>
  <token t_id="313" sentence="5" number="21">后</token>
  <token t_id="314" sentence="5" number="22">排</token>
  <token t_id="315" sentence="5" number="23">水</token>
  <token t_id="316" sentence="5" number="24">量</token>
  <token t_id="317" sentence="5" number="25">将</token>
  <token t_id="318" sentence="5" number="26">会</token>
  <token t_id="319" sentence="5" number="27">大</token>
  <token t_id="320" sentence="5" number="28">幅</token>
  <token t_id="321" sentence="5" number="29">增</token>
  <token t_id="322" sentence="5" number="30">加</token>
  <token t_id="323" sentence="5" number="31">。</token>
  <token t_id="324" sentence="6" number="0">记</token>
  <token t_id="325" sentence="6" number="1">者</token>
  <token t_id="326" sentence="6" number="2">了</token>
  <token t_id="327" sentence="6" number="3">解</token>
  <token t_id="328" sentence="6" number="4">到</token>
  <token t_id="329" sentence="6" number="5">，</token>
  <token t_id="330" sentence="6" number="6">为</token>
  <token t_id="331" sentence="6" number="7">防</token>
  <token t_id="332" sentence="6" number="8">止</token>
  <token t_id="333" sentence="6" number="9">从</token>
  <token t_id="334" sentence="6" number="10">事</token>
  <token t_id="335" sentence="6" number="11">故</token>
  <token t_id="336" sentence="6" number="12">区</token>
  <token t_id="337" sentence="6" number="13">域</token>
  <token t_id="338" sentence="6" number="14">抽</token>
  <token t_id="339" sentence="6" number="15">出</token>
  <token t_id="340" sentence="6" number="16">的</token>
  <token t_id="341" sentence="6" number="17">大</token>
  <token t_id="342" sentence="6" number="18">量</token>
  <token t_id="343" sentence="6" number="19">水</token>
  <token t_id="344" sentence="6" number="20">源</token>
  <token t_id="345" sentence="6" number="21">导</token>
  <token t_id="346" sentence="6" number="22">致</token>
  <token t_id="347" sentence="6" number="23">早</token>
  <token t_id="348" sentence="6" number="24">已</token>
  <token t_id="349" sentence="6" number="25">满</token>
  <token t_id="350" sentence="6" number="26">负</token>
  <token t_id="351" sentence="6" number="27">荷</token>
  <token t_id="352" sentence="6" number="28">(</token>
  <token t_id="353" sentence="6" number="29">6</token>
  <token t_id="354" sentence="6" number="30">台</token>
  <token t_id="355" sentence="6" number="31">5</token>
  <token t_id="356" sentence="6" number="32">5</token>
  <token t_id="357" sentence="6" number="33">0</token>
  <token t_id="358" sentence="6" number="34">立</token>
  <token t_id="359" sentence="6" number="35">方</token>
  <token t_id="360" sentence="6" number="36">米</token>
  <token t_id="361" sentence="6" number="37">每</token>
  <token t_id="362" sentence="6" number="38">小</token>
  <token t_id="363" sentence="6" number="39">时</token>
  <token t_id="364" sentence="6" number="40">)</token>
  <token t_id="365" sentence="6" number="41">运</token>
  <token t_id="366" sentence="6" number="42">转</token>
  <token t_id="367" sentence="6" number="43">的</token>
  <token t_id="368" sentence="6" number="44">矿</token>
  <token t_id="369" sentence="6" number="45">井</token>
  <token t_id="370" sentence="6" number="46">主</token>
  <token t_id="371" sentence="6" number="47">排</token>
  <token t_id="372" sentence="6" number="48">水</token>
  <token t_id="373" sentence="6" number="49">系</token>
  <token t_id="374" sentence="6" number="50">统</token>
  <token t_id="375" sentence="6" number="51">崩</token>
  <token t_id="376" sentence="6" number="52">溃</token>
  <token t_id="377" sentence="6" number="53">，</token>
  <token t_id="378" sentence="6" number="54">从</token>
  <token t_id="379" sentence="6" number="55">而</token>
  <token t_id="380" sentence="6" number="56">造</token>
  <token t_id="381" sentence="6" number="57">成</token>
  <token t_id="382" sentence="6" number="58">矿</token>
  <token t_id="383" sentence="6" number="59">井</token>
  <token t_id="384" sentence="6" number="60">其</token>
  <token t_id="385" sentence="6" number="61">他</token>
  <token t_id="386" sentence="6" number="62">区</token>
  <token t_id="387" sentence="6" number="63">域</token>
  <token t_id="388" sentence="6" number="64">巷</token>
  <token t_id="389" sentence="6" number="65">道</token>
  <token t_id="390" sentence="6" number="66">被</token>
  <token t_id="391" sentence="6" number="67">大</token>
  <token t_id="392" sentence="6" number="68">范</token>
  <token t_id="393" sentence="6" number="69">围</token>
  <token t_id="394" sentence="6" number="70">淹</token>
  <token t_id="395" sentence="6" number="71">没</token>
  <token t_id="396" sentence="6" number="72">，</token>
  <token t_id="397" sentence="6" number="73">1</token>
  <token t_id="398" sentence="6" number="74">5</token>
  <token t_id="399" sentence="6" number="75">日</token>
  <token t_id="400" sentence="6" number="76">下</token>
  <token t_id="401" sentence="6" number="77">午</token>
  <token t_id="402" sentence="6" number="78">指</token>
  <token t_id="403" sentence="6" number="79">挥</token>
  <token t_id="404" sentence="6" number="80">部</token>
  <token t_id="405" sentence="6" number="81">又</token>
  <token t_id="406" sentence="6" number="82">从</token>
  <token t_id="407" sentence="6" number="83">重</token>
  <token t_id="408" sentence="6" number="84">庆</token>
  <token t_id="409" sentence="6" number="85">渝</token>
  <token t_id="410" sentence="6" number="86">新</token>
  <token t_id="411" sentence="6" number="87">能</token>
  <token t_id="412" sentence="6" number="88">源</token>
  <token t_id="413" sentence="6" number="89">公</token>
  <token t_id="414" sentence="6" number="90">司</token>
  <token t_id="415" sentence="6" number="91">紧</token>
  <token t_id="416" sentence="6" number="92">急</token>
  <token t_id="417" sentence="6" number="93">调</token>
  <token t_id="418" sentence="6" number="94">运</token>
  <token t_id="419" sentence="6" number="95">排</token>
  <token t_id="420" sentence="6" number="96">水</token>
  <token t_id="421" sentence="6" number="97">设</token>
  <token t_id="422" sentence="6" number="98">备</token>
  <token t_id="423" sentence="6" number="99">，</token>
  <token t_id="424" sentence="6" number="100">从</token>
  <token t_id="425" sentence="6" number="101">矿</token>
  <token t_id="426" sentence="6" number="102">井</token>
  <token t_id="427" sentence="6" number="103">主</token>
  <token t_id="428" sentence="6" number="104">水</token>
  <token t_id="429" sentence="6" number="105">仓</token>
  <token t_id="430" sentence="6" number="106">新</token>
  <token t_id="431" sentence="6" number="107">安</token>
  <token t_id="432" sentence="6" number="108">装</token>
  <token t_id="433" sentence="6" number="109">一</token>
  <token t_id="434" sentence="6" number="110">趟</token>
  <token t_id="435" sentence="6" number="111">向</token>
  <token t_id="436" sentence="6" number="112">地</token>
  <token t_id="437" sentence="6" number="113">面</token>
  <token t_id="438" sentence="6" number="114">的</token>
  <token t_id="439" sentence="6" number="115">排</token>
  <token t_id="440" sentence="6" number="116">水</token>
  <token t_id="441" sentence="6" number="117">系</token>
  <token t_id="442" sentence="6" number="118">统</token>
  <token t_id="443" sentence="6" number="119">，</token>
  <token t_id="444" sentence="6" number="120">以</token>
  <token t_id="445" sentence="6" number="121">提</token>
  <token t_id="446" sentence="6" number="122">升</token>
  <token t_id="447" sentence="6" number="123">矿</token>
  <token t_id="448" sentence="6" number="124">井</token>
  <token t_id="449" sentence="6" number="125">主</token>
  <token t_id="450" sentence="6" number="126">排</token>
  <token t_id="451" sentence="6" number="127">水</token>
  <token t_id="452" sentence="6" number="128">系</token>
  <token t_id="453" sentence="6" number="129">统</token>
  <token t_id="454" sentence="6" number="130">向</token>
  <token t_id="455" sentence="6" number="131">地</token>
  <token t_id="456" sentence="6" number="132">面</token>
  <token t_id="457" sentence="6" number="133">的</token>
  <token t_id="458" sentence="6" number="134">排</token>
  <token t_id="459" sentence="6" number="135">水</token>
  <token t_id="460" sentence="6" number="136">能</token>
  <token t_id="461" sentence="6" number="137">力</token>
  <token t_id="462" sentence="6" number="138">。</token>
  <token t_id="463" sentence="7" number="0">第</token>
  <token t_id="464" sentence="7" number="1">一</token>
  <token t_id="465" sentence="7" number="2">批</token>
  <token t_id="466" sentence="7" number="3">从</token>
  <token t_id="467" sentence="7" number="4">松</token>
  <token t_id="468" sentence="7" number="5">藻</token>
  <token t_id="469" sentence="7" number="6">煤</token>
  <token t_id="470" sentence="7" number="7">电</token>
  <token t_id="471" sentence="7" number="8">公</token>
  <token t_id="472" sentence="7" number="9">司</token>
  <token t_id="473" sentence="7" number="10">调</token>
  <token t_id="474" sentence="7" number="11">运</token>
  <token t_id="475" sentence="7" number="12">的</token>
  <token t_id="476" sentence="7" number="13">2</token>
  <token t_id="477" sentence="7" number="14">台</token>
  <token t_id="478" sentence="7" number="15">3</token>
  <token t_id="479" sentence="7" number="16">7</token>
  <token t_id="480" sentence="7" number="17">0</token>
  <token t_id="481" sentence="7" number="18">立</token>
  <token t_id="482" sentence="7" number="19">方</token>
  <token t_id="483" sentence="7" number="20">米</token>
  <token t_id="484" sentence="7" number="21">每</token>
  <token t_id="485" sentence="7" number="22">小</token>
  <token t_id="486" sentence="7" number="23">时</token>
  <token t_id="487" sentence="7" number="24">的</token>
  <token t_id="488" sentence="7" number="25">潜</token>
  <token t_id="489" sentence="7" number="26">水</token>
  <token t_id="490" sentence="7" number="27">泵</token>
  <token t_id="491" sentence="7" number="28">和</token>
  <token t_id="492" sentence="7" number="29">1</token>
  <token t_id="493" sentence="7" number="30">7</token>
  <token t_id="494" sentence="7" number="31">0</token>
  <token t_id="495" sentence="7" number="32">0</token>
  <token t_id="496" sentence="7" number="33">余</token>
  <token t_id="497" sentence="7" number="34">米</token>
  <token t_id="498" sentence="7" number="35">管</token>
  <token t_id="499" sentence="7" number="36">道</token>
  <token t_id="500" sentence="7" number="37">等</token>
  <token t_id="501" sentence="7" number="38">配</token>
  <token t_id="502" sentence="7" number="39">套</token>
  <token t_id="503" sentence="7" number="40">装</token>
  <token t_id="504" sentence="7" number="41">备</token>
  <token t_id="505" sentence="7" number="42">，</token>
  <token t_id="506" sentence="7" number="43">于</token>
  <token t_id="507" sentence="7" number="44">1</token>
  <token t_id="508" sentence="7" number="45">6</token>
  <token t_id="509" sentence="7" number="46">日</token>
  <token t_id="510" sentence="7" number="47">凌</token>
  <token t_id="511" sentence="7" number="48">晨</token>
  <token t_id="512" sentence="7" number="49">1</token>
  <token t_id="513" sentence="7" number="50">时</token>
  <token t_id="514" sentence="7" number="51">左</token>
  <token t_id="515" sentence="7" number="52">右</token>
  <token t_id="516" sentence="7" number="53">抵</token>
  <token t_id="517" sentence="7" number="54">达</token>
  <token t_id="518" sentence="7" number="55">矿</token>
  <token t_id="519" sentence="7" number="56">区</token>
  <token t_id="520" sentence="7" number="57">，</token>
  <token t_id="521" sentence="7" number="58">凌</token>
  <token t_id="522" sentence="7" number="59">晨</token>
  <token t_id="523" sentence="7" number="60">4</token>
  <token t_id="524" sentence="7" number="61">时</token>
  <token t_id="525" sentence="7" number="62">已</token>
  <token t_id="526" sentence="7" number="63">下</token>
  <token t_id="527" sentence="7" number="64">井</token>
  <token t_id="528" sentence="7" number="65">开</token>
  <token t_id="529" sentence="7" number="66">始</token>
  <token t_id="530" sentence="7" number="67">安</token>
  <token t_id="531" sentence="7" number="68">装</token>
  <token t_id="532" sentence="7" number="69">。</token>
  <token t_id="533" sentence="8" number="0">后</token>
  <token t_id="534" sentence="8" number="1">续</token>
  <token t_id="535" sentence="8" number="2">补</token>
  <token t_id="536" sentence="8" number="3">充</token>
  <token t_id="537" sentence="8" number="4">的</token>
  <token t_id="538" sentence="8" number="5">排</token>
  <token t_id="539" sentence="8" number="6">水</token>
  <token t_id="540" sentence="8" number="7">设</token>
  <token t_id="541" sentence="8" number="8">备</token>
  <token t_id="542" sentence="8" number="9">正</token>
  <token t_id="543" sentence="8" number="10">在</token>
  <token t_id="544" sentence="8" number="11">加</token>
  <token t_id="545" sentence="8" number="12">速</token>
  <token t_id="546" sentence="8" number="13">运</token>
  <token t_id="547" sentence="8" number="14">往</token>
  <token t_id="548" sentence="8" number="15">矿</token>
  <token t_id="549" sentence="8" number="16">区</token>
  <token t_id="550" sentence="8" number="17">和</token>
  <token t_id="551" sentence="8" number="18">井</token>
  <token t_id="552" sentence="8" number="19">下</token>
  <token t_id="553" sentence="8" number="20">。</token>
  <token t_id="554" sentence="9" number="0">下</token>
  <token t_id="555" sentence="9" number="1">一</token>
  <token t_id="556" sentence="9" number="2">步</token>
  <token t_id="557" sentence="9" number="3">，</token>
  <token t_id="558" sentence="9" number="4">救</token>
  <token t_id="559" sentence="9" number="5">援</token>
  <token t_id="560" sentence="9" number="6">指</token>
  <token t_id="561" sentence="9" number="7">挥</token>
  <token t_id="562" sentence="9" number="8">部</token>
  <token t_id="563" sentence="9" number="9">技</token>
  <token t_id="564" sentence="9" number="10">术</token>
  <token t_id="565" sentence="9" number="11">组</token>
  <token t_id="566" sentence="9" number="12">、</token>
  <token t_id="567" sentence="9" number="13">专</token>
  <token t_id="568" sentence="9" number="14">家</token>
  <token t_id="569" sentence="9" number="15">组</token>
  <token t_id="570" sentence="9" number="16">各</token>
  <token t_id="571" sentence="9" number="17">位</token>
  <token t_id="572" sentence="9" number="18">专</token>
  <token t_id="573" sentence="9" number="19">家</token>
  <token t_id="574" sentence="9" number="20">，</token>
  <token t_id="575" sentence="9" number="21">将</token>
  <token t_id="576" sentence="9" number="22">根</token>
  <token t_id="577" sentence="9" number="23">据</token>
  <token t_id="578" sentence="9" number="24">井</token>
  <token t_id="579" sentence="9" number="25">下</token>
  <token t_id="580" sentence="9" number="26">变</token>
  <token t_id="581" sentence="9" number="27">化</token>
  <token t_id="582" sentence="9" number="28">的</token>
  <token t_id="583" sentence="9" number="29">相</token>
  <token t_id="584" sentence="9" number="30">关</token>
  <token t_id="585" sentence="9" number="31">情</token>
  <token t_id="586" sentence="9" number="32">况</token>
  <token t_id="587" sentence="9" number="33">，</token>
  <token t_id="588" sentence="9" number="34">紧</token>
  <token t_id="589" sentence="9" number="35">急</token>
  <token t_id="590" sentence="9" number="36">研</token>
  <token t_id="591" sentence="9" number="37">判</token>
  <token t_id="592" sentence="9" number="38">、</token>
  <token t_id="593" sentence="9" number="39">研</token>
  <token t_id="594" sentence="9" number="40">究</token>
  <token t_id="595" sentence="9" number="41">制</token>
  <token t_id="596" sentence="9" number="42">定</token>
  <token t_id="597" sentence="9" number="43">针</token>
  <token t_id="598" sentence="9" number="44">对</token>
  <token t_id="599" sentence="9" number="45">性</token>
  <token t_id="600" sentence="9" number="46">的</token>
  <token t_id="601" sentence="9" number="47">技</token>
  <token t_id="602" sentence="9" number="48">术</token>
  <token t_id="603" sentence="9" number="49">措</token>
  <token t_id="604" sentence="9" number="50">施</token>
  <token t_id="605" sentence="9" number="51">，</token>
  <token t_id="606" sentence="9" number="52">确</token>
  <token t_id="607" sentence="9" number="53">保</token>
  <token t_id="608" sentence="9" number="54">抽</token>
  <token t_id="609" sentence="9" number="55">排</token>
  <token t_id="610" sentence="9" number="56">水</token>
  <token t_id="611" sentence="9" number="57">工</token>
  <token t_id="612" sentence="9" number="58">作</token>
  <token t_id="613" sentence="9" number="59">顺</token>
  <token t_id="614" sentence="9" number="60">利</token>
  <token t_id="615" sentence="9" number="61">进</token>
  <token t_id="616" sentence="9" number="62">行</token>
  <Markables>
    <ACTION m_id="22767" comment="">
      <token_anchor t_id="56" />
      <token_anchor t_id="57" />
    </ACTION>
    <ACTION m_id="22768" comment="">
      <token_anchor t_id="79" />
      <token_anchor t_id="80" />
    </ACTION>
    <ACTION m_id="22769" comment="">
      <token_anchor t_id="71" />
      <token_anchor t_id="72" />
    </ACTION>
    <ACTION m_id="22770" comment="">
      <token_anchor t_id="121" />
      <token_anchor t_id="122" />
    </ACTION>
    <ACTION m_id="22771" comment="">
      <token_anchor t_id="125" />
      <token_anchor t_id="126" />
    </ACTION>
    <ACTION m_id="22772" comment="">
      <token_anchor t_id="147" />
      <token_anchor t_id="148" />
    </ACTION>
    <ACTION m_id="22774" comment="">
      <token_anchor t_id="189" />
      <token_anchor t_id="190" />
    </ACTION>
    <ACTION m_id="22775" comment="">
      <token_anchor t_id="197" />
      <token_anchor t_id="198" />
    </ACTION>
    <ACTION m_id="22776" comment="">
      <token_anchor t_id="222" />
      <token_anchor t_id="223" />
    </ACTION>
    <ACTION m_id="22777" comment="">
      <token_anchor t_id="248" />
      <token_anchor t_id="249" />
    </ACTION>
    <ACTION m_id="22778" comment="">
      <token_anchor t_id="259" />
      <token_anchor t_id="260" />
    </ACTION>
    <ACTION m_id="22779" comment="">
      <token_anchor t_id="266" />
      <token_anchor t_id="267" />
      <token_anchor t_id="268" />
      <token_anchor t_id="269" />
    </ACTION>
    <ACTION m_id="22781" comment="">
      <token_anchor t_id="306" />
      <token_anchor t_id="307" />
    </ACTION>
    <ACTION m_id="22782" comment="">
      <token_anchor t_id="338" />
      <token_anchor t_id="339" />
    </ACTION>
    <ACTION m_id="22783" comment="">
      <token_anchor t_id="345" />
      <token_anchor t_id="346" />
    </ACTION>
    <ACTION m_id="22784" comment="">
      <token_anchor t_id="375" />
      <token_anchor t_id="376" />
    </ACTION>
    <ACTION m_id="22785" comment="">
      <token_anchor t_id="380" />
      <token_anchor t_id="381" />
    </ACTION>
    <ACTION m_id="22786" comment="">
      <token_anchor t_id="394" />
      <token_anchor t_id="395" />
    </ACTION>
    <ACTION m_id="22787" comment="">
      <token_anchor t_id="417" />
      <token_anchor t_id="418" />
    </ACTION>
    <ACTION m_id="22788" comment="">
      <token_anchor t_id="431" />
      <token_anchor t_id="432" />
    </ACTION>
    <ACTION m_id="22789" comment="">
      <token_anchor t_id="445" />
      <token_anchor t_id="446" />
    </ACTION>
    <ACTION m_id="22790" comment="">
      <token_anchor t_id="473" />
      <token_anchor t_id="474" />
    </ACTION>
    <ACTION m_id="22791" comment="">
      <token_anchor t_id="516" />
      <token_anchor t_id="517" />
    </ACTION>
    <ACTION m_id="22792" comment="">
      <token_anchor t_id="530" />
      <token_anchor t_id="531" />
    </ACTION>
    <ACTION m_id="22793" comment="">
      <token_anchor t_id="535" />
      <token_anchor t_id="536" />
    </ACTION>
    <ACTION m_id="22794" comment="">
      <token_anchor t_id="546" />
      <token_anchor t_id="547" />
    </ACTION>
    <ACTION m_id="22795" comment="">
      <token_anchor t_id="590" />
      <token_anchor t_id="591" />
    </ACTION>
    <ACTION m_id="22796" comment="">
      <token_anchor t_id="593" />
      <token_anchor t_id="594" />
      <token_anchor t_id="595" />
      <token_anchor t_id="596" />
    </ACTION>
    <ACTION m_id="22797" comment="">
      <token_anchor t_id="603" />
      <token_anchor t_id="604" />
    </ACTION>
    <ACTION m_id="22798" comment="">
      <token_anchor t_id="609" />
      <token_anchor t_id="610" />
      <token_anchor t_id="611" />
      <token_anchor t_id="612" />
    </ACTION>
    <ACTION m_id="22799" comment="">
      <token_anchor t_id="615" />
    </ACTION>
    <ACTION m_id="30202" comment="">
      <token_anchor t_id="153" />
      <token_anchor t_id="154" />
    </ACTION>
    <ACTION m_id="30203" comment="">
      <token_anchor t_id="161" />
      <token_anchor t_id="162" />
    </ACTION>
    <ACTION m_id="30204" comment="">
      <token_anchor t_id="286" />
      <token_anchor t_id="287" />
    </ACTION>
    <ACTION m_id="30205" comment="">
      <token_anchor t_id="321" />
      <token_anchor t_id="322" />
    </ACTION>
    <ACTION m_id="30206" comment="">
      <token_anchor t_id="331" />
      <token_anchor t_id="332" />
    </ACTION>
    <ACTION_CAUSATIVE m_id="30207" comment="">
      <token_anchor t_id="330" />
    </ACTION_CAUSATIVE>
    <ACTION_CAUSATIVE m_id="30208" comment="">
      <token_anchor t_id="444" />
    </ACTION_CAUSATIVE>
  </Markables>
  <Relations>
    <PLOT_LINK r_id="1032" SIGNAL="" relType="causation" CAUSES="FALSE" CAUSED_BY="FALSE">
      <source m_id="30203" />
      <target m_id="22774" />
    </PLOT_LINK>
    <PLOT_LINK r_id="1034" SIGNAL="" relType="causation" CAUSES="FALSE" CAUSED_BY="FALSE">
      <source m_id="22778" />
      <target m_id="30204" />
    </PLOT_LINK>
    <PLOT_LINK r_id="1035" SIGNAL="" relType="causation" CAUSES="FALSE" CAUSED_BY="FALSE">
      <source m_id="22779" />
      <target m_id="30204" />
    </PLOT_LINK>
    <PLOT_LINK r_id="1036" SIGNAL="" relType="causation" CAUSES="FALSE" CAUSED_BY="FALSE">
      <source m_id="22781" />
      <target m_id="30205" />
    </PLOT_LINK>
    <PLOT_LINK r_id="1037" SIGNAL="" relType="causation" CAUSES="FALSE" CAUSED_BY="FALSE">
      <source m_id="22782" />
      <target m_id="22784" />
    </PLOT_LINK>
    <PLOT_LINK r_id="1038" SIGNAL="" relType="causation" CAUSES="FALSE" CAUSED_BY="FALSE">
      <source m_id="22784" />
      <target m_id="22786" />
    </PLOT_LINK>
    <PLOT_LINK r_id="1039" SIGNAL="" relType="causation" CAUSES="FALSE" CAUSED_BY="FALSE">
      <source m_id="30206" />
      <target m_id="22787" />
    </PLOT_LINK>
    <PLOT_LINK r_id="1040" SIGNAL="" relType="causation" CAUSES="FALSE" CAUSED_BY="FALSE">
      <source m_id="22789" />
      <target m_id="22788" />
    </PLOT_LINK>
    <PLOT_LINK r_id="1041" SIGNAL="" relType="causation" CAUSES="FALSE" CAUSED_BY="FALSE">
      <source m_id="30206" />
      <target m_id="22788" />
    </PLOT_LINK>
  </Relations>
</Document>