<?xml version="1.0" encoding="UTF-8"?>
<Document doc_name="2450_ecbplus.xml.xml">
  <token t_id="1" sentence="0" number="0">1</token>
  <token t_id="2" sentence="0" number="1">2</token>
  <token t_id="3" sentence="0" number="2">月</token>
  <token t_id="4" sentence="0" number="3">1</token>
  <token t_id="5" sentence="0" number="4">7</token>
  <token t_id="6" sentence="0" number="5">日</token>
  <token t_id="7" sentence="0" number="6">1</token>
  <token t_id="8" sentence="0" number="7">8</token>
  <token t_id="9" sentence="0" number="8">时</token>
  <token t_id="10" sentence="0" number="9">许</token>
  <token t_id="11" sentence="0" number="10">，</token>
  <token t_id="12" sentence="0" number="11">被</token>
  <token t_id="13" sentence="0" number="12">困</token>
  <token t_id="14" sentence="0" number="13">矿</token>
  <token t_id="15" sentence="0" number="14">工</token>
  <token t_id="16" sentence="0" number="15">全</token>
  <token t_id="17" sentence="0" number="16">部</token>
  <token t_id="18" sentence="0" number="17">升</token>
  <token t_id="19" sentence="0" number="18">井</token>
  <token t_id="20" sentence="0" number="19">，</token>
  <token t_id="21" sentence="0" number="20">山</token>
  <token t_id="22" sentence="0" number="21">西</token>
  <token t_id="23" sentence="0" number="22">省</token>
  <token t_id="24" sentence="0" number="23">孝</token>
  <token t_id="25" sentence="0" number="24">义</token>
  <token t_id="26" sentence="0" number="25">市</token>
  <token t_id="27" sentence="0" number="26">西</token>
  <token t_id="28" sentence="0" number="27">辛</token>
  <token t_id="29" sentence="0" number="28">庄</token>
  <token t_id="30" sentence="0" number="29">镇</token>
  <token t_id="31" sentence="0" number="30">杜</token>
  <token t_id="32" sentence="0" number="31">西</token>
  <token t_id="33" sentence="0" number="32">沟</token>
  <token t_id="34" sentence="0" number="33">村</token>
  <token t_id="35" sentence="0" number="34">“</token>
  <token t_id="36" sentence="0" number="35">黑</token>
  <token t_id="37" sentence="0" number="36">煤</token>
  <token t_id="38" sentence="0" number="37">窑</token>
  <token t_id="39" sentence="0" number="38">”</token>
  <token t_id="40" sentence="0" number="39">盗</token>
  <token t_id="41" sentence="0" number="40">采</token>
  <token t_id="42" sentence="0" number="41">透</token>
  <token t_id="43" sentence="0" number="42">水</token>
  <token t_id="44" sentence="0" number="43">事</token>
  <token t_id="45" sentence="0" number="44">故</token>
  <token t_id="46" sentence="0" number="45">抢</token>
  <token t_id="47" sentence="0" number="46">险</token>
  <token t_id="48" sentence="0" number="47">救</token>
  <token t_id="49" sentence="0" number="48">援</token>
  <token t_id="50" sentence="0" number="49">宣</token>
  <token t_id="51" sentence="0" number="50">告</token>
  <token t_id="52" sentence="0" number="51">结</token>
  <token t_id="53" sentence="0" number="52">束</token>
  <token t_id="54" sentence="0" number="53">。</token>
  <token t_id="55" sentence="1" number="0">据</token>
  <token t_id="56" sentence="1" number="1">媒</token>
  <token t_id="57" sentence="1" number="2">体</token>
  <token t_id="58" sentence="1" number="3">报</token>
  <token t_id="59" sentence="1" number="4">道</token>
  <token t_id="60" sentence="1" number="5">，</token>
  <token t_id="61" sentence="1" number="6">此</token>
  <token t_id="62" sentence="1" number="7">次</token>
  <token t_id="63" sentence="1" number="8">事</token>
  <token t_id="64" sentence="1" number="9">故</token>
  <token t_id="65" sentence="1" number="10">造</token>
  <token t_id="66" sentence="1" number="11">成</token>
  <token t_id="67" sentence="1" number="12">2</token>
  <token t_id="68" sentence="1" number="13">名</token>
  <token t_id="69" sentence="1" number="14">矿</token>
  <token t_id="70" sentence="1" number="15">工</token>
  <token t_id="71" sentence="1" number="16">遇</token>
  <token t_id="72" sentence="1" number="17">难</token>
  <token t_id="73" sentence="1" number="18">，</token>
  <token t_id="74" sentence="1" number="19">孝</token>
  <token t_id="75" sentence="1" number="20">义</token>
  <token t_id="76" sentence="1" number="21">市</token>
  <token t_id="77" sentence="1" number="22">公</token>
  <token t_id="78" sentence="1" number="23">安</token>
  <token t_id="79" sentence="1" number="24">局</token>
  <token t_id="80" sentence="1" number="25">侦</token>
  <token t_id="81" sentence="1" number="26">查</token>
  <token t_id="82" sentence="1" number="27">认</token>
  <token t_id="83" sentence="1" number="28">定</token>
  <token t_id="84" sentence="1" number="29">这</token>
  <token t_id="85" sentence="1" number="30">是</token>
  <token t_id="86" sentence="1" number="31">一</token>
  <token t_id="87" sentence="1" number="32">起</token>
  <token t_id="88" sentence="1" number="33">涉</token>
  <token t_id="89" sentence="1" number="34">嫌</token>
  <token t_id="90" sentence="1" number="35">非</token>
  <token t_id="91" sentence="1" number="36">法</token>
  <token t_id="92" sentence="1" number="37">盗</token>
  <token t_id="93" sentence="1" number="38">采</token>
  <token t_id="94" sentence="1" number="39">煤</token>
  <token t_id="95" sentence="1" number="40">炭</token>
  <token t_id="96" sentence="1" number="41">资</token>
  <token t_id="97" sentence="1" number="42">源</token>
  <token t_id="98" sentence="1" number="43">案</token>
  <token t_id="99" sentence="1" number="44">。</token>
  <token t_id="100" sentence="2" number="0">一</token>
  <token t_id="101" sentence="2" number="1">位</token>
  <token t_id="102" sentence="2" number="2">曾</token>
  <token t_id="103" sentence="2" number="3">任</token>
  <token t_id="104" sentence="2" number="4">职</token>
  <token t_id="105" sentence="2" number="5">煤</token>
  <token t_id="106" sentence="2" number="6">炭</token>
  <token t_id="107" sentence="2" number="7">管</token>
  <token t_id="108" sentence="2" number="8">理</token>
  <token t_id="109" sentence="2" number="9">执</token>
  <token t_id="110" sentence="2" number="10">法</token>
  <token t_id="111" sentence="2" number="11">人</token>
  <token t_id="112" sentence="2" number="12">员</token>
  <token t_id="113" sentence="2" number="13">透</token>
  <token t_id="114" sentence="2" number="14">露</token>
  <token t_id="115" sentence="2" number="15">，</token>
  <token t_id="116" sentence="2" number="16">一</token>
  <token t_id="117" sentence="2" number="17">个</token>
  <token t_id="118" sentence="2" number="18">黑</token>
  <token t_id="119" sentence="2" number="19">煤</token>
  <token t_id="120" sentence="2" number="20">窑</token>
  <token t_id="121" sentence="2" number="21">从</token>
  <token t_id="122" sentence="2" number="22">开</token>
  <token t_id="123" sentence="2" number="23">建</token>
  <token t_id="124" sentence="2" number="24">到</token>
  <token t_id="125" sentence="2" number="25">出</token>
  <token t_id="126" sentence="2" number="26">煤</token>
  <token t_id="127" sentence="2" number="27">，</token>
  <token t_id="128" sentence="2" number="28">购</token>
  <token t_id="129" sentence="2" number="29">置</token>
  <token t_id="130" sentence="2" number="30">设</token>
  <token t_id="131" sentence="2" number="31">备</token>
  <token t_id="132" sentence="2" number="32">、</token>
  <token t_id="133" sentence="2" number="33">打</token>
  <token t_id="134" sentence="2" number="34">点</token>
  <token t_id="135" sentence="2" number="35">中</token>
  <token t_id="136" sentence="2" number="36">间</token>
  <token t_id="137" sentence="2" number="37">关</token>
  <token t_id="138" sentence="2" number="38">系</token>
  <token t_id="139" sentence="2" number="39">保</token>
  <token t_id="140" sentence="2" number="40">守</token>
  <token t_id="141" sentence="2" number="41">估</token>
  <token t_id="142" sentence="2" number="42">计</token>
  <token t_id="143" sentence="2" number="43">要</token>
  <token t_id="144" sentence="2" number="44">1</token>
  <token t_id="145" sentence="2" number="45">0</token>
  <token t_id="146" sentence="2" number="46">0</token>
  <token t_id="147" sentence="2" number="47">0</token>
  <token t_id="148" sentence="2" number="48">万</token>
  <token t_id="149" sentence="2" number="49">元</token>
  <token t_id="150" sentence="2" number="50">。</token>
  <token t_id="151" sentence="3" number="0">“</token>
  <token t_id="152" sentence="3" number="1">没</token>
  <token t_id="153" sentence="3" number="2">关</token>
  <token t_id="154" sentence="3" number="3">系</token>
  <token t_id="155" sentence="3" number="4">根</token>
  <token t_id="156" sentence="3" number="5">本</token>
  <token t_id="157" sentence="3" number="6">就</token>
  <token t_id="158" sentence="3" number="7">开</token>
  <token t_id="159" sentence="3" number="8">不</token>
  <token t_id="160" sentence="3" number="9">了</token>
  <token t_id="161" sentence="3" number="10">黑</token>
  <token t_id="162" sentence="3" number="11">煤</token>
  <token t_id="163" sentence="3" number="12">窑</token>
  <token t_id="164" sentence="3" number="13">，</token>
  <token t_id="165" sentence="3" number="14">上</token>
  <token t_id="166" sentence="3" number="15">午</token>
  <token t_id="167" sentence="3" number="16">开</token>
  <token t_id="168" sentence="3" number="17">张</token>
  <token t_id="169" sentence="3" number="18">下</token>
  <token t_id="170" sentence="3" number="19">午</token>
  <token t_id="171" sentence="3" number="20">就</token>
  <token t_id="172" sentence="3" number="21">会</token>
  <token t_id="173" sentence="3" number="22">被</token>
  <token t_id="174" sentence="3" number="23">查</token>
  <token t_id="175" sentence="3" number="24">。</token>
  <token t_id="176" sentence="4" number="0">有</token>
  <token t_id="177" sentence="4" number="1">关</token>
  <token t_id="178" sentence="4" number="2">系</token>
  <token t_id="179" sentence="4" number="3">了</token>
  <token t_id="180" sentence="4" number="4">，</token>
  <token t_id="181" sentence="4" number="5">执</token>
  <token t_id="182" sentence="4" number="6">法</token>
  <token t_id="183" sentence="4" number="7">人</token>
  <token t_id="184" sentence="4" number="8">员</token>
  <token t_id="185" sentence="4" number="9">就</token>
  <token t_id="186" sentence="4" number="10">绕</token>
  <token t_id="187" sentence="4" number="11">开</token>
  <token t_id="188" sentence="4" number="12">黑</token>
  <token t_id="189" sentence="4" number="13">煤</token>
  <token t_id="190" sentence="4" number="14">窑</token>
  <token t_id="191" sentence="4" number="15">不</token>
  <token t_id="192" sentence="4" number="16">查</token>
  <token t_id="193" sentence="4" number="17">。</token>
  <token t_id="194" sentence="5" number="0">”</token>
  <token t_id="195" sentence="5" number="1">此</token>
  <token t_id="196" sentence="5" number="2">次</token>
  <token t_id="197" sentence="5" number="3">抢</token>
  <token t_id="198" sentence="5" number="4">险</token>
  <token t_id="199" sentence="5" number="5">救</token>
  <token t_id="200" sentence="5" number="6">援</token>
  <token t_id="201" sentence="5" number="7">的</token>
  <token t_id="202" sentence="5" number="8">成</token>
  <token t_id="203" sentence="5" number="9">功</token>
  <token t_id="204" sentence="5" number="10">，</token>
  <token t_id="205" sentence="5" number="11">令</token>
  <token t_id="206" sentence="5" number="12">人</token>
  <token t_id="207" sentence="5" number="13">欣</token>
  <token t_id="208" sentence="5" number="14">喜</token>
  <token t_id="209" sentence="5" number="15">，</token>
  <token t_id="210" sentence="5" number="16">但</token>
  <token t_id="211" sentence="5" number="17">与</token>
  <token t_id="212" sentence="5" number="18">此</token>
  <token t_id="213" sentence="5" number="19">同</token>
  <token t_id="214" sentence="5" number="20">时</token>
  <token t_id="215" sentence="5" number="21">，</token>
  <token t_id="216" sentence="5" number="22">“</token>
  <token t_id="217" sentence="5" number="23">黑</token>
  <token t_id="218" sentence="5" number="24">煤</token>
  <token t_id="219" sentence="5" number="25">窑</token>
  <token t_id="220" sentence="5" number="26">”</token>
  <token t_id="221" sentence="5" number="27">盗</token>
  <token t_id="222" sentence="5" number="28">采</token>
  <token t_id="223" sentence="5" number="29">猖</token>
  <token t_id="224" sentence="5" number="30">獗</token>
  <token t_id="225" sentence="5" number="31">的</token>
  <token t_id="226" sentence="5" number="32">事</token>
  <token t_id="227" sentence="5" number="33">实</token>
  <token t_id="228" sentence="5" number="34">，</token>
  <token t_id="229" sentence="5" number="35">也</token>
  <token t_id="230" sentence="5" number="36">不</token>
  <token t_id="231" sentence="5" number="37">能</token>
  <token t_id="232" sentence="5" number="38">漠</token>
  <token t_id="233" sentence="5" number="39">视</token>
  <token t_id="234" sentence="5" number="40">。</token>
  <token t_id="235" sentence="6" number="0">盗</token>
  <token t_id="236" sentence="6" number="1">采</token>
  <token t_id="237" sentence="6" number="2">之</token>
  <token t_id="238" sentence="6" number="3">罔</token>
  <token t_id="239" sentence="6" number="4">顾</token>
  <token t_id="240" sentence="6" number="5">安</token>
  <token t_id="241" sentence="6" number="6">全</token>
  <token t_id="242" sentence="6" number="7">，</token>
  <token t_id="243" sentence="6" number="8">黑</token>
  <token t_id="244" sentence="6" number="9">窑</token>
  <token t_id="245" sentence="6" number="10">之</token>
  <token t_id="246" sentence="6" number="11">戕</token>
  <token t_id="247" sentence="6" number="12">害</token>
  <token t_id="248" sentence="6" number="13">生</token>
  <token t_id="249" sentence="6" number="14">命</token>
  <token t_id="250" sentence="6" number="15">，</token>
  <token t_id="251" sentence="6" number="16">必</token>
  <token t_id="252" sentence="6" number="17">须</token>
  <token t_id="253" sentence="6" number="18">引</token>
  <token t_id="254" sentence="6" number="19">起</token>
  <token t_id="255" sentence="6" number="20">高</token>
  <token t_id="256" sentence="6" number="21">度</token>
  <token t_id="257" sentence="6" number="22">重</token>
  <token t_id="258" sentence="6" number="23">视</token>
  <token t_id="259" sentence="6" number="24">，</token>
  <token t_id="260" sentence="6" number="25">不</token>
  <token t_id="261" sentence="6" number="26">可</token>
  <token t_id="262" sentence="6" number="27">有</token>
  <token t_id="263" sentence="6" number="28">一</token>
  <token t_id="264" sentence="6" number="29">丝</token>
  <token t_id="265" sentence="6" number="30">一</token>
  <token t_id="266" sentence="6" number="31">毫</token>
  <token t_id="267" sentence="6" number="32">的</token>
  <token t_id="268" sentence="6" number="33">轻</token>
  <token t_id="269" sentence="6" number="34">忽</token>
  <token t_id="270" sentence="6" number="35">。</token>
  <token t_id="271" sentence="7" number="0">据</token>
  <token t_id="272" sentence="7" number="1">记</token>
  <token t_id="273" sentence="7" number="2">者</token>
  <token t_id="274" sentence="7" number="3">调</token>
  <token t_id="275" sentence="7" number="4">查</token>
  <token t_id="276" sentence="7" number="5">发</token>
  <token t_id="277" sentence="7" number="6">现</token>
  <token t_id="278" sentence="7" number="7">，</token>
  <token t_id="279" sentence="7" number="8">事</token>
  <token t_id="280" sentence="7" number="9">发</token>
  <token t_id="281" sentence="7" number="10">煤</token>
  <token t_id="282" sentence="7" number="11">窑</token>
  <token t_id="283" sentence="7" number="12">在</token>
  <token t_id="284" sentence="7" number="13">2</token>
  <token t_id="285" sentence="7" number="14">0</token>
  <token t_id="286" sentence="7" number="15">1</token>
  <token t_id="287" sentence="7" number="16">7</token>
  <token t_id="288" sentence="7" number="17">年</token>
  <token t_id="289" sentence="7" number="18">至</token>
  <token t_id="290" sentence="7" number="19">2</token>
  <token t_id="291" sentence="7" number="20">0</token>
  <token t_id="292" sentence="7" number="21">1</token>
  <token t_id="293" sentence="7" number="22">8</token>
  <token t_id="294" sentence="7" number="23">年</token>
  <token t_id="295" sentence="7" number="24">间</token>
  <token t_id="296" sentence="7" number="25">被</token>
  <token t_id="297" sentence="7" number="26">人</token>
  <token t_id="298" sentence="7" number="27">举</token>
  <token t_id="299" sentence="7" number="28">报</token>
  <token t_id="300" sentence="7" number="29">过</token>
  <token t_id="301" sentence="7" number="30">盗</token>
  <token t_id="302" sentence="7" number="31">采</token>
  <token t_id="303" sentence="7" number="32">，</token>
  <token t_id="304" sentence="7" number="33">还</token>
  <token t_id="305" sentence="7" number="34">被</token>
  <token t_id="306" sentence="7" number="35">孝</token>
  <token t_id="307" sentence="7" number="36">义</token>
  <token t_id="308" sentence="7" number="37">当</token>
  <token t_id="309" sentence="7" number="38">地</token>
  <token t_id="310" sentence="7" number="39">相</token>
  <token t_id="311" sentence="7" number="40">关</token>
  <token t_id="312" sentence="7" number="41">部</token>
  <token t_id="313" sentence="7" number="42">门</token>
  <token t_id="314" sentence="7" number="43">炸</token>
  <token t_id="315" sentence="7" number="44">毁</token>
  <token t_id="316" sentence="7" number="45">井</token>
  <token t_id="317" sentence="7" number="46">口</token>
  <token t_id="318" sentence="7" number="47">，</token>
  <token t_id="319" sentence="7" number="48">但</token>
  <token t_id="320" sentence="7" number="49">并</token>
  <token t_id="321" sentence="7" number="50">没</token>
  <token t_id="322" sentence="7" number="51">有</token>
  <token t_id="323" sentence="7" number="52">依</token>
  <token t_id="324" sentence="7" number="53">照</token>
  <token t_id="325" sentence="7" number="54">相</token>
  <token t_id="326" sentence="7" number="55">关</token>
  <token t_id="327" sentence="7" number="56">规</token>
  <token t_id="328" sentence="7" number="57">定</token>
  <token t_id="329" sentence="7" number="58">填</token>
  <token t_id="330" sentence="7" number="59">实</token>
  <token t_id="331" sentence="7" number="60">井</token>
  <token t_id="332" sentence="7" number="61">眼</token>
  <token t_id="333" sentence="7" number="62">，</token>
  <token t_id="334" sentence="7" number="63">实</token>
  <token t_id="335" sentence="7" number="64">行</token>
  <token t_id="336" sentence="7" number="65">彻</token>
  <token t_id="337" sentence="7" number="66">底</token>
  <token t_id="338" sentence="7" number="67">取</token>
  <token t_id="339" sentence="7" number="68">缔</token>
  <token t_id="340" sentence="7" number="69">。</token>
  <token t_id="341" sentence="8" number="0">这</token>
  <token t_id="342" sentence="8" number="1">也</token>
  <token t_id="343" sentence="8" number="2">为</token>
  <token t_id="344" sentence="8" number="3">之</token>
  <token t_id="345" sentence="8" number="4">后</token>
  <token t_id="346" sentence="8" number="5">继</token>
  <token t_id="347" sentence="8" number="6">续</token>
  <token t_id="348" sentence="8" number="7">被</token>
  <token t_id="349" sentence="8" number="8">人</token>
  <token t_id="350" sentence="8" number="9">盗</token>
  <token t_id="351" sentence="8" number="10">采</token>
  <token t_id="352" sentence="8" number="11">留</token>
  <token t_id="353" sentence="8" number="12">下</token>
  <token t_id="354" sentence="8" number="13">了</token>
  <token t_id="355" sentence="8" number="14">口</token>
  <token t_id="356" sentence="8" number="15">子</token>
  <token t_id="357" sentence="8" number="16">，</token>
  <token t_id="358" sentence="8" number="17">埋</token>
  <token t_id="359" sentence="8" number="18">下</token>
  <token t_id="360" sentence="8" number="19">了</token>
  <token t_id="361" sentence="8" number="20">伏</token>
  <token t_id="362" sentence="8" number="21">笔</token>
  <token t_id="363" sentence="8" number="22">。</token>
  <token t_id="364" sentence="9" number="0">然</token>
  <token t_id="365" sentence="9" number="1">而</token>
  <token t_id="366" sentence="9" number="2">，</token>
  <token t_id="367" sentence="9" number="3">此</token>
  <token t_id="368" sentence="9" number="4">种</token>
  <token t_id="369" sentence="9" number="5">“</token>
  <token t_id="370" sentence="9" number="6">除</token>
  <token t_id="371" sentence="9" number="7">恶</token>
  <token t_id="372" sentence="9" number="8">”</token>
  <token t_id="373" sentence="9" number="9">并</token>
  <token t_id="374" sentence="9" number="10">未</token>
  <token t_id="375" sentence="9" number="11">“</token>
  <token t_id="376" sentence="9" number="12">务</token>
  <token t_id="377" sentence="9" number="13">尽</token>
  <token t_id="378" sentence="9" number="14">”</token>
  <token t_id="379" sentence="9" number="15">，</token>
  <token t_id="380" sentence="9" number="16">不</token>
  <token t_id="381" sentence="9" number="17">过</token>
  <token t_id="382" sentence="9" number="18">是</token>
  <token t_id="383" sentence="9" number="19">为</token>
  <token t_id="384" sentence="9" number="20">疯</token>
  <token t_id="385" sentence="9" number="21">狂</token>
  <token t_id="386" sentence="9" number="22">盗</token>
  <token t_id="387" sentence="9" number="23">采</token>
  <token t_id="388" sentence="9" number="24">提</token>
  <token t_id="389" sentence="9" number="25">供</token>
  <token t_id="390" sentence="9" number="26">了</token>
  <token t_id="391" sentence="9" number="27">某</token>
  <token t_id="392" sentence="9" number="28">种</token>
  <token t_id="393" sentence="9" number="29">可</token>
  <token t_id="394" sentence="9" number="30">能</token>
  <token t_id="395" sentence="9" number="31">而</token>
  <token t_id="396" sentence="9" number="32">已</token>
  <token t_id="397" sentence="9" number="33">。</token>
  <token t_id="398" sentence="10" number="0">围</token>
  <token t_id="399" sentence="10" number="1">绕</token>
  <token t_id="400" sentence="10" number="2">开</token>
  <token t_id="401" sentence="10" number="3">“</token>
  <token t_id="402" sentence="10" number="4">黑</token>
  <token t_id="403" sentence="10" number="5">煤</token>
  <token t_id="404" sentence="10" number="6">窑</token>
  <token t_id="405" sentence="10" number="7">”</token>
  <token t_id="406" sentence="10" number="8">产</token>
  <token t_id="407" sentence="10" number="9">生</token>
  <token t_id="408" sentence="10" number="10">的</token>
  <token t_id="409" sentence="10" number="11">各</token>
  <token t_id="410" sentence="10" number="12">种</token>
  <token t_id="411" sentence="10" number="13">公</token>
  <token t_id="412" sentence="10" number="14">权</token>
  <token t_id="413" sentence="10" number="15">力</token>
  <token t_id="414" sentence="10" number="16">缠</token>
  <token t_id="415" sentence="10" number="17">绕</token>
  <token t_id="416" sentence="10" number="18">，</token>
  <token t_id="417" sentence="10" number="19">已</token>
  <token t_id="418" sentence="10" number="20">经</token>
  <token t_id="419" sentence="10" number="21">由</token>
  <token t_id="420" sentence="10" number="22">此</token>
  <token t_id="421" sentence="10" number="23">衍</token>
  <token t_id="422" sentence="10" number="24">生</token>
  <token t_id="423" sentence="10" number="25">的</token>
  <token t_id="424" sentence="10" number="26">部</token>
  <token t_id="425" sentence="10" number="27">分</token>
  <token t_id="426" sentence="10" number="28">制</token>
  <token t_id="427" sentence="10" number="29">度</token>
  <token t_id="428" sentence="10" number="30">性</token>
  <token t_id="429" sentence="10" number="31">崩</token>
  <token t_id="430" sentence="10" number="32">塌</token>
  <token t_id="431" sentence="10" number="33">，</token>
  <token t_id="432" sentence="10" number="34">才</token>
  <token t_id="433" sentence="10" number="35">是</token>
  <token t_id="434" sentence="10" number="36">真</token>
  <token t_id="435" sentence="10" number="37">正</token>
  <token t_id="436" sentence="10" number="38">的</token>
  <token t_id="437" sentence="10" number="39">问</token>
  <token t_id="438" sentence="10" number="40">题</token>
  <token t_id="439" sentence="10" number="41">所</token>
  <token t_id="440" sentence="10" number="42">在</token>
  <token t_id="441" sentence="10" number="43">，</token>
  <token t_id="442" sentence="10" number="44">黑</token>
  <token t_id="443" sentence="10" number="45">煤</token>
  <token t_id="444" sentence="10" number="46">窑</token>
  <token t_id="445" sentence="10" number="47">给</token>
  <token t_id="446" sentence="10" number="48">地</token>
  <token t_id="447" sentence="10" number="49">方</token>
  <token t_id="448" sentence="10" number="50">政</token>
  <token t_id="449" sentence="10" number="51">治</token>
  <token t_id="450" sentence="10" number="52">生</token>
  <token t_id="451" sentence="10" number="53">态</token>
  <token t_id="452" sentence="10" number="54">敲</token>
  <token t_id="453" sentence="10" number="55">响</token>
  <token t_id="454" sentence="10" number="56">了</token>
  <token t_id="455" sentence="10" number="57">警</token>
  <token t_id="456" sentence="10" number="58">钟</token>
  <token t_id="457" sentence="10" number="59">。</token>
  <token t_id="458" sentence="11" number="0">谁</token>
  <token t_id="459" sentence="11" number="1">都</token>
  <token t_id="460" sentence="11" number="2">知</token>
  <token t_id="461" sentence="11" number="3">道</token>
  <token t_id="462" sentence="11" number="4">开</token>
  <token t_id="463" sentence="11" number="5">煤</token>
  <token t_id="464" sentence="11" number="6">矿</token>
  <token t_id="465" sentence="11" number="7">能</token>
  <token t_id="466" sentence="11" number="8">挣</token>
  <token t_id="467" sentence="11" number="9">大</token>
  <token t_id="468" sentence="11" number="10">钱</token>
  <token t_id="469" sentence="11" number="11">，</token>
  <token t_id="470" sentence="11" number="12">特</token>
  <token t_id="471" sentence="11" number="13">别</token>
  <token t_id="472" sentence="11" number="14">是</token>
  <token t_id="473" sentence="11" number="15">在</token>
  <token t_id="474" sentence="11" number="16">电</token>
  <token t_id="475" sentence="11" number="17">煤</token>
  <token t_id="476" sentence="11" number="18">价</token>
  <token t_id="477" sentence="11" number="19">格</token>
  <token t_id="478" sentence="11" number="20">居</token>
  <token t_id="479" sentence="11" number="21">高</token>
  <token t_id="480" sentence="11" number="22">不</token>
  <token t_id="481" sentence="11" number="23">下</token>
  <token t_id="482" sentence="11" number="24">的</token>
  <token t_id="483" sentence="11" number="25">刚</token>
  <token t_id="484" sentence="11" number="26">需</token>
  <token t_id="485" sentence="11" number="27">下</token>
  <token t_id="486" sentence="11" number="28">，</token>
  <token t_id="487" sentence="11" number="29">只</token>
  <token t_id="488" sentence="11" number="30">要</token>
  <token t_id="489" sentence="11" number="31">有</token>
  <token t_id="490" sentence="11" number="32">一</token>
  <token t_id="491" sentence="11" number="33">个</token>
  <token t_id="492" sentence="11" number="34">坑</token>
  <token t_id="493" sentence="11" number="35">口</token>
  <token t_id="494" sentence="11" number="36">，</token>
  <token t_id="495" sentence="11" number="37">就</token>
  <token t_id="496" sentence="11" number="38">意</token>
  <token t_id="497" sentence="11" number="39">味</token>
  <token t_id="498" sentence="11" number="40">着</token>
  <token t_id="499" sentence="11" number="41">财</token>
  <token t_id="500" sentence="11" number="42">源</token>
  <token t_id="501" sentence="11" number="43">会</token>
  <token t_id="502" sentence="11" number="44">源</token>
  <token t_id="503" sentence="11" number="45">源</token>
  <token t_id="504" sentence="11" number="46">不</token>
  <token t_id="505" sentence="11" number="47">断</token>
  <token t_id="506" sentence="11" number="48">涌</token>
  <token t_id="507" sentence="11" number="49">流</token>
  <token t_id="508" sentence="11" number="50">。</token>
  <token t_id="509" sentence="12" number="0">据</token>
  <token t_id="510" sentence="12" number="1">新</token>
  <token t_id="511" sentence="12" number="2">华</token>
  <token t_id="512" sentence="12" number="3">社</token>
  <token t_id="513" sentence="12" number="4">消</token>
  <token t_id="514" sentence="12" number="5">息</token>
  <token t_id="515" sentence="12" number="6">，</token>
  <token t_id="516" sentence="12" number="7">杜</token>
  <token t_id="517" sentence="12" number="8">西</token>
  <token t_id="518" sentence="12" number="9">沟</token>
  <token t_id="519" sentence="12" number="10">村</token>
  <token t_id="520" sentence="12" number="11">“</token>
  <token t_id="521" sentence="12" number="12">黑</token>
  <token t_id="522" sentence="12" number="13">煤</token>
  <token t_id="523" sentence="12" number="14">窑</token>
  <token t_id="524" sentence="12" number="15">”</token>
  <token t_id="525" sentence="12" number="16">1</token>
  <token t_id="526" sentence="12" number="17">1</token>
  <token t_id="527" sentence="12" number="18">月</token>
  <token t_id="528" sentence="12" number="19">初</token>
  <token t_id="529" sentence="12" number="20">开</token>
  <token t_id="530" sentence="12" number="21">始</token>
  <token t_id="531" sentence="12" number="22">外</token>
  <token t_id="532" sentence="12" number="23">运</token>
  <token t_id="533" sentence="12" number="24">煤</token>
  <token t_id="534" sentence="12" number="25">累</token>
  <token t_id="535" sentence="12" number="26">计</token>
  <token t_id="536" sentence="12" number="27">销</token>
  <token t_id="537" sentence="12" number="28">售</token>
  <token t_id="538" sentence="12" number="29">近</token>
  <token t_id="539" sentence="12" number="30">2</token>
  <token t_id="540" sentence="12" number="31">0</token>
  <token t_id="541" sentence="12" number="32">0</token>
  <token t_id="542" sentence="12" number="33">0</token>
  <token t_id="543" sentence="12" number="34">吨</token>
  <token t_id="544" sentence="12" number="35">，</token>
  <token t_id="545" sentence="12" number="36">仅</token>
  <token t_id="546" sentence="12" number="37">一</token>
  <token t_id="547" sentence="12" number="38">个</token>
  <token t_id="548" sentence="12" number="39">多</token>
  <token t_id="549" sentence="12" number="40">月</token>
  <token t_id="550" sentence="12" number="41">盗</token>
  <token t_id="551" sentence="12" number="42">采</token>
  <token t_id="552" sentence="12" number="43">就</token>
  <token t_id="553" sentence="12" number="44">获</token>
  <token t_id="554" sentence="12" number="45">利</token>
  <token t_id="555" sentence="12" number="46">百</token>
  <token t_id="556" sentence="12" number="47">余</token>
  <token t_id="557" sentence="12" number="48">万</token>
  <token t_id="558" sentence="12" number="49">元</token>
  <token t_id="559" sentence="12" number="50">。</token>
  <token t_id="560" sentence="13" number="0">也</token>
  <token t_id="561" sentence="13" number="1">因</token>
  <token t_id="562" sentence="13" number="2">此</token>
  <token t_id="563" sentence="13" number="3">，</token>
  <token t_id="564" sentence="13" number="4">在</token>
  <token t_id="565" sentence="13" number="5">煤</token>
  <token t_id="566" sentence="13" number="6">矿</token>
  <token t_id="567" sentence="13" number="7">资</token>
  <token t_id="568" sentence="13" number="8">源</token>
  <token t_id="569" sentence="13" number="9">富</token>
  <token t_id="570" sentence="13" number="10">集</token>
  <token t_id="571" sentence="13" number="11">的</token>
  <token t_id="572" sentence="13" number="12">山</token>
  <token t_id="573" sentence="13" number="13">西</token>
  <token t_id="574" sentence="13" number="14">省</token>
  <token t_id="575" sentence="13" number="15">，</token>
  <token t_id="576" sentence="13" number="16">类</token>
  <token t_id="577" sentence="13" number="17">似</token>
  <token t_id="578" sentence="13" number="18">的</token>
  <token t_id="579" sentence="13" number="19">博</token>
  <token t_id="580" sentence="13" number="20">弈</token>
  <token t_id="581" sentence="13" number="21">一</token>
  <token t_id="582" sentence="13" number="22">直</token>
  <token t_id="583" sentence="13" number="23">都</token>
  <token t_id="584" sentence="13" number="24">存</token>
  <token t_id="585" sentence="13" number="25">在</token>
  <token t_id="586" sentence="13" number="26">，</token>
  <token t_id="587" sentence="13" number="27">且</token>
  <token t_id="588" sentence="13" number="28">从</token>
  <token t_id="589" sentence="13" number="29">来</token>
  <token t_id="590" sentence="13" number="30">都</token>
  <token t_id="591" sentence="13" number="31">不</token>
  <token t_id="592" sentence="13" number="32">仅</token>
  <token t_id="593" sentence="13" number="33">仅</token>
  <token t_id="594" sentence="13" number="34">止</token>
  <token t_id="595" sentence="13" number="35">于</token>
  <token t_id="596" sentence="13" number="36">市</token>
  <token t_id="597" sentence="13" number="37">场</token>
  <token t_id="598" sentence="13" number="38">层</token>
  <token t_id="599" sentence="13" number="39">面</token>
  <token t_id="600" sentence="13" number="40">的</token>
  <token t_id="601" sentence="13" number="41">竞</token>
  <token t_id="602" sentence="13" number="42">争</token>
  <token t_id="603" sentence="13" number="43">。</token>
  <token t_id="604" sentence="14" number="0">“</token>
  <token t_id="605" sentence="14" number="1">没</token>
  <token t_id="606" sentence="14" number="2">关</token>
  <token t_id="607" sentence="14" number="3">系</token>
  <token t_id="608" sentence="14" number="4">根</token>
  <token t_id="609" sentence="14" number="5">本</token>
  <token t_id="610" sentence="14" number="6">就</token>
  <token t_id="611" sentence="14" number="7">开</token>
  <token t_id="612" sentence="14" number="8">不</token>
  <token t_id="613" sentence="14" number="9">了</token>
  <token t_id="614" sentence="14" number="10">黑</token>
  <token t_id="615" sentence="14" number="11">煤</token>
  <token t_id="616" sentence="14" number="12">窑</token>
  <token t_id="617" sentence="14" number="13">”</token>
  <token t_id="618" sentence="14" number="14">，</token>
  <token t_id="619" sentence="14" number="15">指</token>
  <token t_id="620" sentence="14" number="16">的</token>
  <token t_id="621" sentence="14" number="17">就</token>
  <token t_id="622" sentence="14" number="18">是</token>
  <token t_id="623" sentence="14" number="19">这</token>
  <token t_id="624" sentence="14" number="20">种</token>
  <token t_id="625" sentence="14" number="21">混</token>
  <token t_id="626" sentence="14" number="22">乱</token>
  <token t_id="627" sentence="14" number="23">的</token>
  <token t_id="628" sentence="14" number="24">政</token>
  <token t_id="629" sentence="14" number="25">经</token>
  <token t_id="630" sentence="14" number="26">关</token>
  <token t_id="631" sentence="14" number="27">系</token>
  <token t_id="632" sentence="14" number="28">。</token>
  <token t_id="633" sentence="15" number="0">权</token>
  <token t_id="634" sentence="15" number="1">钱</token>
  <token t_id="635" sentence="15" number="2">纠</token>
  <token t_id="636" sentence="15" number="3">缠</token>
  <token t_id="637" sentence="15" number="4">，</token>
  <token t_id="638" sentence="15" number="5">不</token>
  <token t_id="639" sentence="15" number="6">仅</token>
  <token t_id="640" sentence="15" number="7">会</token>
  <token t_id="641" sentence="15" number="8">破</token>
  <token t_id="642" sentence="15" number="9">坏</token>
  <token t_id="643" sentence="15" number="10">正</token>
  <token t_id="644" sentence="15" number="11">常</token>
  <token t_id="645" sentence="15" number="12">的</token>
  <token t_id="646" sentence="15" number="13">市</token>
  <token t_id="647" sentence="15" number="14">场</token>
  <token t_id="648" sentence="15" number="15">生</token>
  <token t_id="649" sentence="15" number="16">态</token>
  <token t_id="650" sentence="15" number="17">，</token>
  <token t_id="651" sentence="15" number="18">也</token>
  <token t_id="652" sentence="15" number="19">会</token>
  <token t_id="653" sentence="15" number="20">严</token>
  <token t_id="654" sentence="15" number="21">重</token>
  <token t_id="655" sentence="15" number="22">败</token>
  <token t_id="656" sentence="15" number="23">坏</token>
  <token t_id="657" sentence="15" number="24">政</token>
  <token t_id="658" sentence="15" number="25">治</token>
  <token t_id="659" sentence="15" number="26">生</token>
  <token t_id="660" sentence="15" number="27">态</token>
  <token t_id="661" sentence="15" number="28">。</token>
  <token t_id="662" sentence="16" number="0">在</token>
  <token t_id="663" sentence="16" number="1">权</token>
  <token t_id="664" sentence="16" number="2">力</token>
  <token t_id="665" sentence="16" number="3">的</token>
  <token t_id="666" sentence="16" number="4">驱</token>
  <token t_id="667" sentence="16" number="5">使</token>
  <token t_id="668" sentence="16" number="6">下</token>
  <token t_id="669" sentence="16" number="7">，</token>
  <token t_id="670" sentence="16" number="8">法</token>
  <token t_id="671" sentence="16" number="9">律</token>
  <token t_id="672" sentence="16" number="10">法</token>
  <token t_id="673" sentence="16" number="11">规</token>
  <token t_id="674" sentence="16" number="12">往</token>
  <token t_id="675" sentence="16" number="13">往</token>
  <token t_id="676" sentence="16" number="14">被</token>
  <token t_id="677" sentence="16" number="15">搁</token>
  <token t_id="678" sentence="16" number="16">置</token>
  <token t_id="679" sentence="16" number="17">不</token>
  <token t_id="680" sentence="16" number="18">论</token>
  <token t_id="681" sentence="16" number="19">，</token>
  <token t_id="682" sentence="16" number="20">政</token>
  <token t_id="683" sentence="16" number="21">策</token>
  <token t_id="684" sentence="16" number="22">制</token>
  <token t_id="685" sentence="16" number="23">度</token>
  <token t_id="686" sentence="16" number="24">也</token>
  <token t_id="687" sentence="16" number="25">会</token>
  <token t_id="688" sentence="16" number="26">出</token>
  <token t_id="689" sentence="16" number="27">现</token>
  <token t_id="690" sentence="16" number="28">“</token>
  <token t_id="691" sentence="16" number="29">破</token>
  <token t_id="692" sentence="16" number="30">窗</token>
  <token t_id="693" sentence="16" number="31">效</token>
  <token t_id="694" sentence="16" number="32">应</token>
  <token t_id="695" sentence="16" number="33">”</token>
  <token t_id="696" sentence="16" number="34">，</token>
  <token t_id="697" sentence="16" number="35">成</token>
  <token t_id="698" sentence="16" number="36">为</token>
  <token t_id="699" sentence="16" number="37">形</token>
  <token t_id="700" sentence="16" number="38">同</token>
  <token t_id="701" sentence="16" number="39">虚</token>
  <token t_id="702" sentence="16" number="40">设</token>
  <token t_id="703" sentence="16" number="41">的</token>
  <token t_id="704" sentence="16" number="42">摆</token>
  <token t_id="705" sentence="16" number="43">设</token>
  <token t_id="706" sentence="16" number="44">。</token>
  <token t_id="707" sentence="17" number="0">以</token>
  <token t_id="708" sentence="17" number="1">此</token>
  <token t_id="709" sentence="17" number="2">次</token>
  <token t_id="710" sentence="17" number="3">涉</token>
  <token t_id="711" sentence="17" number="4">事</token>
  <token t_id="712" sentence="17" number="5">黑</token>
  <token t_id="713" sentence="17" number="6">煤</token>
  <token t_id="714" sentence="17" number="7">窑</token>
  <token t_id="715" sentence="17" number="8">而</token>
  <token t_id="716" sentence="17" number="9">言</token>
  <token t_id="717" sentence="17" number="10">，</token>
  <token t_id="718" sentence="17" number="11">一</token>
  <token t_id="719" sentence="17" number="12">座</token>
  <token t_id="720" sentence="17" number="13">明</token>
  <token t_id="721" sentence="17" number="14">明</token>
  <token t_id="722" sentence="17" number="15">已</token>
  <token t_id="723" sentence="17" number="16">经</token>
  <token t_id="724" sentence="17" number="17">被</token>
  <token t_id="725" sentence="17" number="18">封</token>
  <token t_id="726" sentence="17" number="19">的</token>
  <token t_id="727" sentence="17" number="20">煤</token>
  <token t_id="728" sentence="17" number="21">窑</token>
  <token t_id="729" sentence="17" number="22">，</token>
  <token t_id="730" sentence="17" number="23">为</token>
  <token t_id="731" sentence="17" number="24">什</token>
  <token t_id="732" sentence="17" number="25">么</token>
  <token t_id="733" sentence="17" number="26">会</token>
  <token t_id="734" sentence="17" number="27">持</token>
  <token t_id="735" sentence="17" number="28">续</token>
  <token t_id="736" sentence="17" number="29">几</token>
  <token t_id="737" sentence="17" number="30">年</token>
  <token t_id="738" sentence="17" number="31">出</token>
  <token t_id="739" sentence="17" number="32">现</token>
  <token t_id="740" sentence="17" number="33">“</token>
  <token t_id="741" sentence="17" number="34">盗</token>
  <token t_id="742" sentence="17" number="35">采</token>
  <token t_id="743" sentence="17" number="36">”</token>
  <token t_id="744" sentence="17" number="37">？</token>
  <token t_id="745" sentence="17" number="38">是</token>
  <token t_id="746" sentence="17" number="39">主</token>
  <token t_id="747" sentence="17" number="40">管</token>
  <token t_id="748" sentence="17" number="41">机</token>
  <token t_id="749" sentence="17" number="42">关</token>
  <token t_id="750" sentence="17" number="43">果</token>
  <token t_id="751" sentence="17" number="44">真</token>
  <token t_id="752" sentence="17" number="45">不</token>
  <token t_id="753" sentence="17" number="46">知</token>
  <token t_id="754" sentence="17" number="47">情</token>
  <token t_id="755" sentence="17" number="48">，</token>
  <token t_id="756" sentence="17" number="49">还</token>
  <token t_id="757" sentence="17" number="50">是</token>
  <token t_id="758" sentence="17" number="51">有</token>
  <token t_id="759" sentence="17" number="52">意</token>
  <token t_id="760" sentence="17" number="53">不</token>
  <token t_id="761" sentence="17" number="54">知</token>
  <token t_id="762" sentence="17" number="55">情</token>
  <token t_id="763" sentence="17" number="56">？</token>
  <token t_id="764" sentence="17" number="57">为</token>
  <token t_id="765" sentence="17" number="58">什</token>
  <token t_id="766" sentence="17" number="59">么</token>
  <token t_id="767" sentence="17" number="60">每</token>
  <token t_id="768" sentence="17" number="61">一</token>
  <token t_id="769" sentence="17" number="62">次</token>
  <token t_id="770" sentence="17" number="63">查</token>
  <token t_id="771" sentence="17" number="64">处</token>
  <token t_id="772" sentence="17" number="65">最</token>
  <token t_id="773" sentence="17" number="66">后</token>
  <token t_id="774" sentence="17" number="67">都</token>
  <token t_id="775" sentence="17" number="68">无</token>
  <token t_id="776" sentence="17" number="69">果</token>
  <token t_id="777" sentence="17" number="70">而</token>
  <token t_id="778" sentence="17" number="71">终</token>
  <token t_id="779" sentence="17" number="72">，</token>
  <token t_id="780" sentence="17" number="73">甚</token>
  <token t_id="781" sentence="17" number="74">至</token>
  <token t_id="782" sentence="17" number="75">成</token>
  <token t_id="783" sentence="17" number="76">为</token>
  <token t_id="784" sentence="17" number="77">下</token>
  <token t_id="785" sentence="17" number="78">一</token>
  <token t_id="786" sentence="17" number="79">次</token>
  <token t_id="787" sentence="17" number="80">“</token>
  <token t_id="788" sentence="17" number="81">盗</token>
  <token t_id="789" sentence="17" number="82">采</token>
  <token t_id="790" sentence="17" number="83">”</token>
  <token t_id="791" sentence="17" number="84">的</token>
  <token t_id="792" sentence="17" number="85">开</token>
  <token t_id="793" sentence="17" number="86">始</token>
  <token t_id="794" sentence="17" number="87">？</token>
  <token t_id="795" sentence="17" number="88">这</token>
  <token t_id="796" sentence="17" number="89">中</token>
  <token t_id="797" sentence="17" number="90">间</token>
  <token t_id="798" sentence="17" number="91">，</token>
  <token t_id="799" sentence="17" number="92">是</token>
  <token t_id="800" sentence="17" number="93">不</token>
  <token t_id="801" sentence="17" number="94">是</token>
  <token t_id="802" sentence="17" number="95">存</token>
  <token t_id="803" sentence="17" number="96">在</token>
  <token t_id="804" sentence="17" number="97">诸</token>
  <token t_id="805" sentence="17" number="98">多</token>
  <token t_id="806" sentence="17" number="99">不</token>
  <token t_id="807" sentence="17" number="100">为</token>
  <token t_id="808" sentence="17" number="101">人</token>
  <token t_id="809" sentence="17" number="102">知</token>
  <token t_id="810" sentence="17" number="103">的</token>
  <token t_id="811" sentence="17" number="104">操</token>
  <token t_id="812" sentence="17" number="105">作</token>
  <token t_id="813" sentence="17" number="106">？</token>
  <token t_id="814" sentence="17" number="107">据</token>
  <token t_id="815" sentence="17" number="108">报</token>
  <token t_id="816" sentence="17" number="109">道</token>
  <token t_id="817" sentence="17" number="110">，</token>
  <token t_id="818" sentence="17" number="111">孝</token>
  <token t_id="819" sentence="17" number="112">义</token>
  <token t_id="820" sentence="17" number="113">市</token>
  <token t_id="821" sentence="17" number="114">严</token>
  <token t_id="822" sentence="17" number="115">打</token>
  <token t_id="823" sentence="17" number="116">非</token>
  <token t_id="824" sentence="17" number="117">法</token>
  <token t_id="825" sentence="17" number="118">私</token>
  <token t_id="826" sentence="17" number="119">挖</token>
  <token t_id="827" sentence="17" number="120">滥</token>
  <token t_id="828" sentence="17" number="121">采</token>
  <token t_id="829" sentence="17" number="122">，</token>
  <token t_id="830" sentence="17" number="123">共</token>
  <token t_id="831" sentence="17" number="124">下</token>
  <token t_id="832" sentence="17" number="125">达</token>
  <token t_id="833" sentence="17" number="126">责</token>
  <token t_id="834" sentence="17" number="127">令</token>
  <token t_id="835" sentence="17" number="128">限</token>
  <token t_id="836" sentence="17" number="129">期</token>
  <token t_id="837" sentence="17" number="130">整</token>
  <token t_id="838" sentence="17" number="131">改</token>
  <token t_id="839" sentence="17" number="132">通</token>
  <token t_id="840" sentence="17" number="133">知</token>
  <token t_id="841" sentence="17" number="134">书</token>
  <token t_id="842" sentence="17" number="135">1</token>
  <token t_id="843" sentence="17" number="136">次</token>
  <token t_id="844" sentence="17" number="137">，</token>
  <token t_id="845" sentence="17" number="138">取</token>
  <token t_id="846" sentence="17" number="139">缔</token>
  <token t_id="847" sentence="17" number="140">私</token>
  <token t_id="848" sentence="17" number="141">开</token>
  <token t_id="849" sentence="17" number="142">矿</token>
  <token t_id="850" sentence="17" number="143">口</token>
  <token t_id="851" sentence="17" number="144">苗</token>
  <token t_id="852" sentence="17" number="145">头</token>
  <token t_id="853" sentence="17" number="146">性</token>
  <token t_id="854" sentence="17" number="147">现</token>
  <token t_id="855" sentence="17" number="148">象</token>
  <token t_id="856" sentence="17" number="149">7</token>
  <token t_id="857" sentence="17" number="150">起</token>
  <token t_id="858" sentence="17" number="151">，</token>
  <token t_id="859" sentence="17" number="152">查</token>
  <token t_id="860" sentence="17" number="153">处</token>
  <token t_id="861" sentence="17" number="154">非</token>
  <token t_id="862" sentence="17" number="155">法</token>
  <token t_id="863" sentence="17" number="156">盗</token>
  <token t_id="864" sentence="17" number="157">采</token>
  <token t_id="865" sentence="17" number="158">矿</token>
  <token t_id="866" sentence="17" number="159">石</token>
  <token t_id="867" sentence="17" number="160">资</token>
  <token t_id="868" sentence="17" number="161">源</token>
  <token t_id="869" sentence="17" number="162">行</token>
  <token t_id="870" sentence="17" number="163">为</token>
  <token t_id="871" sentence="17" number="164">4</token>
  <token t_id="872" sentence="17" number="165">起</token>
  <token t_id="873" sentence="17" number="166">，</token>
  <token t_id="874" sentence="17" number="167">通</token>
  <token t_id="875" sentence="17" number="168">报</token>
  <token t_id="876" sentence="17" number="169">批</token>
  <token t_id="877" sentence="17" number="170">评</token>
  <token t_id="878" sentence="17" number="171">整</token>
  <token t_id="879" sentence="17" number="172">改</token>
  <token t_id="880" sentence="17" number="173">进</token>
  <token t_id="881" sentence="17" number="174">展</token>
  <token t_id="882" sentence="17" number="175">不</token>
  <token t_id="883" sentence="17" number="176">力</token>
  <token t_id="884" sentence="17" number="177">、</token>
  <token t_id="885" sentence="17" number="178">效</token>
  <token t_id="886" sentence="17" number="179">果</token>
  <token t_id="887" sentence="17" number="180">迟</token>
  <token t_id="888" sentence="17" number="181">缓</token>
  <token t_id="889" sentence="17" number="182">3</token>
  <token t_id="890" sentence="17" number="183">人</token>
  <token t_id="891" sentence="17" number="184">。</token>
  <token t_id="892" sentence="18" number="0">就</token>
  <token t_id="893" sentence="18" number="1">在</token>
  <token t_id="894" sentence="18" number="2">涉</token>
  <token t_id="895" sentence="18" number="3">事</token>
  <token t_id="896" sentence="18" number="4">黑</token>
  <token t_id="897" sentence="18" number="5">煤</token>
  <token t_id="898" sentence="18" number="6">窑</token>
  <token t_id="899" sentence="18" number="7">所</token>
  <token t_id="900" sentence="18" number="8">在</token>
  <token t_id="901" sentence="18" number="9">的</token>
  <token t_id="902" sentence="18" number="10">杜</token>
  <token t_id="903" sentence="18" number="11">西</token>
  <token t_id="904" sentence="18" number="12">沟</token>
  <token t_id="905" sentence="18" number="13">村</token>
  <token t_id="906" sentence="18" number="14">，</token>
  <token t_id="907" sentence="18" number="15">张</token>
  <token t_id="908" sentence="18" number="16">贴</token>
  <token t_id="909" sentence="18" number="17">着</token>
  <token t_id="910" sentence="18" number="18">2</token>
  <token t_id="911" sentence="18" number="19">0</token>
  <token t_id="912" sentence="18" number="20">2</token>
  <token t_id="913" sentence="18" number="21">1</token>
  <token t_id="914" sentence="18" number="22">年</token>
  <token t_id="915" sentence="18" number="23">1</token>
  <token t_id="916" sentence="18" number="24">1</token>
  <token t_id="917" sentence="18" number="25">月</token>
  <token t_id="918" sentence="18" number="26">2</token>
  <token t_id="919" sentence="18" number="27">0</token>
  <token t_id="920" sentence="18" number="28">日</token>
  <token t_id="921" sentence="18" number="29">孝</token>
  <token t_id="922" sentence="18" number="30">义</token>
  <token t_id="923" sentence="18" number="31">市</token>
  <token t_id="924" sentence="18" number="32">政</token>
  <token t_id="925" sentence="18" number="33">府</token>
  <token t_id="926" sentence="18" number="34">《</token>
  <token t_id="927" sentence="18" number="35">关</token>
  <token t_id="928" sentence="18" number="36">于</token>
  <token t_id="929" sentence="18" number="37">开</token>
  <token t_id="930" sentence="18" number="38">展</token>
  <token t_id="931" sentence="18" number="39">打</token>
  <token t_id="932" sentence="18" number="40">击</token>
  <token t_id="933" sentence="18" number="41">非</token>
  <token t_id="934" sentence="18" number="42">法</token>
  <token t_id="935" sentence="18" number="43">违</token>
  <token t_id="936" sentence="18" number="44">法</token>
  <token t_id="937" sentence="18" number="45">采</token>
  <token t_id="938" sentence="18" number="46">矿</token>
  <token t_id="939" sentence="18" number="47">专</token>
  <token t_id="940" sentence="18" number="48">项</token>
  <token t_id="941" sentence="18" number="49">整</token>
  <token t_id="942" sentence="18" number="50">治</token>
  <token t_id="943" sentence="18" number="51">行</token>
  <token t_id="944" sentence="18" number="52">动</token>
  <token t_id="945" sentence="18" number="53">的</token>
  <token t_id="946" sentence="18" number="54">通</token>
  <token t_id="947" sentence="18" number="55">告</token>
  <token t_id="948" sentence="18" number="56">》</token>
  <token t_id="949" sentence="18" number="57">。</token>
  <token t_id="950" sentence="19" number="0">该</token>
  <token t_id="951" sentence="19" number="1">通</token>
  <token t_id="952" sentence="19" number="2">告</token>
  <token t_id="953" sentence="19" number="3">显</token>
  <token t_id="954" sentence="19" number="4">示</token>
  <token t_id="955" sentence="19" number="5">，</token>
  <token t_id="956" sentence="19" number="6">对</token>
  <token t_id="957" sentence="19" number="7">发</token>
  <token t_id="958" sentence="19" number="8">现</token>
  <token t_id="959" sentence="19" number="9">非</token>
  <token t_id="960" sentence="19" number="10">法</token>
  <token t_id="961" sentence="19" number="11">违</token>
  <token t_id="962" sentence="19" number="12">法</token>
  <token t_id="963" sentence="19" number="13">矿</token>
  <token t_id="964" sentence="19" number="14">点</token>
  <token t_id="965" sentence="19" number="15">一</token>
  <token t_id="966" sentence="19" number="16">律</token>
  <token t_id="967" sentence="19" number="17">严</token>
  <token t_id="968" sentence="19" number="18">格</token>
  <token t_id="969" sentence="19" number="19">实</token>
  <token t_id="970" sentence="19" number="20">行</token>
  <token t_id="971" sentence="19" number="21">省</token>
  <token t_id="972" sentence="19" number="22">政</token>
  <token t_id="973" sentence="19" number="23">府</token>
  <token t_id="974" sentence="19" number="24">“</token>
  <token t_id="975" sentence="19" number="25">六</token>
  <token t_id="976" sentence="19" number="26">条</token>
  <token t_id="977" sentence="19" number="27">标</token>
  <token t_id="978" sentence="19" number="28">准</token>
  <token t_id="979" sentence="19" number="29">”</token>
  <token t_id="980" sentence="19" number="30">实</token>
  <token t_id="981" sentence="19" number="31">施</token>
  <token t_id="982" sentence="19" number="32">关</token>
  <token t_id="983" sentence="19" number="33">闭</token>
  <token t_id="984" sentence="19" number="34">，</token>
  <token t_id="985" sentence="19" number="35">所</token>
  <token t_id="986" sentence="19" number="36">涉</token>
  <token t_id="987" sentence="19" number="37">乡</token>
  <token t_id="988" sentence="19" number="38">镇</token>
  <token t_id="989" sentence="19" number="39">必</token>
  <token t_id="990" sentence="19" number="40">须</token>
  <token t_id="991" sentence="19" number="41">及</token>
  <token t_id="992" sentence="19" number="42">时</token>
  <token t_id="993" sentence="19" number="43">予</token>
  <token t_id="994" sentence="19" number="44">以</token>
  <token t_id="995" sentence="19" number="45">取</token>
  <token t_id="996" sentence="19" number="46">缔</token>
  <token t_id="997" sentence="19" number="47">。</token>
  <token t_id="998" sentence="20" number="0">做</token>
  <token t_id="999" sentence="20" number="1">到</token>
  <token t_id="1000" sentence="20" number="2">竖</token>
  <token t_id="1001" sentence="20" number="3">井</token>
  <token t_id="1002" sentence="20" number="4">填</token>
  <token t_id="1003" sentence="20" number="5">平</token>
  <token t_id="1004" sentence="20" number="6">填</token>
  <token t_id="1005" sentence="20" number="7">实</token>
  <token t_id="1006" sentence="20" number="8">井</token>
  <token t_id="1007" sentence="20" number="9">筒</token>
  <token t_id="1008" sentence="20" number="10">，</token>
  <token t_id="1009" sentence="20" number="11">斜</token>
  <token t_id="1010" sentence="20" number="12">井</token>
  <token t_id="1011" sentence="20" number="13">炸</token>
  <token t_id="1012" sentence="20" number="14">毁</token>
  <token t_id="1013" sentence="20" number="15">井</token>
  <token t_id="1014" sentence="20" number="16">口</token>
  <token t_id="1015" sentence="20" number="17">。</token>
  <token t_id="1016" sentence="21" number="0">遗</token>
  <token t_id="1017" sentence="21" number="1">憾</token>
  <token t_id="1018" sentence="21" number="2">的</token>
  <token t_id="1019" sentence="21" number="3">是</token>
  <token t_id="1020" sentence="21" number="4">，</token>
  <token t_id="1021" sentence="21" number="5">再</token>
  <token t_id="1022" sentence="21" number="6">严</token>
  <token t_id="1023" sentence="21" number="7">厉</token>
  <token t_id="1024" sentence="21" number="8">的</token>
  <token t_id="1025" sentence="21" number="9">举</token>
  <token t_id="1026" sentence="21" number="10">措</token>
  <token t_id="1027" sentence="21" number="11">，</token>
  <token t_id="1028" sentence="21" number="12">如</token>
  <token t_id="1029" sentence="21" number="13">果</token>
  <token t_id="1030" sentence="21" number="14">不</token>
  <token t_id="1031" sentence="21" number="15">能</token>
  <token t_id="1032" sentence="21" number="16">保</token>
  <token t_id="1033" sentence="21" number="17">证</token>
  <token t_id="1034" sentence="21" number="18">令</token>
  <token t_id="1035" sentence="21" number="19">行</token>
  <token t_id="1036" sentence="21" number="20">禁</token>
  <token t_id="1037" sentence="21" number="21">止</token>
  <token t_id="1038" sentence="21" number="22">，</token>
  <token t_id="1039" sentence="21" number="23">不</token>
  <token t_id="1040" sentence="21" number="24">能</token>
  <token t_id="1041" sentence="21" number="25">确</token>
  <token t_id="1042" sentence="21" number="26">保</token>
  <token t_id="1043" sentence="21" number="27">权</token>
  <token t_id="1044" sentence="21" number="28">力</token>
  <token t_id="1045" sentence="21" number="29">机</token>
  <token t_id="1046" sentence="21" number="30">关</token>
  <token t_id="1047" sentence="21" number="31">的</token>
  <token t_id="1048" sentence="21" number="32">一</token>
  <token t_id="1049" sentence="21" number="33">体</token>
  <token t_id="1050" sentence="21" number="34">执</token>
  <token t_id="1051" sentence="21" number="35">行</token>
  <token t_id="1052" sentence="21" number="36">，</token>
  <token t_id="1053" sentence="21" number="37">最</token>
  <token t_id="1054" sentence="21" number="38">后</token>
  <token t_id="1055" sentence="21" number="39">都</token>
  <token t_id="1056" sentence="21" number="40">会</token>
  <token t_id="1057" sentence="21" number="41">沦</token>
  <token t_id="1058" sentence="21" number="42">为</token>
  <token t_id="1059" sentence="21" number="43">一</token>
  <token t_id="1060" sentence="21" number="44">纸</token>
  <token t_id="1061" sentence="21" number="45">空</token>
  <token t_id="1062" sentence="21" number="46">文</token>
  <token t_id="1063" sentence="21" number="47">。</token>
  <token t_id="1064" sentence="22" number="0">执</token>
  <token t_id="1065" sentence="22" number="1">法</token>
  <token t_id="1066" sentence="22" number="2">人</token>
  <token t_id="1067" sentence="22" number="3">员</token>
  <token t_id="1068" sentence="22" number="4">为</token>
  <token t_id="1069" sentence="22" number="5">什</token>
  <token t_id="1070" sentence="22" number="6">么</token>
  <token t_id="1071" sentence="22" number="7">会</token>
  <token t_id="1072" sentence="22" number="8">绕</token>
  <token t_id="1073" sentence="22" number="9">开</token>
  <token t_id="1074" sentence="22" number="10">黑</token>
  <token t_id="1075" sentence="22" number="11">煤</token>
  <token t_id="1076" sentence="22" number="12">窑</token>
  <token t_id="1077" sentence="22" number="13">？</token>
  <token t_id="1078" sentence="22" number="14">无</token>
  <token t_id="1079" sentence="22" number="15">非</token>
  <token t_id="1080" sentence="22" number="16">是</token>
  <token t_id="1081" sentence="22" number="17">“</token>
  <token t_id="1082" sentence="22" number="18">有</token>
  <token t_id="1083" sentence="22" number="19">钱</token>
  <token t_id="1084" sentence="22" number="20">能</token>
  <token t_id="1085" sentence="22" number="21">使</token>
  <token t_id="1086" sentence="22" number="22">鬼</token>
  <token t_id="1087" sentence="22" number="23">推</token>
  <token t_id="1088" sentence="22" number="24">磨</token>
  <token t_id="1089" sentence="22" number="25">”</token>
  <token t_id="1090" sentence="22" number="26">而</token>
  <token t_id="1091" sentence="22" number="27">已</token>
  <token t_id="1092" sentence="22" number="28">，</token>
  <token t_id="1093" sentence="22" number="29">而</token>
  <token t_id="1094" sentence="22" number="30">驱</token>
  <token t_id="1095" sentence="22" number="31">使</token>
  <token t_id="1096" sentence="22" number="32">的</token>
  <token t_id="1097" sentence="22" number="33">力</token>
  <token t_id="1098" sentence="22" number="34">量</token>
  <token t_id="1099" sentence="22" number="35">，</token>
  <token t_id="1100" sentence="22" number="36">只</token>
  <token t_id="1101" sentence="22" number="37">能</token>
  <token t_id="1102" sentence="22" number="38">来</token>
  <token t_id="1103" sentence="22" number="39">自</token>
  <token t_id="1104" sentence="22" number="40">金</token>
  <token t_id="1105" sentence="22" number="41">钱</token>
  <token t_id="1106" sentence="22" number="42">与</token>
  <token t_id="1107" sentence="22" number="43">权</token>
  <token t_id="1108" sentence="22" number="44">力</token>
  <token t_id="1109" sentence="22" number="45">扭</token>
  <token t_id="1110" sentence="22" number="46">结</token>
  <token t_id="1111" sentence="22" number="47">在</token>
  <token t_id="1112" sentence="22" number="48">一</token>
  <token t_id="1113" sentence="22" number="49">起</token>
  <token t_id="1114" sentence="22" number="50">的</token>
  <token t_id="1115" sentence="22" number="51">利</token>
  <token t_id="1116" sentence="22" number="52">益</token>
  <token t_id="1117" sentence="22" number="53">共</token>
  <token t_id="1118" sentence="22" number="54">同</token>
  <token t_id="1119" sentence="22" number="55">体</token>
  <token t_id="1120" sentence="22" number="56">。</token>
  <token t_id="1121" sentence="23" number="0">可</token>
  <token t_id="1122" sentence="23" number="1">见</token>
  <token t_id="1123" sentence="23" number="2">，</token>
  <token t_id="1124" sentence="23" number="3">与</token>
  <token t_id="1125" sentence="23" number="4">治</token>
  <token t_id="1126" sentence="23" number="5">理</token>
  <token t_id="1127" sentence="23" number="6">黑</token>
  <token t_id="1128" sentence="23" number="7">煤</token>
  <token t_id="1129" sentence="23" number="8">窑</token>
  <token t_id="1130" sentence="23" number="9">相</token>
  <token t_id="1131" sentence="23" number="10">比</token>
  <token t_id="1132" sentence="23" number="11">，</token>
  <token t_id="1133" sentence="23" number="12">治</token>
  <token t_id="1134" sentence="23" number="13">理</token>
  <token t_id="1135" sentence="23" number="14">地</token>
  <token t_id="1136" sentence="23" number="15">方</token>
  <token t_id="1137" sentence="23" number="16">政</token>
  <token t_id="1138" sentence="23" number="17">治</token>
  <token t_id="1139" sentence="23" number="18">生</token>
  <token t_id="1140" sentence="23" number="19">态</token>
  <token t_id="1141" sentence="23" number="20">显</token>
  <token t_id="1142" sentence="23" number="21">得</token>
  <token t_id="1143" sentence="23" number="22">尤</token>
  <token t_id="1144" sentence="23" number="23">为</token>
  <token t_id="1145" sentence="23" number="24">迫</token>
  <token t_id="1146" sentence="23" number="25">切</token>
  <token t_id="1147" sentence="23" number="26">。</token>
  <token t_id="1148" sentence="24" number="0">只</token>
  <token t_id="1149" sentence="24" number="1">要</token>
  <token t_id="1150" sentence="24" number="2">政</token>
  <token t_id="1151" sentence="24" number="3">治</token>
  <token t_id="1152" sentence="24" number="4">生</token>
  <token t_id="1153" sentence="24" number="5">态</token>
  <token t_id="1154" sentence="24" number="6">不</token>
  <token t_id="1155" sentence="24" number="7">靖</token>
  <token t_id="1156" sentence="24" number="8">，</token>
  <token t_id="1157" sentence="24" number="9">只</token>
  <token t_id="1158" sentence="24" number="10">要</token>
  <token t_id="1159" sentence="24" number="11">存</token>
  <token t_id="1160" sentence="24" number="12">在</token>
  <token t_id="1161" sentence="24" number="13">设</token>
  <token t_id="1162" sentence="24" number="14">租</token>
  <token t_id="1163" sentence="24" number="15">寻</token>
  <token t_id="1164" sentence="24" number="16">租</token>
  <token t_id="1165" sentence="24" number="17">的</token>
  <token t_id="1166" sentence="24" number="18">可</token>
  <token t_id="1167" sentence="24" number="19">能</token>
  <token t_id="1168" sentence="24" number="20">，</token>
  <token t_id="1169" sentence="24" number="21">就</token>
  <token t_id="1170" sentence="24" number="22">不</token>
  <token t_id="1171" sentence="24" number="23">可</token>
  <token t_id="1172" sentence="24" number="24">能</token>
  <token t_id="1173" sentence="24" number="25">彻</token>
  <token t_id="1174" sentence="24" number="26">底</token>
  <token t_id="1175" sentence="24" number="27">消</token>
  <token t_id="1176" sentence="24" number="28">灭</token>
  <token t_id="1177" sentence="24" number="29">“</token>
  <token t_id="1178" sentence="24" number="30">黑</token>
  <token t_id="1179" sentence="24" number="31">煤</token>
  <token t_id="1180" sentence="24" number="32">窑</token>
  <token t_id="1181" sentence="24" number="33">”</token>
  <token t_id="1182" sentence="24" number="34">。</token>
  <token t_id="1183" sentence="25" number="0">道</token>
  <token t_id="1184" sentence="25" number="1">理</token>
  <token t_id="1185" sentence="25" number="2">很</token>
  <token t_id="1186" sentence="25" number="3">简</token>
  <token t_id="1187" sentence="25" number="4">单</token>
  <token t_id="1188" sentence="25" number="5">，</token>
  <token t_id="1189" sentence="25" number="6">那</token>
  <token t_id="1190" sentence="25" number="7">些</token>
  <token t_id="1191" sentence="25" number="8">被</token>
  <token t_id="1192" sentence="25" number="9">打</token>
  <token t_id="1193" sentence="25" number="10">点</token>
  <token t_id="1194" sentence="25" number="11">了</token>
  <token t_id="1195" sentence="25" number="12">的</token>
  <token t_id="1196" sentence="25" number="13">关</token>
  <token t_id="1197" sentence="25" number="14">系</token>
  <token t_id="1198" sentence="25" number="15">，</token>
  <token t_id="1199" sentence="25" number="16">就</token>
  <token t_id="1200" sentence="25" number="17">是</token>
  <token t_id="1201" sentence="25" number="18">“</token>
  <token t_id="1202" sentence="25" number="19">黑</token>
  <token t_id="1203" sentence="25" number="20">煤</token>
  <token t_id="1204" sentence="25" number="21">窑</token>
  <token t_id="1205" sentence="25" number="22">”</token>
  <token t_id="1206" sentence="25" number="23">的</token>
  <token t_id="1207" sentence="25" number="24">眼</token>
  <token t_id="1208" sentence="25" number="25">睛</token>
  <token t_id="1209" sentence="25" number="26">和</token>
  <token t_id="1210" sentence="25" number="27">雷</token>
  <token t_id="1211" sentence="25" number="28">达</token>
  <token t_id="1212" sentence="25" number="29">，</token>
  <token t_id="1213" sentence="25" number="30">就</token>
  <token t_id="1214" sentence="25" number="31">一</token>
  <token t_id="1215" sentence="25" number="32">定</token>
  <token t_id="1216" sentence="25" number="33">会</token>
  <token t_id="1217" sentence="25" number="34">想</token>
  <token t_id="1218" sentence="25" number="35">方</token>
  <token t_id="1219" sentence="25" number="36">设</token>
  <token t_id="1220" sentence="25" number="37">法</token>
  <token t_id="1221" sentence="25" number="38">庇</token>
  <token t_id="1222" sentence="25" number="39">护</token>
  <token t_id="1223" sentence="25" number="40">这</token>
  <token t_id="1224" sentence="25" number="41">些</token>
  <token t_id="1225" sentence="25" number="42">大</token>
  <token t_id="1226" sentence="25" number="43">地</token>
  <token t_id="1227" sentence="25" number="44">上</token>
  <token t_id="1228" sentence="25" number="45">的</token>
  <token t_id="1229" sentence="25" number="46">毒</token>
  <token t_id="1230" sentence="25" number="47">瘤</token>
  <token t_id="1231" sentence="25" number="48">。</token>
  <token t_id="1232" sentence="26" number="0">公</token>
  <token t_id="1233" sentence="26" number="1">开</token>
  <token t_id="1234" sentence="26" number="2">消</token>
  <token t_id="1235" sentence="26" number="3">息</token>
  <token t_id="1236" sentence="26" number="4">显</token>
  <token t_id="1237" sentence="26" number="5">示</token>
  <token t_id="1238" sentence="26" number="6">，</token>
  <token t_id="1239" sentence="26" number="7">1</token>
  <token t_id="1240" sentence="26" number="8">2</token>
  <token t_id="1241" sentence="26" number="9">月</token>
  <token t_id="1242" sentence="26" number="10">1</token>
  <token t_id="1243" sentence="26" number="11">7</token>
  <token t_id="1244" sentence="26" number="12">日</token>
  <token t_id="1245" sentence="26" number="13">孝</token>
  <token t_id="1246" sentence="26" number="14">义</token>
  <token t_id="1247" sentence="26" number="15">市</token>
  <token t_id="1248" sentence="26" number="16">召</token>
  <token t_id="1249" sentence="26" number="17">开</token>
  <token t_id="1250" sentence="26" number="18">全</token>
  <token t_id="1251" sentence="26" number="19">市</token>
  <token t_id="1252" sentence="26" number="20">干</token>
  <token t_id="1253" sentence="26" number="21">部</token>
  <token t_id="1254" sentence="26" number="22">大</token>
  <token t_id="1255" sentence="26" number="23">会</token>
  <token t_id="1256" sentence="26" number="24">，</token>
  <token t_id="1257" sentence="26" number="25">通</token>
  <token t_id="1258" sentence="26" number="26">报</token>
  <token t_id="1259" sentence="26" number="27">市</token>
  <token t_id="1260" sentence="26" number="28">委</token>
  <token t_id="1261" sentence="26" number="29">书</token>
  <token t_id="1262" sentence="26" number="30">记</token>
  <token t_id="1263" sentence="26" number="31">、</token>
  <token t_id="1264" sentence="26" number="32">市</token>
  <token t_id="1265" sentence="26" number="33">长</token>
  <token t_id="1266" sentence="26" number="34">、</token>
  <token t_id="1267" sentence="26" number="35">副</token>
  <token t_id="1268" sentence="26" number="36">市</token>
  <token t_id="1269" sentence="26" number="37">长</token>
  <token t_id="1270" sentence="26" number="38">三</token>
  <token t_id="1271" sentence="26" number="39">人</token>
  <token t_id="1272" sentence="26" number="40">被</token>
  <token t_id="1273" sentence="26" number="41">免</token>
  <token t_id="1274" sentence="26" number="42">职</token>
  <token t_id="1275" sentence="26" number="43">。</token>
  <token t_id="1276" sentence="27" number="0">1</token>
  <token t_id="1277" sentence="27" number="1">2</token>
  <token t_id="1278" sentence="27" number="2">月</token>
  <token t_id="1279" sentence="27" number="3">1</token>
  <token t_id="1280" sentence="27" number="4">8</token>
  <token t_id="1281" sentence="27" number="5">日</token>
  <token t_id="1282" sentence="27" number="6">，</token>
  <token t_id="1283" sentence="27" number="7">吕</token>
  <token t_id="1284" sentence="27" number="8">梁</token>
  <token t_id="1285" sentence="27" number="9">市</token>
  <token t_id="1286" sentence="27" number="10">召</token>
  <token t_id="1287" sentence="27" number="11">开</token>
  <token t_id="1288" sentence="27" number="12">打</token>
  <token t_id="1289" sentence="27" number="13">击</token>
  <token t_id="1290" sentence="27" number="14">盗</token>
  <token t_id="1291" sentence="27" number="15">采</token>
  <token t_id="1292" sentence="27" number="16">矿</token>
  <token t_id="1293" sentence="27" number="17">产</token>
  <token t_id="1294" sentence="27" number="18">资</token>
  <token t_id="1295" sentence="27" number="19">源</token>
  <token t_id="1296" sentence="27" number="20">专</token>
  <token t_id="1297" sentence="27" number="21">项</token>
  <token t_id="1298" sentence="27" number="22">行</token>
  <token t_id="1299" sentence="27" number="23">动</token>
  <token t_id="1300" sentence="27" number="24">部</token>
  <token t_id="1301" sentence="27" number="25">署</token>
  <token t_id="1302" sentence="27" number="26">会</token>
  <token t_id="1303" sentence="27" number="27">，</token>
  <token t_id="1304" sentence="27" number="28">吕</token>
  <token t_id="1305" sentence="27" number="29">梁</token>
  <token t_id="1306" sentence="27" number="30">市</token>
  <token t_id="1307" sentence="27" number="31">委</token>
  <token t_id="1308" sentence="27" number="32">书</token>
  <token t_id="1309" sentence="27" number="33">记</token>
  <token t_id="1310" sentence="27" number="34">孙</token>
  <token t_id="1311" sentence="27" number="35">大</token>
  <token t_id="1312" sentence="27" number="36">军</token>
  <token t_id="1313" sentence="27" number="37">表</token>
  <token t_id="1314" sentence="27" number="38">示</token>
  <token t_id="1315" sentence="27" number="39">，</token>
  <token t_id="1316" sentence="27" number="40">敢</token>
  <token t_id="1317" sentence="27" number="41">开</token>
  <token t_id="1318" sentence="27" number="42">“</token>
  <token t_id="1319" sentence="27" number="43">黑</token>
  <token t_id="1320" sentence="27" number="44">矿</token>
  <token t_id="1321" sentence="27" number="45">”</token>
  <token t_id="1322" sentence="27" number="46">的</token>
  <token t_id="1323" sentence="27" number="47">，</token>
  <token t_id="1324" sentence="27" number="48">必</token>
  <token t_id="1325" sentence="27" number="49">有</token>
  <token t_id="1326" sentence="27" number="50">保</token>
  <token t_id="1327" sentence="27" number="51">护</token>
  <token t_id="1328" sentence="27" number="52">伞</token>
  <token t_id="1329" sentence="27" number="53">。</token>
  <token t_id="1330" sentence="28" number="0">要</token>
  <token t_id="1331" sentence="28" number="1">根</token>
  <token t_id="1332" sentence="28" number="2">除</token>
  <token t_id="1333" sentence="28" number="3">吕</token>
  <token t_id="1334" sentence="28" number="4">梁</token>
  <token t_id="1335" sentence="28" number="5">山</token>
  <token t_id="1336" sentence="28" number="6">上</token>
  <token t_id="1337" sentence="28" number="7">私</token>
  <token t_id="1338" sentence="28" number="8">挖</token>
  <token t_id="1339" sentence="28" number="9">乱</token>
  <token t_id="1340" sentence="28" number="10">采</token>
  <token t_id="1341" sentence="28" number="11">的</token>
  <token t_id="1342" sentence="28" number="12">顽</token>
  <token t_id="1343" sentence="28" number="13">瘴</token>
  <token t_id="1344" sentence="28" number="14">痼</token>
  <token t_id="1345" sentence="28" number="15">疾</token>
  <token t_id="1346" sentence="28" number="16">，</token>
  <token t_id="1347" sentence="28" number="17">必</token>
  <token t_id="1348" sentence="28" number="18">须</token>
  <token t_id="1349" sentence="28" number="19">在</token>
  <token t_id="1350" sentence="28" number="20">全</token>
  <token t_id="1351" sentence="28" number="21">市</token>
  <token t_id="1352" sentence="28" number="22">干</token>
  <token t_id="1353" sentence="28" number="23">部</token>
  <token t_id="1354" sentence="28" number="24">队</token>
  <token t_id="1355" sentence="28" number="25">伍</token>
  <token t_id="1356" sentence="28" number="26">、</token>
  <token t_id="1357" sentence="28" number="27">公</token>
  <token t_id="1358" sentence="28" number="28">职</token>
  <token t_id="1359" sentence="28" number="29">人</token>
  <token t_id="1360" sentence="28" number="30">员</token>
  <token t_id="1361" sentence="28" number="31">中</token>
  <token t_id="1362" sentence="28" number="32">来</token>
  <token t_id="1363" sentence="28" number="33">一</token>
  <token t_id="1364" sentence="28" number="34">次</token>
  <token t_id="1365" sentence="28" number="35">大</token>
  <token t_id="1366" sentence="28" number="36">排</token>
  <token t_id="1367" sentence="28" number="37">查</token>
  <token t_id="1368" sentence="28" number="38">、</token>
  <token t_id="1369" sentence="28" number="39">大</token>
  <token t_id="1370" sentence="28" number="40">起</token>
  <token t_id="1371" sentence="28" number="41">底</token>
  <token t_id="1372" sentence="28" number="42">，</token>
  <token t_id="1373" sentence="28" number="43">彻</token>
  <token t_id="1374" sentence="28" number="44">底</token>
  <token t_id="1375" sentence="28" number="45">清</token>
  <token t_id="1376" sentence="28" number="46">除</token>
  <token t_id="1377" sentence="28" number="47">干</token>
  <token t_id="1378" sentence="28" number="48">部</token>
  <token t_id="1379" sentence="28" number="49">队</token>
  <token t_id="1380" sentence="28" number="50">伍</token>
  <token t_id="1381" sentence="28" number="51">中</token>
  <token t_id="1382" sentence="28" number="52">的</token>
  <token t_id="1383" sentence="28" number="53">“</token>
  <token t_id="1384" sentence="28" number="54">毒</token>
  <token t_id="1385" sentence="28" number="55">瘤</token>
  <token t_id="1386" sentence="28" number="56">”</token>
  <token t_id="1387" sentence="28" number="57">。</token>
  <token t_id="1388" sentence="29" number="0">一</token>
  <token t_id="1389" sentence="29" number="1">地</token>
  <token t_id="1390" sentence="29" number="2">的</token>
  <token t_id="1391" sentence="29" number="3">党</token>
  <token t_id="1392" sentence="29" number="4">政</token>
  <token t_id="1393" sentence="29" number="5">主</token>
  <token t_id="1394" sentence="29" number="6">官</token>
  <token t_id="1395" sentence="29" number="7">同</token>
  <token t_id="1396" sentence="29" number="8">时</token>
  <token t_id="1397" sentence="29" number="9">被</token>
  <token t_id="1398" sentence="29" number="10">免</token>
  <token t_id="1399" sentence="29" number="11">，</token>
  <token t_id="1400" sentence="29" number="12">确</token>
  <token t_id="1401" sentence="29" number="13">实</token>
  <token t_id="1402" sentence="29" number="14">不</token>
  <token t_id="1403" sentence="29" number="15">多</token>
  <token t_id="1404" sentence="29" number="16">见</token>
  <token t_id="1405" sentence="29" number="17">，</token>
  <token t_id="1406" sentence="29" number="18">这</token>
  <token t_id="1407" sentence="29" number="19">也</token>
  <token t_id="1408" sentence="29" number="20">表</token>
  <token t_id="1409" sentence="29" number="21">明</token>
  <token t_id="1410" sentence="29" number="22">，</token>
  <token t_id="1411" sentence="29" number="23">当</token>
  <token t_id="1412" sentence="29" number="24">地</token>
  <token t_id="1413" sentence="29" number="25">盗</token>
  <token t_id="1414" sentence="29" number="26">采</token>
  <token t_id="1415" sentence="29" number="27">现</token>
  <token t_id="1416" sentence="29" number="28">象</token>
  <token t_id="1417" sentence="29" number="29">已</token>
  <token t_id="1418" sentence="29" number="30">经</token>
  <token t_id="1419" sentence="29" number="31">严</token>
  <token t_id="1420" sentence="29" number="32">重</token>
  <token t_id="1421" sentence="29" number="33">到</token>
  <token t_id="1422" sentence="29" number="34">了</token>
  <token t_id="1423" sentence="29" number="35">不</token>
  <token t_id="1424" sentence="29" number="36">得</token>
  <token t_id="1425" sentence="29" number="37">不</token>
  <token t_id="1426" sentence="29" number="38">重</token>
  <token t_id="1427" sentence="29" number="39">拳</token>
  <token t_id="1428" sentence="29" number="40">整</token>
  <token t_id="1429" sentence="29" number="41">顿</token>
  <token t_id="1430" sentence="29" number="42">吏</token>
  <token t_id="1431" sentence="29" number="43">治</token>
  <token t_id="1432" sentence="29" number="44">的</token>
  <token t_id="1433" sentence="29" number="45">地</token>
  <token t_id="1434" sentence="29" number="46">步</token>
  <token t_id="1435" sentence="29" number="47">。</token>
  <token t_id="1436" sentence="30" number="0">希</token>
  <token t_id="1437" sentence="30" number="1">望</token>
  <token t_id="1438" sentence="30" number="2">当</token>
  <token t_id="1439" sentence="30" number="3">地</token>
  <token t_id="1440" sentence="30" number="4">以</token>
  <token t_id="1441" sentence="30" number="5">此</token>
  <token t_id="1442" sentence="30" number="6">为</token>
  <token t_id="1443" sentence="30" number="7">开</token>
  <token t_id="1444" sentence="30" number="8">端</token>
  <token t_id="1445" sentence="30" number="9">，</token>
  <token t_id="1446" sentence="30" number="10">快</token>
  <token t_id="1447" sentence="30" number="11">刀</token>
  <token t_id="1448" sentence="30" number="12">斩</token>
  <token t_id="1449" sentence="30" number="13">乱</token>
  <token t_id="1450" sentence="30" number="14">麻</token>
  <token t_id="1451" sentence="30" number="15">，</token>
  <token t_id="1452" sentence="30" number="16">彻</token>
  <token t_id="1453" sentence="30" number="17">底</token>
  <token t_id="1454" sentence="30" number="18">斩</token>
  <token t_id="1455" sentence="30" number="19">断</token>
  <token t_id="1456" sentence="30" number="20">盘</token>
  <token t_id="1457" sentence="30" number="21">根</token>
  <token t_id="1458" sentence="30" number="22">错</token>
  <token t_id="1459" sentence="30" number="23">节</token>
  <token t_id="1460" sentence="30" number="24">的</token>
  <token t_id="1461" sentence="30" number="25">权</token>
  <token t_id="1462" sentence="30" number="26">力</token>
  <token t_id="1463" sentence="30" number="27">利</token>
  <token t_id="1464" sentence="30" number="28">益</token>
  <token t_id="1465" sentence="30" number="29">关</token>
  <token t_id="1466" sentence="30" number="30">系</token>
  <token t_id="1467" sentence="30" number="31">，</token>
  <token t_id="1468" sentence="30" number="32">净</token>
  <token t_id="1469" sentence="30" number="33">化</token>
  <token t_id="1470" sentence="30" number="34">地</token>
  <token t_id="1471" sentence="30" number="35">方</token>
  <token t_id="1472" sentence="30" number="36">政</token>
  <token t_id="1473" sentence="30" number="37">治</token>
  <token t_id="1474" sentence="30" number="38">生</token>
  <token t_id="1475" sentence="30" number="39">态</token>
  <token t_id="1476" sentence="30" number="40">，</token>
  <token t_id="1477" sentence="30" number="41">让</token>
  <token t_id="1478" sentence="30" number="42">“</token>
  <token t_id="1479" sentence="30" number="43">黑</token>
  <token t_id="1480" sentence="30" number="44">煤</token>
  <token t_id="1481" sentence="30" number="45">窑</token>
  <token t_id="1482" sentence="30" number="46">”</token>
  <token t_id="1483" sentence="30" number="47">真</token>
  <token t_id="1484" sentence="30" number="48">正</token>
  <token t_id="1485" sentence="30" number="49">成</token>
  <token t_id="1486" sentence="30" number="50">为</token>
  <token t_id="1487" sentence="30" number="51">历</token>
  <token t_id="1488" sentence="30" number="52">史</token>
  <Markables>
    <ACTION m_id="22692" comment="">
      <token_anchor t_id="12" />
      <token_anchor t_id="13" />
    </ACTION>
    <ACTION m_id="22693" comment="">
      <token_anchor t_id="18" />
      <token_anchor t_id="19" />
    </ACTION>
    <ACTION m_id="22694" comment="">
      <token_anchor t_id="46" />
      <token_anchor t_id="47" />
      <token_anchor t_id="48" />
      <token_anchor t_id="49" />
    </ACTION>
    <ACTION m_id="22695" comment="">
      <token_anchor t_id="50" />
      <token_anchor t_id="51" />
    </ACTION>
    <ACTION m_id="22696" comment="">
      <token_anchor t_id="58" />
      <token_anchor t_id="59" />
    </ACTION>
    <ACTION m_id="22697" comment="">
      <token_anchor t_id="65" />
      <token_anchor t_id="66" />
    </ACTION>
    <ACTION m_id="22698" comment="">
      <token_anchor t_id="71" />
      <token_anchor t_id="72" />
    </ACTION>
    <ACTION m_id="22699" comment="">
      <token_anchor t_id="80" />
      <token_anchor t_id="81" />
    </ACTION>
    <ACTION m_id="22700" comment="">
      <token_anchor t_id="92" />
      <token_anchor t_id="93" />
    </ACTION>
    <ACTION m_id="22701" comment="">
      <token_anchor t_id="113" />
      <token_anchor t_id="114" />
    </ACTION>
    <ACTION m_id="22702" comment="">
      <token_anchor t_id="122" />
      <token_anchor t_id="123" />
    </ACTION>
    <ACTION m_id="22703" comment="">
      <token_anchor t_id="125" />
      <token_anchor t_id="126" />
    </ACTION>
    <ACTION m_id="22704" comment="">
      <token_anchor t_id="128" />
      <token_anchor t_id="129" />
    </ACTION>
    <ACTION m_id="22705" comment="">
      <token_anchor t_id="133" />
      <token_anchor t_id="134" />
    </ACTION>
    <ACTION m_id="22706" comment="">
      <token_anchor t_id="158" />
      <token_anchor t_id="159" />
      <token_anchor t_id="160" />
    </ACTION>
    <ACTION m_id="22707" comment="">
      <token_anchor t_id="167" />
      <token_anchor t_id="168" />
    </ACTION>
    <ACTION m_id="22708" comment="">
      <token_anchor t_id="174" />
    </ACTION>
    <ACTION m_id="22709" comment="">
      <token_anchor t_id="186" />
      <token_anchor t_id="187" />
    </ACTION>
    <ACTION m_id="22710" comment="">
      <token_anchor t_id="191" />
      <token_anchor t_id="192" />
    </ACTION>
    <ACTION m_id="22711" comment="">
      <token_anchor t_id="197" />
      <token_anchor t_id="198" />
      <token_anchor t_id="199" />
      <token_anchor t_id="200" />
    </ACTION>
    <ACTION m_id="22712" comment="">
      <token_anchor t_id="221" />
      <token_anchor t_id="222" />
    </ACTION>
    <ACTION m_id="22713" comment="">
      <token_anchor t_id="232" />
      <token_anchor t_id="233" />
    </ACTION>
    <ACTION m_id="22714" comment="">
      <token_anchor t_id="235" />
      <token_anchor t_id="236" />
    </ACTION>
    <ACTION m_id="22715" comment="">
      <token_anchor t_id="238" />
      <token_anchor t_id="239" />
    </ACTION>
    <ACTION m_id="22716" comment="">
      <token_anchor t_id="246" />
      <token_anchor t_id="247" />
    </ACTION>
    <ACTION m_id="22717" comment="">
      <token_anchor t_id="253" />
      <token_anchor t_id="254" />
    </ACTION>
    <ACTION m_id="22718" comment="">
      <token_anchor t_id="268" />
      <token_anchor t_id="269" />
    </ACTION>
    <ACTION m_id="22719" comment="">
      <token_anchor t_id="274" />
      <token_anchor t_id="275" />
    </ACTION>
    <ACTION m_id="22720" comment="">
      <token_anchor t_id="298" />
      <token_anchor t_id="299" />
    </ACTION>
    <ACTION m_id="22721" comment="">
      <token_anchor t_id="301" />
      <token_anchor t_id="302" />
    </ACTION>
    <ACTION m_id="22722" comment="">
      <token_anchor t_id="314" />
      <token_anchor t_id="315" />
    </ACTION>
    <ACTION m_id="22723" comment="">
      <token_anchor t_id="323" />
      <token_anchor t_id="324" />
    </ACTION>
    <ACTION m_id="22724" comment="">
      <token_anchor t_id="329" />
      <token_anchor t_id="330" />
    </ACTION>
    <ACTION m_id="22725" comment="">
      <token_anchor t_id="338" />
      <token_anchor t_id="339" />
    </ACTION>
    <ACTION m_id="22726" comment="">
      <token_anchor t_id="350" />
      <token_anchor t_id="351" />
    </ACTION>
    <ACTION m_id="22727" comment="">
      <token_anchor t_id="358" />
      <token_anchor t_id="359" />
    </ACTION>
    <ACTION m_id="22728" comment="">
      <token_anchor t_id="370" />
      <token_anchor t_id="371" />
    </ACTION>
    <ACTION m_id="22729" comment="">
      <token_anchor t_id="386" />
      <token_anchor t_id="387" />
    </ACTION>
    <ACTION m_id="22730" comment="">
      <token_anchor t_id="388" />
      <token_anchor t_id="389" />
    </ACTION>
    <ACTION m_id="22731" comment="">
      <token_anchor t_id="398" />
      <token_anchor t_id="399" />
    </ACTION>
    <ACTION m_id="22732" comment="">
      <token_anchor t_id="414" />
      <token_anchor t_id="415" />
    </ACTION>
    <ACTION m_id="22733" comment="">
      <token_anchor t_id="421" />
      <token_anchor t_id="422" />
    </ACTION>
    <ACTION m_id="22734" comment="">
      <token_anchor t_id="452" />
      <token_anchor t_id="453" />
    </ACTION>
    <ACTION m_id="22736" comment="">
      <token_anchor t_id="466" />
      <token_anchor t_id="467" />
      <token_anchor t_id="468" />
    </ACTION>
    <ACTION m_id="22737" comment="">
      <token_anchor t_id="462" />
      <token_anchor t_id="463" />
      <token_anchor t_id="464" />
    </ACTION>
    <ACTION m_id="22738" comment="">
      <token_anchor t_id="506" />
      <token_anchor t_id="507" />
    </ACTION>
    <ACTION m_id="22739" comment="">
      <token_anchor t_id="531" />
      <token_anchor t_id="532" />
    </ACTION>
    <ACTION m_id="22740" comment="">
      <token_anchor t_id="536" />
      <token_anchor t_id="537" />
    </ACTION>
    <ACTION m_id="22800" comment="">
      <token_anchor t_id="550" />
      <token_anchor t_id="551" />
    </ACTION>
    <ACTION m_id="22801" comment="">
      <token_anchor t_id="553" />
      <token_anchor t_id="554" />
    </ACTION>
    <ACTION m_id="22802" comment="">
      <token_anchor t_id="579" />
      <token_anchor t_id="580" />
    </ACTION>
    <ACTION m_id="22803" comment="">
      <token_anchor t_id="601" />
      <token_anchor t_id="602" />
    </ACTION>
    <ACTION m_id="22804" comment="">
      <token_anchor t_id="625" />
      <token_anchor t_id="626" />
    </ACTION>
    <ACTION m_id="22805" comment="">
      <token_anchor t_id="635" />
      <token_anchor t_id="636" />
    </ACTION>
    <ACTION m_id="22806" comment="">
      <token_anchor t_id="641" />
      <token_anchor t_id="642" />
    </ACTION>
    <ACTION m_id="22807" comment="">
      <token_anchor t_id="655" />
      <token_anchor t_id="656" />
    </ACTION>
    <ACTION m_id="22808" comment="">
      <token_anchor t_id="666" />
      <token_anchor t_id="667" />
    </ACTION>
    <ACTION m_id="22809" comment="">
      <token_anchor t_id="677" />
      <token_anchor t_id="678" />
    </ACTION>
    <ACTION m_id="22810" comment="">
      <token_anchor t_id="724" />
      <token_anchor t_id="725" />
    </ACTION>
    <ACTION m_id="22811" comment="">
      <token_anchor t_id="741" />
      <token_anchor t_id="742" />
    </ACTION>
    <ACTION m_id="22812" comment="">
      <token_anchor t_id="770" />
      <token_anchor t_id="771" />
    </ACTION>
    <ACTION m_id="22813" comment="">
      <token_anchor t_id="788" />
      <token_anchor t_id="789" />
    </ACTION>
    <ACTION m_id="22814" comment="">
      <token_anchor t_id="811" />
      <token_anchor t_id="812" />
    </ACTION>
    <ACTION m_id="22815" comment="">
      <token_anchor t_id="821" />
      <token_anchor t_id="822" />
    </ACTION>
    <ACTION m_id="22816" comment="">
      <token_anchor t_id="825" />
      <token_anchor t_id="826" />
      <token_anchor t_id="827" />
      <token_anchor t_id="828" />
    </ACTION>
    <ACTION m_id="22817" comment="">
      <token_anchor t_id="837" />
      <token_anchor t_id="838" />
    </ACTION>
    <ACTION m_id="22818" comment="">
      <token_anchor t_id="845" />
      <token_anchor t_id="846" />
    </ACTION>
    <ACTION m_id="22819" comment="">
      <token_anchor t_id="859" />
      <token_anchor t_id="860" />
    </ACTION>
    <ACTION m_id="22820" comment="">
      <token_anchor t_id="874" />
      <token_anchor t_id="875" />
    </ACTION>
  </Markables>
  <Relations>
  </Relations>
</Document>