<?xml version="1.0" encoding="UTF-8"?>
<Document doc_name="2454_ecbplus.xml.xml">
  <token t_id="1" sentence="0" number="0">【</token>
  <token t_id="2" sentence="0" number="1">如</token>
  <token t_id="3" sentence="0" number="2">遇</token>
  <token t_id="4" sentence="0" number="3">透</token>
  <token t_id="5" sentence="0" number="4">水</token>
  <token t_id="6" sentence="0" number="5">事</token>
  <token t_id="7" sentence="0" number="6">故</token>
  <token t_id="8" sentence="0" number="7">，</token>
  <token t_id="9" sentence="0" number="8">我</token>
  <token t_id="10" sentence="0" number="9">们</token>
  <token t_id="11" sentence="0" number="10">该</token>
  <token t_id="12" sentence="0" number="11">如</token>
  <token t_id="13" sentence="0" number="12">何</token>
  <token t_id="14" sentence="0" number="13">自</token>
  <token t_id="15" sentence="0" number="14">我</token>
  <token t_id="16" sentence="0" number="15">救</token>
  <token t_id="17" sentence="0" number="16">助</token>
  <token t_id="18" sentence="0" number="17">？</token>
  <token t_id="19" sentence="0" number="18">码</token>
  <token t_id="20" sentence="0" number="19">住</token>
  <token t_id="21" sentence="0" number="20">！</token>
  <token t_id="22" sentence="0" number="21">】</token>
  <token t_id="23" sentence="0" number="22">7</token>
  <token t_id="24" sentence="0" number="23">月</token>
  <token t_id="25" sentence="0" number="24">1</token>
  <token t_id="26" sentence="0" number="25">5</token>
  <token t_id="27" sentence="0" number="26">日</token>
  <token t_id="28" sentence="0" number="27">3</token>
  <token t_id="29" sentence="0" number="28">时</token>
  <token t_id="30" sentence="0" number="29">3</token>
  <token t_id="31" sentence="0" number="30">0</token>
  <token t_id="32" sentence="0" number="31">分</token>
  <token t_id="33" sentence="0" number="32">左</token>
  <token t_id="34" sentence="0" number="33">右</token>
  <token t_id="35" sentence="0" number="34">，</token>
  <token t_id="36" sentence="0" number="35">珠</token>
  <token t_id="37" sentence="0" number="36">海</token>
  <token t_id="38" sentence="0" number="37">市</token>
  <token t_id="39" sentence="0" number="38">石</token>
  <token t_id="40" sentence="0" number="39">景</token>
  <token t_id="41" sentence="0" number="40">山</token>
  <token t_id="42" sentence="0" number="41">施</token>
  <token t_id="43" sentence="0" number="42">工</token>
  <token t_id="44" sentence="0" number="43">隧</token>
  <token t_id="45" sentence="0" number="44">道</token>
  <token t_id="46" sentence="0" number="45">发</token>
  <token t_id="47" sentence="0" number="46">生</token>
  <token t_id="48" sentence="0" number="47">透</token>
  <token t_id="49" sentence="0" number="48">水</token>
  <token t_id="50" sentence="0" number="49">事</token>
  <token t_id="51" sentence="0" number="50">故</token>
  <token t_id="52" sentence="0" number="51">，</token>
  <token t_id="53" sentence="0" number="52">致</token>
  <token t_id="54" sentence="0" number="53">1</token>
  <token t_id="55" sentence="0" number="54">4</token>
  <token t_id="56" sentence="0" number="55">名</token>
  <token t_id="57" sentence="0" number="56">施</token>
  <token t_id="58" sentence="0" number="57">工</token>
  <token t_id="59" sentence="0" number="58">人</token>
  <token t_id="60" sentence="0" number="59">员</token>
  <token t_id="61" sentence="0" number="60">被</token>
  <token t_id="62" sentence="0" number="61">困</token>
  <token t_id="63" sentence="0" number="62">。</token>
  <token t_id="64" sentence="1" number="0">经</token>
  <token t_id="65" sentence="1" number="1">过</token>
  <token t_id="66" sentence="1" number="2">连</token>
  <token t_id="67" sentence="1" number="3">日</token>
  <token t_id="68" sentence="1" number="4">来</token>
  <token t_id="69" sentence="1" number="5">不</token>
  <token t_id="70" sentence="1" number="6">间</token>
  <token t_id="71" sentence="1" number="7">断</token>
  <token t_id="72" sentence="1" number="8">搜</token>
  <token t_id="73" sentence="1" number="9">救</token>
  <token t_id="74" sentence="1" number="10">，</token>
  <token t_id="75" sentence="1" number="11">2</token>
  <token t_id="76" sentence="1" number="12">2</token>
  <token t_id="77" sentence="1" number="13">日</token>
  <token t_id="78" sentence="1" number="14">1</token>
  <token t_id="79" sentence="1" number="15">2</token>
  <token t_id="80" sentence="1" number="16">时</token>
  <token t_id="81" sentence="1" number="17">1</token>
  <token t_id="82" sentence="1" number="18">7</token>
  <token t_id="83" sentence="1" number="19">分</token>
  <token t_id="84" sentence="1" number="20">，</token>
  <token t_id="85" sentence="1" number="21">救</token>
  <token t_id="86" sentence="1" number="22">援</token>
  <token t_id="87" sentence="1" number="23">人</token>
  <token t_id="88" sentence="1" number="24">员</token>
  <token t_id="89" sentence="1" number="25">在</token>
  <token t_id="90" sentence="1" number="26">事</token>
  <token t_id="91" sentence="1" number="27">故</token>
  <token t_id="92" sentence="1" number="28">现</token>
  <token t_id="93" sentence="1" number="29">场</token>
  <token t_id="94" sentence="1" number="30">发</token>
  <token t_id="95" sentence="1" number="31">现</token>
  <token t_id="96" sentence="1" number="32">并</token>
  <token t_id="97" sentence="1" number="33">确</token>
  <token t_id="98" sentence="1" number="34">认</token>
  <token t_id="99" sentence="1" number="35">最</token>
  <token t_id="100" sentence="1" number="36">后</token>
  <token t_id="101" sentence="1" number="37">1</token>
  <token t_id="102" sentence="1" number="38">名</token>
  <token t_id="103" sentence="1" number="39">遇</token>
  <token t_id="104" sentence="1" number="40">难</token>
  <token t_id="105" sentence="1" number="41">者</token>
  <token t_id="106" sentence="1" number="42">。</token>
  <token t_id="107" sentence="2" number="0">至</token>
  <token t_id="108" sentence="2" number="1">此</token>
  <token t_id="109" sentence="2" number="2">，</token>
  <token t_id="110" sentence="2" number="3">1</token>
  <token t_id="111" sentence="2" number="4">4</token>
  <token t_id="112" sentence="2" number="5">名</token>
  <token t_id="113" sentence="2" number="6">被</token>
  <token t_id="114" sentence="2" number="7">困</token>
  <token t_id="115" sentence="2" number="8">人</token>
  <token t_id="116" sentence="2" number="9">员</token>
  <token t_id="117" sentence="2" number="10">已</token>
  <token t_id="118" sentence="2" number="11">全</token>
  <token t_id="119" sentence="2" number="12">部</token>
  <token t_id="120" sentence="2" number="13">找</token>
  <token t_id="121" sentence="2" number="14">到</token>
  <token t_id="122" sentence="2" number="15">并</token>
  <token t_id="123" sentence="2" number="16">确</token>
  <token t_id="124" sentence="2" number="17">认</token>
  <token t_id="125" sentence="2" number="18">遇</token>
  <token t_id="126" sentence="2" number="19">难</token>
  <token t_id="127" sentence="2" number="20">。</token>
  <token t_id="128" sentence="3" number="0">我</token>
  <token t_id="129" sentence="3" number="1">们</token>
  <token t_id="130" sentence="3" number="2">向</token>
  <token t_id="131" sentence="3" number="3">不</token>
  <token t_id="132" sentence="3" number="4">幸</token>
  <token t_id="133" sentence="3" number="5">遇</token>
  <token t_id="134" sentence="3" number="6">难</token>
  <token t_id="135" sentence="3" number="7">者</token>
  <token t_id="136" sentence="3" number="8">表</token>
  <token t_id="137" sentence="3" number="9">示</token>
  <token t_id="138" sentence="3" number="10">沉</token>
  <token t_id="139" sentence="3" number="11">痛</token>
  <token t_id="140" sentence="3" number="12">哀</token>
  <token t_id="141" sentence="3" number="13">悼</token>
  <token t_id="142" sentence="3" number="14">，</token>
  <token t_id="143" sentence="3" number="15">向</token>
  <token t_id="144" sentence="3" number="16">遇</token>
  <token t_id="145" sentence="3" number="17">难</token>
  <token t_id="146" sentence="3" number="18">者</token>
  <token t_id="147" sentence="3" number="19">家</token>
  <token t_id="148" sentence="3" number="20">属</token>
  <token t_id="149" sentence="3" number="21">表</token>
  <token t_id="150" sentence="3" number="22">示</token>
  <token t_id="151" sentence="3" number="23">深</token>
  <token t_id="152" sentence="3" number="24">切</token>
  <token t_id="153" sentence="3" number="25">慰</token>
  <token t_id="154" sentence="3" number="26">问</token>
  <Markables>
    <ACTION m_id="22592" comment="">
      <token_anchor t_id="3" />
    </ACTION>
    <ACTION m_id="22593" comment="">
      <token_anchor t_id="16" />
      <token_anchor t_id="17" />
    </ACTION>
    <ACTION m_id="22594" comment="">
      <token_anchor t_id="19" />
      <token_anchor t_id="20" />
    </ACTION>
    <ACTION m_id="22595" comment="">
      <token_anchor t_id="46" />
      <token_anchor t_id="47" />
    </ACTION>
    <ACTION_CAUSATIVE m_id="22596" comment="">
      <token_anchor t_id="53" />
    </ACTION_CAUSATIVE>
    <ACTION m_id="22597" comment="">
      <token_anchor t_id="61" />
      <token_anchor t_id="62" />
    </ACTION>
    <ACTION m_id="22598" comment="">
      <token_anchor t_id="72" />
      <token_anchor t_id="73" />
    </ACTION>
    <ACTION m_id="22599" comment="">
      <token_anchor t_id="94" />
      <token_anchor t_id="95" />
    </ACTION>
    <ACTION m_id="22600" comment="">
      <token_anchor t_id="97" />
      <token_anchor t_id="98" />
    </ACTION>
    <ACTION m_id="22601" comment="">
      <token_anchor t_id="120" />
      <token_anchor t_id="121" />
    </ACTION>
    <ACTION m_id="22602" comment="">
      <token_anchor t_id="123" />
      <token_anchor t_id="124" />
    </ACTION>
    <ACTION m_id="22603" comment="">
      <token_anchor t_id="140" />
      <token_anchor t_id="141" />
    </ACTION>
    <ACTION m_id="22604" comment="">
      <token_anchor t_id="153" />
      <token_anchor t_id="154" />
    </ACTION>
  </Markables>
  <Relations>
    <PLOT_LINK r_id="1018" SIGNAL="" relType="causation" CAUSES="FALSE" CAUSED_BY="FALSE">
      <source m_id="22595" />
      <target m_id="22597" />
    </PLOT_LINK>
    <PLOT_LINK r_id="1019" SIGNAL="" relType="causation" CAUSES="FALSE" CAUSED_BY="FALSE">
      <source m_id="22598" />
      <target m_id="22599" />
    </PLOT_LINK>
    <PLOT_LINK r_id="1020" SIGNAL="" relType="causation" CAUSES="FALSE" CAUSED_BY="FALSE">
      <source m_id="22598" />
      <target m_id="22600" />
    </PLOT_LINK>
  </Relations>
</Document>