<?xml version="1.0" encoding="UTF-8"?>
<Document doc_name="2457_ecbplus.xml.xml">
  <token t_id="1" sentence="0" number="0">新</token>
  <token t_id="2" sentence="0" number="1">华</token>
  <token t_id="3" sentence="0" number="2">社</token>
  <token t_id="4" sentence="0" number="3">西</token>
  <token t_id="5" sentence="0" number="4">安</token>
  <token t_id="6" sentence="0" number="5">4</token>
  <token t_id="7" sentence="0" number="6">月</token>
  <token t_id="8" sentence="0" number="7">1</token>
  <token t_id="9" sentence="0" number="8">9</token>
  <token t_id="10" sentence="0" number="9">日</token>
  <token t_id="11" sentence="0" number="10">电</token>
  <token t_id="12" sentence="0" number="11">（</token>
  <token t_id="13" sentence="0" number="12">记</token>
  <token t_id="14" sentence="0" number="13">者</token>
  <token t_id="15" sentence="0" number="14">陈</token>
  <token t_id="16" sentence="0" number="15">昌</token>
  <token t_id="17" sentence="0" number="16">奇</token>
  <token t_id="18" sentence="0" number="17">）</token>
  <token t_id="19" sentence="0" number="18">记</token>
  <token t_id="20" sentence="0" number="19">者</token>
  <token t_id="21" sentence="0" number="20">从</token>
  <token t_id="22" sentence="0" number="21">陕</token>
  <token t_id="23" sentence="0" number="22">西</token>
  <token t_id="24" sentence="0" number="23">省</token>
  <token t_id="25" sentence="0" number="24">神</token>
  <token t_id="26" sentence="0" number="25">木</token>
  <token t_id="27" sentence="0" number="26">县</token>
  <token t_id="28" sentence="0" number="27">政</token>
  <token t_id="29" sentence="0" number="28">府</token>
  <token t_id="30" sentence="0" number="29">了</token>
  <token t_id="31" sentence="0" number="30">解</token>
  <token t_id="32" sentence="0" number="31">到</token>
  <token t_id="33" sentence="0" number="32">，</token>
  <token t_id="34" sentence="0" number="33">4</token>
  <token t_id="35" sentence="0" number="34">月</token>
  <token t_id="36" sentence="0" number="35">1</token>
  <token t_id="37" sentence="0" number="36">9</token>
  <token t_id="38" sentence="0" number="37">日</token>
  <token t_id="39" sentence="0" number="38">凌</token>
  <token t_id="40" sentence="0" number="39">晨</token>
  <token t_id="41" sentence="0" number="40">4</token>
  <token t_id="42" sentence="0" number="41">时</token>
  <token t_id="43" sentence="0" number="42">4</token>
  <token t_id="44" sentence="0" number="43">0</token>
  <token t_id="45" sentence="0" number="44">分</token>
  <token t_id="46" sentence="0" number="45">左</token>
  <token t_id="47" sentence="0" number="46">右</token>
  <token t_id="48" sentence="0" number="47">，</token>
  <token t_id="49" sentence="0" number="48">神</token>
  <token t_id="50" sentence="0" number="49">木</token>
  <token t_id="51" sentence="0" number="50">县</token>
  <token t_id="52" sentence="0" number="51">大</token>
  <token t_id="53" sentence="0" number="52">柳</token>
  <token t_id="54" sentence="0" number="53">塔</token>
  <token t_id="55" sentence="0" number="54">镇</token>
  <token t_id="56" sentence="0" number="55">板</token>
  <token t_id="57" sentence="0" number="56">定</token>
  <token t_id="58" sentence="0" number="57">梁</token>
  <token t_id="59" sentence="0" number="58">塔</token>
  <token t_id="60" sentence="0" number="59">煤</token>
  <token t_id="61" sentence="0" number="60">矿</token>
  <token t_id="62" sentence="0" number="61">井</token>
  <token t_id="63" sentence="0" number="62">下</token>
  <token t_id="64" sentence="0" number="63">发</token>
  <token t_id="65" sentence="0" number="64">生</token>
  <token t_id="66" sentence="0" number="65">透</token>
  <token t_id="67" sentence="0" number="66">水</token>
  <token t_id="68" sentence="0" number="67">事</token>
  <token t_id="69" sentence="0" number="68">故</token>
  <token t_id="70" sentence="0" number="69">，</token>
  <token t_id="71" sentence="0" number="70">当</token>
  <token t_id="72" sentence="0" number="71">班</token>
  <token t_id="73" sentence="0" number="72">入</token>
  <token t_id="74" sentence="0" number="73">井</token>
  <token t_id="75" sentence="0" number="74">7</token>
  <token t_id="76" sentence="0" number="75">人</token>
  <token t_id="77" sentence="0" number="76">，</token>
  <token t_id="78" sentence="0" number="77">1</token>
  <token t_id="79" sentence="0" number="78">人</token>
  <token t_id="80" sentence="0" number="79">安</token>
  <token t_id="81" sentence="0" number="80">全</token>
  <token t_id="82" sentence="0" number="81">升</token>
  <token t_id="83" sentence="0" number="82">井</token>
  <token t_id="84" sentence="0" number="83">，</token>
  <token t_id="85" sentence="0" number="84">其</token>
  <token t_id="86" sentence="0" number="85">余</token>
  <token t_id="87" sentence="0" number="86">6</token>
  <token t_id="88" sentence="0" number="87">人</token>
  <token t_id="89" sentence="0" number="88">被</token>
  <token t_id="90" sentence="0" number="89">困</token>
  <token t_id="91" sentence="0" number="90">井</token>
  <token t_id="92" sentence="0" number="91">下</token>
  <token t_id="93" sentence="0" number="92">。</token>
  <token t_id="94" sentence="1" number="0">据</token>
  <token t_id="95" sentence="1" number="1">了</token>
  <token t_id="96" sentence="1" number="2">解</token>
  <token t_id="97" sentence="1" number="3">，</token>
  <token t_id="98" sentence="1" number="4">发</token>
  <token t_id="99" sentence="1" number="5">生</token>
  <token t_id="100" sentence="1" number="6">事</token>
  <token t_id="101" sentence="1" number="7">故</token>
  <token t_id="102" sentence="1" number="8">的</token>
  <token t_id="103" sentence="1" number="9">板</token>
  <token t_id="104" sentence="1" number="10">定</token>
  <token t_id="105" sentence="1" number="11">梁</token>
  <token t_id="106" sentence="1" number="12">塔</token>
  <token t_id="107" sentence="1" number="13">煤</token>
  <token t_id="108" sentence="1" number="14">矿</token>
  <token t_id="109" sentence="1" number="15">为</token>
  <token t_id="110" sentence="1" number="16">证</token>
  <token t_id="111" sentence="1" number="17">照</token>
  <token t_id="112" sentence="1" number="18">齐</token>
  <token t_id="113" sentence="1" number="19">全</token>
  <token t_id="114" sentence="1" number="20">的</token>
  <token t_id="115" sentence="1" number="21">生</token>
  <token t_id="116" sentence="1" number="22">产</token>
  <token t_id="117" sentence="1" number="23">矿</token>
  <token t_id="118" sentence="1" number="24">井</token>
  <token t_id="119" sentence="1" number="25">。</token>
  <token t_id="120" sentence="2" number="0">事</token>
  <token t_id="121" sentence="2" number="1">故</token>
  <token t_id="122" sentence="2" number="2">发</token>
  <token t_id="123" sentence="2" number="3">生</token>
  <token t_id="124" sentence="2" number="4">后</token>
  <token t_id="125" sentence="2" number="5">，</token>
  <token t_id="126" sentence="2" number="6">榆</token>
  <token t_id="127" sentence="2" number="7">林</token>
  <token t_id="128" sentence="2" number="8">市</token>
  <token t_id="129" sentence="2" number="9">、</token>
  <token t_id="130" sentence="2" number="10">神</token>
  <token t_id="131" sentence="2" number="11">木</token>
  <token t_id="132" sentence="2" number="12">县</token>
  <token t_id="133" sentence="2" number="13">政</token>
  <token t_id="134" sentence="2" number="14">府</token>
  <token t_id="135" sentence="2" number="15">立</token>
  <token t_id="136" sentence="2" number="16">即</token>
  <token t_id="137" sentence="2" number="17">启</token>
  <token t_id="138" sentence="2" number="18">动</token>
  <token t_id="139" sentence="2" number="19">应</token>
  <token t_id="140" sentence="2" number="20">急</token>
  <token t_id="141" sentence="2" number="21">预</token>
  <token t_id="142" sentence="2" number="22">案</token>
  <token t_id="143" sentence="2" number="23">，</token>
  <token t_id="144" sentence="2" number="24">榆</token>
  <token t_id="145" sentence="2" number="25">林</token>
  <token t_id="146" sentence="2" number="26">市</token>
  <token t_id="147" sentence="2" number="27">、</token>
  <token t_id="148" sentence="2" number="28">神</token>
  <token t_id="149" sentence="2" number="29">木</token>
  <token t_id="150" sentence="2" number="30">县</token>
  <token t_id="151" sentence="2" number="31">负</token>
  <token t_id="152" sentence="2" number="32">责</token>
  <token t_id="153" sentence="2" number="33">人</token>
  <token t_id="154" sentence="2" number="34">和</token>
  <token t_id="155" sentence="2" number="35">神</token>
  <token t_id="156" sentence="2" number="36">东</token>
  <token t_id="157" sentence="2" number="37">救</token>
  <token t_id="158" sentence="2" number="38">护</token>
  <token t_id="159" sentence="2" number="39">消</token>
  <token t_id="160" sentence="2" number="40">防</token>
  <token t_id="161" sentence="2" number="41">大</token>
  <token t_id="162" sentence="2" number="42">队</token>
  <token t_id="163" sentence="2" number="43">、</token>
  <token t_id="164" sentence="2" number="44">县</token>
  <token t_id="165" sentence="2" number="45">矿</token>
  <token t_id="166" sentence="2" number="46">山</token>
  <token t_id="167" sentence="2" number="47">救</token>
  <token t_id="168" sentence="2" number="48">护</token>
  <token t_id="169" sentence="2" number="49">队</token>
  <token t_id="170" sentence="2" number="50">、</token>
  <token t_id="171" sentence="2" number="51">县</token>
  <token t_id="172" sentence="2" number="52">人</token>
  <token t_id="173" sentence="2" number="53">民</token>
  <token t_id="174" sentence="2" number="54">医</token>
  <token t_id="175" sentence="2" number="55">院</token>
  <token t_id="176" sentence="2" number="56">医</token>
  <token t_id="177" sentence="2" number="57">务</token>
  <token t_id="178" sentence="2" number="58">工</token>
  <token t_id="179" sentence="2" number="59">作</token>
  <token t_id="180" sentence="2" number="60">者</token>
  <token t_id="181" sentence="2" number="61">第</token>
  <token t_id="182" sentence="2" number="62">一</token>
  <token t_id="183" sentence="2" number="63">时</token>
  <token t_id="184" sentence="2" number="64">间</token>
  <token t_id="185" sentence="2" number="65">赶</token>
  <token t_id="186" sentence="2" number="66">赴</token>
  <token t_id="187" sentence="2" number="67">现</token>
  <token t_id="188" sentence="2" number="68">场</token>
  <token t_id="189" sentence="2" number="69">，</token>
  <token t_id="190" sentence="2" number="70">组</token>
  <token t_id="191" sentence="2" number="71">织</token>
  <token t_id="192" sentence="2" number="72">抢</token>
  <token t_id="193" sentence="2" number="73">险</token>
  <token t_id="194" sentence="2" number="74">救</token>
  <token t_id="195" sentence="2" number="75">援</token>
  <token t_id="196" sentence="2" number="76">。</token>
  <token t_id="197" sentence="3" number="0">目</token>
  <token t_id="198" sentence="3" number="1">前</token>
  <token t_id="199" sentence="3" number="2">，</token>
  <token t_id="200" sentence="3" number="3">抢</token>
  <token t_id="201" sentence="3" number="4">险</token>
  <token t_id="202" sentence="3" number="5">救</token>
  <token t_id="203" sentence="3" number="6">援</token>
  <token t_id="204" sentence="3" number="7">工</token>
  <token t_id="205" sentence="3" number="8">作</token>
  <token t_id="206" sentence="3" number="9">正</token>
  <token t_id="207" sentence="3" number="10">在</token>
  <token t_id="208" sentence="3" number="11">有</token>
  <token t_id="209" sentence="3" number="12">序</token>
  <token t_id="210" sentence="3" number="13">进</token>
  <token t_id="211" sentence="3" number="14">行</token>
  <token t_id="212" sentence="3" number="15">中</token>
  <Markables>
    <ACTION m_id="22511" comment="">
      <token_anchor t_id="30" />
      <token_anchor t_id="31" />
    </ACTION>
    <ACTION m_id="22512" comment="">
      <token_anchor t_id="64" />
      <token_anchor t_id="65" />
    </ACTION>
    <ACTION m_id="22513" comment="">
      <token_anchor t_id="73" />
      <token_anchor t_id="74" />
    </ACTION>
    <ACTION m_id="22514" comment="">
      <token_anchor t_id="82" />
      <token_anchor t_id="83" />
    </ACTION>
    <ACTION m_id="22515" comment="">
      <token_anchor t_id="89" />
      <token_anchor t_id="90" />
    </ACTION>
    <ACTION m_id="22516" comment="">
      <token_anchor t_id="95" />
      <token_anchor t_id="96" />
    </ACTION>
    <ACTION m_id="22517" comment="">
      <token_anchor t_id="98" />
      <token_anchor t_id="99" />
    </ACTION>
    <ACTION m_id="22518" comment="">
      <token_anchor t_id="122" />
      <token_anchor t_id="123" />
    </ACTION>
    <ACTION m_id="22520" comment="">
      <token_anchor t_id="137" />
      <token_anchor t_id="138" />
    </ACTION>
    <ACTION m_id="22521" comment="">
      <token_anchor t_id="185" />
      <token_anchor t_id="186" />
    </ACTION>
    <ACTION m_id="22522" comment="">
      <token_anchor t_id="190" />
      <token_anchor t_id="191" />
    </ACTION>
    <ACTION m_id="22523" comment="">
      <token_anchor t_id="192" />
      <token_anchor t_id="193" />
      <token_anchor t_id="194" />
      <token_anchor t_id="195" />
    </ACTION>
    <ACTION m_id="22524" comment="">
      <token_anchor t_id="210" />
      <token_anchor t_id="211" />
      <token_anchor t_id="212" />
    </ACTION>
  </Markables>
  <Relations>
    <PLOT_LINK r_id="1001" SIGNAL="" relType="causation" CAUSES="FALSE" CAUSED_BY="FALSE">
      <source m_id="22512" />
      <target m_id="22515" />
    </PLOT_LINK>
    <PLOT_LINK r_id="1002" SIGNAL="" relType="causation" CAUSES="FALSE" CAUSED_BY="FALSE">
      <source m_id="22518" />
      <target m_id="22520" />
    </PLOT_LINK>
    <PLOT_LINK r_id="1003" SIGNAL="" relType="causation" CAUSES="FALSE" CAUSED_BY="FALSE">
      <source m_id="22520" />
      <target m_id="22521" />
    </PLOT_LINK>
  </Relations>
</Document>