<?xml version="1.0" encoding="UTF-8"?>
<Document doc_name="2459_ecbplus.xml.xml">
  <token t_id="1" sentence="0" number="0">吕</token>
  <token t_id="2" sentence="0" number="1">梁</token>
  <token t_id="3" sentence="0" number="2">1</token>
  <token t_id="4" sentence="0" number="3">2</token>
  <token t_id="5" sentence="0" number="4">月</token>
  <token t_id="6" sentence="0" number="5">1</token>
  <token t_id="7" sentence="0" number="6">7</token>
  <token t_id="8" sentence="0" number="7">日</token>
  <token t_id="9" sentence="0" number="8">电</token>
  <token t_id="10" sentence="0" number="9">(</token>
  <token t_id="11" sentence="0" number="10">记</token>
  <token t_id="12" sentence="0" number="11">者</token>
  <token t_id="13" sentence="0" number="12">范</token>
  <token t_id="14" sentence="0" number="13">丽</token>
  <token t_id="15" sentence="0" number="14">芳</token>
  <token t_id="16" sentence="0" number="15">李</token>
  <token t_id="17" sentence="0" number="16">庭</token>
  <token t_id="18" sentence="0" number="17">耀</token>
  <token t_id="19" sentence="0" number="18">)</token>
  <token t_id="20" sentence="0" number="19">1</token>
  <token t_id="21" sentence="0" number="20">2</token>
  <token t_id="22" sentence="0" number="21">月</token>
  <token t_id="23" sentence="0" number="22">1</token>
  <token t_id="24" sentence="0" number="23">7</token>
  <token t_id="25" sentence="0" number="24">日</token>
  <token t_id="26" sentence="0" number="25">，</token>
  <token t_id="27" sentence="0" number="26">山</token>
  <token t_id="28" sentence="0" number="27">西</token>
  <token t_id="29" sentence="0" number="28">省</token>
  <token t_id="30" sentence="0" number="29">孝</token>
  <token t_id="31" sentence="0" number="30">义</token>
  <token t_id="32" sentence="0" number="31">市</token>
  <token t_id="33" sentence="0" number="32">人</token>
  <token t_id="34" sentence="0" number="33">民</token>
  <token t_id="35" sentence="0" number="34">政</token>
  <token t_id="36" sentence="0" number="35">府</token>
  <token t_id="37" sentence="0" number="36">新</token>
  <token t_id="38" sentence="0" number="37">闻</token>
  <token t_id="39" sentence="0" number="38">办</token>
  <token t_id="40" sentence="0" number="39">公</token>
  <token t_id="41" sentence="0" number="40">室</token>
  <token t_id="42" sentence="0" number="41">发</token>
  <token t_id="43" sentence="0" number="42">布</token>
  <token t_id="44" sentence="0" number="43">“</token>
  <token t_id="45" sentence="0" number="44">1</token>
  <token t_id="46" sentence="0" number="45">2</token>
  <token t_id="47" sentence="0" number="46">·</token>
  <token t_id="48" sentence="0" number="47">1</token>
  <token t_id="49" sentence="0" number="48">5</token>
  <token t_id="50" sentence="0" number="49">”</token>
  <token t_id="51" sentence="0" number="50">盗</token>
  <token t_id="52" sentence="0" number="51">采</token>
  <token t_id="53" sentence="0" number="52">煤</token>
  <token t_id="54" sentence="0" number="53">炭</token>
  <token t_id="55" sentence="0" number="54">资</token>
  <token t_id="56" sentence="0" number="55">源</token>
  <token t_id="57" sentence="0" number="56">引</token>
  <token t_id="58" sentence="0" number="57">发</token>
  <token t_id="59" sentence="0" number="58">透</token>
  <token t_id="60" sentence="0" number="59">水</token>
  <token t_id="61" sentence="0" number="60">事</token>
  <token t_id="62" sentence="0" number="61">故</token>
  <token t_id="63" sentence="0" number="62">最</token>
  <token t_id="64" sentence="0" number="63">新</token>
  <token t_id="65" sentence="0" number="64">进</token>
  <token t_id="66" sentence="0" number="65">展</token>
  <token t_id="67" sentence="0" number="66">，</token>
  <token t_id="68" sentence="0" number="67">从</token>
  <token t_id="69" sentence="0" number="68">1</token>
  <token t_id="70" sentence="0" number="69">6</token>
  <token t_id="71" sentence="0" number="70">日</token>
  <token t_id="72" sentence="0" number="71">1</token>
  <token t_id="73" sentence="0" number="72">0</token>
  <token t_id="74" sentence="0" number="73">时</token>
  <token t_id="75" sentence="0" number="74">0</token>
  <token t_id="76" sentence="0" number="75">5</token>
  <token t_id="77" sentence="0" number="76">分</token>
  <token t_id="78" sentence="0" number="77">至</token>
  <token t_id="79" sentence="0" number="78">1</token>
  <token t_id="80" sentence="0" number="79">7</token>
  <token t_id="81" sentence="0" number="80">日</token>
  <token t_id="82" sentence="0" number="81">0</token>
  <token t_id="83" sentence="0" number="82">6</token>
  <token t_id="84" sentence="0" number="83">时</token>
  <token t_id="85" sentence="0" number="84">累</token>
  <token t_id="86" sentence="0" number="85">计</token>
  <token t_id="87" sentence="0" number="86">排</token>
  <token t_id="88" sentence="0" number="87">水</token>
  <token t_id="89" sentence="0" number="88">3</token>
  <token t_id="90" sentence="0" number="89">1</token>
  <token t_id="91" sentence="0" number="90">0</token>
  <token t_id="92" sentence="0" number="91">0</token>
  <token t_id="93" sentence="0" number="92">立</token>
  <token t_id="94" sentence="0" number="93">方</token>
  <token t_id="95" sentence="0" number="94">米</token>
  <token t_id="96" sentence="0" number="95">，</token>
  <token t_id="97" sentence="0" number="96">水</token>
  <token t_id="98" sentence="0" number="97">位</token>
  <token t_id="99" sentence="0" number="98">下</token>
  <token t_id="100" sentence="0" number="99">降</token>
  <token t_id="101" sentence="0" number="100">2</token>
  <token t_id="102" sentence="0" number="101">.</token>
  <token t_id="103" sentence="0" number="102">1</token>
  <token t_id="104" sentence="0" number="103">米</token>
  <token t_id="105" sentence="0" number="104">；</token>
  <token t_id="106" sentence="0" number="105">公</token>
  <token t_id="107" sentence="0" number="106">安</token>
  <token t_id="108" sentence="0" number="107">机</token>
  <token t_id="109" sentence="0" number="108">关</token>
  <token t_id="110" sentence="0" number="109">已</token>
  <token t_id="111" sentence="0" number="110">控</token>
  <token t_id="112" sentence="0" number="111">制</token>
  <token t_id="113" sentence="0" number="112">犯</token>
  <token t_id="114" sentence="0" number="113">罪</token>
  <token t_id="115" sentence="0" number="114">嫌</token>
  <token t_id="116" sentence="0" number="115">疑</token>
  <token t_id="117" sentence="0" number="116">人</token>
  <token t_id="118" sentence="0" number="117">7</token>
  <token t_id="119" sentence="0" number="118">人</token>
  <token t_id="120" sentence="0" number="119">。</token>
  <token t_id="121" sentence="1" number="0">2</token>
  <token t_id="122" sentence="1" number="1">0</token>
  <token t_id="123" sentence="1" number="2">2</token>
  <token t_id="124" sentence="1" number="3">1</token>
  <token t_id="125" sentence="1" number="4">年</token>
  <token t_id="126" sentence="1" number="5">1</token>
  <token t_id="127" sentence="1" number="6">2</token>
  <token t_id="128" sentence="1" number="7">月</token>
  <token t_id="129" sentence="1" number="8">1</token>
  <token t_id="130" sentence="1" number="9">5</token>
  <token t_id="131" sentence="1" number="10">日</token>
  <token t_id="132" sentence="1" number="11">2</token>
  <token t_id="133" sentence="1" number="12">3</token>
  <token t_id="134" sentence="1" number="13">时</token>
  <token t_id="135" sentence="1" number="14">许</token>
  <token t_id="136" sentence="1" number="15">，</token>
  <token t_id="137" sentence="1" number="16">山</token>
  <token t_id="138" sentence="1" number="17">西</token>
  <token t_id="139" sentence="1" number="18">省</token>
  <token t_id="140" sentence="1" number="19">吕</token>
  <token t_id="141" sentence="1" number="20">梁</token>
  <token t_id="142" sentence="1" number="21">市</token>
  <token t_id="143" sentence="1" number="22">孝</token>
  <token t_id="144" sentence="1" number="23">义</token>
  <token t_id="145" sentence="1" number="24">市</token>
  <token t_id="146" sentence="1" number="25">西</token>
  <token t_id="147" sentence="1" number="26">辛</token>
  <token t_id="148" sentence="1" number="27">庄</token>
  <token t_id="149" sentence="1" number="28">镇</token>
  <token t_id="150" sentence="1" number="29">杜</token>
  <token t_id="151" sentence="1" number="30">西</token>
  <token t_id="152" sentence="1" number="31">沟</token>
  <token t_id="153" sentence="1" number="32">村</token>
  <token t_id="154" sentence="1" number="33">发</token>
  <token t_id="155" sentence="1" number="34">生</token>
  <token t_id="156" sentence="1" number="35">一</token>
  <token t_id="157" sentence="1" number="36">起</token>
  <token t_id="158" sentence="1" number="37">盗</token>
  <token t_id="159" sentence="1" number="38">采</token>
  <token t_id="160" sentence="1" number="39">煤</token>
  <token t_id="161" sentence="1" number="40">炭</token>
  <token t_id="162" sentence="1" number="41">资</token>
  <token t_id="163" sentence="1" number="42">源</token>
  <token t_id="164" sentence="1" number="43">案</token>
  <token t_id="165" sentence="1" number="44">件</token>
  <token t_id="166" sentence="1" number="45">引</token>
  <token t_id="167" sentence="1" number="46">发</token>
  <token t_id="168" sentence="1" number="47">透</token>
  <token t_id="169" sentence="1" number="48">水</token>
  <token t_id="170" sentence="1" number="49">致</token>
  <token t_id="171" sentence="1" number="50">人</token>
  <token t_id="172" sentence="1" number="51">员</token>
  <token t_id="173" sentence="1" number="52">被</token>
  <token t_id="174" sentence="1" number="53">困</token>
  <token t_id="175" sentence="1" number="54">。</token>
  <token t_id="176" sentence="2" number="0">截</token>
  <token t_id="177" sentence="2" number="1">至</token>
  <token t_id="178" sentence="2" number="2">目</token>
  <token t_id="179" sentence="2" number="3">前</token>
  <token t_id="180" sentence="2" number="4">，</token>
  <token t_id="181" sentence="2" number="5">8</token>
  <token t_id="182" sentence="2" number="6">支</token>
  <token t_id="183" sentence="2" number="7">救</token>
  <token t_id="184" sentence="2" number="8">援</token>
  <token t_id="185" sentence="2" number="9">队</token>
  <token t_id="186" sentence="2" number="10">伍</token>
  <token t_id="187" sentence="2" number="11">等</token>
  <token t_id="188" sentence="2" number="12">共</token>
  <token t_id="189" sentence="2" number="13">计</token>
  <token t_id="190" sentence="2" number="14">4</token>
  <token t_id="191" sentence="2" number="15">0</token>
  <token t_id="192" sentence="2" number="16">0</token>
  <token t_id="193" sentence="2" number="17">余</token>
  <token t_id="194" sentence="2" number="18">人</token>
  <token t_id="195" sentence="2" number="19">倒</token>
  <token t_id="196" sentence="2" number="20">班</token>
  <token t_id="197" sentence="2" number="21">进</token>
  <token t_id="198" sentence="2" number="22">入</token>
  <token t_id="199" sentence="2" number="23">现</token>
  <token t_id="200" sentence="2" number="24">场</token>
  <token t_id="201" sentence="2" number="25">，</token>
  <token t_id="202" sentence="2" number="26">全</token>
  <token t_id="203" sentence="2" number="27">力</token>
  <token t_id="204" sentence="2" number="28">开</token>
  <token t_id="205" sentence="2" number="29">展</token>
  <token t_id="206" sentence="2" number="30">抢</token>
  <token t_id="207" sentence="2" number="31">险</token>
  <token t_id="208" sentence="2" number="32">救</token>
  <token t_id="209" sentence="2" number="33">援</token>
  <token t_id="210" sentence="2" number="34">工</token>
  <token t_id="211" sentence="2" number="35">作</token>
  <token t_id="212" sentence="2" number="36">。</token>
  <token t_id="213" sentence="3" number="0">井</token>
  <token t_id="214" sentence="3" number="1">下</token>
  <token t_id="215" sentence="3" number="2">排</token>
  <token t_id="216" sentence="3" number="3">水</token>
  <token t_id="217" sentence="3" number="4">工</token>
  <token t_id="218" sentence="3" number="5">作</token>
  <token t_id="219" sentence="3" number="6">有</token>
  <token t_id="220" sentence="3" number="7">序</token>
  <token t_id="221" sentence="3" number="8">推</token>
  <token t_id="222" sentence="3" number="9">进</token>
  <token t_id="223" sentence="3" number="10">，</token>
  <token t_id="224" sentence="3" number="11">从</token>
  <token t_id="225" sentence="3" number="12">1</token>
  <token t_id="226" sentence="3" number="13">6</token>
  <token t_id="227" sentence="3" number="14">日</token>
  <token t_id="228" sentence="3" number="15">1</token>
  <token t_id="229" sentence="3" number="16">0</token>
  <token t_id="230" sentence="3" number="17">时</token>
  <token t_id="231" sentence="3" number="18">0</token>
  <token t_id="232" sentence="3" number="19">5</token>
  <token t_id="233" sentence="3" number="20">分</token>
  <token t_id="234" sentence="3" number="21">至</token>
  <token t_id="235" sentence="3" number="22">1</token>
  <token t_id="236" sentence="3" number="23">7</token>
  <token t_id="237" sentence="3" number="24">日</token>
  <token t_id="238" sentence="3" number="25">0</token>
  <token t_id="239" sentence="3" number="26">6</token>
  <token t_id="240" sentence="3" number="27">时</token>
  <token t_id="241" sentence="3" number="28">累</token>
  <token t_id="242" sentence="3" number="29">计</token>
  <token t_id="243" sentence="3" number="30">排</token>
  <token t_id="244" sentence="3" number="31">水</token>
  <token t_id="245" sentence="3" number="32">3</token>
  <token t_id="246" sentence="3" number="33">1</token>
  <token t_id="247" sentence="3" number="34">0</token>
  <token t_id="248" sentence="3" number="35">0</token>
  <token t_id="249" sentence="3" number="36">立</token>
  <token t_id="250" sentence="3" number="37">方</token>
  <token t_id="251" sentence="3" number="38">米</token>
  <token t_id="252" sentence="3" number="39">，</token>
  <token t_id="253" sentence="3" number="40">水</token>
  <token t_id="254" sentence="3" number="41">位</token>
  <token t_id="255" sentence="3" number="42">下</token>
  <token t_id="256" sentence="3" number="43">降</token>
  <token t_id="257" sentence="3" number="44">2</token>
  <token t_id="258" sentence="3" number="45">.</token>
  <token t_id="259" sentence="3" number="46">1</token>
  <token t_id="260" sentence="3" number="47">米</token>
  <token t_id="261" sentence="3" number="48">；</token>
  <token t_id="262" sentence="3" number="49">公</token>
  <token t_id="263" sentence="3" number="50">安</token>
  <token t_id="264" sentence="3" number="51">机</token>
  <token t_id="265" sentence="3" number="52">关</token>
  <token t_id="266" sentence="3" number="53">已</token>
  <token t_id="267" sentence="3" number="54">控</token>
  <token t_id="268" sentence="3" number="55">制</token>
  <token t_id="269" sentence="3" number="56">犯</token>
  <token t_id="270" sentence="3" number="57">罪</token>
  <token t_id="271" sentence="3" number="58">嫌</token>
  <token t_id="272" sentence="3" number="59">疑</token>
  <token t_id="273" sentence="3" number="60">人</token>
  <token t_id="274" sentence="3" number="61">7</token>
  <token t_id="275" sentence="3" number="62">人</token>
  <token t_id="276" sentence="3" number="63">，</token>
  <token t_id="277" sentence="3" number="64">其</token>
  <token t_id="278" sentence="3" number="65">余</token>
  <token t_id="279" sentence="3" number="66">犯</token>
  <token t_id="280" sentence="3" number="67">罪</token>
  <token t_id="281" sentence="3" number="68">嫌</token>
  <token t_id="282" sentence="3" number="69">疑</token>
  <token t_id="283" sentence="3" number="70">人</token>
  <token t_id="284" sentence="3" number="71">正</token>
  <token t_id="285" sentence="3" number="72">在</token>
  <token t_id="286" sentence="3" number="73">全</token>
  <token t_id="287" sentence="3" number="74">力</token>
  <token t_id="288" sentence="3" number="75">追</token>
  <token t_id="289" sentence="3" number="76">捕</token>
  <token t_id="290" sentence="3" number="77">中</token>
  <Markables>
    <ACTION m_id="22452" comment="">
      <token_anchor t_id="42" />
      <token_anchor t_id="43" />
    </ACTION>
    <ACTION_CAUSATIVE m_id="22454" comment="">
      <token_anchor t_id="57" />
      <token_anchor t_id="58" />
    </ACTION_CAUSATIVE>
    <ACTION m_id="22455" comment="">
      <token_anchor t_id="51" />
      <token_anchor t_id="52" />
    </ACTION>
    <ACTION m_id="22456" comment="">
      <token_anchor t_id="59" />
      <token_anchor t_id="60" />
      <token_anchor t_id="61" />
      <token_anchor t_id="62" />
    </ACTION>
    <ACTION m_id="22457" comment="">
      <token_anchor t_id="87" />
      <token_anchor t_id="88" />
    </ACTION>
    <ACTION m_id="22458" comment="">
      <token_anchor t_id="99" />
      <token_anchor t_id="100" />
    </ACTION>
    <ACTION m_id="22459" comment="">
      <token_anchor t_id="111" />
      <token_anchor t_id="112" />
    </ACTION>
    <ACTION m_id="22460" comment="">
      <token_anchor t_id="154" />
      <token_anchor t_id="155" />
    </ACTION>
    <ACTION_CAUSATIVE m_id="22462" comment="">
      <token_anchor t_id="166" />
      <token_anchor t_id="167" />
    </ACTION_CAUSATIVE>
    <ACTION m_id="22464" comment="">
      <token_anchor t_id="168" />
      <token_anchor t_id="169" />
    </ACTION>
    <ACTION_CAUSATIVE m_id="22465" comment="">
      <token_anchor t_id="170" />
    </ACTION_CAUSATIVE>
    <ACTION m_id="22466" comment="">
      <token_anchor t_id="173" />
      <token_anchor t_id="174" />
    </ACTION>
    <ACTION m_id="22467" comment="">
      <token_anchor t_id="197" />
      <token_anchor t_id="198" />
    </ACTION>
    <ACTION m_id="22471" comment="">
      <token_anchor t_id="206" />
      <token_anchor t_id="207" />
      <token_anchor t_id="208" />
      <token_anchor t_id="209" />
    </ACTION>
    <ACTION m_id="22472" comment="">
      <token_anchor t_id="221" />
      <token_anchor t_id="222" />
    </ACTION>
    <ACTION m_id="22473" comment="">
      <token_anchor t_id="267" />
      <token_anchor t_id="268" />
    </ACTION>
    <ACTION m_id="22474" comment="">
      <token_anchor t_id="286" />
      <token_anchor t_id="287" />
      <token_anchor t_id="288" />
      <token_anchor t_id="289" />
    </ACTION>
    <ACTION m_id="22475" comment="">
      <token_anchor t_id="215" />
      <token_anchor t_id="216" />
    </ACTION>
    <ACTION m_id="22476" comment="">
      <token_anchor t_id="243" />
      <token_anchor t_id="244" />
    </ACTION>
    <ACTION m_id="22477" comment="">
      <token_anchor t_id="255" />
      <token_anchor t_id="256" />
    </ACTION>
  </Markables>
  <Relations>
    <PLOT_LINK r_id="994" SIGNAL="" relType="causation" CAUSES="FALSE" CAUSED_BY="FALSE">
      <source m_id="22455" />
      <target m_id="22456" />
    </PLOT_LINK>
    <PLOT_LINK r_id="996" SIGNAL="" relType="causation" CAUSES="FALSE" CAUSED_BY="FALSE">
      <source m_id="22464" />
      <target m_id="22466" />
    </PLOT_LINK>
    <PLOT_LINK r_id="997" SIGNAL="" relType="causation" CAUSES="FALSE" CAUSED_BY="FALSE">
      <source m_id="22457" />
      <target m_id="22458" />
    </PLOT_LINK>
    <PLOT_LINK r_id="998" SIGNAL="" relType="causation" CAUSES="FALSE" CAUSED_BY="FALSE">
      <source m_id="22476" />
      <target m_id="22477" />
    </PLOT_LINK>
    <PLOT_LINK r_id="1690" SIGNAL="" relType="causation" CAUSES="FALSE" CAUSED_BY="FALSE">
      <source m_id="22460" />
      <target m_id="22464" />
    </PLOT_LINK>
  </Relations>
</Document>