<?xml version="1.0" encoding="UTF-8"?>
<Document doc_name="3414_ecbplus.xml.xml">
  <token t_id="1" sentence="0" number="0">中</token>
  <token t_id="2" sentence="0" number="1">共</token>
  <token t_id="3" sentence="0" number="2">四</token>
  <token t_id="4" sentence="0" number="3">川</token>
  <token t_id="5" sentence="0" number="4">省</token>
  <token t_id="6" sentence="0" number="5">纪</token>
  <token t_id="7" sentence="0" number="6">委</token>
  <token t_id="8" sentence="0" number="7"> </token>
  <token t_id="9" sentence="0" number="8">四</token>
  <token t_id="10" sentence="0" number="9">川</token>
  <token t_id="11" sentence="0" number="10">省</token>
  <token t_id="12" sentence="0" number="11">监</token>
  <token t_id="13" sentence="0" number="12">察</token>
  <token t_id="14" sentence="0" number="13">委</token>
  <token t_id="15" sentence="0" number="14">员</token>
  <token t_id="16" sentence="0" number="15">会</token>
  <token t_id="17" sentence="0" number="16">关</token>
  <token t_id="18" sentence="0" number="17">于</token>
  <token t_id="19" sentence="0" number="18">甘</token>
  <token t_id="20" sentence="0" number="19">孜</token>
  <token t_id="21" sentence="0" number="20">州</token>
  <token t_id="22" sentence="0" number="21">丹</token>
  <token t_id="23" sentence="0" number="22">巴</token>
  <token t_id="24" sentence="0" number="23">县</token>
  <token t_id="25" sentence="0" number="24">关</token>
  <token t_id="26" sentence="0" number="25">州</token>
  <token t_id="27" sentence="0" number="26">水</token>
  <token t_id="28" sentence="0" number="27">电</token>
  <token t_id="29" sentence="0" number="28">站</token>
  <token t_id="30" sentence="0" number="29">“</token>
  <token t_id="31" sentence="0" number="30">1</token>
  <token t_id="32" sentence="0" number="31">·</token>
  <token t_id="33" sentence="0" number="32">1</token>
  <token t_id="34" sentence="0" number="33">2</token>
  <token t_id="35" sentence="0" number="34">”</token>
  <token t_id="36" sentence="0" number="35">较</token>
  <token t_id="37" sentence="0" number="36">大</token>
  <token t_id="38" sentence="0" number="37">透</token>
  <token t_id="39" sentence="0" number="38">水</token>
  <token t_id="40" sentence="0" number="39">事</token>
  <token t_id="41" sentence="0" number="40">故</token>
  <token t_id="42" sentence="0" number="41">追</token>
  <token t_id="43" sentence="0" number="42">责</token>
  <token t_id="44" sentence="0" number="43">问</token>
  <token t_id="45" sentence="0" number="44">责</token>
  <token t_id="46" sentence="0" number="45">情</token>
  <token t_id="47" sentence="0" number="46">况</token>
  <token t_id="48" sentence="0" number="47">的</token>
  <token t_id="49" sentence="0" number="48">通</token>
  <token t_id="50" sentence="0" number="49">报</token>
  <token t_id="51" sentence="0" number="50">2</token>
  <token t_id="52" sentence="0" number="51">0</token>
  <token t_id="53" sentence="0" number="52">2</token>
  <token t_id="54" sentence="0" number="53">2</token>
  <token t_id="55" sentence="0" number="54">年</token>
  <token t_id="56" sentence="0" number="55">1</token>
  <token t_id="57" sentence="0" number="56">月</token>
  <token t_id="58" sentence="0" number="57">1</token>
  <token t_id="59" sentence="0" number="58">2</token>
  <token t_id="60" sentence="0" number="59">日</token>
  <token t_id="61" sentence="0" number="60">1</token>
  <token t_id="62" sentence="0" number="61">3</token>
  <token t_id="63" sentence="0" number="62">时</token>
  <token t_id="64" sentence="0" number="63">4</token>
  <token t_id="65" sentence="0" number="64">3</token>
  <token t_id="66" sentence="0" number="65">分</token>
  <token t_id="67" sentence="0" number="66">许</token>
  <token t_id="68" sentence="0" number="67">，</token>
  <token t_id="69" sentence="0" number="68">甘</token>
  <token t_id="70" sentence="0" number="69">孜</token>
  <token t_id="71" sentence="0" number="70">州</token>
  <token t_id="72" sentence="0" number="71">丹</token>
  <token t_id="73" sentence="0" number="72">巴</token>
  <token t_id="74" sentence="0" number="73">县</token>
  <token t_id="75" sentence="0" number="74">关</token>
  <token t_id="76" sentence="0" number="75">州</token>
  <token t_id="77" sentence="0" number="76">水</token>
  <token t_id="78" sentence="0" number="77">电</token>
  <token t_id="79" sentence="0" number="78">站</token>
  <token t_id="80" sentence="0" number="79">发</token>
  <token t_id="81" sentence="0" number="80">生</token>
  <token t_id="82" sentence="0" number="81">较</token>
  <token t_id="83" sentence="0" number="82">大</token>
  <token t_id="84" sentence="0" number="83">透</token>
  <token t_id="85" sentence="0" number="84">水</token>
  <token t_id="86" sentence="0" number="85">事</token>
  <token t_id="87" sentence="0" number="86">故</token>
  <token t_id="88" sentence="0" number="87">，</token>
  <token t_id="89" sentence="0" number="88">造</token>
  <token t_id="90" sentence="0" number="89">成</token>
  <token t_id="91" sentence="0" number="90">9</token>
  <token t_id="92" sentence="0" number="91">人</token>
  <token t_id="93" sentence="0" number="92">死</token>
  <token t_id="94" sentence="0" number="93">亡</token>
  <token t_id="95" sentence="0" number="94">，</token>
  <token t_id="96" sentence="0" number="95">直</token>
  <token t_id="97" sentence="0" number="96">接</token>
  <token t_id="98" sentence="0" number="97">经</token>
  <token t_id="99" sentence="0" number="98">济</token>
  <token t_id="100" sentence="0" number="99">损</token>
  <token t_id="101" sentence="0" number="100">失</token>
  <token t_id="102" sentence="0" number="101">约</token>
  <token t_id="103" sentence="0" number="102">4</token>
  <token t_id="104" sentence="0" number="103">4</token>
  <token t_id="105" sentence="0" number="104">3</token>
  <token t_id="106" sentence="0" number="105">5</token>
  <token t_id="107" sentence="0" number="106">.</token>
  <token t_id="108" sentence="0" number="107">5</token>
  <token t_id="109" sentence="0" number="108">万</token>
  <token t_id="110" sentence="0" number="109">元</token>
  <token t_id="111" sentence="0" number="110">。</token>
  <token t_id="112" sentence="1" number="0">事</token>
  <token t_id="113" sentence="1" number="1">故</token>
  <token t_id="114" sentence="1" number="2">发</token>
  <token t_id="115" sentence="1" number="3">生</token>
  <token t_id="116" sentence="1" number="4">后</token>
  <token t_id="117" sentence="1" number="5">，</token>
  <token t_id="118" sentence="1" number="6">四</token>
  <token t_id="119" sentence="1" number="7">川</token>
  <token t_id="120" sentence="1" number="8">省</token>
  <token t_id="121" sentence="1" number="9">纪</token>
  <token t_id="122" sentence="1" number="10">委</token>
  <token t_id="123" sentence="1" number="11">监</token>
  <token t_id="124" sentence="1" number="12">委</token>
  <token t_id="125" sentence="1" number="13">按</token>
  <token t_id="126" sentence="1" number="14">照</token>
  <token t_id="127" sentence="1" number="15">有</token>
  <token t_id="128" sentence="1" number="16">关</token>
  <token t_id="129" sentence="1" number="17">规</token>
  <token t_id="130" sentence="1" number="18">定</token>
  <token t_id="131" sentence="1" number="19">和</token>
  <token t_id="132" sentence="1" number="20">程</token>
  <token t_id="133" sentence="1" number="21">序</token>
  <token t_id="134" sentence="1" number="22">，</token>
  <token t_id="135" sentence="1" number="23">迅</token>
  <token t_id="136" sentence="1" number="24">速</token>
  <token t_id="137" sentence="1" number="25">成</token>
  <token t_id="138" sentence="1" number="26">立</token>
  <token t_id="139" sentence="1" number="27">甘</token>
  <token t_id="140" sentence="1" number="28">孜</token>
  <token t_id="141" sentence="1" number="29">州</token>
  <token t_id="142" sentence="1" number="30">丹</token>
  <token t_id="143" sentence="1" number="31">巴</token>
  <token t_id="144" sentence="1" number="32">县</token>
  <token t_id="145" sentence="1" number="33">关</token>
  <token t_id="146" sentence="1" number="34">州</token>
  <token t_id="147" sentence="1" number="35">水</token>
  <token t_id="148" sentence="1" number="36">电</token>
  <token t_id="149" sentence="1" number="37">站</token>
  <token t_id="150" sentence="1" number="38">“</token>
  <token t_id="151" sentence="1" number="39">1</token>
  <token t_id="152" sentence="1" number="40">·</token>
  <token t_id="153" sentence="1" number="41">1</token>
  <token t_id="154" sentence="1" number="42">2</token>
  <token t_id="155" sentence="1" number="43">”</token>
  <token t_id="156" sentence="1" number="44">较</token>
  <token t_id="157" sentence="1" number="45">大</token>
  <token t_id="158" sentence="1" number="46">透</token>
  <token t_id="159" sentence="1" number="47">水</token>
  <token t_id="160" sentence="1" number="48">事</token>
  <token t_id="161" sentence="1" number="49">故</token>
  <token t_id="162" sentence="1" number="50">追</token>
  <token t_id="163" sentence="1" number="51">责</token>
  <token t_id="164" sentence="1" number="52">问</token>
  <token t_id="165" sentence="1" number="53">责</token>
  <token t_id="166" sentence="1" number="54">审</token>
  <token t_id="167" sentence="1" number="55">查</token>
  <token t_id="168" sentence="1" number="56">调</token>
  <token t_id="169" sentence="1" number="57">查</token>
  <token t_id="170" sentence="1" number="58">组</token>
  <token t_id="171" sentence="1" number="59">，</token>
  <token t_id="172" sentence="1" number="60">依</token>
  <token t_id="173" sentence="1" number="61">据</token>
  <token t_id="174" sentence="1" number="62">省</token>
  <token t_id="175" sentence="1" number="63">政</token>
  <token t_id="176" sentence="1" number="64">府</token>
  <token t_id="177" sentence="1" number="65">事</token>
  <token t_id="178" sentence="1" number="66">故</token>
  <token t_id="179" sentence="1" number="67">提</token>
  <token t_id="180" sentence="1" number="68">级</token>
  <token t_id="181" sentence="1" number="69">调</token>
  <token t_id="182" sentence="1" number="70">查</token>
  <token t_id="183" sentence="1" number="71">组</token>
  <token t_id="184" sentence="1" number="72">关</token>
  <token t_id="185" sentence="1" number="73">于</token>
  <token t_id="186" sentence="1" number="74">关</token>
  <token t_id="187" sentence="1" number="75">州</token>
  <token t_id="188" sentence="1" number="76">水</token>
  <token t_id="189" sentence="1" number="77">电</token>
  <token t_id="190" sentence="1" number="78">站</token>
  <token t_id="191" sentence="1" number="79">“</token>
  <token t_id="192" sentence="1" number="80">1</token>
  <token t_id="193" sentence="1" number="81">·</token>
  <token t_id="194" sentence="1" number="82">1</token>
  <token t_id="195" sentence="1" number="83">2</token>
  <token t_id="196" sentence="1" number="84">”</token>
  <token t_id="197" sentence="1" number="85">透</token>
  <token t_id="198" sentence="1" number="86">水</token>
  <token t_id="199" sentence="1" number="87">事</token>
  <token t_id="200" sentence="1" number="88">故</token>
  <token t_id="201" sentence="1" number="89">是</token>
  <token t_id="202" sentence="1" number="90">一</token>
  <token t_id="203" sentence="1" number="91">起</token>
  <token t_id="204" sentence="1" number="92">较</token>
  <token t_id="205" sentence="1" number="93">大</token>
  <token t_id="206" sentence="1" number="94">生</token>
  <token t_id="207" sentence="1" number="95">产</token>
  <token t_id="208" sentence="1" number="96">安</token>
  <token t_id="209" sentence="1" number="97">全</token>
  <token t_id="210" sentence="1" number="98">责</token>
  <token t_id="211" sentence="1" number="99">任</token>
  <token t_id="212" sentence="1" number="100">事</token>
  <token t_id="213" sentence="1" number="101">故</token>
  <token t_id="214" sentence="1" number="102">的</token>
  <token t_id="215" sentence="1" number="103">认</token>
  <token t_id="216" sentence="1" number="104">定</token>
  <token t_id="217" sentence="1" number="105">，</token>
  <token t_id="218" sentence="1" number="106">对</token>
  <token t_id="219" sentence="1" number="107">地</token>
  <token t_id="220" sentence="1" number="108">方</token>
  <token t_id="221" sentence="1" number="109">党</token>
  <token t_id="222" sentence="1" number="110">委</token>
  <token t_id="223" sentence="1" number="111">政</token>
  <token t_id="224" sentence="1" number="112">府</token>
  <token t_id="225" sentence="1" number="113">、</token>
  <token t_id="226" sentence="1" number="114">责</token>
  <token t_id="227" sentence="1" number="115">任</token>
  <token t_id="228" sentence="1" number="116">单</token>
  <token t_id="229" sentence="1" number="117">位</token>
  <token t_id="230" sentence="1" number="118">及</token>
  <token t_id="231" sentence="1" number="119">人</token>
  <token t_id="232" sentence="1" number="120">员</token>
  <token t_id="233" sentence="1" number="121">及</token>
  <token t_id="234" sentence="1" number="122">时</token>
  <token t_id="235" sentence="1" number="123">启</token>
  <token t_id="236" sentence="1" number="124">动</token>
  <token t_id="237" sentence="1" number="125">问</token>
  <token t_id="238" sentence="1" number="126">责</token>
  <token t_id="239" sentence="1" number="127">调</token>
  <token t_id="240" sentence="1" number="128">查</token>
  <token t_id="241" sentence="1" number="129">工</token>
  <token t_id="242" sentence="1" number="130">作</token>
  <token t_id="243" sentence="1" number="131">并</token>
  <token t_id="244" sentence="1" number="132">依</token>
  <token t_id="245" sentence="1" number="133">规</token>
  <token t_id="246" sentence="1" number="134">依</token>
  <token t_id="247" sentence="1" number="135">纪</token>
  <token t_id="248" sentence="1" number="136">依</token>
  <token t_id="249" sentence="1" number="137">法</token>
  <token t_id="250" sentence="1" number="138">开</token>
  <token t_id="251" sentence="1" number="139">展</token>
  <token t_id="252" sentence="1" number="140">审</token>
  <token t_id="253" sentence="1" number="141">查</token>
  <token t_id="254" sentence="1" number="142">调</token>
  <token t_id="255" sentence="1" number="143">查</token>
  <token t_id="256" sentence="1" number="144">，</token>
  <token t_id="257" sentence="1" number="145">查</token>
  <token t_id="258" sentence="1" number="146">明</token>
  <token t_id="259" sentence="1" number="147">了</token>
  <token t_id="260" sentence="1" number="148">有</token>
  <token t_id="261" sentence="1" number="149">关</token>
  <token t_id="262" sentence="1" number="150">失</token>
  <token t_id="263" sentence="1" number="151">职</token>
  <token t_id="264" sentence="1" number="152">失</token>
  <token t_id="265" sentence="1" number="153">责</token>
  <token t_id="266" sentence="1" number="154">问</token>
  <token t_id="267" sentence="1" number="155">题</token>
  <token t_id="268" sentence="1" number="156">。</token>
  <token t_id="269" sentence="2" number="0">经</token>
  <token t_id="270" sentence="2" number="1">省</token>
  <token t_id="271" sentence="2" number="2">委</token>
  <token t_id="272" sentence="2" number="3">批</token>
  <token t_id="273" sentence="2" number="4">准</token>
  <token t_id="274" sentence="2" number="5">，</token>
  <token t_id="275" sentence="2" number="6">省</token>
  <token t_id="276" sentence="2" number="7">纪</token>
  <token t_id="277" sentence="2" number="8">委</token>
  <token t_id="278" sentence="2" number="9">监</token>
  <token t_id="279" sentence="2" number="10">委</token>
  <token t_id="280" sentence="2" number="11">依</token>
  <token t_id="281" sentence="2" number="12">据</token>
  <token t_id="282" sentence="2" number="13">《</token>
  <token t_id="283" sentence="2" number="14">中</token>
  <token t_id="284" sentence="2" number="15">国</token>
  <token t_id="285" sentence="2" number="16">共</token>
  <token t_id="286" sentence="2" number="17">产</token>
  <token t_id="287" sentence="2" number="18">党</token>
  <token t_id="288" sentence="2" number="19">问</token>
  <token t_id="289" sentence="2" number="20">责</token>
  <token t_id="290" sentence="2" number="21">条</token>
  <token t_id="291" sentence="2" number="22">例</token>
  <token t_id="292" sentence="2" number="23">》</token>
  <token t_id="293" sentence="2" number="24">《</token>
  <token t_id="294" sentence="2" number="25">中</token>
  <token t_id="295" sentence="2" number="26">国</token>
  <token t_id="296" sentence="2" number="27">共</token>
  <token t_id="297" sentence="2" number="28">产</token>
  <token t_id="298" sentence="2" number="29">党</token>
  <token t_id="299" sentence="2" number="30">纪</token>
  <token t_id="300" sentence="2" number="31">律</token>
  <token t_id="301" sentence="2" number="32">处</token>
  <token t_id="302" sentence="2" number="33">分</token>
  <token t_id="303" sentence="2" number="34">条</token>
  <token t_id="304" sentence="2" number="35">例</token>
  <token t_id="305" sentence="2" number="36">》</token>
  <token t_id="306" sentence="2" number="37">《</token>
  <token t_id="307" sentence="2" number="38">中</token>
  <token t_id="308" sentence="2" number="39">华</token>
  <token t_id="309" sentence="2" number="40">人</token>
  <token t_id="310" sentence="2" number="41">民</token>
  <token t_id="311" sentence="2" number="42">共</token>
  <token t_id="312" sentence="2" number="43">和</token>
  <token t_id="313" sentence="2" number="44">国</token>
  <token t_id="314" sentence="2" number="45">公</token>
  <token t_id="315" sentence="2" number="46">职</token>
  <token t_id="316" sentence="2" number="47">人</token>
  <token t_id="317" sentence="2" number="48">员</token>
  <token t_id="318" sentence="2" number="49">政</token>
  <token t_id="319" sentence="2" number="50">务</token>
  <token t_id="320" sentence="2" number="51">处</token>
  <token t_id="321" sentence="2" number="52">分</token>
  <token t_id="322" sentence="2" number="53">法</token>
  <token t_id="323" sentence="2" number="54">》</token>
  <token t_id="324" sentence="2" number="55">等</token>
  <token t_id="325" sentence="2" number="56">规</token>
  <token t_id="326" sentence="2" number="57">定</token>
  <token t_id="327" sentence="2" number="58">，</token>
  <token t_id="328" sentence="2" number="59">对</token>
  <token t_id="329" sentence="2" number="60">甘</token>
  <token t_id="330" sentence="2" number="61">孜</token>
  <token t_id="331" sentence="2" number="62">州</token>
  <token t_id="332" sentence="2" number="63">、</token>
  <token t_id="333" sentence="2" number="64">丹</token>
  <token t_id="334" sentence="2" number="65">巴</token>
  <token t_id="335" sentence="2" number="66">县</token>
  <token t_id="336" sentence="2" number="67">党</token>
  <token t_id="337" sentence="2" number="68">委</token>
  <token t_id="338" sentence="2" number="69">政</token>
  <token t_id="339" sentence="2" number="70">府</token>
  <token t_id="340" sentence="2" number="71">及</token>
  <token t_id="341" sentence="2" number="72">相</token>
  <token t_id="342" sentence="2" number="73">关</token>
  <token t_id="343" sentence="2" number="74">责</token>
  <token t_id="344" sentence="2" number="75">任</token>
  <token t_id="345" sentence="2" number="76">单</token>
  <token t_id="346" sentence="2" number="77">位</token>
  <token t_id="347" sentence="2" number="78">和</token>
  <token t_id="348" sentence="2" number="79">责</token>
  <token t_id="349" sentence="2" number="80">任</token>
  <token t_id="350" sentence="2" number="81">人</token>
  <token t_id="351" sentence="2" number="82">员</token>
  <token t_id="352" sentence="2" number="83">严</token>
  <token t_id="353" sentence="2" number="84">肃</token>
  <token t_id="354" sentence="2" number="85">问</token>
  <token t_id="355" sentence="2" number="86">责</token>
  <token t_id="356" sentence="2" number="87">。</token>
  <token t_id="357" sentence="3" number="0">现</token>
  <token t_id="358" sentence="3" number="1">将</token>
  <token t_id="359" sentence="3" number="2">问</token>
  <token t_id="360" sentence="3" number="3">责</token>
  <token t_id="361" sentence="3" number="4">情</token>
  <token t_id="362" sentence="3" number="5">况</token>
  <token t_id="363" sentence="3" number="6">通</token>
  <token t_id="364" sentence="3" number="7">报</token>
  <token t_id="365" sentence="3" number="8">如</token>
  <token t_id="366" sentence="3" number="9">下</token>
  <token t_id="367" sentence="3" number="10">。</token>
  <token t_id="368" sentence="4" number="0">1</token>
  <token t_id="369" sentence="4" number="1">．</token>
  <token t_id="370" sentence="4" number="2">责</token>
  <token t_id="371" sentence="4" number="3">令</token>
  <token t_id="372" sentence="4" number="4">甘</token>
  <token t_id="373" sentence="4" number="5">孜</token>
  <token t_id="374" sentence="4" number="6">州</token>
  <token t_id="375" sentence="4" number="7">委</token>
  <token t_id="376" sentence="4" number="8">、</token>
  <token t_id="377" sentence="4" number="9">州</token>
  <token t_id="378" sentence="4" number="10">政</token>
  <token t_id="379" sentence="4" number="11">府</token>
  <token t_id="380" sentence="4" number="12">向</token>
  <token t_id="381" sentence="4" number="13">省</token>
  <token t_id="382" sentence="4" number="14">委</token>
  <token t_id="383" sentence="4" number="15">、</token>
  <token t_id="384" sentence="4" number="16">省</token>
  <token t_id="385" sentence="4" number="17">政</token>
  <token t_id="386" sentence="4" number="18">府</token>
  <token t_id="387" sentence="4" number="19">作</token>
  <token t_id="388" sentence="4" number="20">出</token>
  <token t_id="389" sentence="4" number="21">书</token>
  <token t_id="390" sentence="4" number="22">面</token>
  <token t_id="391" sentence="4" number="23">检</token>
  <token t_id="392" sentence="4" number="24">查</token>
  <token t_id="393" sentence="4" number="25">。</token>
  <token t_id="394" sentence="5" number="0">2</token>
  <token t_id="395" sentence="5" number="1">．</token>
  <token t_id="396" sentence="5" number="2">责</token>
  <token t_id="397" sentence="5" number="3">令</token>
  <token t_id="398" sentence="5" number="4">丹</token>
  <token t_id="399" sentence="5" number="5">巴</token>
  <token t_id="400" sentence="5" number="6">县</token>
  <token t_id="401" sentence="5" number="7">委</token>
  <token t_id="402" sentence="5" number="8">、</token>
  <token t_id="403" sentence="5" number="9">县</token>
  <token t_id="404" sentence="5" number="10">政</token>
  <token t_id="405" sentence="5" number="11">府</token>
  <token t_id="406" sentence="5" number="12">向</token>
  <token t_id="407" sentence="5" number="13">甘</token>
  <token t_id="408" sentence="5" number="14">孜</token>
  <token t_id="409" sentence="5" number="15">州</token>
  <token t_id="410" sentence="5" number="16">委</token>
  <token t_id="411" sentence="5" number="17">、</token>
  <token t_id="412" sentence="5" number="18">州</token>
  <token t_id="413" sentence="5" number="19">政</token>
  <token t_id="414" sentence="5" number="20">府</token>
  <token t_id="415" sentence="5" number="21">作</token>
  <token t_id="416" sentence="5" number="22">出</token>
  <token t_id="417" sentence="5" number="23">书</token>
  <token t_id="418" sentence="5" number="24">面</token>
  <token t_id="419" sentence="5" number="25">检</token>
  <token t_id="420" sentence="5" number="26">查</token>
  <token t_id="421" sentence="5" number="27">。</token>
  <token t_id="422" sentence="6" number="0">1</token>
  <token t_id="423" sentence="6" number="1">．</token>
  <token t_id="424" sentence="6" number="2">责</token>
  <token t_id="425" sentence="6" number="3">令</token>
  <token t_id="426" sentence="6" number="4">甘</token>
  <token t_id="427" sentence="6" number="5">孜</token>
  <token t_id="428" sentence="6" number="6">州</token>
  <token t_id="429" sentence="6" number="7">发</token>
  <token t_id="430" sentence="6" number="8">展</token>
  <token t_id="431" sentence="6" number="9">和</token>
  <token t_id="432" sentence="6" number="10">改</token>
  <token t_id="433" sentence="6" number="11">革</token>
  <token t_id="434" sentence="6" number="12">委</token>
  <token t_id="435" sentence="6" number="13">员</token>
  <token t_id="436" sentence="6" number="14">会</token>
  <token t_id="437" sentence="6" number="15">向</token>
  <token t_id="438" sentence="6" number="16">甘</token>
  <token t_id="439" sentence="6" number="17">孜</token>
  <token t_id="440" sentence="6" number="18">州</token>
  <token t_id="441" sentence="6" number="19">委</token>
  <token t_id="442" sentence="6" number="20">、</token>
  <token t_id="443" sentence="6" number="21">州</token>
  <token t_id="444" sentence="6" number="22">政</token>
  <token t_id="445" sentence="6" number="23">府</token>
  <token t_id="446" sentence="6" number="24">作</token>
  <token t_id="447" sentence="6" number="25">出</token>
  <token t_id="448" sentence="6" number="26">书</token>
  <token t_id="449" sentence="6" number="27">面</token>
  <token t_id="450" sentence="6" number="28">检</token>
  <token t_id="451" sentence="6" number="29">查</token>
  <token t_id="452" sentence="6" number="30">，</token>
  <token t_id="453" sentence="6" number="31">由</token>
  <token t_id="454" sentence="6" number="32">甘</token>
  <token t_id="455" sentence="6" number="33">孜</token>
  <token t_id="456" sentence="6" number="34">州</token>
  <token t_id="457" sentence="6" number="35">委</token>
  <token t_id="458" sentence="6" number="36">、</token>
  <token t_id="459" sentence="6" number="37">州</token>
  <token t_id="460" sentence="6" number="38">政</token>
  <token t_id="461" sentence="6" number="39">府</token>
  <token t_id="462" sentence="6" number="40">对</token>
  <token t_id="463" sentence="6" number="41">丹</token>
  <token t_id="464" sentence="6" number="42">巴</token>
  <token t_id="465" sentence="6" number="43">县</token>
  <token t_id="466" sentence="6" number="44">发</token>
  <token t_id="467" sentence="6" number="45">展</token>
  <token t_id="468" sentence="6" number="46">和</token>
  <token t_id="469" sentence="6" number="47">改</token>
  <token t_id="470" sentence="6" number="48">革</token>
  <token t_id="471" sentence="6" number="49">局</token>
  <token t_id="472" sentence="6" number="50">在</token>
  <token t_id="473" sentence="6" number="51">全</token>
  <token t_id="474" sentence="6" number="52">州</token>
  <token t_id="475" sentence="6" number="53">范</token>
  <token t_id="476" sentence="6" number="54">围</token>
  <token t_id="477" sentence="6" number="55">内</token>
  <token t_id="478" sentence="6" number="56">进</token>
  <token t_id="479" sentence="6" number="57">行</token>
  <token t_id="480" sentence="6" number="58">通</token>
  <token t_id="481" sentence="6" number="59">报</token>
  <token t_id="482" sentence="6" number="60">。</token>
  <token t_id="483" sentence="7" number="0">2</token>
  <token t_id="484" sentence="7" number="1">．</token>
  <token t_id="485" sentence="7" number="2">责</token>
  <token t_id="486" sentence="7" number="3">令</token>
  <token t_id="487" sentence="7" number="4">甘</token>
  <token t_id="488" sentence="7" number="5">孜</token>
  <token t_id="489" sentence="7" number="6">州</token>
  <token t_id="490" sentence="7" number="7">经</token>
  <token t_id="491" sentence="7" number="8">济</token>
  <token t_id="492" sentence="7" number="9">和</token>
  <token t_id="493" sentence="7" number="10">信</token>
  <token t_id="494" sentence="7" number="11">息</token>
  <token t_id="495" sentence="7" number="12">化</token>
  <token t_id="496" sentence="7" number="13">局</token>
  <token t_id="497" sentence="7" number="14">向</token>
  <token t_id="498" sentence="7" number="15">甘</token>
  <token t_id="499" sentence="7" number="16">孜</token>
  <token t_id="500" sentence="7" number="17">州</token>
  <token t_id="501" sentence="7" number="18">委</token>
  <token t_id="502" sentence="7" number="19">、</token>
  <token t_id="503" sentence="7" number="20">州</token>
  <token t_id="504" sentence="7" number="21">政</token>
  <token t_id="505" sentence="7" number="22">府</token>
  <token t_id="506" sentence="7" number="23">作</token>
  <token t_id="507" sentence="7" number="24">出</token>
  <token t_id="508" sentence="7" number="25">书</token>
  <token t_id="509" sentence="7" number="26">面</token>
  <token t_id="510" sentence="7" number="27">检</token>
  <token t_id="511" sentence="7" number="28">查</token>
  <token t_id="512" sentence="7" number="29">，</token>
  <token t_id="513" sentence="7" number="30">丹</token>
  <token t_id="514" sentence="7" number="31">巴</token>
  <token t_id="515" sentence="7" number="32">县</token>
  <token t_id="516" sentence="7" number="33">经</token>
  <token t_id="517" sentence="7" number="34">济</token>
  <token t_id="518" sentence="7" number="35">信</token>
  <token t_id="519" sentence="7" number="36">息</token>
  <token t_id="520" sentence="7" number="37">和</token>
  <token t_id="521" sentence="7" number="38">商</token>
  <token t_id="522" sentence="7" number="39">务</token>
  <token t_id="523" sentence="7" number="40">合</token>
  <token t_id="524" sentence="7" number="41">作</token>
  <token t_id="525" sentence="7" number="42">局</token>
  <token t_id="526" sentence="7" number="43">向</token>
  <token t_id="527" sentence="7" number="44">丹</token>
  <token t_id="528" sentence="7" number="45">巴</token>
  <token t_id="529" sentence="7" number="46">县</token>
  <token t_id="530" sentence="7" number="47">委</token>
  <token t_id="531" sentence="7" number="48">、</token>
  <token t_id="532" sentence="7" number="49">县</token>
  <token t_id="533" sentence="7" number="50">政</token>
  <token t_id="534" sentence="7" number="51">府</token>
  <token t_id="535" sentence="7" number="52">作</token>
  <token t_id="536" sentence="7" number="53">出</token>
  <token t_id="537" sentence="7" number="54">书</token>
  <token t_id="538" sentence="7" number="55">面</token>
  <token t_id="539" sentence="7" number="56">检</token>
  <token t_id="540" sentence="7" number="57">查</token>
  <token t_id="541" sentence="7" number="58">。</token>
  <token t_id="542" sentence="8" number="0">1</token>
  <token t_id="543" sentence="8" number="1">．</token>
  <token t_id="544" sentence="8" number="2">邓</token>
  <token t_id="545" sentence="8" number="3">立</token>
  <token t_id="546" sentence="8" number="4">军</token>
  <token t_id="547" sentence="8" number="5">，</token>
  <token t_id="548" sentence="8" number="6">甘</token>
  <token t_id="549" sentence="8" number="7">孜</token>
  <token t_id="550" sentence="8" number="8">州</token>
  <token t_id="551" sentence="8" number="9">委</token>
  <token t_id="552" sentence="8" number="10">常</token>
  <token t_id="553" sentence="8" number="11">委</token>
  <token t_id="554" sentence="8" number="12">，</token>
  <token t_id="555" sentence="8" number="13">州</token>
  <token t_id="556" sentence="8" number="14">政</token>
  <token t_id="557" sentence="8" number="15">府</token>
  <token t_id="558" sentence="8" number="16">党</token>
  <token t_id="559" sentence="8" number="17">组</token>
  <token t_id="560" sentence="8" number="18">副</token>
  <token t_id="561" sentence="8" number="19">书</token>
  <token t_id="562" sentence="8" number="20">记</token>
  <token t_id="563" sentence="8" number="21">、</token>
  <token t_id="564" sentence="8" number="22">常</token>
  <token t_id="565" sentence="8" number="23">务</token>
  <token t_id="566" sentence="8" number="24">副</token>
  <token t_id="567" sentence="8" number="25">州</token>
  <token t_id="568" sentence="8" number="26">长</token>
  <token t_id="569" sentence="8" number="27">，</token>
  <token t_id="570" sentence="8" number="28">责</token>
  <token t_id="571" sentence="8" number="29">令</token>
  <token t_id="572" sentence="8" number="30">检</token>
  <token t_id="573" sentence="8" number="31">查</token>
  <token t_id="574" sentence="8" number="32">。</token>
  <token t_id="575" sentence="9" number="0">2</token>
  <token t_id="576" sentence="9" number="1">．</token>
  <token t_id="577" sentence="9" number="2">冯</token>
  <token t_id="578" sentence="9" number="3">俊</token>
  <token t_id="579" sentence="9" number="4">锋</token>
  <token t_id="580" sentence="9" number="5">，</token>
  <token t_id="581" sentence="9" number="6">甘</token>
  <token t_id="582" sentence="9" number="7">孜</token>
  <token t_id="583" sentence="9" number="8">州</token>
  <token t_id="584" sentence="9" number="9">政</token>
  <token t_id="585" sentence="9" number="10">府</token>
  <token t_id="586" sentence="9" number="11">党</token>
  <token t_id="587" sentence="9" number="12">组</token>
  <token t_id="588" sentence="9" number="13">成</token>
  <token t_id="589" sentence="9" number="14">员</token>
  <token t_id="590" sentence="9" number="15">、</token>
  <token t_id="591" sentence="9" number="16">副</token>
  <token t_id="592" sentence="9" number="17">州</token>
  <token t_id="593" sentence="9" number="18">长</token>
  <token t_id="594" sentence="9" number="19">，</token>
  <token t_id="595" sentence="9" number="20">责</token>
  <token t_id="596" sentence="9" number="21">令</token>
  <token t_id="597" sentence="9" number="22">检</token>
  <token t_id="598" sentence="9" number="23">查</token>
  <token t_id="599" sentence="9" number="24">。</token>
  <token t_id="600" sentence="10" number="0">3</token>
  <token t_id="601" sentence="10" number="1">．</token>
  <token t_id="602" sentence="10" number="2">何</token>
  <token t_id="603" sentence="10" number="3">文</token>
  <token t_id="604" sentence="10" number="4">才</token>
  <token t_id="605" sentence="10" number="5">，</token>
  <token t_id="606" sentence="10" number="6">甘</token>
  <token t_id="607" sentence="10" number="7">孜</token>
  <token t_id="608" sentence="10" number="8">州</token>
  <token t_id="609" sentence="10" number="9">政</token>
  <token t_id="610" sentence="10" number="10">府</token>
  <token t_id="611" sentence="10" number="11">党</token>
  <token t_id="612" sentence="10" number="12">组</token>
  <token t_id="613" sentence="10" number="13">成</token>
  <token t_id="614" sentence="10" number="14">员</token>
  <token t_id="615" sentence="10" number="15">、</token>
  <token t_id="616" sentence="10" number="16">副</token>
  <token t_id="617" sentence="10" number="17">州</token>
  <token t_id="618" sentence="10" number="18">长</token>
  <token t_id="619" sentence="10" number="19">兼</token>
  <token t_id="620" sentence="10" number="20">丹</token>
  <token t_id="621" sentence="10" number="21">巴</token>
  <token t_id="622" sentence="10" number="22">县</token>
  <token t_id="623" sentence="10" number="23">委</token>
  <token t_id="624" sentence="10" number="24">书</token>
  <token t_id="625" sentence="10" number="25">记</token>
  <token t_id="626" sentence="10" number="26">，</token>
  <token t_id="627" sentence="10" number="27">给</token>
  <token t_id="628" sentence="10" number="28">予</token>
  <token t_id="629" sentence="10" number="29">党</token>
  <token t_id="630" sentence="10" number="30">内</token>
  <token t_id="631" sentence="10" number="31">严</token>
  <token t_id="632" sentence="10" number="32">重</token>
  <token t_id="633" sentence="10" number="33">警</token>
  <token t_id="634" sentence="10" number="34">告</token>
  <token t_id="635" sentence="10" number="35">处</token>
  <token t_id="636" sentence="10" number="36">分</token>
  <token t_id="637" sentence="10" number="37">，</token>
  <token t_id="638" sentence="10" number="38">免</token>
  <token t_id="639" sentence="10" number="39">去</token>
  <token t_id="640" sentence="10" number="40">其</token>
  <token t_id="641" sentence="10" number="41">甘</token>
  <token t_id="642" sentence="10" number="42">孜</token>
  <token t_id="643" sentence="10" number="43">州</token>
  <token t_id="644" sentence="10" number="44">政</token>
  <token t_id="645" sentence="10" number="45">府</token>
  <token t_id="646" sentence="10" number="46">副</token>
  <token t_id="647" sentence="10" number="47">州</token>
  <token t_id="648" sentence="10" number="48">长</token>
  <token t_id="649" sentence="10" number="49">、</token>
  <token t_id="650" sentence="10" number="50">丹</token>
  <token t_id="651" sentence="10" number="51">巴</token>
  <token t_id="652" sentence="10" number="52">县</token>
  <token t_id="653" sentence="10" number="53">委</token>
  <token t_id="654" sentence="10" number="54">书</token>
  <token t_id="655" sentence="10" number="55">记</token>
  <token t_id="656" sentence="10" number="56">职</token>
  <token t_id="657" sentence="10" number="57">务</token>
  <token t_id="658" sentence="10" number="58">。</token>
  <token t_id="659" sentence="11" number="0">4</token>
  <token t_id="660" sentence="11" number="1">．</token>
  <token t_id="661" sentence="11" number="2">李</token>
  <token t_id="662" sentence="11" number="3">樱</token>
  <token t_id="663" sentence="11" number="4">（</token>
  <token t_id="664" sentence="11" number="5">女</token>
  <token t_id="665" sentence="11" number="6">）</token>
  <token t_id="666" sentence="11" number="7">，</token>
  <token t_id="667" sentence="11" number="8">丹</token>
  <token t_id="668" sentence="11" number="9">巴</token>
  <token t_id="669" sentence="11" number="10">县</token>
  <token t_id="670" sentence="11" number="11">委</token>
  <token t_id="671" sentence="11" number="12">副</token>
  <token t_id="672" sentence="11" number="13">书</token>
  <token t_id="673" sentence="11" number="14">记</token>
  <token t_id="674" sentence="11" number="15">、</token>
  <token t_id="675" sentence="11" number="16">县</token>
  <token t_id="676" sentence="11" number="17">长</token>
  <token t_id="677" sentence="11" number="18">，</token>
  <token t_id="678" sentence="11" number="19">给</token>
  <token t_id="679" sentence="11" number="20">予</token>
  <token t_id="680" sentence="11" number="21">政</token>
  <token t_id="681" sentence="11" number="22">务</token>
  <token t_id="682" sentence="11" number="23">记</token>
  <token t_id="683" sentence="11" number="24">大</token>
  <token t_id="684" sentence="11" number="25">过</token>
  <token t_id="685" sentence="11" number="26">处</token>
  <token t_id="686" sentence="11" number="27">分</token>
  <token t_id="687" sentence="11" number="28">。</token>
  <token t_id="688" sentence="12" number="0">5</token>
  <token t_id="689" sentence="12" number="1">．</token>
  <token t_id="690" sentence="12" number="2">罗</token>
  <token t_id="691" sentence="12" number="3">顺</token>
  <token t_id="692" sentence="12" number="4">方</token>
  <token t_id="693" sentence="12" number="5">，</token>
  <token t_id="694" sentence="12" number="6">丹</token>
  <token t_id="695" sentence="12" number="7">巴</token>
  <token t_id="696" sentence="12" number="8">县</token>
  <token t_id="697" sentence="12" number="9">委</token>
  <token t_id="698" sentence="12" number="10">常</token>
  <token t_id="699" sentence="12" number="11">委</token>
  <token t_id="700" sentence="12" number="12">，</token>
  <token t_id="701" sentence="12" number="13">县</token>
  <token t_id="702" sentence="12" number="14">政</token>
  <token t_id="703" sentence="12" number="15">府</token>
  <token t_id="704" sentence="12" number="16">党</token>
  <token t_id="705" sentence="12" number="17">组</token>
  <token t_id="706" sentence="12" number="18">副</token>
  <token t_id="707" sentence="12" number="19">书</token>
  <token t_id="708" sentence="12" number="20">记</token>
  <token t_id="709" sentence="12" number="21">、</token>
  <token t_id="710" sentence="12" number="22">常</token>
  <token t_id="711" sentence="12" number="23">务</token>
  <token t_id="712" sentence="12" number="24">副</token>
  <token t_id="713" sentence="12" number="25">县</token>
  <token t_id="714" sentence="12" number="26">长</token>
  <token t_id="715" sentence="12" number="27">，</token>
  <token t_id="716" sentence="12" number="28">给</token>
  <token t_id="717" sentence="12" number="29">予</token>
  <token t_id="718" sentence="12" number="30">党</token>
  <token t_id="719" sentence="12" number="31">内</token>
  <token t_id="720" sentence="12" number="32">严</token>
  <token t_id="721" sentence="12" number="33">重</token>
  <token t_id="722" sentence="12" number="34">警</token>
  <token t_id="723" sentence="12" number="35">告</token>
  <token t_id="724" sentence="12" number="36">、</token>
  <token t_id="725" sentence="12" number="37">政</token>
  <token t_id="726" sentence="12" number="38">务</token>
  <token t_id="727" sentence="12" number="39">降</token>
  <token t_id="728" sentence="12" number="40">级</token>
  <token t_id="729" sentence="12" number="41">处</token>
  <token t_id="730" sentence="12" number="42">分</token>
  <token t_id="731" sentence="12" number="43">。</token>
  <token t_id="732" sentence="13" number="0">6</token>
  <token t_id="733" sentence="13" number="1">．</token>
  <token t_id="734" sentence="13" number="2">陈</token>
  <token t_id="735" sentence="13" number="3">永</token>
  <token t_id="736" sentence="13" number="4">红</token>
  <token t_id="737" sentence="13" number="5">，</token>
  <token t_id="738" sentence="13" number="6">丹</token>
  <token t_id="739" sentence="13" number="7">巴</token>
  <token t_id="740" sentence="13" number="8">县</token>
  <token t_id="741" sentence="13" number="9">委</token>
  <token t_id="742" sentence="13" number="10">常</token>
  <token t_id="743" sentence="13" number="11">委</token>
  <token t_id="744" sentence="13" number="12">，</token>
  <token t_id="745" sentence="13" number="13">县</token>
  <token t_id="746" sentence="13" number="14">政</token>
  <token t_id="747" sentence="13" number="15">府</token>
  <token t_id="748" sentence="13" number="16">党</token>
  <token t_id="749" sentence="13" number="17">组</token>
  <token t_id="750" sentence="13" number="18">成</token>
  <token t_id="751" sentence="13" number="19">员</token>
  <token t_id="752" sentence="13" number="20">、</token>
  <token t_id="753" sentence="13" number="21">副</token>
  <token t_id="754" sentence="13" number="22">县</token>
  <token t_id="755" sentence="13" number="23">长</token>
  <token t_id="756" sentence="13" number="24">，</token>
  <token t_id="757" sentence="13" number="25">给</token>
  <token t_id="758" sentence="13" number="26">予</token>
  <token t_id="759" sentence="13" number="27">党</token>
  <token t_id="760" sentence="13" number="28">内</token>
  <token t_id="761" sentence="13" number="29">严</token>
  <token t_id="762" sentence="13" number="30">重</token>
  <token t_id="763" sentence="13" number="31">警</token>
  <token t_id="764" sentence="13" number="32">告</token>
  <token t_id="765" sentence="13" number="33">处</token>
  <token t_id="766" sentence="13" number="34">分</token>
  <token t_id="767" sentence="13" number="35">。</token>
  <token t_id="768" sentence="14" number="0">7</token>
  <token t_id="769" sentence="14" number="1">．</token>
  <token t_id="770" sentence="14" number="2">谢</token>
  <token t_id="771" sentence="14" number="3">德</token>
  <token t_id="772" sentence="14" number="4">刚</token>
  <token t_id="773" sentence="14" number="5">，</token>
  <token t_id="774" sentence="14" number="6">丹</token>
  <token t_id="775" sentence="14" number="7">巴</token>
  <token t_id="776" sentence="14" number="8">县</token>
  <token t_id="777" sentence="14" number="9">政</token>
  <token t_id="778" sentence="14" number="10">协</token>
  <token t_id="779" sentence="14" number="11">党</token>
  <token t_id="780" sentence="14" number="12">组</token>
  <token t_id="781" sentence="14" number="13">成</token>
  <token t_id="782" sentence="14" number="14">员</token>
  <token t_id="783" sentence="14" number="15">、</token>
  <token t_id="784" sentence="14" number="16">副</token>
  <token t_id="785" sentence="14" number="17">主</token>
  <token t_id="786" sentence="14" number="18">席</token>
  <token t_id="787" sentence="14" number="19">，</token>
  <token t_id="788" sentence="14" number="20">给</token>
  <token t_id="789" sentence="14" number="21">予</token>
  <token t_id="790" sentence="14" number="22">政</token>
  <token t_id="791" sentence="14" number="23">务</token>
  <token t_id="792" sentence="14" number="24">记</token>
  <token t_id="793" sentence="14" number="25">大</token>
  <token t_id="794" sentence="14" number="26">过</token>
  <token t_id="795" sentence="14" number="27">处</token>
  <token t_id="796" sentence="14" number="28">分</token>
  <token t_id="797" sentence="14" number="29">。</token>
  <token t_id="798" sentence="15" number="0">8</token>
  <token t_id="799" sentence="15" number="1">．</token>
  <token t_id="800" sentence="15" number="2">周</token>
  <token t_id="801" sentence="15" number="3">世</token>
  <token t_id="802" sentence="15" number="4">武</token>
  <token t_id="803" sentence="15" number="5">，</token>
  <token t_id="804" sentence="15" number="6">甘</token>
  <token t_id="805" sentence="15" number="7">孜</token>
  <token t_id="806" sentence="15" number="8">州</token>
  <token t_id="807" sentence="15" number="9">发</token>
  <token t_id="808" sentence="15" number="10">展</token>
  <token t_id="809" sentence="15" number="11">和</token>
  <token t_id="810" sentence="15" number="12">改</token>
  <token t_id="811" sentence="15" number="13">革</token>
  <token t_id="812" sentence="15" number="14">委</token>
  <token t_id="813" sentence="15" number="15">员</token>
  <token t_id="814" sentence="15" number="16">会</token>
  <token t_id="815" sentence="15" number="17">党</token>
  <token t_id="816" sentence="15" number="18">组</token>
  <token t_id="817" sentence="15" number="19">书</token>
  <token t_id="818" sentence="15" number="20">记</token>
  <token t_id="819" sentence="15" number="21">、</token>
  <token t_id="820" sentence="15" number="22">主</token>
  <token t_id="821" sentence="15" number="23">任</token>
  <token t_id="822" sentence="15" number="24">兼</token>
  <token t_id="823" sentence="15" number="25">州</token>
  <token t_id="824" sentence="15" number="26">能</token>
  <token t_id="825" sentence="15" number="27">源</token>
  <token t_id="826" sentence="15" number="28">局</token>
  <token t_id="827" sentence="15" number="29">局</token>
  <token t_id="828" sentence="15" number="30">长</token>
  <token t_id="829" sentence="15" number="31">，</token>
  <token t_id="830" sentence="15" number="32">给</token>
  <token t_id="831" sentence="15" number="33">予</token>
  <token t_id="832" sentence="15" number="34">诫</token>
  <token t_id="833" sentence="15" number="35">勉</token>
  <token t_id="834" sentence="15" number="36">。</token>
  <token t_id="835" sentence="16" number="0">9</token>
  <token t_id="836" sentence="16" number="1">．</token>
  <token t_id="837" sentence="16" number="2">唐</token>
  <token t_id="838" sentence="16" number="3">华</token>
  <token t_id="839" sentence="16" number="4">，</token>
  <token t_id="840" sentence="16" number="5">甘</token>
  <token t_id="841" sentence="16" number="6">孜</token>
  <token t_id="842" sentence="16" number="7">州</token>
  <token t_id="843" sentence="16" number="8">发</token>
  <token t_id="844" sentence="16" number="9">展</token>
  <token t_id="845" sentence="16" number="10">和</token>
  <token t_id="846" sentence="16" number="11">改</token>
  <token t_id="847" sentence="16" number="12">革</token>
  <token t_id="848" sentence="16" number="13">委</token>
  <token t_id="849" sentence="16" number="14">员</token>
  <token t_id="850" sentence="16" number="15">会</token>
  <token t_id="851" sentence="16" number="16">党</token>
  <token t_id="852" sentence="16" number="17">组</token>
  <token t_id="853" sentence="16" number="18">成</token>
  <token t_id="854" sentence="16" number="19">员</token>
  <token t_id="855" sentence="16" number="20">、</token>
  <token t_id="856" sentence="16" number="21">副</token>
  <token t_id="857" sentence="16" number="22">主</token>
  <token t_id="858" sentence="16" number="23">任</token>
  <token t_id="859" sentence="16" number="24">，</token>
  <token t_id="860" sentence="16" number="25">给</token>
  <token t_id="861" sentence="16" number="26">予</token>
  <token t_id="862" sentence="16" number="27">政</token>
  <token t_id="863" sentence="16" number="28">务</token>
  <token t_id="864" sentence="16" number="29">警</token>
  <token t_id="865" sentence="16" number="30">告</token>
  <token t_id="866" sentence="16" number="31">处</token>
  <token t_id="867" sentence="16" number="32">分</token>
  <token t_id="868" sentence="16" number="33">。</token>
  <token t_id="869" sentence="17" number="0">1</token>
  <token t_id="870" sentence="17" number="1">0</token>
  <token t_id="871" sentence="17" number="2">．</token>
  <token t_id="872" sentence="17" number="3">徐</token>
  <token t_id="873" sentence="17" number="4">富</token>
  <token t_id="874" sentence="17" number="5">智</token>
  <token t_id="875" sentence="17" number="6">，</token>
  <token t_id="876" sentence="17" number="7">丹</token>
  <token t_id="877" sentence="17" number="8">巴</token>
  <token t_id="878" sentence="17" number="9">县</token>
  <token t_id="879" sentence="17" number="10">政</token>
  <token t_id="880" sentence="17" number="11">府</token>
  <token t_id="881" sentence="17" number="12">党</token>
  <token t_id="882" sentence="17" number="13">组</token>
  <token t_id="883" sentence="17" number="14">成</token>
  <token t_id="884" sentence="17" number="15">员</token>
  <token t_id="885" sentence="17" number="16">、</token>
  <token t_id="886" sentence="17" number="17">副</token>
  <token t_id="887" sentence="17" number="18">县</token>
  <token t_id="888" sentence="17" number="19">长</token>
  <token t_id="889" sentence="17" number="20">（</token>
  <token t_id="890" sentence="17" number="21">丹</token>
  <token t_id="891" sentence="17" number="22">巴</token>
  <token t_id="892" sentence="17" number="23">县</token>
  <token t_id="893" sentence="17" number="24">发</token>
  <token t_id="894" sentence="17" number="25">展</token>
  <token t_id="895" sentence="17" number="26">和</token>
  <token t_id="896" sentence="17" number="27">改</token>
  <token t_id="897" sentence="17" number="28">革</token>
  <token t_id="898" sentence="17" number="29">局</token>
  <token t_id="899" sentence="17" number="30">原</token>
  <token t_id="900" sentence="17" number="31">局</token>
  <token t_id="901" sentence="17" number="32">长</token>
  <token t_id="902" sentence="17" number="33">，</token>
  <token t_id="903" sentence="17" number="34">2</token>
  <token t_id="904" sentence="17" number="35">0</token>
  <token t_id="905" sentence="17" number="36">2</token>
  <token t_id="906" sentence="17" number="37">1</token>
  <token t_id="907" sentence="17" number="38">年</token>
  <token t_id="908" sentence="17" number="39">1</token>
  <token t_id="909" sentence="17" number="40">2</token>
  <token t_id="910" sentence="17" number="41">月</token>
  <token t_id="911" sentence="17" number="42">任</token>
  <token t_id="912" sentence="17" number="43">现</token>
  <token t_id="913" sentence="17" number="44">职</token>
  <token t_id="914" sentence="17" number="45">）</token>
  <token t_id="915" sentence="17" number="46">，</token>
  <token t_id="916" sentence="17" number="47">给</token>
  <token t_id="917" sentence="17" number="48">予</token>
  <token t_id="918" sentence="17" number="49">党</token>
  <token t_id="919" sentence="17" number="50">内</token>
  <token t_id="920" sentence="17" number="51">警</token>
  <token t_id="921" sentence="17" number="52">告</token>
  <token t_id="922" sentence="17" number="53">处</token>
  <token t_id="923" sentence="17" number="54">分</token>
  <token t_id="924" sentence="17" number="55">。</token>
  <token t_id="925" sentence="18" number="0">1</token>
  <token t_id="926" sentence="18" number="1">1</token>
  <token t_id="927" sentence="18" number="2">．</token>
  <token t_id="928" sentence="18" number="3">罗</token>
  <token t_id="929" sentence="18" number="4">杨</token>
  <token t_id="930" sentence="18" number="5">，</token>
  <token t_id="931" sentence="18" number="6">丹</token>
  <token t_id="932" sentence="18" number="7">巴</token>
  <token t_id="933" sentence="18" number="8">县</token>
  <token t_id="934" sentence="18" number="9">墨</token>
  <token t_id="935" sentence="18" number="10">尔</token>
  <token t_id="936" sentence="18" number="11">多</token>
  <token t_id="937" sentence="18" number="12">山</token>
  <token t_id="938" sentence="18" number="13">镇</token>
  <token t_id="939" sentence="18" number="14">党</token>
  <token t_id="940" sentence="18" number="15">委</token>
  <token t_id="941" sentence="18" number="16">副</token>
  <token t_id="942" sentence="18" number="17">书</token>
  <token t_id="943" sentence="18" number="18">记</token>
  <token t_id="944" sentence="18" number="19">、</token>
  <token t_id="945" sentence="18" number="20">镇</token>
  <token t_id="946" sentence="18" number="21">长</token>
  <token t_id="947" sentence="18" number="22">（</token>
  <token t_id="948" sentence="18" number="23">丹</token>
  <token t_id="949" sentence="18" number="24">巴</token>
  <token t_id="950" sentence="18" number="25">县</token>
  <token t_id="951" sentence="18" number="26">发</token>
  <token t_id="952" sentence="18" number="27">展</token>
  <token t_id="953" sentence="18" number="28">和</token>
  <token t_id="954" sentence="18" number="29">改</token>
  <token t_id="955" sentence="18" number="30">革</token>
  <token t_id="956" sentence="18" number="31">局</token>
  <token t_id="957" sentence="18" number="32">原</token>
  <token t_id="958" sentence="18" number="33">党</token>
  <token t_id="959" sentence="18" number="34">组</token>
  <token t_id="960" sentence="18" number="35">成</token>
  <token t_id="961" sentence="18" number="36">员</token>
  <token t_id="962" sentence="18" number="37">、</token>
  <token t_id="963" sentence="18" number="38">副</token>
  <token t_id="964" sentence="18" number="39">局</token>
  <token t_id="965" sentence="18" number="40">长</token>
  <token t_id="966" sentence="18" number="41">，</token>
  <token t_id="967" sentence="18" number="42">2</token>
  <token t_id="968" sentence="18" number="43">0</token>
  <token t_id="969" sentence="18" number="44">2</token>
  <token t_id="970" sentence="18" number="45">1</token>
  <token t_id="971" sentence="18" number="46">年</token>
  <token t_id="972" sentence="18" number="47">1</token>
  <token t_id="973" sentence="18" number="48">2</token>
  <token t_id="974" sentence="18" number="49">月</token>
  <token t_id="975" sentence="18" number="50">任</token>
  <token t_id="976" sentence="18" number="51">现</token>
  <token t_id="977" sentence="18" number="52">职</token>
  <token t_id="978" sentence="18" number="53">）</token>
  <token t_id="979" sentence="18" number="54">，</token>
  <token t_id="980" sentence="18" number="55">给</token>
  <token t_id="981" sentence="18" number="56">予</token>
  <token t_id="982" sentence="18" number="57">政</token>
  <token t_id="983" sentence="18" number="58">务</token>
  <token t_id="984" sentence="18" number="59">记</token>
  <token t_id="985" sentence="18" number="60">过</token>
  <token t_id="986" sentence="18" number="61">处</token>
  <token t_id="987" sentence="18" number="62">分</token>
  <token t_id="988" sentence="18" number="63">。</token>
  <token t_id="989" sentence="19" number="0">1</token>
  <token t_id="990" sentence="19" number="1">2</token>
  <token t_id="991" sentence="19" number="2">．</token>
  <token t_id="992" sentence="19" number="3">王</token>
  <token t_id="993" sentence="19" number="4">俊</token>
  <token t_id="994" sentence="19" number="5">，</token>
  <token t_id="995" sentence="19" number="6">甘</token>
  <token t_id="996" sentence="19" number="7">孜</token>
  <token t_id="997" sentence="19" number="8">州</token>
  <token t_id="998" sentence="19" number="9">经</token>
  <token t_id="999" sentence="19" number="10">济</token>
  <token t_id="1000" sentence="19" number="11">和</token>
  <token t_id="1001" sentence="19" number="12">信</token>
  <token t_id="1002" sentence="19" number="13">息</token>
  <token t_id="1003" sentence="19" number="14">化</token>
  <token t_id="1004" sentence="19" number="15">局</token>
  <token t_id="1005" sentence="19" number="16">党</token>
  <token t_id="1006" sentence="19" number="17">组</token>
  <token t_id="1007" sentence="19" number="18">书</token>
  <token t_id="1008" sentence="19" number="19">记</token>
  <token t_id="1009" sentence="19" number="20">、</token>
  <token t_id="1010" sentence="19" number="21">局</token>
  <token t_id="1011" sentence="19" number="22">长</token>
  <token t_id="1012" sentence="19" number="23">，</token>
  <token t_id="1013" sentence="19" number="24">给</token>
  <token t_id="1014" sentence="19" number="25">予</token>
  <token t_id="1015" sentence="19" number="26">批</token>
  <token t_id="1016" sentence="19" number="27">评</token>
  <token t_id="1017" sentence="19" number="28">教</token>
  <token t_id="1018" sentence="19" number="29">育</token>
  <token t_id="1019" sentence="19" number="30">。</token>
  <token t_id="1020" sentence="20" number="0">1</token>
  <token t_id="1021" sentence="20" number="1">3</token>
  <token t_id="1022" sentence="20" number="2">．</token>
  <token t_id="1023" sentence="20" number="3">高</token>
  <token t_id="1024" sentence="20" number="4">晓</token>
  <token t_id="1025" sentence="20" number="5">峰</token>
  <token t_id="1026" sentence="20" number="6">，</token>
  <token t_id="1027" sentence="20" number="7">甘</token>
  <token t_id="1028" sentence="20" number="8">孜</token>
  <token t_id="1029" sentence="20" number="9">州</token>
  <token t_id="1030" sentence="20" number="10">经</token>
  <token t_id="1031" sentence="20" number="11">济</token>
  <token t_id="1032" sentence="20" number="12">和</token>
  <token t_id="1033" sentence="20" number="13">信</token>
  <token t_id="1034" sentence="20" number="14">息</token>
  <token t_id="1035" sentence="20" number="15">化</token>
  <token t_id="1036" sentence="20" number="16">局</token>
  <token t_id="1037" sentence="20" number="17">党</token>
  <token t_id="1038" sentence="20" number="18">组</token>
  <token t_id="1039" sentence="20" number="19">成</token>
  <token t_id="1040" sentence="20" number="20">员</token>
  <token t_id="1041" sentence="20" number="21">、</token>
  <token t_id="1042" sentence="20" number="22">副</token>
  <token t_id="1043" sentence="20" number="23">局</token>
  <token t_id="1044" sentence="20" number="24">长</token>
  <token t_id="1045" sentence="20" number="25">，</token>
  <token t_id="1046" sentence="20" number="26">给</token>
  <token t_id="1047" sentence="20" number="27">予</token>
  <token t_id="1048" sentence="20" number="28">诫</token>
  <token t_id="1049" sentence="20" number="29">勉</token>
  <token t_id="1050" sentence="20" number="30">。</token>
  <token t_id="1051" sentence="21" number="0">1</token>
  <token t_id="1052" sentence="21" number="1">4</token>
  <token t_id="1053" sentence="21" number="2">．</token>
  <token t_id="1054" sentence="21" number="3">彭</token>
  <token t_id="1055" sentence="21" number="4">国</token>
  <token t_id="1056" sentence="21" number="5">武</token>
  <token t_id="1057" sentence="21" number="6">，</token>
  <token t_id="1058" sentence="21" number="7">丹</token>
  <token t_id="1059" sentence="21" number="8">巴</token>
  <token t_id="1060" sentence="21" number="9">县</token>
  <token t_id="1061" sentence="21" number="10">经</token>
  <token t_id="1062" sentence="21" number="11">济</token>
  <token t_id="1063" sentence="21" number="12">信</token>
  <token t_id="1064" sentence="21" number="13">息</token>
  <token t_id="1065" sentence="21" number="14">和</token>
  <token t_id="1066" sentence="21" number="15">商</token>
  <token t_id="1067" sentence="21" number="16">务</token>
  <token t_id="1068" sentence="21" number="17">合</token>
  <token t_id="1069" sentence="21" number="18">作</token>
  <token t_id="1070" sentence="21" number="19">局</token>
  <token t_id="1071" sentence="21" number="20">党</token>
  <token t_id="1072" sentence="21" number="21">组</token>
  <token t_id="1073" sentence="21" number="22">书</token>
  <token t_id="1074" sentence="21" number="23">记</token>
  <token t_id="1075" sentence="21" number="24">、</token>
  <token t_id="1076" sentence="21" number="25">局</token>
  <token t_id="1077" sentence="21" number="26">长</token>
  <token t_id="1078" sentence="21" number="27">，</token>
  <token t_id="1079" sentence="21" number="28">给</token>
  <token t_id="1080" sentence="21" number="29">予</token>
  <token t_id="1081" sentence="21" number="30">党</token>
  <token t_id="1082" sentence="21" number="31">内</token>
  <token t_id="1083" sentence="21" number="32">严</token>
  <token t_id="1084" sentence="21" number="33">重</token>
  <token t_id="1085" sentence="21" number="34">警</token>
  <token t_id="1086" sentence="21" number="35">告</token>
  <token t_id="1087" sentence="21" number="36">、</token>
  <token t_id="1088" sentence="21" number="37">政</token>
  <token t_id="1089" sentence="21" number="38">务</token>
  <token t_id="1090" sentence="21" number="39">降</token>
  <token t_id="1091" sentence="21" number="40">级</token>
  <token t_id="1092" sentence="21" number="41">处</token>
  <token t_id="1093" sentence="21" number="42">分</token>
  <token t_id="1094" sentence="21" number="43">。</token>
  <token t_id="1095" sentence="22" number="0">1</token>
  <token t_id="1096" sentence="22" number="1">5</token>
  <token t_id="1097" sentence="22" number="2">．</token>
  <token t_id="1098" sentence="22" number="3">胡</token>
  <token t_id="1099" sentence="22" number="4">蓉</token>
  <token t_id="1100" sentence="22" number="5">（</token>
  <token t_id="1101" sentence="22" number="6">女</token>
  <token t_id="1102" sentence="22" number="7">）</token>
  <token t_id="1103" sentence="22" number="8">，</token>
  <token t_id="1104" sentence="22" number="9">丹</token>
  <token t_id="1105" sentence="22" number="10">巴</token>
  <token t_id="1106" sentence="22" number="11">县</token>
  <token t_id="1107" sentence="22" number="12">经</token>
  <token t_id="1108" sentence="22" number="13">济</token>
  <token t_id="1109" sentence="22" number="14">信</token>
  <token t_id="1110" sentence="22" number="15">息</token>
  <token t_id="1111" sentence="22" number="16">和</token>
  <token t_id="1112" sentence="22" number="17">商</token>
  <token t_id="1113" sentence="22" number="18">务</token>
  <token t_id="1114" sentence="22" number="19">合</token>
  <token t_id="1115" sentence="22" number="20">作</token>
  <token t_id="1116" sentence="22" number="21">局</token>
  <token t_id="1117" sentence="22" number="22">副</token>
  <token t_id="1118" sentence="22" number="23">局</token>
  <token t_id="1119" sentence="22" number="24">长</token>
  <token t_id="1120" sentence="22" number="25">，</token>
  <token t_id="1121" sentence="22" number="26">给</token>
  <token t_id="1122" sentence="22" number="27">予</token>
  <token t_id="1123" sentence="22" number="28">政</token>
  <token t_id="1124" sentence="22" number="29">务</token>
  <token t_id="1125" sentence="22" number="30">记</token>
  <token t_id="1126" sentence="22" number="31">过</token>
  <token t_id="1127" sentence="22" number="32">处</token>
  <token t_id="1128" sentence="22" number="33">分</token>
  <Markables>
    <ACTION m_id="41014" comment="">
      <token_anchor t_id="84" />
      <token_anchor t_id="85" />
      <token_anchor t_id="86" />
      <token_anchor t_id="87" />
    </ACTION>
    <ACTION m_id="41015" comment="">
      <token_anchor t_id="93" />
      <token_anchor t_id="94" />
    </ACTION>
    <ACTION m_id="41016" comment="">
      <token_anchor t_id="100" />
      <token_anchor t_id="101" />
    </ACTION>
    <ACTION m_id="41017" comment="">
      <token_anchor t_id="112" />
      <token_anchor t_id="113" />
    </ACTION>
    <ACTION m_id="41018" comment="">
      <token_anchor t_id="137" />
      <token_anchor t_id="138" />
    </ACTION>
    <ACTION_CAUSATIVE m_id="41019" comment="">
      <token_anchor t_id="89" />
      <token_anchor t_id="90" />
    </ACTION_CAUSATIVE>
    <ACTION m_id="41022" comment="">
      <token_anchor t_id="235" />
      <token_anchor t_id="236" />
    </ACTION>
    <ACTION m_id="41024" comment="">
      <token_anchor t_id="254" />
      <token_anchor t_id="255" />
    </ACTION>
    <ACTION m_id="41025" comment="">
      <token_anchor t_id="257" />
      <token_anchor t_id="258" />
    </ACTION>
    <ACTION m_id="41026" comment="">
      <token_anchor t_id="272" />
      <token_anchor t_id="273" />
    </ACTION>
    <ACTION m_id="41027" comment="">
      <token_anchor t_id="354" />
      <token_anchor t_id="355" />
    </ACTION>
    <ACTION m_id="41028" comment="">
      <token_anchor t_id="391" />
      <token_anchor t_id="392" />
    </ACTION>
    <ACTION m_id="41029" comment="">
      <token_anchor t_id="419" />
      <token_anchor t_id="420" />
    </ACTION>
    <ACTION m_id="41030" comment="">
      <token_anchor t_id="450" />
      <token_anchor t_id="451" />
    </ACTION>
    <ACTION m_id="41031" comment="">
      <token_anchor t_id="510" />
      <token_anchor t_id="511" />
    </ACTION>
    <ACTION m_id="41032" comment="">
      <token_anchor t_id="539" />
      <token_anchor t_id="540" />
    </ACTION>
    <ACTION m_id="41033" comment="">
      <token_anchor t_id="572" />
      <token_anchor t_id="573" />
    </ACTION>
    <ACTION m_id="41034" comment="">
      <token_anchor t_id="597" />
      <token_anchor t_id="598" />
    </ACTION>
    <ACTION m_id="41035" comment="">
      <token_anchor t_id="635" />
      <token_anchor t_id="636" />
    </ACTION>
    <ACTION m_id="41036" comment="">
      <token_anchor t_id="638" />
      <token_anchor t_id="639" />
    </ACTION>
    <ACTION m_id="41037" comment="">
      <token_anchor t_id="682" />
      <token_anchor t_id="683" />
      <token_anchor t_id="684" />
    </ACTION>
    <ACTION m_id="41038" comment="">
      <token_anchor t_id="716" />
      <token_anchor t_id="717" />
    </ACTION>
    <ACTION m_id="41039" comment="">
      <token_anchor t_id="722" />
      <token_anchor t_id="723" />
    </ACTION>
    <ACTION m_id="41040" comment="">
      <token_anchor t_id="727" />
      <token_anchor t_id="728" />
    </ACTION>
    <ACTION m_id="41041" comment="">
      <token_anchor t_id="757" />
      <token_anchor t_id="758" />
    </ACTION>
    <ACTION m_id="41043" comment="">
      <token_anchor t_id="792" />
      <token_anchor t_id="793" />
      <token_anchor t_id="794" />
    </ACTION>
    <ACTION m_id="41044" comment="">
      <token_anchor t_id="830" />
      <token_anchor t_id="831" />
    </ACTION>
    <ACTION m_id="41046" comment="">
      <token_anchor t_id="860" />
      <token_anchor t_id="861" />
    </ACTION>
    <ACTION m_id="41048" comment="">
      <token_anchor t_id="916" />
      <token_anchor t_id="917" />
    </ACTION>
    <ACTION m_id="41050" comment="">
      <token_anchor t_id="980" />
      <token_anchor t_id="981" />
    </ACTION>
    <ACTION m_id="41054" comment="">
      <token_anchor t_id="1046" />
      <token_anchor t_id="1047" />
    </ACTION>
    <ACTION m_id="41056" comment="">
      <token_anchor t_id="1079" />
      <token_anchor t_id="1080" />
    </ACTION>
    <ACTION m_id="41058" comment="">
      <token_anchor t_id="1090" />
      <token_anchor t_id="1091" />
    </ACTION>
    <ACTION m_id="41059" comment="">
      <token_anchor t_id="1121" />
      <token_anchor t_id="1122" />
    </ACTION>
  </Markables>
  <Relations>
    <PLOT_LINK r_id="4232" SIGNAL="" relType="causation" CAUSES="FALSE" CAUSED_BY="FALSE">
      <source m_id="41014" />
      <target m_id="41015" />
    </PLOT_LINK>
    <PLOT_LINK r_id="4233" SIGNAL="" relType="causation" CAUSES="FALSE" CAUSED_BY="FALSE">
      <source m_id="41014" />
      <target m_id="41016" />
    </PLOT_LINK>
    <PLOT_LINK r_id="4234" SIGNAL="" relType="causation" CAUSES="FALSE" CAUSED_BY="FALSE">
      <source m_id="41017" />
      <target m_id="41018" />
    </PLOT_LINK>
  </Relations>
</Document>