<?xml version="1.0" encoding="UTF-8"?>
<Document doc_name="3419_ecbplus.xml.xml">
  <token t_id="1" sentence="0" number="0">记</token>
  <token t_id="2" sentence="0" number="1">者</token>
  <token t_id="3" sentence="0" number="2">从</token>
  <token t_id="4" sentence="0" number="3">黑</token>
  <token t_id="5" sentence="0" number="4">龙</token>
  <token t_id="6" sentence="0" number="5">江</token>
  <token t_id="7" sentence="0" number="6">省</token>
  <token t_id="8" sentence="0" number="7">鸡</token>
  <token t_id="9" sentence="0" number="8">西</token>
  <token t_id="10" sentence="0" number="9">市</token>
  <token t_id="11" sentence="0" number="10">政</token>
  <token t_id="12" sentence="0" number="11">府</token>
  <token t_id="13" sentence="0" number="12">了</token>
  <token t_id="14" sentence="0" number="13">解</token>
  <token t_id="15" sentence="0" number="14">到</token>
  <token t_id="16" sentence="0" number="15">，</token>
  <token t_id="17" sentence="0" number="16">截</token>
  <token t_id="18" sentence="0" number="17">止</token>
  <token t_id="19" sentence="0" number="18">到</token>
  <token t_id="20" sentence="0" number="19">7</token>
  <token t_id="21" sentence="0" number="20">日</token>
  <token t_id="22" sentence="0" number="21">1</token>
  <token t_id="23" sentence="0" number="22">4</token>
  <token t_id="24" sentence="0" number="23">时</token>
  <token t_id="25" sentence="0" number="24">，</token>
  <token t_id="26" sentence="0" number="25">鸡</token>
  <token t_id="27" sentence="0" number="26">西</token>
  <token t_id="28" sentence="0" number="27">金</token>
  <token t_id="29" sentence="0" number="28">利</token>
  <token t_id="30" sentence="0" number="29">煤</token>
  <token t_id="31" sentence="0" number="30">矿</token>
  <token t_id="32" sentence="0" number="31">透</token>
  <token t_id="33" sentence="0" number="32">水</token>
  <token t_id="34" sentence="0" number="33">事</token>
  <token t_id="35" sentence="0" number="34">故</token>
  <token t_id="36" sentence="0" number="35">已</token>
  <token t_id="37" sentence="0" number="36">确</token>
  <token t_id="38" sentence="0" number="37">认</token>
  <token t_id="39" sentence="0" number="38">有</token>
  <token t_id="40" sentence="0" number="39">1</token>
  <token t_id="41" sentence="0" number="40">0</token>
  <token t_id="42" sentence="0" number="41">人</token>
  <token t_id="43" sentence="0" number="42">遇</token>
  <token t_id="44" sentence="0" number="43">难</token>
  <token t_id="45" sentence="0" number="44">，</token>
  <token t_id="46" sentence="0" number="45">仍</token>
  <token t_id="47" sentence="0" number="46">有</token>
  <token t_id="48" sentence="0" number="47">2</token>
  <token t_id="49" sentence="0" number="48">人</token>
  <token t_id="50" sentence="0" number="49">被</token>
  <token t_id="51" sentence="0" number="50">困</token>
  <token t_id="52" sentence="0" number="51">于</token>
  <token t_id="53" sentence="0" number="52">井</token>
  <token t_id="54" sentence="0" number="53">下</token>
  <token t_id="55" sentence="0" number="54">，</token>
  <token t_id="56" sentence="0" number="55">生</token>
  <token t_id="57" sentence="0" number="56">还</token>
  <token t_id="58" sentence="0" number="57">希</token>
  <token t_id="59" sentence="0" number="58">望</token>
  <token t_id="60" sentence="0" number="59">不</token>
  <token t_id="61" sentence="0" number="60">大</token>
  <token t_id="62" sentence="0" number="61">。</token>
  <token t_id="63" sentence="1" number="0">4</token>
  <token t_id="64" sentence="1" number="1">日</token>
  <token t_id="65" sentence="1" number="2">5</token>
  <token t_id="66" sentence="1" number="3">时</token>
  <token t_id="67" sentence="1" number="4">3</token>
  <token t_id="68" sentence="1" number="5">0</token>
  <token t_id="69" sentence="1" number="6">分</token>
  <token t_id="70" sentence="1" number="7">，</token>
  <token t_id="71" sentence="1" number="8">鸡</token>
  <token t_id="72" sentence="1" number="9">西</token>
  <token t_id="73" sentence="1" number="10">市</token>
  <token t_id="74" sentence="1" number="11">天</token>
  <token t_id="75" sentence="1" number="12">源</token>
  <token t_id="76" sentence="1" number="13">公</token>
  <token t_id="77" sentence="1" number="14">司</token>
  <token t_id="78" sentence="1" number="15">金</token>
  <token t_id="79" sentence="1" number="16">利</token>
  <token t_id="80" sentence="1" number="17">煤</token>
  <token t_id="81" sentence="1" number="18">矿</token>
  <token t_id="82" sentence="1" number="19">发</token>
  <token t_id="83" sentence="1" number="20">生</token>
  <token t_id="84" sentence="1" number="21">透</token>
  <token t_id="85" sentence="1" number="22">水</token>
  <token t_id="86" sentence="1" number="23">事</token>
  <token t_id="87" sentence="1" number="24">故</token>
  <token t_id="88" sentence="1" number="25">，</token>
  <token t_id="89" sentence="1" number="26">1</token>
  <token t_id="90" sentence="1" number="27">6</token>
  <token t_id="91" sentence="1" number="28">人</token>
  <token t_id="92" sentence="1" number="29">被</token>
  <token t_id="93" sentence="1" number="30">困</token>
  <token t_id="94" sentence="1" number="31">井</token>
  <token t_id="95" sentence="1" number="32">下</token>
  <token t_id="96" sentence="1" number="33">。</token>
  <token t_id="97" sentence="2" number="0">经</token>
  <token t_id="98" sentence="2" number="1">过</token>
  <token t_id="99" sentence="2" number="2">救</token>
  <token t_id="100" sentence="2" number="3">援</token>
  <token t_id="101" sentence="2" number="4">人</token>
  <token t_id="102" sentence="2" number="5">员</token>
  <token t_id="103" sentence="2" number="6">几</token>
  <token t_id="104" sentence="2" number="7">天</token>
  <token t_id="105" sentence="2" number="8">的</token>
  <token t_id="106" sentence="2" number="9">努</token>
  <token t_id="107" sentence="2" number="10">力</token>
  <token t_id="108" sentence="2" number="11">，</token>
  <token t_id="109" sentence="2" number="12">共</token>
  <token t_id="110" sentence="2" number="13">清</token>
  <token t_id="111" sentence="2" number="14">挖</token>
  <token t_id="112" sentence="2" number="15">淤</token>
  <token t_id="113" sentence="2" number="16">泥</token>
  <token t_id="114" sentence="2" number="17">2</token>
  <token t_id="115" sentence="2" number="18">3</token>
  <token t_id="116" sentence="2" number="19">0</token>
  <token t_id="117" sentence="2" number="20">吨</token>
  <token t_id="118" sentence="2" number="21">，</token>
  <token t_id="119" sentence="2" number="22">恢</token>
  <token t_id="120" sentence="2" number="23">复</token>
  <token t_id="121" sentence="2" number="24">巷</token>
  <token t_id="122" sentence="2" number="25">道</token>
  <token t_id="123" sentence="2" number="26">2</token>
  <token t_id="124" sentence="2" number="27">5</token>
  <token t_id="125" sentence="2" number="28">0</token>
  <token t_id="126" sentence="2" number="29">米</token>
  <token t_id="127" sentence="2" number="30">，</token>
  <token t_id="128" sentence="2" number="31">并</token>
  <token t_id="129" sentence="2" number="32">成</token>
  <token t_id="130" sentence="2" number="33">功</token>
  <token t_id="131" sentence="2" number="34">营</token>
  <token t_id="132" sentence="2" number="35">救</token>
  <token t_id="133" sentence="2" number="36">出</token>
  <token t_id="134" sentence="2" number="37">4</token>
  <token t_id="135" sentence="2" number="38">名</token>
  <token t_id="136" sentence="2" number="39">被</token>
  <token t_id="137" sentence="2" number="40">困</token>
  <token t_id="138" sentence="2" number="41">矿</token>
  <token t_id="139" sentence="2" number="42">工</token>
  <token t_id="140" sentence="2" number="43">。</token>
  <token t_id="141" sentence="3" number="0">鸡</token>
  <token t_id="142" sentence="3" number="1">西</token>
  <token t_id="143" sentence="3" number="2">市</token>
  <token t_id="144" sentence="3" number="3">政</token>
  <token t_id="145" sentence="3" number="4">府</token>
  <token t_id="146" sentence="3" number="5">副</token>
  <token t_id="147" sentence="3" number="6">秘</token>
  <token t_id="148" sentence="3" number="7">书</token>
  <token t_id="149" sentence="3" number="8">长</token>
  <token t_id="150" sentence="3" number="9">方</token>
  <token t_id="151" sentence="3" number="10">东</token>
  <token t_id="152" sentence="3" number="11">初</token>
  <token t_id="153" sentence="3" number="12">说</token>
  <token t_id="154" sentence="3" number="13">，</token>
  <token t_id="155" sentence="3" number="14">从</token>
  <token t_id="156" sentence="3" number="15">当</token>
  <token t_id="157" sentence="3" number="16">前</token>
  <token t_id="158" sentence="3" number="17">情</token>
  <token t_id="159" sentence="3" number="18">况</token>
  <token t_id="160" sentence="3" number="19">看</token>
  <token t_id="161" sentence="3" number="20">，</token>
  <token t_id="162" sentence="3" number="21">仍</token>
  <token t_id="163" sentence="3" number="22">被</token>
  <token t_id="164" sentence="3" number="23">困</token>
  <token t_id="165" sentence="3" number="24">于</token>
  <token t_id="166" sentence="3" number="25">井</token>
  <token t_id="167" sentence="3" number="26">下</token>
  <token t_id="168" sentence="3" number="27">的</token>
  <token t_id="169" sentence="3" number="28">两</token>
  <token t_id="170" sentence="3" number="29">名</token>
  <token t_id="171" sentence="3" number="30">矿</token>
  <token t_id="172" sentence="3" number="31">工</token>
  <token t_id="173" sentence="3" number="32">生</token>
  <token t_id="174" sentence="3" number="33">还</token>
  <token t_id="175" sentence="3" number="34">希</token>
  <token t_id="176" sentence="3" number="35">望</token>
  <token t_id="177" sentence="3" number="36">不</token>
  <token t_id="178" sentence="3" number="37">大</token>
  <token t_id="179" sentence="3" number="38">，</token>
  <token t_id="180" sentence="3" number="39">但</token>
  <token t_id="181" sentence="3" number="40">只</token>
  <token t_id="182" sentence="3" number="41">要</token>
  <token t_id="183" sentence="3" number="42">有</token>
  <token t_id="184" sentence="3" number="43">一</token>
  <token t_id="185" sentence="3" number="44">线</token>
  <token t_id="186" sentence="3" number="45">希</token>
  <token t_id="187" sentence="3" number="46">望</token>
  <token t_id="188" sentence="3" number="47">，</token>
  <token t_id="189" sentence="3" number="48">政</token>
  <token t_id="190" sentence="3" number="49">府</token>
  <token t_id="191" sentence="3" number="50">都</token>
  <token t_id="192" sentence="3" number="51">会</token>
  <token t_id="193" sentence="3" number="52">尽</token>
  <token t_id="194" sentence="3" number="53">全</token>
  <token t_id="195" sentence="3" number="54">力</token>
  <token t_id="196" sentence="3" number="55">救</token>
  <token t_id="197" sentence="3" number="56">援</token>
  <token t_id="198" sentence="3" number="57">。</token>
  <token t_id="199" sentence="4" number="0">目</token>
  <token t_id="200" sentence="4" number="1">前</token>
  <token t_id="201" sentence="4" number="2">救</token>
  <token t_id="202" sentence="4" number="3">援</token>
  <token t_id="203" sentence="4" number="4">队</token>
  <token t_id="204" sentence="4" number="5">分</token>
  <token t_id="205" sentence="4" number="6">成</token>
  <token t_id="206" sentence="4" number="7">4</token>
  <token t_id="207" sentence="4" number="8">个</token>
  <token t_id="208" sentence="4" number="9">组</token>
  <token t_id="209" sentence="4" number="10">轮</token>
  <token t_id="210" sentence="4" number="11">流</token>
  <token t_id="211" sentence="4" number="12">下</token>
  <token t_id="212" sentence="4" number="13">井</token>
  <token t_id="213" sentence="4" number="14">工</token>
  <token t_id="214" sentence="4" number="15">作</token>
  <token t_id="215" sentence="4" number="16">，</token>
  <token t_id="216" sentence="4" number="17">每</token>
  <token t_id="217" sentence="4" number="18">个</token>
  <token t_id="218" sentence="4" number="19">组</token>
  <token t_id="219" sentence="4" number="20">还</token>
  <token t_id="220" sentence="4" number="21">邀</token>
  <token t_id="221" sentence="4" number="22">请</token>
  <token t_id="222" sentence="4" number="23">两</token>
  <token t_id="223" sentence="4" number="24">名</token>
  <token t_id="224" sentence="4" number="25">被</token>
  <token t_id="225" sentence="4" number="26">困</token>
  <token t_id="226" sentence="4" number="27">矿</token>
  <token t_id="227" sentence="4" number="28">工</token>
  <token t_id="228" sentence="4" number="29">家</token>
  <token t_id="229" sentence="4" number="30">属</token>
  <token t_id="230" sentence="4" number="31">，</token>
  <token t_id="231" sentence="4" number="32">监</token>
  <token t_id="232" sentence="4" number="33">督</token>
  <token t_id="233" sentence="4" number="34">协</token>
  <token t_id="234" sentence="4" number="35">助</token>
  <token t_id="235" sentence="4" number="36">政</token>
  <token t_id="236" sentence="4" number="37">府</token>
  <token t_id="237" sentence="4" number="38">开</token>
  <token t_id="238" sentence="4" number="39">展</token>
  <token t_id="239" sentence="4" number="40">救</token>
  <token t_id="240" sentence="4" number="41">援</token>
  <token t_id="241" sentence="4" number="42">工</token>
  <token t_id="242" sentence="4" number="43">作</token>
  <token t_id="243" sentence="4" number="44">。</token>
  <token t_id="244" sentence="5" number="0">鸡</token>
  <token t_id="245" sentence="5" number="1">西</token>
  <token t_id="246" sentence="5" number="2">金</token>
  <token t_id="247" sentence="5" number="3">利</token>
  <token t_id="248" sentence="5" number="4">煤</token>
  <token t_id="249" sentence="5" number="5">矿</token>
  <token t_id="250" sentence="5" number="6">“</token>
  <token t_id="251" sentence="5" number="7">4</token>
  <token t_id="252" sentence="5" number="8">4</token>
  <token t_id="253" sentence="5" number="9">”</token>
  <token t_id="254" sentence="5" number="10">重</token>
  <token t_id="255" sentence="5" number="11">大</token>
  <token t_id="256" sentence="5" number="12">水</token>
  <token t_id="257" sentence="5" number="13">害</token>
  <token t_id="258" sentence="5" number="14">事</token>
  <token t_id="259" sentence="5" number="15">故</token>
  <token t_id="260" sentence="5" number="16">调</token>
  <token t_id="261" sentence="5" number="17">查</token>
  <token t_id="262" sentence="5" number="18">组</token>
  <token t_id="263" sentence="5" number="19">组</token>
  <token t_id="264" sentence="5" number="20">长</token>
  <token t_id="265" sentence="5" number="21">、</token>
  <token t_id="266" sentence="5" number="22">黑</token>
  <token t_id="267" sentence="5" number="23">龙</token>
  <token t_id="268" sentence="5" number="24">江</token>
  <token t_id="269" sentence="5" number="25">省</token>
  <token t_id="270" sentence="5" number="26">煤</token>
  <token t_id="271" sentence="5" number="27">炭</token>
  <token t_id="272" sentence="5" number="28">安</token>
  <token t_id="273" sentence="5" number="29">全</token>
  <token t_id="274" sentence="5" number="30">监</token>
  <token t_id="275" sentence="5" number="31">察</token>
  <token t_id="276" sentence="5" number="32">局</token>
  <token t_id="277" sentence="5" number="33">局</token>
  <token t_id="278" sentence="5" number="34">长</token>
  <token t_id="279" sentence="5" number="35">张</token>
  <token t_id="280" sentence="5" number="36">成</token>
  <token t_id="281" sentence="5" number="37">祥</token>
  <token t_id="282" sentence="5" number="38">表</token>
  <token t_id="283" sentence="5" number="39">示</token>
  <token t_id="284" sentence="5" number="40">，</token>
  <token t_id="285" sentence="5" number="41">鸡</token>
  <token t_id="286" sentence="5" number="42">西</token>
  <token t_id="287" sentence="5" number="43">金</token>
  <token t_id="288" sentence="5" number="44">利</token>
  <token t_id="289" sentence="5" number="45">矿</token>
  <token t_id="290" sentence="5" number="46">难</token>
  <token t_id="291" sentence="5" number="47">是</token>
  <token t_id="292" sentence="5" number="48">一</token>
  <token t_id="293" sentence="5" number="49">起</token>
  <token t_id="294" sentence="5" number="50">重</token>
  <token t_id="295" sentence="5" number="51">大</token>
  <token t_id="296" sentence="5" number="52">的</token>
  <token t_id="297" sentence="5" number="53">责</token>
  <token t_id="298" sentence="5" number="54">任</token>
  <token t_id="299" sentence="5" number="55">事</token>
  <token t_id="300" sentence="5" number="56">故</token>
  <token t_id="301" sentence="5" number="57">。</token>
  <token t_id="302" sentence="6" number="0">金</token>
  <token t_id="303" sentence="6" number="1">利</token>
  <token t_id="304" sentence="6" number="2">煤</token>
  <token t_id="305" sentence="6" number="3">矿</token>
  <token t_id="306" sentence="6" number="4">无</token>
  <token t_id="307" sentence="6" number="5">视</token>
  <token t_id="308" sentence="6" number="6">政</token>
  <token t_id="309" sentence="6" number="7">府</token>
  <token t_id="310" sentence="6" number="8">法</token>
  <token t_id="311" sentence="6" number="9">令</token>
  <token t_id="312" sentence="6" number="10">，</token>
  <token t_id="313" sentence="6" number="11">没</token>
  <token t_id="314" sentence="6" number="12">有</token>
  <token t_id="315" sentence="6" number="13">经</token>
  <token t_id="316" sentence="6" number="14">过</token>
  <token t_id="317" sentence="6" number="15">市</token>
  <token t_id="318" sentence="6" number="16">级</token>
  <token t_id="319" sentence="6" number="17">政</token>
  <token t_id="320" sentence="6" number="18">府</token>
  <token t_id="321" sentence="6" number="19">复</token>
  <token t_id="322" sentence="6" number="20">产</token>
  <token t_id="323" sentence="6" number="21">验</token>
  <token t_id="324" sentence="6" number="22">收</token>
  <token t_id="325" sentence="6" number="23">程</token>
  <token t_id="326" sentence="6" number="24">序</token>
  <token t_id="327" sentence="6" number="25">，</token>
  <token t_id="328" sentence="6" number="26">擅</token>
  <token t_id="329" sentence="6" number="27">自</token>
  <token t_id="330" sentence="6" number="28">违</token>
  <token t_id="331" sentence="6" number="29">规</token>
  <token t_id="332" sentence="6" number="30">开</token>
  <token t_id="333" sentence="6" number="31">工</token>
  <token t_id="334" sentence="6" number="32">生</token>
  <token t_id="335" sentence="6" number="33">产</token>
  <token t_id="336" sentence="6" number="34">，</token>
  <token t_id="337" sentence="6" number="35">打</token>
  <token t_id="338" sentence="6" number="36">通</token>
  <token t_id="339" sentence="6" number="37">了</token>
  <token t_id="340" sentence="6" number="38">老</token>
  <token t_id="341" sentence="6" number="39">矿</token>
  <token t_id="342" sentence="6" number="40">井</token>
  <token t_id="343" sentence="6" number="41">里</token>
  <token t_id="344" sentence="6" number="42">的</token>
  <token t_id="345" sentence="6" number="43">积</token>
  <token t_id="346" sentence="6" number="44">水</token>
  <token t_id="347" sentence="6" number="45">，</token>
  <token t_id="348" sentence="6" number="46">酿</token>
  <token t_id="349" sentence="6" number="47">成</token>
  <token t_id="350" sentence="6" number="48">事</token>
  <token t_id="351" sentence="6" number="49">故</token>
  <token t_id="352" sentence="6" number="50">。</token>
  <token t_id="353" sentence="7" number="0">鸡</token>
  <token t_id="354" sentence="7" number="1">西</token>
  <token t_id="355" sentence="7" number="2">金</token>
  <token t_id="356" sentence="7" number="3">利</token>
  <token t_id="357" sentence="7" number="4">煤</token>
  <token t_id="358" sentence="7" number="5">矿</token>
  <token t_id="359" sentence="7" number="6">透</token>
  <token t_id="360" sentence="7" number="7">水</token>
  <token t_id="361" sentence="7" number="8">事</token>
  <token t_id="362" sentence="7" number="9">故</token>
  <token t_id="363" sentence="7" number="10">善</token>
  <token t_id="364" sentence="7" number="11">后</token>
  <token t_id="365" sentence="7" number="12">工</token>
  <token t_id="366" sentence="7" number="13">作</token>
  <token t_id="367" sentence="7" number="14">已</token>
  <token t_id="368" sentence="7" number="15">经</token>
  <token t_id="369" sentence="7" number="16">展</token>
  <token t_id="370" sentence="7" number="17">开</token>
  <token t_id="371" sentence="7" number="18">。</token>
  <token t_id="372" sentence="8" number="0">天</token>
  <token t_id="373" sentence="8" number="1">源</token>
  <token t_id="374" sentence="8" number="2">公</token>
  <token t_id="375" sentence="8" number="3">司</token>
  <token t_id="376" sentence="8" number="4">承</token>
  <token t_id="377" sentence="8" number="5">诺</token>
  <token t_id="378" sentence="8" number="6">，</token>
  <token t_id="379" sentence="8" number="7">对</token>
  <token t_id="380" sentence="8" number="8">遇</token>
  <token t_id="381" sentence="8" number="9">难</token>
  <token t_id="382" sentence="8" number="10">矿</token>
  <token t_id="383" sentence="8" number="11">工</token>
  <token t_id="384" sentence="8" number="12">补</token>
  <token t_id="385" sentence="8" number="13">偿</token>
  <token t_id="386" sentence="8" number="14">不</token>
  <token t_id="387" sentence="8" number="15">会</token>
  <token t_id="388" sentence="8" number="16">低</token>
  <token t_id="389" sentence="8" number="17">于</token>
  <token t_id="390" sentence="8" number="18">政</token>
  <token t_id="391" sentence="8" number="19">府</token>
  <token t_id="392" sentence="8" number="20">规</token>
  <token t_id="393" sentence="8" number="21">定</token>
  <token t_id="394" sentence="8" number="22">标</token>
  <token t_id="395" sentence="8" number="23">准</token>
  <token t_id="396" sentence="8" number="24">。</token>
  <token t_id="397" sentence="9" number="0">目</token>
  <token t_id="398" sentence="9" number="1">前</token>
  <token t_id="399" sentence="9" number="2">鸡</token>
  <token t_id="400" sentence="9" number="3">西</token>
  <token t_id="401" sentence="9" number="4">市</token>
  <token t_id="402" sentence="9" number="5">正</token>
  <token t_id="403" sentence="9" number="6">全</token>
  <token t_id="404" sentence="9" number="7">力</token>
  <token t_id="405" sentence="9" number="8">排</token>
  <token t_id="406" sentence="9" number="9">查</token>
  <token t_id="407" sentence="9" number="10">市</token>
  <token t_id="408" sentence="9" number="11">内</token>
  <token t_id="409" sentence="9" number="12">煤</token>
  <token t_id="410" sentence="9" number="13">矿</token>
  <token t_id="411" sentence="9" number="14">安</token>
  <token t_id="412" sentence="9" number="15">全</token>
  <token t_id="413" sentence="9" number="16">生</token>
  <token t_id="414" sentence="9" number="17">产</token>
  <token t_id="415" sentence="9" number="18">隐</token>
  <token t_id="416" sentence="9" number="19">患</token>
  <Markables>
    <ACTION m_id="41116" comment="">
      <token_anchor t_id="13" />
      <token_anchor t_id="14" />
      <token_anchor t_id="15" />
    </ACTION>
    <ACTION m_id="41117" comment="">
      <token_anchor t_id="43" />
      <token_anchor t_id="44" />
    </ACTION>
    <ACTION m_id="41118" comment="">
      <token_anchor t_id="50" />
      <token_anchor t_id="51" />
    </ACTION>
    <ACTION m_id="41119" comment="">
      <token_anchor t_id="84" />
      <token_anchor t_id="85" />
      <token_anchor t_id="86" />
      <token_anchor t_id="87" />
    </ACTION>
    <ACTION m_id="41120" comment="">
      <token_anchor t_id="92" />
      <token_anchor t_id="93" />
    </ACTION>
    <ACTION m_id="41121" comment="">
      <token_anchor t_id="110" />
      <token_anchor t_id="111" />
    </ACTION>
    <ACTION m_id="41122" comment="">
      <token_anchor t_id="119" />
      <token_anchor t_id="120" />
    </ACTION>
    <ACTION m_id="41123" comment="">
      <token_anchor t_id="131" />
      <token_anchor t_id="132" />
      <token_anchor t_id="133" />
    </ACTION>
    <ACTION m_id="41124" comment="">
      <token_anchor t_id="153" />
    </ACTION>
    <ACTION m_id="41127" comment="">
      <token_anchor t_id="196" />
      <token_anchor t_id="197" />
    </ACTION>
    <ACTION m_id="41128" comment="">
      <token_anchor t_id="211" />
      <token_anchor t_id="212" />
    </ACTION>
    <ACTION m_id="41129" comment="">
      <token_anchor t_id="220" />
      <token_anchor t_id="221" />
    </ACTION>
    <ACTION m_id="41130" comment="">
      <token_anchor t_id="233" />
      <token_anchor t_id="234" />
    </ACTION>
    <ACTION m_id="41131" comment="">
      <token_anchor t_id="239" />
      <token_anchor t_id="240" />
    </ACTION>
    <ACTION m_id="41132" comment="">
      <token_anchor t_id="282" />
      <token_anchor t_id="283" />
    </ACTION>
    <ACTION m_id="41133" comment="">
      <token_anchor t_id="306" />
      <token_anchor t_id="307" />
    </ACTION>
    <ACTION m_id="41137" comment="">
      <token_anchor t_id="337" />
      <token_anchor t_id="338" />
    </ACTION>
    <ACTION m_id="41138" comment="">
      <token_anchor t_id="348" />
      <token_anchor t_id="349" />
    </ACTION>
    <ACTION m_id="41139" comment="">
      <token_anchor t_id="363" />
      <token_anchor t_id="364" />
    </ACTION>
    <ACTION m_id="41140" comment="">
      <token_anchor t_id="376" />
      <token_anchor t_id="377" />
    </ACTION>
    <ACTION m_id="41142" comment="">
      <token_anchor t_id="405" />
      <token_anchor t_id="406" />
    </ACTION>
    <ACTION m_id="53430" comment="">
      <token_anchor t_id="32" />
      <token_anchor t_id="33" />
      <token_anchor t_id="34" />
      <token_anchor t_id="35" />
    </ACTION>
    <ACTION m_id="53431" comment="">
      <token_anchor t_id="106" />
      <token_anchor t_id="107" />
    </ACTION>
    <ACTION m_id="53432" comment="">
      <token_anchor t_id="315" />
      <token_anchor t_id="316" />
    </ACTION>
    <ACTION m_id="53433" comment="">
      <token_anchor t_id="332" />
      <token_anchor t_id="333" />
    </ACTION>
  </Markables>
  <Relations>
    <PLOT_LINK r_id="4244" SIGNAL="" relType="causation" CAUSES="FALSE" CAUSED_BY="FALSE">
      <source m_id="53430" />
      <target m_id="41117" />
    </PLOT_LINK>
    <PLOT_LINK r_id="4245" SIGNAL="" relType="causation" CAUSES="FALSE" CAUSED_BY="FALSE">
      <source m_id="53430" />
      <target m_id="41118" />
    </PLOT_LINK>
    <PLOT_LINK r_id="4246" SIGNAL="" relType="causation" CAUSES="FALSE" CAUSED_BY="FALSE">
      <source m_id="41119" />
      <target m_id="41120" />
    </PLOT_LINK>
    <PLOT_LINK r_id="4247" SIGNAL="" relType="causation" CAUSES="FALSE" CAUSED_BY="FALSE">
      <source m_id="53431" />
      <target m_id="41121" />
    </PLOT_LINK>
    <PLOT_LINK r_id="4248" SIGNAL="" relType="causation" CAUSES="FALSE" CAUSED_BY="FALSE">
      <source m_id="41121" />
      <target m_id="41122" />
    </PLOT_LINK>
    <PLOT_LINK r_id="4249" SIGNAL="" relType="causation" CAUSES="FALSE" CAUSED_BY="FALSE">
      <source m_id="53431" />
      <target m_id="41123" />
    </PLOT_LINK>
    <PLOT_LINK r_id="4250" SIGNAL="" relType="causation" CAUSES="FALSE" CAUSED_BY="FALSE">
      <source m_id="41137" />
      <target m_id="41138" />
    </PLOT_LINK>
  </Relations>
</Document>