<?xml version="1.0" encoding="UTF-8"?>
<Document doc_name="3421_ecbplus.xml.xml">
  <token t_id="1" sentence="0" number="0">新</token>
  <token t_id="2" sentence="0" number="1">华</token>
  <token t_id="3" sentence="0" number="2">社</token>
  <token t_id="4" sentence="0" number="3">广</token>
  <token t_id="5" sentence="0" number="4">州</token>
  <token t_id="6" sentence="0" number="5">7</token>
  <token t_id="7" sentence="0" number="6">月</token>
  <token t_id="8" sentence="0" number="7">1</token>
  <token t_id="9" sentence="0" number="8">5</token>
  <token t_id="10" sentence="0" number="9">日</token>
  <token t_id="11" sentence="0" number="10">电</token>
  <token t_id="12" sentence="0" number="11">1</token>
  <token t_id="13" sentence="0" number="12">5</token>
  <token t_id="14" sentence="0" number="13">日</token>
  <token t_id="15" sentence="0" number="14">凌</token>
  <token t_id="16" sentence="0" number="15">晨</token>
  <token t_id="17" sentence="0" number="16">，</token>
  <token t_id="18" sentence="0" number="17">广</token>
  <token t_id="19" sentence="0" number="18">东</token>
  <token t_id="20" sentence="0" number="19">省</token>
  <token t_id="21" sentence="0" number="20">珠</token>
  <token t_id="22" sentence="0" number="21">海</token>
  <token t_id="23" sentence="0" number="22">市</token>
  <token t_id="24" sentence="0" number="23">兴</token>
  <token t_id="25" sentence="0" number="24">业</token>
  <token t_id="26" sentence="0" number="25">快</token>
  <token t_id="27" sentence="0" number="26">线</token>
  <token t_id="28" sentence="0" number="27">（</token>
  <token t_id="29" sentence="0" number="28">南</token>
  <token t_id="30" sentence="0" number="29">段</token>
  <token t_id="31" sentence="0" number="30">）</token>
  <token t_id="32" sentence="0" number="31">项</token>
  <token t_id="33" sentence="0" number="32">目</token>
  <token t_id="34" sentence="0" number="33">石</token>
  <token t_id="35" sentence="0" number="34">景</token>
  <token t_id="36" sentence="0" number="35">山</token>
  <token t_id="37" sentence="0" number="36">隧</token>
  <token t_id="38" sentence="0" number="37">道</token>
  <token t_id="39" sentence="0" number="38">施</token>
  <token t_id="40" sentence="0" number="39">工</token>
  <token t_id="41" sentence="0" number="40">段</token>
  <token t_id="42" sentence="0" number="41">1</token>
  <token t_id="43" sentence="0" number="42">.</token>
  <token t_id="44" sentence="0" number="43">1</token>
  <token t_id="45" sentence="0" number="44">6</token>
  <token t_id="46" sentence="0" number="45">公</token>
  <token t_id="47" sentence="0" number="46">里</token>
  <token t_id="48" sentence="0" number="47">位</token>
  <token t_id="49" sentence="0" number="48">置</token>
  <token t_id="50" sentence="0" number="49">发</token>
  <token t_id="51" sentence="0" number="50">生</token>
  <token t_id="52" sentence="0" number="51">透</token>
  <token t_id="53" sentence="0" number="52">水</token>
  <token t_id="54" sentence="0" number="53">事</token>
  <token t_id="55" sentence="0" number="54">故</token>
  <token t_id="56" sentence="0" number="55">，</token>
  <token t_id="57" sentence="0" number="56">导</token>
  <token t_id="58" sentence="0" number="57">致</token>
  <token t_id="59" sentence="0" number="58">1</token>
  <token t_id="60" sentence="0" number="59">4</token>
  <token t_id="61" sentence="0" number="60">名</token>
  <token t_id="62" sentence="0" number="61">施</token>
  <token t_id="63" sentence="0" number="62">工</token>
  <token t_id="64" sentence="0" number="63">人</token>
  <token t_id="65" sentence="0" number="64">员</token>
  <token t_id="66" sentence="0" number="65">被</token>
  <token t_id="67" sentence="0" number="66">困</token>
  <token t_id="68" sentence="0" number="67">。</token>
  <token t_id="69" sentence="1" number="0">截</token>
  <token t_id="70" sentence="1" number="1">至</token>
  <token t_id="71" sentence="1" number="2">记</token>
  <token t_id="72" sentence="1" number="3">者</token>
  <token t_id="73" sentence="1" number="4">发</token>
  <token t_id="74" sentence="1" number="5">稿</token>
  <token t_id="75" sentence="1" number="6">，</token>
  <token t_id="76" sentence="1" number="7">已</token>
  <token t_id="77" sentence="1" number="8">有</token>
  <token t_id="78" sentence="1" number="9">超</token>
  <token t_id="79" sentence="1" number="10">千</token>
  <token t_id="80" sentence="1" number="11">人</token>
  <token t_id="81" sentence="1" number="12">投</token>
  <token t_id="82" sentence="1" number="13">入</token>
  <token t_id="83" sentence="1" number="14">救</token>
  <token t_id="84" sentence="1" number="15">援</token>
  <token t_id="85" sentence="1" number="16">，</token>
  <token t_id="86" sentence="1" number="17">救</token>
  <token t_id="87" sentence="1" number="18">援</token>
  <token t_id="88" sentence="1" number="19">工</token>
  <token t_id="89" sentence="1" number="20">作</token>
  <token t_id="90" sentence="1" number="21">仍</token>
  <token t_id="91" sentence="1" number="22">在</token>
  <token t_id="92" sentence="1" number="23">紧</token>
  <token t_id="93" sentence="1" number="24">张</token>
  <token t_id="94" sentence="1" number="25">进</token>
  <token t_id="95" sentence="1" number="26">行</token>
  <token t_id="96" sentence="1" number="27">中</token>
  <token t_id="97" sentence="1" number="28">。</token>
  <token t_id="98" sentence="2" number="0">珠</token>
  <token t_id="99" sentence="2" number="1">海</token>
  <token t_id="100" sentence="2" number="2">市</token>
  <token t_id="101" sentence="2" number="3">副</token>
  <token t_id="102" sentence="2" number="4">市</token>
  <token t_id="103" sentence="2" number="5">长</token>
  <token t_id="104" sentence="2" number="6">张</token>
  <token t_id="105" sentence="2" number="7">宜</token>
  <token t_id="106" sentence="2" number="8">生</token>
  <token t_id="107" sentence="2" number="9">介</token>
  <token t_id="108" sentence="2" number="10">绍</token>
  <token t_id="109" sentence="2" number="11">，</token>
  <token t_id="110" sentence="2" number="12">事</token>
  <token t_id="111" sentence="2" number="13">故</token>
  <token t_id="112" sentence="2" number="14">发</token>
  <token t_id="113" sentence="2" number="15">生</token>
  <token t_id="114" sentence="2" number="16">后</token>
  <token t_id="115" sentence="2" number="17">，</token>
  <token t_id="116" sentence="2" number="18">广</token>
  <token t_id="117" sentence="2" number="19">东</token>
  <token t_id="118" sentence="2" number="20">省</token>
  <token t_id="119" sentence="2" number="21">应</token>
  <token t_id="120" sentence="2" number="22">急</token>
  <token t_id="121" sentence="2" number="23">管</token>
  <token t_id="122" sentence="2" number="24">理</token>
  <token t_id="123" sentence="2" number="25">厅</token>
  <token t_id="124" sentence="2" number="26">调</token>
  <token t_id="125" sentence="2" number="27">集</token>
  <token t_id="126" sentence="2" number="28">广</token>
  <token t_id="127" sentence="2" number="29">州</token>
  <token t_id="128" sentence="2" number="30">、</token>
  <token t_id="129" sentence="2" number="31">深</token>
  <token t_id="130" sentence="2" number="32">圳</token>
  <token t_id="131" sentence="2" number="33">、</token>
  <token t_id="132" sentence="2" number="34">佛</token>
  <token t_id="133" sentence="2" number="35">山</token>
  <token t_id="134" sentence="2" number="36">等</token>
  <token t_id="135" sentence="2" number="37">周</token>
  <token t_id="136" sentence="2" number="38">边</token>
  <token t_id="137" sentence="2" number="39">8</token>
  <token t_id="138" sentence="2" number="40">个</token>
  <token t_id="139" sentence="2" number="41">城</token>
  <token t_id="140" sentence="2" number="42">市</token>
  <token t_id="141" sentence="2" number="43">的</token>
  <token t_id="142" sentence="2" number="44">救</token>
  <token t_id="143" sentence="2" number="45">援</token>
  <token t_id="144" sentence="2" number="46">力</token>
  <token t_id="145" sentence="2" number="47">量</token>
  <token t_id="146" sentence="2" number="48">支</token>
  <token t_id="147" sentence="2" number="49">援</token>
  <token t_id="148" sentence="2" number="50">珠</token>
  <token t_id="149" sentence="2" number="51">海</token>
  <token t_id="150" sentence="2" number="52">，</token>
  <token t_id="151" sentence="2" number="53">珠</token>
  <token t_id="152" sentence="2" number="54">海</token>
  <token t_id="153" sentence="2" number="55">第</token>
  <token t_id="154" sentence="2" number="56">一</token>
  <token t_id="155" sentence="2" number="57">时</token>
  <token t_id="156" sentence="2" number="58">间</token>
  <token t_id="157" sentence="2" number="59">成</token>
  <token t_id="158" sentence="2" number="60">立</token>
  <token t_id="159" sentence="2" number="61">现</token>
  <token t_id="160" sentence="2" number="62">场</token>
  <token t_id="161" sentence="2" number="63">救</token>
  <token t_id="162" sentence="2" number="64">援</token>
  <token t_id="163" sentence="2" number="65">指</token>
  <token t_id="164" sentence="2" number="66">挥</token>
  <token t_id="165" sentence="2" number="67">部</token>
  <token t_id="166" sentence="2" number="68">，</token>
  <token t_id="167" sentence="2" number="69">超</token>
  <token t_id="168" sentence="2" number="70">1</token>
  <token t_id="169" sentence="2" number="71">1</token>
  <token t_id="170" sentence="2" number="72">0</token>
  <token t_id="171" sentence="2" number="73">0</token>
  <token t_id="172" sentence="2" number="74">人</token>
  <token t_id="173" sentence="2" number="75">投</token>
  <token t_id="174" sentence="2" number="76">入</token>
  <token t_id="175" sentence="2" number="77">抢</token>
  <token t_id="176" sentence="2" number="78">险</token>
  <token t_id="177" sentence="2" number="79">救</token>
  <token t_id="178" sentence="2" number="80">援</token>
  <token t_id="179" sentence="2" number="81">工</token>
  <token t_id="180" sentence="2" number="82">作</token>
  <token t_id="181" sentence="2" number="83">。</token>
  <token t_id="182" sentence="3" number="0">记</token>
  <token t_id="183" sentence="3" number="1">者</token>
  <token t_id="184" sentence="3" number="2">在</token>
  <token t_id="185" sentence="3" number="3">现</token>
  <token t_id="186" sentence="3" number="4">场</token>
  <token t_id="187" sentence="3" number="5">看</token>
  <token t_id="188" sentence="3" number="6">到</token>
  <token t_id="189" sentence="3" number="7">，</token>
  <token t_id="190" sentence="3" number="8">排</token>
  <token t_id="191" sentence="3" number="9">水</token>
  <token t_id="192" sentence="3" number="10">设</token>
  <token t_id="193" sentence="3" number="11">备</token>
  <token t_id="194" sentence="3" number="12">正</token>
  <token t_id="195" sentence="3" number="13">在</token>
  <token t_id="196" sentence="3" number="14">从</token>
  <token t_id="197" sentence="3" number="15">隧</token>
  <token t_id="198" sentence="3" number="16">道</token>
  <token t_id="199" sentence="3" number="17">向</token>
  <token t_id="200" sentence="3" number="18">外</token>
  <token t_id="201" sentence="3" number="19">排</token>
  <token t_id="202" sentence="3" number="20">水</token>
  <token t_id="203" sentence="3" number="21">，</token>
  <token t_id="204" sentence="3" number="22">多</token>
  <token t_id="205" sentence="3" number="23">台</token>
  <token t_id="206" sentence="3" number="24">救</token>
  <token t_id="207" sentence="3" number="25">护</token>
  <token t_id="208" sentence="3" number="26">车</token>
  <token t_id="209" sentence="3" number="27">在</token>
  <token t_id="210" sentence="3" number="28">周</token>
  <token t_id="211" sentence="3" number="29">边</token>
  <token t_id="212" sentence="3" number="30">待</token>
  <token t_id="213" sentence="3" number="31">命</token>
  <token t_id="214" sentence="3" number="32">，</token>
  <token t_id="215" sentence="3" number="33">现</token>
  <token t_id="216" sentence="3" number="34">场</token>
  <token t_id="217" sentence="3" number="35">应</token>
  <token t_id="218" sentence="3" number="36">急</token>
  <token t_id="219" sentence="3" number="37">发</token>
  <token t_id="220" sentence="3" number="38">电</token>
  <token t_id="221" sentence="3" number="39">和</token>
  <token t_id="222" sentence="3" number="40">通</token>
  <token t_id="223" sentence="3" number="41">信</token>
  <token t_id="224" sentence="3" number="42">设</token>
  <token t_id="225" sentence="3" number="43">备</token>
  <token t_id="226" sentence="3" number="44">已</token>
  <token t_id="227" sentence="3" number="45">建</token>
  <token t_id="228" sentence="3" number="46">立</token>
  <token t_id="229" sentence="3" number="47">，</token>
  <token t_id="230" sentence="3" number="48">救</token>
  <token t_id="231" sentence="3" number="49">援</token>
  <token t_id="232" sentence="3" number="50">人</token>
  <token t_id="233" sentence="3" number="51">员</token>
  <token t_id="234" sentence="3" number="52">分</token>
  <token t_id="235" sentence="3" number="53">批</token>
  <token t_id="236" sentence="3" number="54">次</token>
  <token t_id="237" sentence="3" number="55">进</token>
  <token t_id="238" sentence="3" number="56">入</token>
  <token t_id="239" sentence="3" number="57">隧</token>
  <token t_id="240" sentence="3" number="58">道</token>
  <token t_id="241" sentence="3" number="59">口</token>
  <token t_id="242" sentence="3" number="60">。</token>
  <token t_id="243" sentence="4" number="0">张</token>
  <token t_id="244" sentence="4" number="1">宜</token>
  <token t_id="245" sentence="4" number="2">生</token>
  <token t_id="246" sentence="4" number="3">说</token>
  <token t_id="247" sentence="4" number="4">，</token>
  <token t_id="248" sentence="4" number="5">目</token>
  <token t_id="249" sentence="4" number="6">前</token>
  <token t_id="250" sentence="4" number="7">救</token>
  <token t_id="251" sentence="4" number="8">援</token>
  <token t_id="252" sentence="4" number="9">措</token>
  <token t_id="253" sentence="4" number="10">施</token>
  <token t_id="254" sentence="4" number="11">一</token>
  <token t_id="255" sentence="4" number="12">是</token>
  <token t_id="256" sentence="4" number="13">查</token>
  <token t_id="257" sentence="4" number="14">找</token>
  <token t_id="258" sentence="4" number="15">隧</token>
  <token t_id="259" sentence="4" number="16">道</token>
  <token t_id="260" sentence="4" number="17">上</token>
  <token t_id="261" sentence="4" number="18">方</token>
  <token t_id="262" sentence="4" number="19">透</token>
  <token t_id="263" sentence="4" number="20">水</token>
  <token t_id="264" sentence="4" number="21">点</token>
  <token t_id="265" sentence="4" number="22">并</token>
  <token t_id="266" sentence="4" number="23">对</token>
  <token t_id="267" sentence="4" number="24">透</token>
  <token t_id="268" sentence="4" number="25">水</token>
  <token t_id="269" sentence="4" number="26">点</token>
  <token t_id="270" sentence="4" number="27">进</token>
  <token t_id="271" sentence="4" number="28">行</token>
  <token t_id="272" sentence="4" number="29">围</token>
  <token t_id="273" sentence="4" number="30">堰</token>
  <token t_id="274" sentence="4" number="31">封</token>
  <token t_id="275" sentence="4" number="32">堵</token>
  <token t_id="276" sentence="4" number="33">，</token>
  <token t_id="277" sentence="4" number="34">截</token>
  <token t_id="278" sentence="4" number="35">至</token>
  <token t_id="279" sentence="4" number="36">1</token>
  <token t_id="280" sentence="4" number="37">2</token>
  <token t_id="281" sentence="4" number="38">时</token>
  <token t_id="282" sentence="4" number="39">3</token>
  <token t_id="283" sentence="4" number="40">0</token>
  <token t_id="284" sentence="4" number="41">分</token>
  <token t_id="285" sentence="4" number="42">已</token>
  <token t_id="286" sentence="4" number="43">经</token>
  <token t_id="287" sentence="4" number="44">围</token>
  <token t_id="288" sentence="4" number="45">堰</token>
  <token t_id="289" sentence="4" number="46">合</token>
  <token t_id="290" sentence="4" number="47">拢</token>
  <token t_id="291" sentence="4" number="48">，</token>
  <token t_id="292" sentence="4" number="49">采</token>
  <token t_id="293" sentence="4" number="50">取</token>
  <token t_id="294" sentence="4" number="51">强</token>
  <token t_id="295" sentence="4" number="52">抽</token>
  <token t_id="296" sentence="4" number="53">与</token>
  <token t_id="297" sentence="4" number="54">涵</token>
  <token t_id="298" sentence="4" number="55">管</token>
  <token t_id="299" sentence="4" number="56">放</token>
  <token t_id="300" sentence="4" number="57">水</token>
  <token t_id="301" sentence="4" number="58">相</token>
  <token t_id="302" sentence="4" number="59">结</token>
  <token t_id="303" sentence="4" number="60">合</token>
  <token t_id="304" sentence="4" number="61">降</token>
  <token t_id="305" sentence="4" number="62">低</token>
  <token t_id="306" sentence="4" number="63">水</token>
  <token t_id="307" sentence="4" number="64">库</token>
  <token t_id="308" sentence="4" number="65">水</token>
  <token t_id="309" sentence="4" number="66">位</token>
  <token t_id="310" sentence="4" number="67">。</token>
  <token t_id="311" sentence="5" number="0">二</token>
  <token t_id="312" sentence="5" number="1">是</token>
  <token t_id="313" sentence="5" number="2">组</token>
  <token t_id="314" sentence="5" number="3">织</token>
  <token t_id="315" sentence="5" number="4">移</token>
  <token t_id="316" sentence="5" number="5">动</token>
  <token t_id="317" sentence="5" number="6">排</token>
  <token t_id="318" sentence="5" number="7">水</token>
  <token t_id="319" sentence="5" number="8">泵</token>
  <token t_id="320" sentence="5" number="9">车</token>
  <token t_id="321" sentence="5" number="10">对</token>
  <token t_id="322" sentence="5" number="11">隧</token>
  <token t_id="323" sentence="5" number="12">道</token>
  <token t_id="324" sentence="5" number="13">内</token>
  <token t_id="325" sentence="5" number="14">积</token>
  <token t_id="326" sentence="5" number="15">水</token>
  <token t_id="327" sentence="5" number="16">进</token>
  <token t_id="328" sentence="5" number="17">行</token>
  <token t_id="329" sentence="5" number="18">抽</token>
  <token t_id="330" sentence="5" number="19">排</token>
  <token t_id="331" sentence="5" number="20">。</token>
  <token t_id="332" sentence="6" number="0">自</token>
  <token t_id="333" sentence="6" number="1">1</token>
  <token t_id="334" sentence="6" number="2">5</token>
  <token t_id="335" sentence="6" number="3">日</token>
  <token t_id="336" sentence="6" number="4">5</token>
  <token t_id="337" sentence="6" number="5">时</token>
  <token t_id="338" sentence="6" number="6">许</token>
  <token t_id="339" sentence="6" number="7">全</token>
  <token t_id="340" sentence="6" number="8">面</token>
  <token t_id="341" sentence="6" number="9">开</token>
  <token t_id="342" sentence="6" number="10">始</token>
  <token t_id="343" sentence="6" number="11">抽</token>
  <token t_id="344" sentence="6" number="12">排</token>
  <token t_id="345" sentence="6" number="13">水</token>
  <token t_id="346" sentence="6" number="14">作</token>
  <token t_id="347" sentence="6" number="15">业</token>
  <token t_id="348" sentence="6" number="16">，</token>
  <token t_id="349" sentence="6" number="17">现</token>
  <token t_id="350" sentence="6" number="18">场</token>
  <token t_id="351" sentence="6" number="19">作</token>
  <token t_id="352" sentence="6" number="20">业</token>
  <token t_id="353" sentence="6" number="21">面</token>
  <token t_id="354" sentence="6" number="22">正</token>
  <token t_id="355" sentence="6" number="23">在</token>
  <token t_id="356" sentence="6" number="24">救</token>
  <token t_id="357" sentence="6" number="25">援</token>
  <token t_id="358" sentence="6" number="26">的</token>
  <token t_id="359" sentence="6" number="27">移</token>
  <token t_id="360" sentence="6" number="28">动</token>
  <token t_id="361" sentence="6" number="29">排</token>
  <token t_id="362" sentence="6" number="30">水</token>
  <token t_id="363" sentence="6" number="31">泵</token>
  <token t_id="364" sentence="6" number="32">车</token>
  <token t_id="365" sentence="6" number="33">5</token>
  <token t_id="366" sentence="6" number="34">台</token>
  <token t_id="367" sentence="6" number="35">，</token>
  <token t_id="368" sentence="6" number="36">每</token>
  <token t_id="369" sentence="6" number="37">小</token>
  <token t_id="370" sentence="6" number="38">时</token>
  <token t_id="371" sentence="6" number="39">抽</token>
  <token t_id="372" sentence="6" number="40">水</token>
  <token t_id="373" sentence="6" number="41">量</token>
  <token t_id="374" sentence="6" number="42">达</token>
  <token t_id="375" sentence="6" number="43">1</token>
  <token t_id="376" sentence="6" number="44">.</token>
  <token t_id="377" sentence="6" number="45">5</token>
  <token t_id="378" sentence="6" number="46">4</token>
  <token t_id="379" sentence="6" number="47">万</token>
  <token t_id="380" sentence="6" number="48">立</token>
  <token t_id="381" sentence="6" number="49">方</token>
  <token t_id="382" sentence="6" number="50">米</token>
  <token t_id="383" sentence="6" number="51">，</token>
  <token t_id="384" sentence="6" number="52">另</token>
  <token t_id="385" sentence="6" number="53">有</token>
  <token t_id="386" sentence="6" number="54">2</token>
  <token t_id="387" sentence="6" number="55">0</token>
  <token t_id="388" sentence="6" number="56">台</token>
  <token t_id="389" sentence="6" number="57">泵</token>
  <token t_id="390" sentence="6" number="58">车</token>
  <token t_id="391" sentence="6" number="59">在</token>
  <token t_id="392" sentence="6" number="60">周</token>
  <token t_id="393" sentence="6" number="61">边</token>
  <token t_id="394" sentence="6" number="62">待</token>
  <token t_id="395" sentence="6" number="63">命</token>
  <Markables>
    <ACTION m_id="41171" comment="">
      <token_anchor t_id="52" />
      <token_anchor t_id="53" />
      <token_anchor t_id="54" />
      <token_anchor t_id="55" />
    </ACTION>
    <ACTION m_id="41172" comment="">
      <token_anchor t_id="66" />
      <token_anchor t_id="67" />
    </ACTION>
    <ACTION m_id="41173" comment="">
      <token_anchor t_id="73" />
      <token_anchor t_id="74" />
    </ACTION>
    <ACTION m_id="41174" comment="">
      <token_anchor t_id="81" />
      <token_anchor t_id="82" />
    </ACTION>
    <ACTION m_id="41176" comment="">
      <token_anchor t_id="94" />
      <token_anchor t_id="95" />
      <token_anchor t_id="96" />
    </ACTION>
    <ACTION m_id="41177" comment="">
      <token_anchor t_id="107" />
      <token_anchor t_id="108" />
    </ACTION>
    <ACTION m_id="41178" comment="">
      <token_anchor t_id="110" />
      <token_anchor t_id="111" />
    </ACTION>
    <ACTION m_id="41179" comment="">
      <token_anchor t_id="124" />
      <token_anchor t_id="125" />
    </ACTION>
    <ACTION_CAUSATIVE m_id="41180" comment="">
      <token_anchor t_id="57" />
      <token_anchor t_id="58" />
    </ACTION_CAUSATIVE>
    <ACTION m_id="41181" comment="">
      <token_anchor t_id="146" />
      <token_anchor t_id="147" />
    </ACTION>
    <ACTION m_id="41182" comment="">
      <token_anchor t_id="157" />
      <token_anchor t_id="158" />
    </ACTION>
    <ACTION m_id="41183" comment="">
      <token_anchor t_id="173" />
      <token_anchor t_id="174" />
    </ACTION>
    <ACTION m_id="41186" comment="">
      <token_anchor t_id="187" />
      <token_anchor t_id="188" />
    </ACTION>
    <ACTION m_id="41187" comment="">
      <token_anchor t_id="201" />
      <token_anchor t_id="202" />
    </ACTION>
    <ACTION m_id="41188" comment="">
      <token_anchor t_id="212" />
      <token_anchor t_id="213" />
    </ACTION>
    <ACTION m_id="41189" comment="">
      <token_anchor t_id="227" />
      <token_anchor t_id="228" />
    </ACTION>
    <ACTION m_id="41190" comment="">
      <token_anchor t_id="237" />
      <token_anchor t_id="238" />
    </ACTION>
    <ACTION m_id="41191" comment="">
      <token_anchor t_id="246" />
    </ACTION>
    <ACTION m_id="41192" comment="">
      <token_anchor t_id="256" />
      <token_anchor t_id="257" />
    </ACTION>
    <ACTION m_id="41193" comment="">
      <token_anchor t_id="274" />
      <token_anchor t_id="275" />
    </ACTION>
    <ACTION m_id="41194" comment="">
      <token_anchor t_id="289" />
      <token_anchor t_id="290" />
    </ACTION>
    <ACTION m_id="41195" comment="">
      <token_anchor t_id="294" />
      <token_anchor t_id="295" />
    </ACTION>
    <ACTION m_id="41196" comment="">
      <token_anchor t_id="299" />
      <token_anchor t_id="300" />
    </ACTION>
    <ACTION m_id="41197" comment="">
      <token_anchor t_id="304" />
      <token_anchor t_id="305" />
    </ACTION>
    <ACTION m_id="41198" comment="">
      <token_anchor t_id="313" />
      <token_anchor t_id="314" />
    </ACTION>
    <ACTION m_id="41199" comment="">
      <token_anchor t_id="329" />
      <token_anchor t_id="330" />
    </ACTION>
    <ACTION m_id="41201" comment="">
      <token_anchor t_id="343" />
      <token_anchor t_id="344" />
      <token_anchor t_id="345" />
    </ACTION>
    <ACTION m_id="41202" comment="">
      <token_anchor t_id="394" />
      <token_anchor t_id="395" />
    </ACTION>
  </Markables>
  <Relations>
    <PLOT_LINK r_id="4254" SIGNAL="" relType="causation" CAUSES="FALSE" CAUSED_BY="FALSE">
      <source m_id="41171" />
      <target m_id="41172" />
    </PLOT_LINK>
    <PLOT_LINK r_id="4255" SIGNAL="" relType="causation" CAUSES="FALSE" CAUSED_BY="FALSE">
      <source m_id="41178" />
      <target m_id="41179" />
    </PLOT_LINK>
    <PLOT_LINK r_id="4256" SIGNAL="" relType="causation" CAUSES="FALSE" CAUSED_BY="FALSE">
      <source m_id="41178" />
      <target m_id="41182" />
    </PLOT_LINK>
    <PLOT_LINK r_id="4257" SIGNAL="" relType="causation" CAUSES="FALSE" CAUSED_BY="FALSE">
      <source m_id="41195" />
      <target m_id="41197" />
    </PLOT_LINK>
    <PLOT_LINK r_id="4258" SIGNAL="" relType="causation" CAUSES="FALSE" CAUSED_BY="FALSE">
      <source m_id="41196" />
      <target m_id="41197" />
    </PLOT_LINK>
  </Relations>
</Document>