<?xml version="1.0" encoding="UTF-8"?>
<Document doc_name="1988_ecbplus.xml.xml">
  <token t_id="1" sentence="0" number="0">本</token>
  <token t_id="2" sentence="0" number="1">报</token>
  <token t_id="3" sentence="0" number="2">里</token>
  <token t_id="4" sentence="0" number="3">约</token>
  <token t_id="5" sentence="0" number="4">热</token>
  <token t_id="6" sentence="0" number="5">内</token>
  <token t_id="7" sentence="0" number="6">卢</token>
  <token t_id="8" sentence="0" number="7">5</token>
  <token t_id="9" sentence="0" number="8">月</token>
  <token t_id="10" sentence="0" number="9">6</token>
  <token t_id="11" sentence="0" number="10">日</token>
  <token t_id="12" sentence="0" number="11">电</token>
  <token t_id="13" sentence="0" number="12">（</token>
  <token t_id="14" sentence="0" number="13">记</token>
  <token t_id="15" sentence="0" number="14">者</token>
  <token t_id="16" sentence="0" number="15">颜</token>
  <token t_id="17" sentence="0" number="16">欢</token>
  <token t_id="18" sentence="0" number="17">）</token>
  <token t_id="19" sentence="0" number="18">据</token>
  <token t_id="20" sentence="0" number="19">玻</token>
  <token t_id="21" sentence="0" number="20">利</token>
  <token t_id="22" sentence="0" number="21">维</token>
  <token t_id="23" sentence="0" number="22">亚</token>
  <token t_id="24" sentence="0" number="23">新</token>
  <token t_id="25" sentence="0" number="24">闻</token>
  <token t_id="26" sentence="0" number="25">网</token>
  <token t_id="27" sentence="0" number="26">站</token>
  <token t_id="28" sentence="0" number="27">“</token>
  <token t_id="29" sentence="0" number="28">责</token>
  <token t_id="30" sentence="0" number="29">任</token>
  <token t_id="31" sentence="0" number="30">网</token>
  <token t_id="32" sentence="0" number="31">”</token>
  <token t_id="33" sentence="0" number="32">报</token>
  <token t_id="34" sentence="0" number="33">道</token>
  <token t_id="35" sentence="0" number="34">，</token>
  <token t_id="36" sentence="0" number="35">当</token>
  <token t_id="37" sentence="0" number="36">地</token>
  <token t_id="38" sentence="0" number="37">时</token>
  <token t_id="39" sentence="0" number="38">间</token>
  <token t_id="40" sentence="0" number="39">5</token>
  <token t_id="41" sentence="0" number="40">日</token>
  <token t_id="42" sentence="0" number="41">清</token>
  <token t_id="43" sentence="0" number="42">晨</token>
  <token t_id="44" sentence="0" number="43">，</token>
  <token t_id="45" sentence="0" number="44">玻</token>
  <token t_id="46" sentence="0" number="45">利</token>
  <token t_id="47" sentence="0" number="46">维</token>
  <token t_id="48" sentence="0" number="47">亚</token>
  <token t_id="49" sentence="0" number="48">东</token>
  <token t_id="50" sentence="0" number="49">部</token>
  <token t_id="51" sentence="0" number="50">圣</token>
  <token t_id="52" sentence="0" number="51">克</token>
  <token t_id="53" sentence="0" number="52">鲁</token>
  <token t_id="54" sentence="0" number="53">斯</token>
  <token t_id="55" sentence="0" number="54">省</token>
  <token t_id="56" sentence="0" number="55">发</token>
  <token t_id="57" sentence="0" number="56">生</token>
  <token t_id="58" sentence="0" number="57">重</token>
  <token t_id="59" sentence="0" number="58">大</token>
  <token t_id="60" sentence="0" number="59">交</token>
  <token t_id="61" sentence="0" number="60">通</token>
  <token t_id="62" sentence="0" number="61">事</token>
  <token t_id="63" sentence="0" number="62">故</token>
  <token t_id="64" sentence="0" number="63">，</token>
  <token t_id="65" sentence="0" number="64">一</token>
  <token t_id="66" sentence="0" number="65">辆</token>
  <token t_id="67" sentence="0" number="66">搭</token>
  <token t_id="68" sentence="0" number="67">载</token>
  <token t_id="69" sentence="0" number="68">了</token>
  <token t_id="70" sentence="0" number="69">4</token>
  <token t_id="71" sentence="0" number="70">5</token>
  <token t_id="72" sentence="0" number="71">名</token>
  <token t_id="73" sentence="0" number="72">乘</token>
  <token t_id="74" sentence="0" number="73">客</token>
  <token t_id="75" sentence="0" number="74">的</token>
  <token t_id="76" sentence="0" number="75">长</token>
  <token t_id="77" sentence="0" number="76">途</token>
  <token t_id="78" sentence="0" number="77">客</token>
  <token t_id="79" sentence="0" number="78">车</token>
  <token t_id="80" sentence="0" number="79">在</token>
  <token t_id="81" sentence="0" number="80">行</token>
  <token t_id="82" sentence="0" number="81">驶</token>
  <token t_id="83" sentence="0" number="82">过</token>
  <token t_id="84" sentence="0" number="83">程</token>
  <token t_id="85" sentence="0" number="84">中</token>
  <token t_id="86" sentence="0" number="85">失</token>
  <token t_id="87" sentence="0" number="86">控</token>
  <token t_id="88" sentence="0" number="87">翻</token>
  <token t_id="89" sentence="0" number="88">入</token>
  <token t_id="90" sentence="0" number="89">山</token>
  <token t_id="91" sentence="0" number="90">沟</token>
  <token t_id="92" sentence="0" number="91">，</token>
  <token t_id="93" sentence="0" number="92">当</token>
  <token t_id="94" sentence="0" number="93">场</token>
  <token t_id="95" sentence="0" number="94">造</token>
  <token t_id="96" sentence="0" number="95">成</token>
  <token t_id="97" sentence="0" number="96">至</token>
  <token t_id="98" sentence="0" number="97">少</token>
  <token t_id="99" sentence="0" number="98">1</token>
  <token t_id="100" sentence="0" number="99">2</token>
  <token t_id="101" sentence="0" number="100">人</token>
  <token t_id="102" sentence="0" number="101">死</token>
  <token t_id="103" sentence="0" number="102">亡</token>
  <token t_id="104" sentence="0" number="103">、</token>
  <token t_id="105" sentence="0" number="104">3</token>
  <token t_id="106" sentence="0" number="105">0</token>
  <token t_id="107" sentence="0" number="106">人</token>
  <token t_id="108" sentence="0" number="107">受</token>
  <token t_id="109" sentence="0" number="108">伤</token>
  <token t_id="110" sentence="0" number="109">。</token>
  <token t_id="111" sentence="1" number="0">警</token>
  <token t_id="112" sentence="1" number="1">方</token>
  <token t_id="113" sentence="1" number="2">公</token>
  <token t_id="114" sentence="1" number="3">布</token>
  <token t_id="115" sentence="1" number="4">的</token>
  <token t_id="116" sentence="1" number="5">事</token>
  <token t_id="117" sentence="1" number="6">故</token>
  <token t_id="118" sentence="1" number="7">调</token>
  <token t_id="119" sentence="1" number="8">查</token>
  <token t_id="120" sentence="1" number="9">报</token>
  <token t_id="121" sentence="1" number="10">告</token>
  <token t_id="122" sentence="1" number="11">显</token>
  <token t_id="123" sentence="1" number="12">示</token>
  <token t_id="124" sentence="1" number="13">，</token>
  <token t_id="125" sentence="1" number="14">当</token>
  <token t_id="126" sentence="1" number="15">天</token>
  <token t_id="127" sentence="1" number="16">凌</token>
  <token t_id="128" sentence="1" number="17">晨</token>
  <token t_id="129" sentence="1" number="18">2</token>
  <token t_id="130" sentence="1" number="19">时</token>
  <token t_id="131" sentence="1" number="20">左</token>
  <token t_id="132" sentence="1" number="21">右</token>
  <token t_id="133" sentence="1" number="22">，</token>
  <token t_id="134" sentence="1" number="23">这</token>
  <token t_id="135" sentence="1" number="24">辆</token>
  <token t_id="136" sentence="1" number="25">客</token>
  <token t_id="137" sentence="1" number="26">车</token>
  <token t_id="138" sentence="1" number="27">在</token>
  <token t_id="139" sentence="1" number="28">圣</token>
  <token t_id="140" sentence="1" number="29">克</token>
  <token t_id="141" sentence="1" number="30">鲁</token>
  <token t_id="142" sentence="1" number="31">斯</token>
  <token t_id="143" sentence="1" number="32">市</token>
  <token t_id="144" sentence="1" number="33">附</token>
  <token t_id="145" sentence="1" number="34">近</token>
  <token t_id="146" sentence="1" number="35">山</token>
  <token t_id="147" sentence="1" number="36">区</token>
  <token t_id="148" sentence="1" number="37">公</token>
  <token t_id="149" sentence="1" number="38">路</token>
  <token t_id="150" sentence="1" number="39">上</token>
  <token t_id="151" sentence="1" number="40">避</token>
  <token t_id="152" sentence="1" number="41">让</token>
  <token t_id="153" sentence="1" number="42">对</token>
  <token t_id="154" sentence="1" number="43">向</token>
  <token t_id="155" sentence="1" number="44">车</token>
  <token t_id="156" sentence="1" number="45">辆</token>
  <token t_id="157" sentence="1" number="46">时</token>
  <token t_id="158" sentence="1" number="47">失</token>
  <token t_id="159" sentence="1" number="48">控</token>
  <token t_id="160" sentence="1" number="49">，</token>
  <token t_id="161" sentence="1" number="50">翻</token>
  <token t_id="162" sentence="1" number="51">入</token>
  <token t_id="163" sentence="1" number="52">1</token>
  <token t_id="164" sentence="1" number="53">0</token>
  <token t_id="165" sentence="1" number="54">0</token>
  <token t_id="166" sentence="1" number="55">多</token>
  <token t_id="167" sentence="1" number="56">米</token>
  <token t_id="168" sentence="1" number="57">深</token>
  <token t_id="169" sentence="1" number="58">山</token>
  <token t_id="170" sentence="1" number="59">沟</token>
  <token t_id="171" sentence="1" number="60">，</token>
  <token t_id="172" sentence="1" number="61">至</token>
  <token t_id="173" sentence="1" number="62">少</token>
  <token t_id="174" sentence="1" number="63">有</token>
  <token t_id="175" sentence="1" number="64">1</token>
  <token t_id="176" sentence="1" number="65">2</token>
  <token t_id="177" sentence="1" number="66">名</token>
  <token t_id="178" sentence="1" number="67">乘</token>
  <token t_id="179" sentence="1" number="68">客</token>
  <token t_id="180" sentence="1" number="69">当</token>
  <token t_id="181" sentence="1" number="70">场</token>
  <token t_id="182" sentence="1" number="71">死</token>
  <token t_id="183" sentence="1" number="72">亡</token>
  <token t_id="184" sentence="1" number="73">，</token>
  <token t_id="185" sentence="1" number="74">其</token>
  <token t_id="186" sentence="1" number="75">中</token>
  <token t_id="187" sentence="1" number="76">包</token>
  <token t_id="188" sentence="1" number="77">括</token>
  <token t_id="189" sentence="1" number="78">4</token>
  <token t_id="190" sentence="1" number="79">名</token>
  <token t_id="191" sentence="1" number="80">儿</token>
  <token t_id="192" sentence="1" number="81">童</token>
  <token t_id="193" sentence="1" number="82">。</token>
  <token t_id="194" sentence="2" number="0">警</token>
  <token t_id="195" sentence="2" number="1">方</token>
  <token t_id="196" sentence="2" number="2">负</token>
  <token t_id="197" sentence="2" number="3">责</token>
  <token t_id="198" sentence="2" number="4">人</token>
  <token t_id="199" sentence="2" number="5">表</token>
  <token t_id="200" sentence="2" number="6">示</token>
  <token t_id="201" sentence="2" number="7">，</token>
  <token t_id="202" sentence="2" number="8">事</token>
  <token t_id="203" sentence="2" number="9">发</token>
  <token t_id="204" sentence="2" number="10">路</token>
  <token t_id="205" sentence="2" number="11">段</token>
  <token t_id="206" sentence="2" number="12">为</token>
  <token t_id="207" sentence="2" number="13">崎</token>
  <token t_id="208" sentence="2" number="14">岖</token>
  <token t_id="209" sentence="2" number="15">山</token>
  <token t_id="210" sentence="2" number="16">路</token>
  <token t_id="211" sentence="2" number="17">，</token>
  <token t_id="212" sentence="2" number="18">是</token>
  <token t_id="213" sentence="2" number="19">交</token>
  <token t_id="214" sentence="2" number="20">通</token>
  <token t_id="215" sentence="2" number="21">事</token>
  <token t_id="216" sentence="2" number="22">故</token>
  <token t_id="217" sentence="2" number="23">频</token>
  <token t_id="218" sentence="2" number="24">发</token>
  <token t_id="219" sentence="2" number="25">地</token>
  <token t_id="220" sentence="2" number="26">。</token>
  <token t_id="221" sentence="3" number="0">警</token>
  <token t_id="222" sentence="3" number="1">方</token>
  <token t_id="223" sentence="3" number="2">在</token>
  <token t_id="224" sentence="3" number="3">初</token>
  <token t_id="225" sentence="3" number="4">步</token>
  <token t_id="226" sentence="3" number="5">举</token>
  <token t_id="227" sentence="3" number="6">证</token>
  <token t_id="228" sentence="3" number="7">后</token>
  <token t_id="229" sentence="3" number="8">指</token>
  <token t_id="230" sentence="3" number="9">出</token>
  <token t_id="231" sentence="3" number="10">，</token>
  <token t_id="232" sentence="3" number="11">造</token>
  <token t_id="233" sentence="3" number="12">成</token>
  <token t_id="234" sentence="3" number="13">事</token>
  <token t_id="235" sentence="3" number="14">故</token>
  <token t_id="236" sentence="3" number="15">的</token>
  <token t_id="237" sentence="3" number="16">主</token>
  <token t_id="238" sentence="3" number="17">要</token>
  <token t_id="239" sentence="3" number="18">原</token>
  <token t_id="240" sentence="3" number="19">因</token>
  <token t_id="241" sentence="3" number="20">可</token>
  <token t_id="242" sentence="3" number="21">能</token>
  <token t_id="243" sentence="3" number="22">是</token>
  <token t_id="244" sentence="3" number="23">司</token>
  <token t_id="245" sentence="3" number="24">机</token>
  <token t_id="246" sentence="3" number="25">超</token>
  <token t_id="247" sentence="3" number="26">速</token>
  <token t_id="248" sentence="3" number="27">行</token>
  <token t_id="249" sentence="3" number="28">驶</token>
  <token t_id="250" sentence="3" number="29">和</token>
  <token t_id="251" sentence="3" number="30">疲</token>
  <token t_id="252" sentence="3" number="31">劳</token>
  <token t_id="253" sentence="3" number="32">驾</token>
  <token t_id="254" sentence="3" number="33">驶</token>
  <Markables>
    <ACTION m_id="19411" comment="">
      <token_anchor t_id="60" />
      <token_anchor t_id="61" />
      <token_anchor t_id="62" />
      <token_anchor t_id="63" />
    </ACTION>
    <ACTION m_id="19412" comment="">
      <token_anchor t_id="88" />
      <token_anchor t_id="89" />
    </ACTION>
    <ACTION m_id="19413" comment="">
      <token_anchor t_id="102" />
      <token_anchor t_id="103" />
    </ACTION>
    <ACTION m_id="19414" comment="">
      <token_anchor t_id="108" />
      <token_anchor t_id="109" />
    </ACTION>
    <ACTION m_id="19415" comment="">
      <token_anchor t_id="158" />
      <token_anchor t_id="159" />
    </ACTION>
    <ACTION m_id="19416" comment="">
      <token_anchor t_id="161" />
      <token_anchor t_id="162" />
    </ACTION>
    <ACTION m_id="19417" comment="">
      <token_anchor t_id="182" />
      <token_anchor t_id="183" />
    </ACTION>
    <ACTION m_id="19418" comment="">
      <token_anchor t_id="234" />
      <token_anchor t_id="235" />
    </ACTION>
    <ACTION m_id="19419" comment="">
      <token_anchor t_id="246" />
      <token_anchor t_id="247" />
      <token_anchor t_id="248" />
      <token_anchor t_id="249" />
    </ACTION>
    <ACTION m_id="19420" comment="">
      <token_anchor t_id="251" />
      <token_anchor t_id="252" />
      <token_anchor t_id="253" />
      <token_anchor t_id="254" />
    </ACTION>
    <ACTION m_id="50259" comment="">
      <token_anchor t_id="86" />
      <token_anchor t_id="87" />
    </ACTION>
    <ACTION_CAUSATIVE m_id="50260" comment="">
      <token_anchor t_id="95" />
      <token_anchor t_id="96" />
    </ACTION_CAUSATIVE>
    <ACTION_CAUSATIVE m_id="54360" comment="">
      <token_anchor t_id="232" />
      <token_anchor t_id="233" />
    </ACTION_CAUSATIVE>
  </Markables>
  <Relations>
    <PLOT_LINK r_id="144" SIGNAL="" relType="causation" CAUSES="FALSE" CAUSED_BY="FALSE">
      <source m_id="19412" />
      <target m_id="19413" />
    </PLOT_LINK>
    <PLOT_LINK r_id="145" SIGNAL="" relType="causation" CAUSES="FALSE" CAUSED_BY="FALSE">
      <source m_id="19412" />
      <target m_id="19414" />
    </PLOT_LINK>
    <PLOT_LINK r_id="146" SIGNAL="" relType="causation" CAUSES="FALSE" CAUSED_BY="FALSE">
      <source m_id="19415" />
      <target m_id="19416" />
    </PLOT_LINK>
    <PLOT_LINK r_id="147" SIGNAL="" relType="causation" CAUSES="FALSE" CAUSED_BY="FALSE">
      <source m_id="19416" />
      <target m_id="19417" />
    </PLOT_LINK>
    <PLOT_LINK r_id="148" SIGNAL="" relType="causation" CAUSES="FALSE" CAUSED_BY="FALSE">
      <source m_id="19419" />
      <target m_id="19418" />
    </PLOT_LINK>
    <PLOT_LINK r_id="149" SIGNAL="" relType="causation" CAUSES="FALSE" CAUSED_BY="FALSE">
      <source m_id="19420" />
      <target m_id="19418" />
    </PLOT_LINK>
    <PLOT_LINK r_id="154" SIGNAL="" relType="causation" CAUSES="FALSE" CAUSED_BY="FALSE">
      <source m_id="19412" />
      <target m_id="19411" />
    </PLOT_LINK>
    <PLOT_LINK r_id="2567" SIGNAL="" relType="causation" CAUSES="FALSE" CAUSED_BY="FALSE">
      <source m_id="50259" />
      <target m_id="19412" />
    </PLOT_LINK>
  </Relations>
</Document>