<?xml version="1.0" encoding="UTF-8"?>
<Document doc_name="1990_ecbplus.xml.xml">
  <token t_id="1" sentence="0" number="0">据</token>
  <token t_id="2" sentence="0" number="1">美</token>
  <token t_id="3" sentence="0" number="2">国</token>
  <token t_id="4" sentence="0" number="3">媒</token>
  <token t_id="5" sentence="0" number="4">体</token>
  <token t_id="6" sentence="0" number="5">1</token>
  <token t_id="7" sentence="0" number="6">1</token>
  <token t_id="8" sentence="0" number="7">月</token>
  <token t_id="9" sentence="0" number="8">2</token>
  <token t_id="10" sentence="0" number="9">2</token>
  <token t_id="11" sentence="0" number="10">日</token>
  <token t_id="12" sentence="0" number="11">报</token>
  <token t_id="13" sentence="0" number="12">道</token>
  <token t_id="14" sentence="0" number="13">，</token>
  <token t_id="15" sentence="0" number="14">埃</token>
  <token t_id="16" sentence="0" number="15">及</token>
  <token t_id="17" sentence="0" number="16">南</token>
  <token t_id="18" sentence="0" number="17">部</token>
  <token t_id="19" sentence="0" number="18">一</token>
  <token t_id="20" sentence="0" number="19">辆</token>
  <token t_id="21" sentence="0" number="20">面</token>
  <token t_id="22" sentence="0" number="21">包</token>
  <token t_id="23" sentence="0" number="22">车</token>
  <token t_id="24" sentence="0" number="23">与</token>
  <token t_id="25" sentence="0" number="24">一</token>
  <token t_id="26" sentence="0" number="25">辆</token>
  <token t_id="27" sentence="0" number="26">卡</token>
  <token t_id="28" sentence="0" number="27">车</token>
  <token t_id="29" sentence="0" number="28">当</token>
  <token t_id="30" sentence="0" number="29">天</token>
  <token t_id="31" sentence="0" number="30">相</token>
  <token t_id="32" sentence="0" number="31">撞</token>
  <token t_id="33" sentence="0" number="32">，</token>
  <token t_id="34" sentence="0" number="33">造</token>
  <token t_id="35" sentence="0" number="34">成</token>
  <token t_id="36" sentence="0" number="35">1</token>
  <token t_id="37" sentence="0" number="36">4</token>
  <token t_id="38" sentence="0" number="37">人</token>
  <token t_id="39" sentence="0" number="38">死</token>
  <token t_id="40" sentence="0" number="39">亡</token>
  <token t_id="41" sentence="0" number="40">，</token>
  <token t_id="42" sentence="0" number="41">另</token>
  <token t_id="43" sentence="0" number="42">有</token>
  <token t_id="44" sentence="0" number="43">8</token>
  <token t_id="45" sentence="0" number="44">人</token>
  <token t_id="46" sentence="0" number="45">受</token>
  <token t_id="47" sentence="0" number="46">伤</token>
  <token t_id="48" sentence="0" number="47">。</token>
  <token t_id="49" sentence="1" number="0">埃</token>
  <token t_id="50" sentence="1" number="1">及</token>
  <token t_id="51" sentence="1" number="2">南</token>
  <token t_id="52" sentence="1" number="3">部</token>
  <token t_id="53" sentence="1" number="4">省</token>
  <token t_id="54" sentence="1" number="5">份</token>
  <token t_id="55" sentence="1" number="6">阿</token>
  <token t_id="56" sentence="1" number="7">斯</token>
  <token t_id="57" sentence="1" number="8">乌</token>
  <token t_id="58" sentence="1" number="9">特</token>
  <token t_id="59" sentence="1" number="10">省</token>
  <token t_id="60" sentence="1" number="11">（</token>
  <token t_id="61" sentence="1" number="12">A</token>
  <token t_id="62" sentence="1" number="13">s</token>
  <token t_id="63" sentence="1" number="14">s</token>
  <token t_id="64" sentence="1" number="15">i</token>
  <token t_id="65" sentence="1" number="16">u</token>
  <token t_id="66" sentence="1" number="17">t</token>
  <token t_id="67" sentence="1" number="18">）</token>
  <token t_id="68" sentence="1" number="19">省</token>
  <token t_id="69" sentence="1" number="20">长</token>
  <token t_id="70" sentence="1" number="21">说</token>
  <token t_id="71" sentence="1" number="22">，</token>
  <token t_id="72" sentence="1" number="23">事</token>
  <token t_id="73" sentence="1" number="24">故</token>
  <token t_id="74" sentence="1" number="25">发</token>
  <token t_id="75" sentence="1" number="26">生</token>
  <token t_id="76" sentence="1" number="27">在</token>
  <token t_id="77" sentence="1" number="28">阿</token>
  <token t_id="78" sentence="1" number="29">斯</token>
  <token t_id="79" sentence="1" number="30">乌</token>
  <token t_id="80" sentence="1" number="31">特</token>
  <token t_id="81" sentence="1" number="32">省</token>
  <token t_id="82" sentence="1" number="33">境</token>
  <token t_id="83" sentence="1" number="34">内</token>
  <token t_id="84" sentence="1" number="35">。</token>
  <token t_id="85" sentence="2" number="0">面</token>
  <token t_id="86" sentence="2" number="1">包</token>
  <token t_id="87" sentence="2" number="2">车</token>
  <token t_id="88" sentence="2" number="3">司</token>
  <token t_id="89" sentence="2" number="4">机</token>
  <token t_id="90" sentence="2" number="5">由</token>
  <token t_id="91" sentence="2" number="6">于</token>
  <token t_id="92" sentence="2" number="7">驾</token>
  <token t_id="93" sentence="2" number="8">驶</token>
  <token t_id="94" sentence="2" number="9">太</token>
  <token t_id="95" sentence="2" number="10">快</token>
  <token t_id="96" sentence="2" number="11">，</token>
  <token t_id="97" sentence="2" number="12">失</token>
  <token t_id="98" sentence="2" number="13">去</token>
  <token t_id="99" sentence="2" number="14">了</token>
  <token t_id="100" sentence="2" number="15">对</token>
  <token t_id="101" sentence="2" number="16">于</token>
  <token t_id="102" sentence="2" number="17">车</token>
  <token t_id="103" sentence="2" number="18">辆</token>
  <token t_id="104" sentence="2" number="19">的</token>
  <token t_id="105" sentence="2" number="20">控</token>
  <token t_id="106" sentence="2" number="21">制</token>
  <token t_id="107" sentence="2" number="22">，</token>
  <token t_id="108" sentence="2" number="23">最</token>
  <token t_id="109" sentence="2" number="24">后</token>
  <token t_id="110" sentence="2" number="25">与</token>
  <token t_id="111" sentence="2" number="26">满</token>
  <token t_id="112" sentence="2" number="27">载</token>
  <token t_id="113" sentence="2" number="28">小</token>
  <token t_id="114" sentence="2" number="29">麦</token>
  <token t_id="115" sentence="2" number="30">的</token>
  <token t_id="116" sentence="2" number="31">一</token>
  <token t_id="117" sentence="2" number="32">辆</token>
  <token t_id="118" sentence="2" number="33">卡</token>
  <token t_id="119" sentence="2" number="34">车</token>
  <token t_id="120" sentence="2" number="35">相</token>
  <token t_id="121" sentence="2" number="36">撞</token>
  <token t_id="122" sentence="2" number="37">。</token>
  <token t_id="123" sentence="3" number="0">面</token>
  <token t_id="124" sentence="3" number="1">包</token>
  <token t_id="125" sentence="3" number="2">车</token>
  <token t_id="126" sentence="3" number="3">上</token>
  <token t_id="127" sentence="3" number="4">的</token>
  <token t_id="128" sentence="3" number="5">1</token>
  <token t_id="129" sentence="3" number="6">4</token>
  <token t_id="130" sentence="3" number="7">人</token>
  <token t_id="131" sentence="3" number="8">全</token>
  <token t_id="132" sentence="3" number="9">部</token>
  <token t_id="133" sentence="3" number="10">死</token>
  <token t_id="134" sentence="3" number="11">亡</token>
  <token t_id="135" sentence="3" number="12">，</token>
  <token t_id="136" sentence="3" number="13">卡</token>
  <token t_id="137" sentence="3" number="14">车</token>
  <token t_id="138" sentence="3" number="15">上</token>
  <token t_id="139" sentence="3" number="16">包</token>
  <token t_id="140" sentence="3" number="17">括</token>
  <token t_id="141" sentence="3" number="18">司</token>
  <token t_id="142" sentence="3" number="19">机</token>
  <token t_id="143" sentence="3" number="20">在</token>
  <token t_id="144" sentence="3" number="21">内</token>
  <token t_id="145" sentence="3" number="22">的</token>
  <token t_id="146" sentence="3" number="23">8</token>
  <token t_id="147" sentence="3" number="24">人</token>
  <token t_id="148" sentence="3" number="25">受</token>
  <token t_id="149" sentence="3" number="26">伤</token>
  <token t_id="150" sentence="3" number="27">，</token>
  <token t_id="151" sentence="3" number="28">目</token>
  <token t_id="152" sentence="3" number="29">前</token>
  <token t_id="153" sentence="3" number="30">正</token>
  <token t_id="154" sentence="3" number="31">在</token>
  <token t_id="155" sentence="3" number="32">医</token>
  <token t_id="156" sentence="3" number="33">院</token>
  <token t_id="157" sentence="3" number="34">接</token>
  <token t_id="158" sentence="3" number="35">受</token>
  <token t_id="159" sentence="3" number="36">救</token>
  <token t_id="160" sentence="3" number="37">治</token>
  <token t_id="161" sentence="3" number="38">。</token>
  <token t_id="162" sentence="4" number="0">由</token>
  <token t_id="163" sentence="4" number="1">于</token>
  <token t_id="164" sentence="4" number="2">道</token>
  <token t_id="165" sentence="4" number="3">路</token>
  <token t_id="166" sentence="4" number="4">状</token>
  <token t_id="167" sentence="4" number="5">况</token>
  <token t_id="168" sentence="4" number="6">差</token>
  <token t_id="169" sentence="4" number="7">、</token>
  <token t_id="170" sentence="4" number="8">司</token>
  <token t_id="171" sentence="4" number="9">机</token>
  <token t_id="172" sentence="4" number="10">超</token>
  <token t_id="173" sentence="4" number="11">速</token>
  <token t_id="174" sentence="4" number="12">行</token>
  <token t_id="175" sentence="4" number="13">驶</token>
  <token t_id="176" sentence="4" number="14">以</token>
  <token t_id="177" sentence="4" number="15">及</token>
  <token t_id="178" sentence="4" number="16">交</token>
  <token t_id="179" sentence="4" number="17">通</token>
  <token t_id="180" sentence="4" number="18">法</token>
  <token t_id="181" sentence="4" number="19">规</token>
  <token t_id="182" sentence="4" number="20">执</token>
  <token t_id="183" sentence="4" number="21">行</token>
  <token t_id="184" sentence="4" number="22">不</token>
  <token t_id="185" sentence="4" number="23">力</token>
  <token t_id="186" sentence="4" number="24">，</token>
  <token t_id="187" sentence="4" number="25">埃</token>
  <token t_id="188" sentence="4" number="26">及</token>
  <token t_id="189" sentence="4" number="27">交</token>
  <token t_id="190" sentence="4" number="28">通</token>
  <token t_id="191" sentence="4" number="29">事</token>
  <token t_id="192" sentence="4" number="30">故</token>
  <token t_id="193" sentence="4" number="31">的</token>
  <token t_id="194" sentence="4" number="32">发</token>
  <token t_id="195" sentence="4" number="33">生</token>
  <token t_id="196" sentence="4" number="34">率</token>
  <token t_id="197" sentence="4" number="35">较</token>
  <token t_id="198" sentence="4" number="36">高</token>
  <token t_id="199" sentence="4" number="37">。</token>
  <token t_id="200" sentence="5" number="0">据</token>
  <token t_id="201" sentence="5" number="1">估</token>
  <token t_id="202" sentence="5" number="2">计</token>
  <token t_id="203" sentence="5" number="3">，</token>
  <token t_id="204" sentence="5" number="4">埃</token>
  <token t_id="205" sentence="5" number="5">及</token>
  <token t_id="206" sentence="5" number="6">每</token>
  <token t_id="207" sentence="5" number="7">年</token>
  <token t_id="208" sentence="5" number="8">约</token>
  <token t_id="209" sentence="5" number="9">有</token>
  <token t_id="210" sentence="5" number="10">8</token>
  <token t_id="211" sentence="5" number="11">0</token>
  <token t_id="212" sentence="5" number="12">0</token>
  <token t_id="213" sentence="5" number="13">0</token>
  <token t_id="214" sentence="5" number="14">人</token>
  <token t_id="215" sentence="5" number="15">死</token>
  <token t_id="216" sentence="5" number="16">于</token>
  <token t_id="217" sentence="5" number="17">车</token>
  <token t_id="218" sentence="5" number="18">祸</token>
  <Markables>
    <ACTION m_id="19427" comment="">
      <token_anchor t_id="31" />
      <token_anchor t_id="32" />
    </ACTION>
    <ACTION m_id="19428" comment="">
      <token_anchor t_id="39" />
      <token_anchor t_id="40" />
    </ACTION>
    <ACTION m_id="19429" comment="">
      <token_anchor t_id="46" />
      <token_anchor t_id="47" />
    </ACTION>
    <ACTION m_id="19430" comment="">
      <token_anchor t_id="92" />
      <token_anchor t_id="93" />
      <token_anchor t_id="94" />
      <token_anchor t_id="95" />
    </ACTION>
    <ACTION m_id="19431" comment="">
      <token_anchor t_id="97" />
      <token_anchor t_id="98" />
    </ACTION>
    <ACTION m_id="19432" comment="">
      <token_anchor t_id="120" />
      <token_anchor t_id="121" />
    </ACTION>
    <ACTION m_id="19433" comment="">
      <token_anchor t_id="133" />
      <token_anchor t_id="134" />
    </ACTION>
    <ACTION m_id="19434" comment="">
      <token_anchor t_id="148" />
      <token_anchor t_id="149" />
    </ACTION>
    <ACTION m_id="19435" comment="">
      <token_anchor t_id="157" />
      <token_anchor t_id="158" />
      <token_anchor t_id="159" />
      <token_anchor t_id="160" />
    </ACTION>
    <ACTION m_id="19436" comment="">
      <token_anchor t_id="164" />
      <token_anchor t_id="165" />
      <token_anchor t_id="166" />
      <token_anchor t_id="167" />
      <token_anchor t_id="168" />
    </ACTION>
    <ACTION m_id="19437" comment="">
      <token_anchor t_id="172" />
      <token_anchor t_id="173" />
      <token_anchor t_id="174" />
      <token_anchor t_id="175" />
    </ACTION>
    <ACTION m_id="19438" comment="">
      <token_anchor t_id="182" />
      <token_anchor t_id="183" />
    </ACTION>
    <ACTION m_id="19439" comment="">
      <token_anchor t_id="189" />
      <token_anchor t_id="190" />
      <token_anchor t_id="191" />
      <token_anchor t_id="192" />
    </ACTION>
    <ACTION_CAUSATIVE m_id="50263" comment="">
      <token_anchor t_id="34" />
      <token_anchor t_id="35" />
    </ACTION_CAUSATIVE>
    <ACTION_CAUSATIVE m_id="50264" comment="">
      <token_anchor t_id="162" />
      <token_anchor t_id="163" />
    </ACTION_CAUSATIVE>
  </Markables>
  <Relations>
    <PLOT_LINK r_id="155" SIGNAL="" relType="causation" CAUSES="FALSE" CAUSED_BY="FALSE">
      <source m_id="19427" />
      <target m_id="19428" />
    </PLOT_LINK>
    <PLOT_LINK r_id="156" SIGNAL="" relType="causation" CAUSES="FALSE" CAUSED_BY="FALSE">
      <source m_id="19427" />
      <target m_id="19429" />
    </PLOT_LINK>
    <PLOT_LINK r_id="157" SIGNAL="" relType="causation" CAUSES="FALSE" CAUSED_BY="FALSE">
      <source m_id="19430" />
      <target m_id="19431" />
    </PLOT_LINK>
    <PLOT_LINK r_id="158" SIGNAL="" relType="causation" CAUSES="FALSE" CAUSED_BY="FALSE">
      <source m_id="19431" />
      <target m_id="19432" />
    </PLOT_LINK>
    <PLOT_LINK r_id="159" SIGNAL="" relType="causation" CAUSES="FALSE" CAUSED_BY="FALSE">
      <source m_id="19432" />
      <target m_id="19433" />
    </PLOT_LINK>
    <PLOT_LINK r_id="160" SIGNAL="" relType="causation" CAUSES="FALSE" CAUSED_BY="FALSE">
      <source m_id="19432" />
      <target m_id="19434" />
    </PLOT_LINK>
    <PLOT_LINK r_id="161" SIGNAL="" relType="causation" CAUSES="FALSE" CAUSED_BY="FALSE">
      <source m_id="19434" />
      <target m_id="19435" />
    </PLOT_LINK>
    <PLOT_LINK r_id="162" SIGNAL="" relType="causation" CAUSES="FALSE" CAUSED_BY="FALSE">
      <source m_id="19436" />
      <target m_id="19439" />
    </PLOT_LINK>
    <PLOT_LINK r_id="163" SIGNAL="" relType="causation" CAUSES="FALSE" CAUSED_BY="FALSE">
      <source m_id="19437" />
      <target m_id="19439" />
    </PLOT_LINK>
    <PLOT_LINK r_id="164" SIGNAL="" relType="causation" CAUSES="FALSE" CAUSED_BY="FALSE">
      <source m_id="19438" />
      <target m_id="19439" />
    </PLOT_LINK>
  </Relations>
</Document>