<?xml version="1.0" encoding="UTF-8"?>
<Document doc_name="1996_ecbplus.xml.xml">
  <token t_id="1" sentence="0" number="0">记</token>
  <token t_id="2" sentence="0" number="1">者</token>
  <token t_id="3" sentence="0" number="2">从</token>
  <token t_id="4" sentence="0" number="3">广</token>
  <token t_id="5" sentence="0" number="4">西</token>
  <token t_id="6" sentence="0" number="5">平</token>
  <token t_id="7" sentence="0" number="6">乐</token>
  <token t_id="8" sentence="0" number="7">县</token>
  <token t_id="9" sentence="0" number="8">公</token>
  <token t_id="10" sentence="0" number="9">安</token>
  <token t_id="11" sentence="0" number="10">局</token>
  <token t_id="12" sentence="0" number="11">了</token>
  <token t_id="13" sentence="0" number="12">解</token>
  <token t_id="14" sentence="0" number="13">到</token>
  <token t_id="15" sentence="0" number="14">，</token>
  <token t_id="16" sentence="0" number="15">2</token>
  <token t_id="17" sentence="0" number="16">0</token>
  <token t_id="18" sentence="0" number="17">2</token>
  <token t_id="19" sentence="0" number="18">1</token>
  <token t_id="20" sentence="0" number="19">年</token>
  <token t_id="21" sentence="0" number="20">5</token>
  <token t_id="22" sentence="0" number="21">月</token>
  <token t_id="23" sentence="0" number="22">1</token>
  <token t_id="24" sentence="0" number="23">3</token>
  <token t_id="25" sentence="0" number="24">日</token>
  <token t_id="26" sentence="0" number="25">1</token>
  <token t_id="27" sentence="0" number="26">2</token>
  <token t_id="28" sentence="0" number="27">时</token>
  <token t_id="29" sentence="0" number="28">许</token>
  <token t_id="30" sentence="0" number="29">，</token>
  <token t_id="31" sentence="0" number="30">在</token>
  <token t_id="32" sentence="0" number="31">国</token>
  <token t_id="33" sentence="0" number="32">道</token>
  <token t_id="34" sentence="0" number="33">2</token>
  <token t_id="35" sentence="0" number="34">4</token>
  <token t_id="36" sentence="0" number="35">1</token>
  <token t_id="37" sentence="0" number="36">线</token>
  <token t_id="38" sentence="0" number="37">平</token>
  <token t_id="39" sentence="0" number="38">乐</token>
  <token t_id="40" sentence="0" number="39">县</token>
  <token t_id="41" sentence="0" number="40">同</token>
  <token t_id="42" sentence="0" number="41">安</token>
  <token t_id="43" sentence="0" number="42">镇</token>
  <token t_id="44" sentence="0" number="43">龙</token>
  <token t_id="45" sentence="0" number="44">背</token>
  <token t_id="46" sentence="0" number="45">山</token>
  <token t_id="47" sentence="0" number="46">村</token>
  <token t_id="48" sentence="0" number="47">路</token>
  <token t_id="49" sentence="0" number="48">段</token>
  <token t_id="50" sentence="0" number="49">发</token>
  <token t_id="51" sentence="0" number="50">生</token>
  <token t_id="52" sentence="0" number="51">一</token>
  <token t_id="53" sentence="0" number="52">起</token>
  <token t_id="54" sentence="0" number="53">大</token>
  <token t_id="55" sentence="0" number="54">型</token>
  <token t_id="56" sentence="0" number="55">客</token>
  <token t_id="57" sentence="0" number="56">车</token>
  <token t_id="58" sentence="0" number="57">与</token>
  <token t_id="59" sentence="0" number="58">重</token>
  <token t_id="60" sentence="0" number="59">型</token>
  <token t_id="61" sentence="0" number="60">货</token>
  <token t_id="62" sentence="0" number="61">车</token>
  <token t_id="63" sentence="0" number="62">相</token>
  <token t_id="64" sentence="0" number="63">撞</token>
  <token t_id="65" sentence="0" number="64">的</token>
  <token t_id="66" sentence="0" number="65">交</token>
  <token t_id="67" sentence="0" number="66">通</token>
  <token t_id="68" sentence="0" number="67">事</token>
  <token t_id="69" sentence="0" number="68">故</token>
  <token t_id="70" sentence="0" number="69">。</token>
  <token t_id="71" sentence="1" number="0">事</token>
  <token t_id="72" sentence="1" number="1">故</token>
  <token t_id="73" sentence="1" number="2">造</token>
  <token t_id="74" sentence="1" number="3">成</token>
  <token t_id="75" sentence="1" number="4">3</token>
  <token t_id="76" sentence="1" number="5">人</token>
  <token t_id="77" sentence="1" number="6">死</token>
  <token t_id="78" sentence="1" number="7">亡</token>
  <token t_id="79" sentence="1" number="8">，</token>
  <token t_id="80" sentence="1" number="9">1</token>
  <token t_id="81" sentence="1" number="10">3</token>
  <token t_id="82" sentence="1" number="11">人</token>
  <token t_id="83" sentence="1" number="12">受</token>
  <token t_id="84" sentence="1" number="13">伤</token>
  <token t_id="85" sentence="1" number="14">。</token>
  <token t_id="86" sentence="2" number="0">目</token>
  <token t_id="87" sentence="2" number="1">前</token>
  <token t_id="88" sentence="2" number="2">伤</token>
  <token t_id="89" sentence="2" number="3">者</token>
  <token t_id="90" sentence="2" number="4">伤</token>
  <token t_id="91" sentence="2" number="5">情</token>
  <token t_id="92" sentence="2" number="6">稳</token>
  <token t_id="93" sentence="2" number="7">定</token>
  <token t_id="94" sentence="2" number="8">，</token>
  <token t_id="95" sentence="2" number="9">无</token>
  <token t_id="96" sentence="2" number="10">生</token>
  <token t_id="97" sentence="2" number="11">命</token>
  <token t_id="98" sentence="2" number="12">危</token>
  <token t_id="99" sentence="2" number="13">险</token>
  <token t_id="100" sentence="2" number="14">。</token>
  <token t_id="101" sentence="3" number="0">事</token>
  <token t_id="102" sentence="3" number="1">故</token>
  <token t_id="103" sentence="3" number="2">发</token>
  <token t_id="104" sentence="3" number="3">生</token>
  <token t_id="105" sentence="3" number="4">后</token>
  <token t_id="106" sentence="3" number="5">，</token>
  <token t_id="107" sentence="3" number="6">当</token>
  <token t_id="108" sentence="3" number="7">地</token>
  <token t_id="109" sentence="3" number="8">立</token>
  <token t_id="110" sentence="3" number="9">即</token>
  <token t_id="111" sentence="3" number="10">组</token>
  <token t_id="112" sentence="3" number="11">织</token>
  <token t_id="113" sentence="3" number="12">公</token>
  <token t_id="114" sentence="3" number="13">安</token>
  <token t_id="115" sentence="3" number="14">、</token>
  <token t_id="116" sentence="3" number="15">应</token>
  <token t_id="117" sentence="3" number="16">急</token>
  <token t_id="118" sentence="3" number="17">、</token>
  <token t_id="119" sentence="3" number="18">医</token>
  <token t_id="120" sentence="3" number="19">疗</token>
  <token t_id="121" sentence="3" number="20">、</token>
  <token t_id="122" sentence="3" number="21">消</token>
  <token t_id="123" sentence="3" number="22">防</token>
  <token t_id="124" sentence="3" number="23">等</token>
  <token t_id="125" sentence="3" number="24">部</token>
  <token t_id="126" sentence="3" number="25">门</token>
  <token t_id="127" sentence="3" number="26">全</token>
  <token t_id="128" sentence="3" number="27">力</token>
  <token t_id="129" sentence="3" number="28">做</token>
  <token t_id="130" sentence="3" number="29">好</token>
  <token t_id="131" sentence="3" number="30">伤</token>
  <token t_id="132" sentence="3" number="31">员</token>
  <token t_id="133" sentence="3" number="32">救</token>
  <token t_id="134" sentence="3" number="33">治</token>
  <token t_id="135" sentence="3" number="34">、</token>
  <token t_id="136" sentence="3" number="35">现</token>
  <token t_id="137" sentence="3" number="36">场</token>
  <token t_id="138" sentence="3" number="37">处</token>
  <token t_id="139" sentence="3" number="38">置</token>
  <token t_id="140" sentence="3" number="39">、</token>
  <token t_id="141" sentence="3" number="40">事</token>
  <token t_id="142" sentence="3" number="41">故</token>
  <token t_id="143" sentence="3" number="42">调</token>
  <token t_id="144" sentence="3" number="43">查</token>
  <token t_id="145" sentence="3" number="44">、</token>
  <token t_id="146" sentence="3" number="45">善</token>
  <token t_id="147" sentence="3" number="46">后</token>
  <token t_id="148" sentence="3" number="47">处</token>
  <token t_id="149" sentence="3" number="48">置</token>
  <token t_id="150" sentence="3" number="49">等</token>
  <token t_id="151" sentence="3" number="50">工</token>
  <token t_id="152" sentence="3" number="51">作</token>
  <token t_id="153" sentence="3" number="52">。</token>
  <token t_id="154" sentence="4" number="0">目</token>
  <token t_id="155" sentence="4" number="1">前</token>
  <token t_id="156" sentence="4" number="2">，</token>
  <token t_id="157" sentence="4" number="3">事</token>
  <token t_id="158" sentence="4" number="4">故</token>
  <token t_id="159" sentence="4" number="5">调</token>
  <token t_id="160" sentence="4" number="6">查</token>
  <token t_id="161" sentence="4" number="7">处</token>
  <token t_id="162" sentence="4" number="8">置</token>
  <token t_id="163" sentence="4" number="9">工</token>
  <token t_id="164" sentence="4" number="10">作</token>
  <token t_id="165" sentence="4" number="11">正</token>
  <token t_id="166" sentence="4" number="12">在</token>
  <token t_id="167" sentence="4" number="13">有</token>
  <token t_id="168" sentence="4" number="14">序</token>
  <token t_id="169" sentence="4" number="15">开</token>
  <token t_id="170" sentence="4" number="16">展</token>
  <token t_id="171" sentence="4" number="17">中</token>
  <Markables>
    <ACTION m_id="19500" comment="">
      <token_anchor t_id="63" />
      <token_anchor t_id="64" />
    </ACTION>
    <ACTION m_id="19502" comment="">
      <token_anchor t_id="77" />
      <token_anchor t_id="78" />
    </ACTION>
    <ACTION m_id="19503" comment="">
      <token_anchor t_id="83" />
      <token_anchor t_id="84" />
    </ACTION>
    <ACTION m_id="19504" comment="">
      <token_anchor t_id="92" />
      <token_anchor t_id="93" />
    </ACTION>
    <ACTION m_id="19505" comment="">
      <token_anchor t_id="111" />
      <token_anchor t_id="112" />
    </ACTION>
    <ACTION m_id="19506" comment="">
      <token_anchor t_id="169" />
      <token_anchor t_id="170" />
    </ACTION>
    <ACTION m_id="19507" comment="">
      <token_anchor t_id="71" />
      <token_anchor t_id="72" />
    </ACTION>
    <ACTION_CAUSATIVE m_id="50271" comment="">
      <token_anchor t_id="73" />
      <token_anchor t_id="74" />
    </ACTION_CAUSATIVE>
  </Markables>
  <Relations>
    <PLOT_LINK r_id="191" SIGNAL="" relType="causation" CAUSES="FALSE" CAUSED_BY="FALSE">
      <source m_id="19507" />
      <target m_id="19502" />
    </PLOT_LINK>
    <PLOT_LINK r_id="192" SIGNAL="" relType="causation" CAUSES="FALSE" CAUSED_BY="FALSE">
      <source m_id="19507" />
      <target m_id="19503" />
    </PLOT_LINK>
  </Relations>
</Document>