<?xml version="1.0" encoding="UTF-8"?>
<Document doc_name="1998_ecbplus.xml.xml">
  <token t_id="1" sentence="0" number="0">新</token>
  <token t_id="2" sentence="0" number="1">华</token>
  <token t_id="3" sentence="0" number="2">社</token>
  <token t_id="4" sentence="0" number="3">广</token>
  <token t_id="5" sentence="0" number="4">州</token>
  <token t_id="6" sentence="0" number="5">9</token>
  <token t_id="7" sentence="0" number="6">月</token>
  <token t_id="8" sentence="0" number="7">9</token>
  <token t_id="9" sentence="0" number="8">日</token>
  <token t_id="10" sentence="0" number="9">电</token>
  <token t_id="11" sentence="0" number="10">（</token>
  <token t_id="12" sentence="0" number="11">记</token>
  <token t_id="13" sentence="0" number="12">者</token>
  <token t_id="14" sentence="0" number="13">李</token>
  <token t_id="15" sentence="0" number="14">雄</token>
  <token t_id="16" sentence="0" number="15">鹰</token>
  <token t_id="17" sentence="0" number="16">、</token>
  <token t_id="18" sentence="0" number="17">田</token>
  <token t_id="19" sentence="0" number="18">建</token>
  <token t_id="20" sentence="0" number="19">川</token>
  <token t_id="21" sentence="0" number="20">）</token>
  <token t_id="22" sentence="0" number="21">记</token>
  <token t_id="23" sentence="0" number="22">者</token>
  <token t_id="24" sentence="0" number="23">从</token>
  <token t_id="25" sentence="0" number="24">广</token>
  <token t_id="26" sentence="0" number="25">东</token>
  <token t_id="27" sentence="0" number="26">省</token>
  <token t_id="28" sentence="0" number="27">揭</token>
  <token t_id="29" sentence="0" number="28">阳</token>
  <token t_id="30" sentence="0" number="29">市</token>
  <token t_id="31" sentence="0" number="30">下</token>
  <token t_id="32" sentence="0" number="31">辖</token>
  <token t_id="33" sentence="0" number="32">普</token>
  <token t_id="34" sentence="0" number="33">宁</token>
  <token t_id="35" sentence="0" number="34">市</token>
  <token t_id="36" sentence="0" number="35">有</token>
  <token t_id="37" sentence="0" number="36">关</token>
  <token t_id="38" sentence="0" number="37">部</token>
  <token t_id="39" sentence="0" number="38">门</token>
  <token t_id="40" sentence="0" number="39">了</token>
  <token t_id="41" sentence="0" number="40">解</token>
  <token t_id="42" sentence="0" number="41">到</token>
  <token t_id="43" sentence="0" number="42">，</token>
  <token t_id="44" sentence="0" number="43">9</token>
  <token t_id="45" sentence="0" number="44">日</token>
  <token t_id="46" sentence="0" number="45">上</token>
  <token t_id="47" sentence="0" number="46">午</token>
  <token t_id="48" sentence="0" number="47">，</token>
  <token t_id="49" sentence="0" number="48">甬</token>
  <token t_id="50" sentence="0" number="49">莞</token>
  <token t_id="51" sentence="0" number="50">高</token>
  <token t_id="52" sentence="0" number="51">速</token>
  <token t_id="53" sentence="0" number="52">普</token>
  <token t_id="54" sentence="0" number="53">宁</token>
  <token t_id="55" sentence="0" number="54">赤</token>
  <token t_id="56" sentence="0" number="55">岗</token>
  <token t_id="57" sentence="0" number="56">段</token>
  <token t_id="58" sentence="0" number="57">发</token>
  <token t_id="59" sentence="0" number="58">生</token>
  <token t_id="60" sentence="0" number="59">2</token>
  <token t_id="61" sentence="0" number="60">辆</token>
  <token t_id="62" sentence="0" number="61">货</token>
  <token t_id="63" sentence="0" number="62">车</token>
  <token t_id="64" sentence="0" number="63">交</token>
  <token t_id="65" sentence="0" number="64">通</token>
  <token t_id="66" sentence="0" number="65">事</token>
  <token t_id="67" sentence="0" number="66">故</token>
  <token t_id="68" sentence="0" number="67">，</token>
  <token t_id="69" sentence="0" number="68">两</token>
  <token t_id="70" sentence="0" number="69">车</token>
  <token t_id="71" sentence="0" number="70">分</token>
  <token t_id="72" sentence="0" number="71">别</token>
  <token t_id="73" sentence="0" number="72">运</token>
  <token t_id="74" sentence="0" number="73">载</token>
  <token t_id="75" sentence="0" number="74">有</token>
  <token t_id="76" sentence="0" number="75">苯</token>
  <token t_id="77" sentence="0" number="76">酚</token>
  <token t_id="78" sentence="0" number="77">和</token>
  <token t_id="79" sentence="0" number="78">液</token>
  <token t_id="80" sentence="0" number="79">化</token>
  <token t_id="81" sentence="0" number="80">天</token>
  <token t_id="82" sentence="0" number="81">然</token>
  <token t_id="83" sentence="0" number="82">气</token>
  <token t_id="84" sentence="0" number="83">，</token>
  <token t_id="85" sentence="0" number="84">事</token>
  <token t_id="86" sentence="0" number="85">故</token>
  <token t_id="87" sentence="0" number="86">造</token>
  <token t_id="88" sentence="0" number="87">成</token>
  <token t_id="89" sentence="0" number="88">两</token>
  <token t_id="90" sentence="0" number="89">车</token>
  <token t_id="91" sentence="0" number="90">运</token>
  <token t_id="92" sentence="0" number="91">载</token>
  <token t_id="93" sentence="0" number="92">的</token>
  <token t_id="94" sentence="0" number="93">部</token>
  <token t_id="95" sentence="0" number="94">分</token>
  <token t_id="96" sentence="0" number="95">苯</token>
  <token t_id="97" sentence="0" number="96">酚</token>
  <token t_id="98" sentence="0" number="97">和</token>
  <token t_id="99" sentence="0" number="98">天</token>
  <token t_id="100" sentence="0" number="99">然</token>
  <token t_id="101" sentence="0" number="100">气</token>
  <token t_id="102" sentence="0" number="101">泄</token>
  <token t_id="103" sentence="0" number="102">漏</token>
  <token t_id="104" sentence="0" number="103">。</token>
  <token t_id="105" sentence="1" number="0">事</token>
  <token t_id="106" sentence="1" number="1">故</token>
  <token t_id="107" sentence="1" number="2">发</token>
  <token t_id="108" sentence="1" number="3">生</token>
  <token t_id="109" sentence="1" number="4">后</token>
  <token t_id="110" sentence="1" number="5">，</token>
  <token t_id="111" sentence="1" number="6">揭</token>
  <token t_id="112" sentence="1" number="7">阳</token>
  <token t_id="113" sentence="1" number="8">市</token>
  <token t_id="114" sentence="1" number="9">、</token>
  <token t_id="115" sentence="1" number="10">普</token>
  <token t_id="116" sentence="1" number="11">宁</token>
  <token t_id="117" sentence="1" number="12">市</token>
  <token t_id="118" sentence="1" number="13">两</token>
  <token t_id="119" sentence="1" number="14">级</token>
  <token t_id="120" sentence="1" number="15">政</token>
  <token t_id="121" sentence="1" number="16">府</token>
  <token t_id="122" sentence="1" number="17">相</token>
  <token t_id="123" sentence="1" number="18">关</token>
  <token t_id="124" sentence="1" number="19">部</token>
  <token t_id="125" sentence="1" number="20">门</token>
  <token t_id="126" sentence="1" number="21">开</token>
  <token t_id="127" sentence="1" number="22">展</token>
  <token t_id="128" sentence="1" number="23">应</token>
  <token t_id="129" sentence="1" number="24">急</token>
  <token t_id="130" sentence="1" number="25">处</token>
  <token t_id="131" sentence="1" number="26">置</token>
  <token t_id="132" sentence="1" number="27">工</token>
  <token t_id="133" sentence="1" number="28">作</token>
  <token t_id="134" sentence="1" number="29">。</token>
  <token t_id="135" sentence="2" number="0">事</token>
  <token t_id="136" sentence="2" number="1">故</token>
  <token t_id="137" sentence="2" number="2">现</token>
  <token t_id="138" sentence="2" number="3">场</token>
  <token t_id="139" sentence="2" number="4">2</token>
  <token t_id="140" sentence="2" number="5">名</token>
  <token t_id="141" sentence="2" number="6">被</token>
  <token t_id="142" sentence="2" number="7">困</token>
  <token t_id="143" sentence="2" number="8">人</token>
  <token t_id="144" sentence="2" number="9">员</token>
  <token t_id="145" sentence="2" number="10">被</token>
  <token t_id="146" sentence="2" number="11">送</token>
  <token t_id="147" sentence="2" number="12">往</token>
  <token t_id="148" sentence="2" number="13">医</token>
  <token t_id="149" sentence="2" number="14">院</token>
  <token t_id="150" sentence="2" number="15">救</token>
  <token t_id="151" sentence="2" number="16">治</token>
  <token t_id="152" sentence="2" number="17">，</token>
  <token t_id="153" sentence="2" number="18">目</token>
  <token t_id="154" sentence="2" number="19">前</token>
  <token t_id="155" sentence="2" number="20">伤</token>
  <token t_id="156" sentence="2" number="21">员</token>
  <token t_id="157" sentence="2" number="22">无</token>
  <token t_id="158" sentence="2" number="23">生</token>
  <token t_id="159" sentence="2" number="24">命</token>
  <token t_id="160" sentence="2" number="25">危</token>
  <token t_id="161" sentence="2" number="26">险</token>
  <token t_id="162" sentence="2" number="27">。</token>
  <token t_id="163" sentence="3" number="0">为</token>
  <token t_id="164" sentence="3" number="1">避</token>
  <token t_id="165" sentence="3" number="2">免</token>
  <token t_id="166" sentence="3" number="3">泄</token>
  <token t_id="167" sentence="3" number="4">漏</token>
  <token t_id="168" sentence="3" number="5">的</token>
  <token t_id="169" sentence="3" number="6">有</token>
  <token t_id="170" sentence="3" number="7">毒</token>
  <token t_id="171" sentence="3" number="8">气</token>
  <token t_id="172" sentence="3" number="9">体</token>
  <token t_id="173" sentence="3" number="10">造</token>
  <token t_id="174" sentence="3" number="11">成</token>
  <token t_id="175" sentence="3" number="12">危</token>
  <token t_id="176" sentence="3" number="13">害</token>
  <token t_id="177" sentence="3" number="14">，</token>
  <token t_id="178" sentence="3" number="15">当</token>
  <token t_id="179" sentence="3" number="16">地</token>
  <token t_id="180" sentence="3" number="17">组</token>
  <token t_id="181" sentence="3" number="18">织</token>
  <token t_id="182" sentence="3" number="19">镇</token>
  <token t_id="183" sentence="3" number="20">、</token>
  <token t_id="184" sentence="3" number="21">村</token>
  <token t_id="185" sentence="3" number="22">两</token>
  <token t_id="186" sentence="3" number="23">级</token>
  <token t_id="187" sentence="3" number="24">干</token>
  <token t_id="188" sentence="3" number="25">部</token>
  <token t_id="189" sentence="3" number="26">对</token>
  <token t_id="190" sentence="3" number="27">涉</token>
  <token t_id="191" sentence="3" number="28">及</token>
  <token t_id="192" sentence="3" number="29">安</token>
  <token t_id="193" sentence="3" number="30">全</token>
  <token t_id="194" sentence="3" number="31">隐</token>
  <token t_id="195" sentence="3" number="32">患</token>
  <token t_id="196" sentence="3" number="33">范</token>
  <token t_id="197" sentence="3" number="34">围</token>
  <token t_id="198" sentence="3" number="35">内</token>
  <token t_id="199" sentence="3" number="36">群</token>
  <token t_id="200" sentence="3" number="37">众</token>
  <token t_id="201" sentence="3" number="38">紧</token>
  <token t_id="202" sentence="3" number="39">急</token>
  <token t_id="203" sentence="3" number="40">疏</token>
  <token t_id="204" sentence="3" number="41">散</token>
  <token t_id="205" sentence="3" number="42">。</token>
  <token t_id="206" sentence="4" number="0">现</token>
  <token t_id="207" sentence="4" number="1">场</token>
  <token t_id="208" sentence="4" number="2">还</token>
  <token t_id="209" sentence="4" number="3">通</token>
  <token t_id="210" sentence="4" number="4">过</token>
  <token t_id="211" sentence="4" number="5">倒</token>
  <token t_id="212" sentence="4" number="6">罐</token>
  <token t_id="213" sentence="4" number="7">及</token>
  <token t_id="214" sentence="4" number="8">调</token>
  <token t_id="215" sentence="4" number="9">度</token>
  <token t_id="216" sentence="4" number="10">车</token>
  <token t_id="217" sentence="4" number="11">辆</token>
  <token t_id="218" sentence="4" number="12">转</token>
  <token t_id="219" sentence="4" number="13">移</token>
  <token t_id="220" sentence="4" number="14">苯</token>
  <token t_id="221" sentence="4" number="15">酚</token>
  <token t_id="222" sentence="4" number="16">和</token>
  <token t_id="223" sentence="4" number="17">液</token>
  <token t_id="224" sentence="4" number="18">化</token>
  <token t_id="225" sentence="4" number="19">天</token>
  <token t_id="226" sentence="4" number="20">然</token>
  <token t_id="227" sentence="4" number="21">气</token>
  <token t_id="228" sentence="4" number="22">，</token>
  <token t_id="229" sentence="4" number="23">并</token>
  <token t_id="230" sentence="4" number="24">依</token>
  <token t_id="231" sentence="4" number="25">法</token>
  <token t_id="232" sentence="4" number="26">对</token>
  <token t_id="233" sentence="4" number="27">涉</token>
  <token t_id="234" sentence="4" number="28">事</token>
  <token t_id="235" sentence="4" number="29">路</token>
  <token t_id="236" sentence="4" number="30">段</token>
  <token t_id="237" sentence="4" number="31">和</token>
  <token t_id="238" sentence="4" number="32">部</token>
  <token t_id="239" sentence="4" number="33">分</token>
  <token t_id="240" sentence="4" number="34">区</token>
  <token t_id="241" sentence="4" number="35">域</token>
  <token t_id="242" sentence="4" number="36">实</token>
  <token t_id="243" sentence="4" number="37">施</token>
  <token t_id="244" sentence="4" number="38">交</token>
  <token t_id="245" sentence="4" number="39">通</token>
  <token t_id="246" sentence="4" number="40">管</token>
  <token t_id="247" sentence="4" number="41">制</token>
  <Markables>
    <ACTION m_id="19526" comment="">
      <token_anchor t_id="64" />
      <token_anchor t_id="65" />
      <token_anchor t_id="66" />
      <token_anchor t_id="67" />
    </ACTION>
    <ACTION m_id="19528" comment="">
      <token_anchor t_id="102" />
      <token_anchor t_id="103" />
    </ACTION>
    <ACTION m_id="19529" comment="">
      <token_anchor t_id="105" />
      <token_anchor t_id="106" />
    </ACTION>
    <ACTION m_id="19530" comment="">
      <token_anchor t_id="126" />
      <token_anchor t_id="127" />
    </ACTION>
    <ACTION m_id="19531" comment="">
      <token_anchor t_id="150" />
      <token_anchor t_id="151" />
    </ACTION>
    <ACTION m_id="19532" comment="">
      <token_anchor t_id="203" />
      <token_anchor t_id="204" />
    </ACTION>
    <ACTION m_id="19533" comment="">
      <token_anchor t_id="218" />
      <token_anchor t_id="219" />
    </ACTION>
    <ACTION m_id="19534" comment="">
      <token_anchor t_id="244" />
      <token_anchor t_id="245" />
      <token_anchor t_id="246" />
      <token_anchor t_id="247" />
    </ACTION>
    <ACTION m_id="19536" comment="">
      <token_anchor t_id="173" />
      <token_anchor t_id="174" />
      <token_anchor t_id="175" />
      <token_anchor t_id="176" />
    </ACTION>
    <ACTION_CAUSATIVE m_id="50273" comment="">
      <token_anchor t_id="87" />
      <token_anchor t_id="88" />
    </ACTION_CAUSATIVE>
  </Markables>
  <Relations>
    <PLOT_LINK r_id="199" SIGNAL="" relType="causation" CAUSES="FALSE" CAUSED_BY="FALSE">
      <source m_id="19526" />
      <target m_id="19528" />
    </PLOT_LINK>
    <PLOT_LINK r_id="200" SIGNAL="" relType="causation" CAUSES="FALSE" CAUSED_BY="FALSE">
      <source m_id="19529" />
      <target m_id="19530" />
    </PLOT_LINK>
    <PLOT_LINK r_id="202" SIGNAL="" relType="causation" CAUSES="FALSE" CAUSED_BY="FALSE">
      <source m_id="19536" />
      <target m_id="19532" />
    </PLOT_LINK>
  </Relations>
</Document>