<?xml version="1.0" encoding="UTF-8"?>
<Document doc_name="2006_ecbplus.xml.xml">
  <token t_id="1" sentence="0" number="0">记</token>
  <token t_id="2" sentence="0" number="1">者</token>
  <token t_id="3" sentence="0" number="2">从</token>
  <token t_id="4" sentence="0" number="3">安</token>
  <token t_id="5" sentence="0" number="4">徽</token>
  <token t_id="6" sentence="0" number="5">省</token>
  <token t_id="7" sentence="0" number="6">交</token>
  <token t_id="8" sentence="0" number="7">警</token>
  <token t_id="9" sentence="0" number="8">总</token>
  <token t_id="10" sentence="0" number="9">队</token>
  <token t_id="11" sentence="0" number="10">获</token>
  <token t_id="12" sentence="0" number="11">悉</token>
  <token t_id="13" sentence="0" number="12">，</token>
  <token t_id="14" sentence="0" number="13">1</token>
  <token t_id="15" sentence="0" number="14">月</token>
  <token t_id="16" sentence="0" number="15">1</token>
  <token t_id="17" sentence="0" number="16">8</token>
  <token t_id="18" sentence="0" number="17">日</token>
  <token t_id="19" sentence="0" number="18">7</token>
  <token t_id="20" sentence="0" number="19">时</token>
  <token t_id="21" sentence="0" number="20">1</token>
  <token t_id="22" sentence="0" number="21">5</token>
  <token t_id="23" sentence="0" number="22">分</token>
  <token t_id="24" sentence="0" number="23">至</token>
  <token t_id="25" sentence="0" number="24">8</token>
  <token t_id="26" sentence="0" number="25">时</token>
  <token t_id="27" sentence="0" number="26">许</token>
  <token t_id="28" sentence="0" number="27">，</token>
  <token t_id="29" sentence="0" number="28">京</token>
  <token t_id="30" sentence="0" number="29">台</token>
  <token t_id="31" sentence="0" number="30">高</token>
  <token t_id="32" sentence="0" number="31">速</token>
  <token t_id="33" sentence="0" number="32">下</token>
  <token t_id="34" sentence="0" number="33">行</token>
  <token t_id="35" sentence="0" number="34">线</token>
  <token t_id="36" sentence="0" number="35">安</token>
  <token t_id="37" sentence="0" number="36">庆</token>
  <token t_id="38" sentence="0" number="37">至</token>
  <token t_id="39" sentence="0" number="38">合</token>
  <token t_id="40" sentence="0" number="39">肥</token>
  <token t_id="41" sentence="0" number="40">段</token>
  <token t_id="42" sentence="0" number="41">，</token>
  <token t_id="43" sentence="0" number="42">发</token>
  <token t_id="44" sentence="0" number="43">生</token>
  <token t_id="45" sentence="0" number="44">多</token>
  <token t_id="46" sentence="0" number="45">点</token>
  <token t_id="47" sentence="0" number="46">、</token>
  <token t_id="48" sentence="0" number="47">多</token>
  <token t_id="49" sentence="0" number="48">车</token>
  <token t_id="50" sentence="0" number="49">连</token>
  <token t_id="51" sentence="0" number="50">环</token>
  <token t_id="52" sentence="0" number="51">相</token>
  <token t_id="53" sentence="0" number="52">撞</token>
  <token t_id="54" sentence="0" number="53">的</token>
  <token t_id="55" sentence="0" number="54">交</token>
  <token t_id="56" sentence="0" number="55">通</token>
  <token t_id="57" sentence="0" number="56">事</token>
  <token t_id="58" sentence="0" number="57">故</token>
  <token t_id="59" sentence="0" number="58">，</token>
  <token t_id="60" sentence="0" number="59">致</token>
  <token t_id="61" sentence="0" number="60">6</token>
  <token t_id="62" sentence="0" number="61">人</token>
  <token t_id="63" sentence="0" number="62">死</token>
  <token t_id="64" sentence="0" number="63">亡</token>
  <token t_id="65" sentence="0" number="64">，</token>
  <token t_id="66" sentence="0" number="65">1</token>
  <token t_id="67" sentence="0" number="66">7</token>
  <token t_id="68" sentence="0" number="67">人</token>
  <token t_id="69" sentence="0" number="68">不</token>
  <token t_id="70" sentence="0" number="69">同</token>
  <token t_id="71" sentence="0" number="70">程</token>
  <token t_id="72" sentence="0" number="71">度</token>
  <token t_id="73" sentence="0" number="72">受</token>
  <token t_id="74" sentence="0" number="73">伤</token>
  <token t_id="75" sentence="0" number="74">。</token>
  <token t_id="76" sentence="1" number="0">据</token>
  <token t_id="77" sentence="1" number="1">安</token>
  <token t_id="78" sentence="1" number="2">徽</token>
  <token t_id="79" sentence="1" number="3">省</token>
  <token t_id="80" sentence="1" number="4">交</token>
  <token t_id="81" sentence="1" number="5">警</token>
  <token t_id="82" sentence="1" number="6">总</token>
  <token t_id="83" sentence="1" number="7">队</token>
  <token t_id="84" sentence="1" number="8">常</token>
  <token t_id="85" sentence="1" number="9">务</token>
  <token t_id="86" sentence="1" number="10">副</token>
  <token t_id="87" sentence="1" number="11">总</token>
  <token t_id="88" sentence="1" number="12">队</token>
  <token t_id="89" sentence="1" number="13">长</token>
  <token t_id="90" sentence="1" number="14">王</token>
  <token t_id="91" sentence="1" number="15">革</token>
  <token t_id="92" sentence="1" number="16">介</token>
  <token t_id="93" sentence="1" number="17">绍</token>
  <token t_id="94" sentence="1" number="18">，</token>
  <token t_id="95" sentence="1" number="19">导</token>
  <token t_id="96" sentence="1" number="20">致</token>
  <token t_id="97" sentence="1" number="21">这</token>
  <token t_id="98" sentence="1" number="22">次</token>
  <token t_id="99" sentence="1" number="23">事</token>
  <token t_id="100" sentence="1" number="24">故</token>
  <token t_id="101" sentence="1" number="25">的</token>
  <token t_id="102" sentence="1" number="26">原</token>
  <token t_id="103" sentence="1" number="27">因</token>
  <token t_id="104" sentence="1" number="28">是</token>
  <token t_id="105" sentence="1" number="29">该</token>
  <token t_id="106" sentence="1" number="30">路</token>
  <token t_id="107" sentence="1" number="31">段</token>
  <token t_id="108" sentence="1" number="32">突</token>
  <token t_id="109" sentence="1" number="33">发</token>
  <token t_id="110" sentence="1" number="34">区</token>
  <token t_id="111" sentence="1" number="35">域</token>
  <token t_id="112" sentence="1" number="36">性</token>
  <token t_id="113" sentence="1" number="37">大</token>
  <token t_id="114" sentence="1" number="38">雾</token>
  <token t_id="115" sentence="1" number="39">，</token>
  <token t_id="116" sentence="1" number="40">能</token>
  <token t_id="117" sentence="1" number="41">见</token>
  <token t_id="118" sentence="1" number="42">度</token>
  <token t_id="119" sentence="1" number="43">差</token>
  <token t_id="120" sentence="1" number="44">，</token>
  <token t_id="121" sentence="1" number="45">此</token>
  <token t_id="122" sentence="1" number="46">外</token>
  <token t_id="123" sentence="1" number="47">，</token>
  <token t_id="124" sentence="1" number="48">驾</token>
  <token t_id="125" sentence="1" number="49">驶</token>
  <token t_id="126" sentence="1" number="50">人</token>
  <token t_id="127" sentence="1" number="51">思</token>
  <token t_id="128" sentence="1" number="52">想</token>
  <token t_id="129" sentence="1" number="53">麻</token>
  <token t_id="130" sentence="1" number="54">木</token>
  <token t_id="131" sentence="1" number="55">，</token>
  <token t_id="132" sentence="1" number="56">在</token>
  <token t_id="133" sentence="1" number="57">遇</token>
  <token t_id="134" sentence="1" number="58">有</token>
  <token t_id="135" sentence="1" number="59">浓</token>
  <token t_id="136" sentence="1" number="60">雾</token>
  <token t_id="137" sentence="1" number="61">天</token>
  <token t_id="138" sentence="1" number="62">气</token>
  <token t_id="139" sentence="1" number="63">时</token>
  <token t_id="140" sentence="1" number="64">没</token>
  <token t_id="141" sentence="1" number="65">有</token>
  <token t_id="142" sentence="1" number="66">按</token>
  <token t_id="143" sentence="1" number="67">规</token>
  <token t_id="144" sentence="1" number="68">定</token>
  <token t_id="145" sentence="1" number="69">控</token>
  <token t_id="146" sentence="1" number="70">制</token>
  <token t_id="147" sentence="1" number="71">好</token>
  <token t_id="148" sentence="1" number="72">车</token>
  <token t_id="149" sentence="1" number="73">速</token>
  <token t_id="150" sentence="1" number="74">和</token>
  <token t_id="151" sentence="1" number="75">保</token>
  <token t_id="152" sentence="1" number="76">持</token>
  <token t_id="153" sentence="1" number="77">足</token>
  <token t_id="154" sentence="1" number="78">够</token>
  <token t_id="155" sentence="1" number="79">的</token>
  <token t_id="156" sentence="1" number="80">安</token>
  <token t_id="157" sentence="1" number="81">全</token>
  <token t_id="158" sentence="1" number="82">距</token>
  <token t_id="159" sentence="1" number="83">离</token>
  <token t_id="160" sentence="1" number="84">。</token>
  <token t_id="161" sentence="2" number="0">事</token>
  <token t_id="162" sentence="2" number="1">故</token>
  <token t_id="163" sentence="2" number="2">发</token>
  <token t_id="164" sentence="2" number="3">生</token>
  <token t_id="165" sentence="2" number="4">后</token>
  <token t_id="166" sentence="2" number="5">，</token>
  <token t_id="167" sentence="2" number="6">相</token>
  <token t_id="168" sentence="2" number="7">关</token>
  <token t_id="169" sentence="2" number="8">部</token>
  <token t_id="170" sentence="2" number="9">门</token>
  <token t_id="171" sentence="2" number="10">立</token>
  <token t_id="172" sentence="2" number="11">即</token>
  <token t_id="173" sentence="2" number="12">组</token>
  <token t_id="174" sentence="2" number="13">织</token>
  <token t_id="175" sentence="2" number="14">人</token>
  <token t_id="176" sentence="2" number="15">员</token>
  <token t_id="177" sentence="2" number="16">开</token>
  <token t_id="178" sentence="2" number="17">展</token>
  <token t_id="179" sentence="2" number="18">营</token>
  <token t_id="180" sentence="2" number="19">救</token>
  <token t_id="181" sentence="2" number="20">工</token>
  <token t_id="182" sentence="2" number="21">作</token>
  <token t_id="183" sentence="2" number="22">，</token>
  <token t_id="184" sentence="2" number="23">抢</token>
  <token t_id="185" sentence="2" number="24">救</token>
  <token t_id="186" sentence="2" number="25">伤</token>
  <token t_id="187" sentence="2" number="26">员</token>
  <token t_id="188" sentence="2" number="27">；</token>
  <token t_id="189" sentence="2" number="28">高</token>
  <token t_id="190" sentence="2" number="29">速</token>
  <token t_id="191" sentence="2" number="30">公</token>
  <token t_id="192" sentence="2" number="31">路</token>
  <token t_id="193" sentence="2" number="32">经</token>
  <token t_id="194" sentence="2" number="33">营</token>
  <token t_id="195" sentence="2" number="34">部</token>
  <token t_id="196" sentence="2" number="35">门</token>
  <token t_id="197" sentence="2" number="36">调</token>
  <token t_id="198" sentence="2" number="37">集</token>
  <token t_id="199" sentence="2" number="38">1</token>
  <token t_id="200" sentence="2" number="39">0</token>
  <token t_id="201" sentence="2" number="40">余</token>
  <token t_id="202" sentence="2" number="41">台</token>
  <token t_id="203" sentence="2" number="42">大</token>
  <token t_id="204" sentence="2" number="43">型</token>
  <token t_id="205" sentence="2" number="44">施</token>
  <token t_id="206" sentence="2" number="45">救</token>
  <token t_id="207" sentence="2" number="46">车</token>
  <token t_id="208" sentence="2" number="47">辆</token>
  <token t_id="209" sentence="2" number="48">参</token>
  <token t_id="210" sentence="2" number="49">与</token>
  <token t_id="211" sentence="2" number="50">施</token>
  <token t_id="212" sentence="2" number="51">救</token>
  <token t_id="213" sentence="2" number="52">；</token>
  <token t_id="214" sentence="2" number="53">高</token>
  <token t_id="215" sentence="2" number="54">速</token>
  <token t_id="216" sentence="2" number="55">交</token>
  <token t_id="217" sentence="2" number="56">警</token>
  <token t_id="218" sentence="2" number="57">部</token>
  <token t_id="219" sentence="2" number="58">门</token>
  <token t_id="220" sentence="2" number="59">及</token>
  <token t_id="221" sentence="2" number="60">时</token>
  <token t_id="222" sentence="2" number="61">采</token>
  <token t_id="223" sentence="2" number="62">取</token>
  <token t_id="224" sentence="2" number="63">远</token>
  <token t_id="225" sentence="2" number="64">端</token>
  <token t_id="226" sentence="2" number="65">分</token>
  <token t_id="227" sentence="2" number="66">流</token>
  <token t_id="228" sentence="2" number="67">、</token>
  <token t_id="229" sentence="2" number="68">近</token>
  <token t_id="230" sentence="2" number="69">端</token>
  <token t_id="231" sentence="2" number="70">半</token>
  <token t_id="232" sentence="2" number="71">幅</token>
  <token t_id="233" sentence="2" number="72">双</token>
  <token t_id="234" sentence="2" number="73">向</token>
  <token t_id="235" sentence="2" number="74">通</token>
  <token t_id="236" sentence="2" number="75">行</token>
  <token t_id="237" sentence="2" number="76">等</token>
  <token t_id="238" sentence="2" number="77">措</token>
  <token t_id="239" sentence="2" number="78">施</token>
  <token t_id="240" sentence="2" number="79">，</token>
  <token t_id="241" sentence="2" number="80">最</token>
  <token t_id="242" sentence="2" number="81">大</token>
  <token t_id="243" sentence="2" number="82">限</token>
  <token t_id="244" sentence="2" number="83">度</token>
  <token t_id="245" sentence="2" number="84">地</token>
  <token t_id="246" sentence="2" number="85">疏</token>
  <token t_id="247" sentence="2" number="86">导</token>
  <token t_id="248" sentence="2" number="87">积</token>
  <token t_id="249" sentence="2" number="88">压</token>
  <token t_id="250" sentence="2" number="89">车</token>
  <token t_id="251" sentence="2" number="90">辆</token>
  <token t_id="252" sentence="2" number="91">。</token>
  <token t_id="253" sentence="3" number="0">截</token>
  <token t_id="254" sentence="3" number="1">至</token>
  <token t_id="255" sentence="3" number="2">1</token>
  <token t_id="256" sentence="3" number="3">1</token>
  <token t_id="257" sentence="3" number="4">时</token>
  <token t_id="258" sentence="3" number="5">5</token>
  <token t_id="259" sentence="3" number="6">0</token>
  <token t_id="260" sentence="3" number="7">分</token>
  <token t_id="261" sentence="3" number="8">，</token>
  <token t_id="262" sentence="3" number="9">事</token>
  <token t_id="263" sentence="3" number="10">故</token>
  <token t_id="264" sentence="3" number="11">现</token>
  <token t_id="265" sentence="3" number="12">场</token>
  <token t_id="266" sentence="3" number="13">全</token>
  <token t_id="267" sentence="3" number="14">部</token>
  <token t_id="268" sentence="3" number="15">清</token>
  <token t_id="269" sentence="3" number="16">理</token>
  <token t_id="270" sentence="3" number="17">完</token>
  <token t_id="271" sentence="3" number="18">毕</token>
  <token t_id="272" sentence="3" number="19">，</token>
  <token t_id="273" sentence="3" number="20">交</token>
  <token t_id="274" sentence="3" number="21">通</token>
  <token t_id="275" sentence="3" number="22">恢</token>
  <token t_id="276" sentence="3" number="23">复</token>
  <token t_id="277" sentence="3" number="24">正</token>
  <token t_id="278" sentence="3" number="25">常</token>
  <Markables>
    <ACTION m_id="19661" comment="">
      <token_anchor t_id="11" />
      <token_anchor t_id="12" />
    </ACTION>
    <ACTION m_id="19662" comment="">
      <token_anchor t_id="55" />
      <token_anchor t_id="56" />
      <token_anchor t_id="57" />
      <token_anchor t_id="58" />
    </ACTION>
    <ACTION m_id="19663" comment="">
      <token_anchor t_id="63" />
      <token_anchor t_id="64" />
    </ACTION>
    <ACTION_CAUSATIVE m_id="19664" comment="">
      <token_anchor t_id="60" />
    </ACTION_CAUSATIVE>
    <ACTION m_id="19665" comment="">
      <token_anchor t_id="73" />
      <token_anchor t_id="74" />
    </ACTION>
    <ACTION m_id="19666" comment="">
      <token_anchor t_id="92" />
      <token_anchor t_id="93" />
    </ACTION>
    <ACTION_CAUSATIVE m_id="19667" comment="">
      <token_anchor t_id="95" />
      <token_anchor t_id="96" />
    </ACTION_CAUSATIVE>
    <ACTION m_id="19668" comment="">
      <token_anchor t_id="99" />
      <token_anchor t_id="100" />
    </ACTION>
    <ACTION m_id="19670" comment="">
      <token_anchor t_id="108" />
      <token_anchor t_id="109" />
    </ACTION>
    <ACTION m_id="19671" comment="">
      <token_anchor t_id="145" />
      <token_anchor t_id="146" />
    </ACTION>
    <ACTION m_id="19672" comment="">
      <token_anchor t_id="151" />
      <token_anchor t_id="152" />
    </ACTION>
    <ACTION m_id="19673" comment="">
      <token_anchor t_id="163" />
      <token_anchor t_id="164" />
    </ACTION>
    <ACTION m_id="19674" comment="">
      <token_anchor t_id="173" />
      <token_anchor t_id="174" />
    </ACTION>
    <ACTION m_id="19675" comment="">
      <token_anchor t_id="184" />
      <token_anchor t_id="185" />
    </ACTION>
    <ACTION m_id="19676" comment="">
      <token_anchor t_id="197" />
      <token_anchor t_id="198" />
    </ACTION>
    <ACTION m_id="19677" comment="">
      <token_anchor t_id="222" />
      <token_anchor t_id="223" />
    </ACTION>
    <ACTION m_id="19678" comment="">
      <token_anchor t_id="246" />
      <token_anchor t_id="247" />
    </ACTION>
    <ACTION m_id="19679" comment="">
      <token_anchor t_id="268" />
      <token_anchor t_id="269" />
    </ACTION>
    <ACTION m_id="19680" comment="">
      <token_anchor t_id="275" />
      <token_anchor t_id="276" />
    </ACTION>
    <ACTION_CAUSATIVE m_id="19681" comment="">
      <token_anchor t_id="102" />
      <token_anchor t_id="103" />
    </ACTION_CAUSATIVE>
  </Markables>
  <Relations>
    <PLOT_LINK r_id="251" SIGNAL="" relType="causation" CAUSES="FALSE" CAUSED_BY="FALSE">
      <source m_id="19662" />
      <target m_id="19663" />
    </PLOT_LINK>
    <PLOT_LINK r_id="252" SIGNAL="" relType="causation" CAUSES="FALSE" CAUSED_BY="FALSE">
      <source m_id="19662" />
      <target m_id="19665" />
    </PLOT_LINK>
    <PLOT_LINK r_id="253" SIGNAL="" relType="causation" CAUSES="FALSE" CAUSED_BY="FALSE">
      <source m_id="19670" />
      <target m_id="19668" />
    </PLOT_LINK>
    <PLOT_LINK r_id="254" SIGNAL="" relType="causation" CAUSES="FALSE" CAUSED_BY="FALSE">
      <source m_id="19671" />
      <target m_id="19668" />
    </PLOT_LINK>
    <PLOT_LINK r_id="255" SIGNAL="" relType="causation" CAUSES="FALSE" CAUSED_BY="FALSE">
      <source m_id="19672" />
      <target m_id="19668" />
    </PLOT_LINK>
    <PLOT_LINK r_id="256" SIGNAL="" relType="causation" CAUSES="FALSE" CAUSED_BY="FALSE">
      <source m_id="19673" />
      <target m_id="19674" />
    </PLOT_LINK>
    <PLOT_LINK r_id="257" SIGNAL="" relType="causation" CAUSES="FALSE" CAUSED_BY="FALSE">
      <source m_id="19673" />
      <target m_id="19675" />
    </PLOT_LINK>
    <PLOT_LINK r_id="258" SIGNAL="" relType="causation" CAUSES="FALSE" CAUSED_BY="FALSE">
      <source m_id="19673" />
      <target m_id="19676" />
    </PLOT_LINK>
    <PLOT_LINK r_id="259" SIGNAL="" relType="causation" CAUSES="FALSE" CAUSED_BY="FALSE">
      <source m_id="19677" />
      <target m_id="19678" />
    </PLOT_LINK>
    <PLOT_LINK r_id="260" SIGNAL="" relType="causation" CAUSES="FALSE" CAUSED_BY="FALSE">
      <source m_id="19679" />
      <target m_id="19680" />
    </PLOT_LINK>
  </Relations>
</Document>