<?xml version="1.0" encoding="UTF-8"?>
<Document doc_name="2008_ecbplus.xml.xml">
  <token t_id="1" sentence="0" number="0">9</token>
  <token t_id="2" sentence="0" number="1">月</token>
  <token t_id="3" sentence="0" number="2">2</token>
  <token t_id="4" sentence="0" number="3">2</token>
  <token t_id="5" sentence="0" number="4">日</token>
  <token t_id="6" sentence="0" number="5">电</token>
  <token t_id="7" sentence="0" number="6"> </token>
  <token t_id="8" sentence="0" number="7">针</token>
  <token t_id="9" sentence="0" number="8">对</token>
  <token t_id="10" sentence="0" number="9">松</token>
  <token t_id="11" sentence="0" number="10">山</token>
  <token t_id="12" sentence="0" number="11">南</token>
  <token t_id="13" sentence="0" number="12">路</token>
  <token t_id="14" sentence="0" number="13">发</token>
  <token t_id="15" sentence="0" number="14">生</token>
  <token t_id="16" sentence="0" number="15">的</token>
  <token t_id="17" sentence="0" number="16">一</token>
  <token t_id="18" sentence="0" number="17">起</token>
  <token t_id="19" sentence="0" number="18">交</token>
  <token t_id="20" sentence="0" number="19">通</token>
  <token t_id="21" sentence="0" number="20">事</token>
  <token t_id="22" sentence="0" number="21">故</token>
  <token t_id="23" sentence="0" number="22">，</token>
  <token t_id="24" sentence="0" number="23">贵</token>
  <token t_id="25" sentence="0" number="24">阳</token>
  <token t_id="26" sentence="0" number="25">市</token>
  <token t_id="27" sentence="0" number="26">公</token>
  <token t_id="28" sentence="0" number="27">安</token>
  <token t_id="29" sentence="0" number="28">局</token>
  <token t_id="30" sentence="0" number="29">交</token>
  <token t_id="31" sentence="0" number="30">警</token>
  <token t_id="32" sentence="0" number="31">支</token>
  <token t_id="33" sentence="0" number="32">队</token>
  <token t_id="34" sentence="0" number="33">官</token>
  <token t_id="35" sentence="0" number="34">方</token>
  <token t_id="36" sentence="0" number="35">微</token>
  <token t_id="37" sentence="0" number="36">博</token>
  <token t_id="38" sentence="0" number="37">2</token>
  <token t_id="39" sentence="0" number="38">2</token>
  <token t_id="40" sentence="0" number="39">日</token>
  <token t_id="41" sentence="0" number="40">刊</token>
  <token t_id="42" sentence="0" number="41">发</token>
  <token t_id="43" sentence="0" number="42">通</token>
  <token t_id="44" sentence="0" number="43">报</token>
  <token t_id="45" sentence="0" number="44">称</token>
  <token t_id="46" sentence="0" number="45">，</token>
  <token t_id="47" sentence="0" number="46">事</token>
  <token t_id="48" sentence="0" number="47">故</token>
  <token t_id="49" sentence="0" number="48">致</token>
  <token t_id="50" sentence="0" number="49">1</token>
  <token t_id="51" sentence="0" number="50">人</token>
  <token t_id="52" sentence="0" number="51">当</token>
  <token t_id="53" sentence="0" number="52">场</token>
  <token t_id="54" sentence="0" number="53">死</token>
  <token t_id="55" sentence="0" number="54">亡</token>
  <token t_id="56" sentence="0" number="55">1</token>
  <token t_id="57" sentence="0" number="56">人</token>
  <token t_id="58" sentence="0" number="57">受</token>
  <token t_id="59" sentence="0" number="58">伤</token>
  <token t_id="60" sentence="0" number="59">，</token>
  <token t_id="61" sentence="0" number="60">驾</token>
  <token t_id="62" sentence="0" number="61">驶</token>
  <token t_id="63" sentence="0" number="62">人</token>
  <token t_id="64" sentence="0" number="63">涉</token>
  <token t_id="65" sentence="0" number="64">嫌</token>
  <token t_id="66" sentence="0" number="65">醉</token>
  <token t_id="67" sentence="0" number="66">酒</token>
  <token t_id="68" sentence="0" number="67">驾</token>
  <token t_id="69" sentence="0" number="68">驶</token>
  <token t_id="70" sentence="0" number="69">肇</token>
  <token t_id="71" sentence="0" number="70">事</token>
  <token t_id="72" sentence="0" number="71">，</token>
  <token t_id="73" sentence="0" number="72">已</token>
  <token t_id="74" sentence="0" number="73">被</token>
  <token t_id="75" sentence="0" number="74">刑</token>
  <token t_id="76" sentence="0" number="75">拘</token>
  <token t_id="77" sentence="0" number="76">。</token>
  <token t_id="78" sentence="1" number="0">通</token>
  <token t_id="79" sentence="1" number="1">报</token>
  <token t_id="80" sentence="1" number="2">指</token>
  <token t_id="81" sentence="1" number="3">出</token>
  <token t_id="82" sentence="1" number="4">，</token>
  <token t_id="83" sentence="1" number="5">2</token>
  <token t_id="84" sentence="1" number="6">0</token>
  <token t_id="85" sentence="1" number="7">2</token>
  <token t_id="86" sentence="1" number="8">0</token>
  <token t_id="87" sentence="1" number="9">年</token>
  <token t_id="88" sentence="1" number="10">9</token>
  <token t_id="89" sentence="1" number="11">月</token>
  <token t_id="90" sentence="1" number="12">2</token>
  <token t_id="91" sentence="1" number="13">0</token>
  <token t_id="92" sentence="1" number="14">日</token>
  <token t_id="93" sentence="1" number="15">2</token>
  <token t_id="94" sentence="1" number="16">2</token>
  <token t_id="95" sentence="1" number="17">时</token>
  <token t_id="96" sentence="1" number="18">许</token>
  <token t_id="97" sentence="1" number="19">，</token>
  <token t_id="98" sentence="1" number="20">在</token>
  <token t_id="99" sentence="1" number="21">贵</token>
  <token t_id="100" sentence="1" number="22">阳</token>
  <token t_id="101" sentence="1" number="23">市</token>
  <token t_id="102" sentence="1" number="24">南</token>
  <token t_id="103" sentence="1" number="25">明</token>
  <token t_id="104" sentence="1" number="26">区</token>
  <token t_id="105" sentence="1" number="27">花</token>
  <token t_id="106" sentence="1" number="28">果</token>
  <token t_id="107" sentence="1" number="29">园</token>
  <token t_id="108" sentence="1" number="30">松</token>
  <token t_id="109" sentence="1" number="31">山</token>
  <token t_id="110" sentence="1" number="32">南</token>
  <token t_id="111" sentence="1" number="33">路</token>
  <token t_id="112" sentence="1" number="34">发</token>
  <token t_id="113" sentence="1" number="35">生</token>
  <token t_id="114" sentence="1" number="36">一</token>
  <token t_id="115" sentence="1" number="37">起</token>
  <token t_id="116" sentence="1" number="38">交</token>
  <token t_id="117" sentence="1" number="39">通</token>
  <token t_id="118" sentence="1" number="40">事</token>
  <token t_id="119" sentence="1" number="41">故</token>
  <token t_id="120" sentence="1" number="42">，</token>
  <token t_id="121" sentence="1" number="43">致</token>
  <token t_id="122" sentence="1" number="44">1</token>
  <token t_id="123" sentence="1" number="45">人</token>
  <token t_id="124" sentence="1" number="46">当</token>
  <token t_id="125" sentence="1" number="47">场</token>
  <token t_id="126" sentence="1" number="48">死</token>
  <token t_id="127" sentence="1" number="49">亡</token>
  <token t_id="128" sentence="1" number="50">1</token>
  <token t_id="129" sentence="1" number="51">人</token>
  <token t_id="130" sentence="1" number="52">受</token>
  <token t_id="131" sentence="1" number="53">伤</token>
  <token t_id="132" sentence="1" number="54">，</token>
  <token t_id="133" sentence="1" number="55">死</token>
  <token t_id="134" sentence="1" number="56">者</token>
  <token t_id="135" sentence="1" number="57">李</token>
  <token t_id="136" sentence="1" number="58">某</token>
  <token t_id="137" sentence="1" number="59">某</token>
  <token t_id="138" sentence="1" number="60">系</token>
  <token t_id="139" sentence="1" number="61">贵</token>
  <token t_id="140" sentence="1" number="62">州</token>
  <token t_id="141" sentence="1" number="63">中</token>
  <token t_id="142" sentence="1" number="64">医</token>
  <token t_id="143" sentence="1" number="65">药</token>
  <token t_id="144" sentence="1" number="66">大</token>
  <token t_id="145" sentence="1" number="67">学</token>
  <token t_id="146" sentence="1" number="68">第</token>
  <token t_id="147" sentence="1" number="69">二</token>
  <token t_id="148" sentence="1" number="70">附</token>
  <token t_id="149" sentence="1" number="71">属</token>
  <token t_id="150" sentence="1" number="72">医</token>
  <token t_id="151" sentence="1" number="73">院</token>
  <token t_id="152" sentence="1" number="74">医</token>
  <token t_id="153" sentence="1" number="75">生</token>
  <token t_id="154" sentence="1" number="76">，</token>
  <token t_id="155" sentence="1" number="77">伤</token>
  <token t_id="156" sentence="1" number="78">者</token>
  <token t_id="157" sentence="1" number="79">张</token>
  <token t_id="158" sentence="1" number="80">某</token>
  <token t_id="159" sentence="1" number="81">已</token>
  <token t_id="160" sentence="1" number="82">及</token>
  <token t_id="161" sentence="1" number="83">时</token>
  <token t_id="162" sentence="1" number="84">送</token>
  <token t_id="163" sentence="1" number="85">医</token>
  <token t_id="164" sentence="1" number="86">救</token>
  <token t_id="165" sentence="1" number="87">治</token>
  <token t_id="166" sentence="1" number="88">，</token>
  <token t_id="167" sentence="1" number="89">生</token>
  <token t_id="168" sentence="1" number="90">命</token>
  <token t_id="169" sentence="1" number="91">体</token>
  <token t_id="170" sentence="1" number="92">征</token>
  <token t_id="171" sentence="1" number="93">平</token>
  <token t_id="172" sentence="1" number="94">稳</token>
  <token t_id="173" sentence="1" number="95">。</token>
  <token t_id="174" sentence="2" number="0">驾</token>
  <token t_id="175" sentence="2" number="1">驶</token>
  <token t_id="176" sentence="2" number="2">人</token>
  <token t_id="177" sentence="2" number="3">何</token>
  <token t_id="178" sentence="2" number="4">某</token>
  <token t_id="179" sentence="2" number="5">某</token>
  <token t_id="180" sentence="2" number="6">涉</token>
  <token t_id="181" sentence="2" number="7">嫌</token>
  <token t_id="182" sentence="2" number="8">醉</token>
  <token t_id="183" sentence="2" number="9">酒</token>
  <token t_id="184" sentence="2" number="10">驾</token>
  <token t_id="185" sentence="2" number="11">驶</token>
  <token t_id="186" sentence="2" number="12">肇</token>
  <token t_id="187" sentence="2" number="13">事</token>
  <token t_id="188" sentence="2" number="14">，</token>
  <token t_id="189" sentence="2" number="15">已</token>
  <token t_id="190" sentence="2" number="16">被</token>
  <token t_id="191" sentence="2" number="17">公</token>
  <token t_id="192" sentence="2" number="18">安</token>
  <token t_id="193" sentence="2" number="19">机</token>
  <token t_id="194" sentence="2" number="20">关</token>
  <token t_id="195" sentence="2" number="21">依</token>
  <token t_id="196" sentence="2" number="22">法</token>
  <token t_id="197" sentence="2" number="23">刑</token>
  <token t_id="198" sentence="2" number="24">事</token>
  <token t_id="199" sentence="2" number="25">拘</token>
  <token t_id="200" sentence="2" number="26">留</token>
  <token t_id="201" sentence="2" number="27">。</token>
  <token t_id="202" sentence="3" number="0">目</token>
  <token t_id="203" sentence="3" number="1">前</token>
  <token t_id="204" sentence="3" number="2">，</token>
  <token t_id="205" sentence="3" number="3">案</token>
  <token t_id="206" sentence="3" number="4">件</token>
  <token t_id="207" sentence="3" number="5">正</token>
  <token t_id="208" sentence="3" number="6">在</token>
  <token t_id="209" sentence="3" number="7">进</token>
  <token t_id="210" sentence="3" number="8">一</token>
  <token t_id="211" sentence="3" number="9">步</token>
  <token t_id="212" sentence="3" number="10">侦</token>
  <token t_id="213" sentence="3" number="11">查</token>
  <token t_id="214" sentence="3" number="12">中</token>
  <Markables>
    <ACTION m_id="19693" comment="">
      <token_anchor t_id="19" />
      <token_anchor t_id="20" />
      <token_anchor t_id="21" />
      <token_anchor t_id="22" />
    </ACTION>
    <ACTION m_id="19694" comment="">
      <token_anchor t_id="45" />
    </ACTION>
    <ACTION_CAUSATIVE m_id="19695" comment="">
      <token_anchor t_id="49" />
    </ACTION_CAUSATIVE>
    <ACTION m_id="19696" comment="">
      <token_anchor t_id="54" />
      <token_anchor t_id="55" />
    </ACTION>
    <ACTION m_id="19697" comment="">
      <token_anchor t_id="58" />
      <token_anchor t_id="59" />
    </ACTION>
    <ACTION m_id="19698" comment="">
      <token_anchor t_id="74" />
      <token_anchor t_id="75" />
      <token_anchor t_id="76" />
    </ACTION>
    <ACTION m_id="19699" comment="">
      <token_anchor t_id="66" />
      <token_anchor t_id="67" />
      <token_anchor t_id="68" />
      <token_anchor t_id="69" />
    </ACTION>
    <ACTION m_id="19700" comment="">
      <token_anchor t_id="80" />
      <token_anchor t_id="81" />
    </ACTION>
    <ACTION_CAUSATIVE m_id="19702" comment="">
      <token_anchor t_id="121" />
    </ACTION_CAUSATIVE>
    <ACTION m_id="19703" comment="">
      <token_anchor t_id="126" />
      <token_anchor t_id="127" />
    </ACTION>
    <ACTION m_id="19704" comment="">
      <token_anchor t_id="130" />
      <token_anchor t_id="131" />
    </ACTION>
    <ACTION m_id="19705" comment="">
      <token_anchor t_id="162" />
    </ACTION>
    <ACTION m_id="19706" comment="">
      <token_anchor t_id="182" />
      <token_anchor t_id="183" />
      <token_anchor t_id="184" />
      <token_anchor t_id="185" />
    </ACTION>
    <ACTION m_id="19707" comment="">
      <token_anchor t_id="199" />
      <token_anchor t_id="200" />
    </ACTION>
    <ACTION m_id="19708" comment="">
      <token_anchor t_id="212" />
      <token_anchor t_id="213" />
    </ACTION>
    <ACTION m_id="54608" comment="">
      <token_anchor t_id="116" />
      <token_anchor t_id="117" />
      <token_anchor t_id="118" />
      <token_anchor t_id="119" />
    </ACTION>
  </Markables>
  <Relations>
    <PLOT_LINK r_id="263" SIGNAL="" relType="causation" CAUSES="FALSE" CAUSED_BY="FALSE">
      <source m_id="19693" />
      <target m_id="19696" />
    </PLOT_LINK>
    <PLOT_LINK r_id="264" SIGNAL="" relType="causation" CAUSES="FALSE" CAUSED_BY="FALSE">
      <source m_id="19693" />
      <target m_id="19697" />
    </PLOT_LINK>
    <PLOT_LINK r_id="265" SIGNAL="" relType="causation" CAUSES="FALSE" CAUSED_BY="FALSE">
      <source m_id="19699" />
      <target m_id="19693" />
    </PLOT_LINK>
    <PLOT_LINK r_id="266" SIGNAL="" relType="causation" CAUSES="FALSE" CAUSED_BY="FALSE">
      <source m_id="19699" />
      <target m_id="19698" />
    </PLOT_LINK>
    <PLOT_LINK r_id="269" SIGNAL="" relType="causation" CAUSES="FALSE" CAUSED_BY="FALSE">
      <source m_id="19706" />
      <target m_id="19707" />
    </PLOT_LINK>
    <PLOT_LINK r_id="4887" SIGNAL="" relType="causation" CAUSES="FALSE" CAUSED_BY="FALSE">
      <source m_id="54608" />
      <target m_id="19703" />
    </PLOT_LINK>
    <PLOT_LINK r_id="4888" SIGNAL="" relType="causation" CAUSES="FALSE" CAUSED_BY="FALSE">
      <source m_id="54608" />
      <target m_id="19704" />
    </PLOT_LINK>
  </Relations>
</Document>