<?xml version="1.0" encoding="UTF-8"?>
<Document doc_name="2011_ecbplus.xml.xml">
  <token t_id="1" sentence="0" number="0">1</token>
  <token t_id="2" sentence="0" number="1">1</token>
  <token t_id="3" sentence="0" number="2">月</token>
  <token t_id="4" sentence="0" number="3">5</token>
  <token t_id="5" sentence="0" number="4">日</token>
  <token t_id="6" sentence="0" number="5">下</token>
  <token t_id="7" sentence="0" number="6">午</token>
  <token t_id="8" sentence="0" number="7">，</token>
  <token t_id="9" sentence="0" number="8">潭</token>
  <token t_id="10" sentence="0" number="9">邵</token>
  <token t_id="11" sentence="0" number="10">高</token>
  <token t_id="12" sentence="0" number="11">速</token>
  <token t_id="13" sentence="0" number="12">1</token>
  <token t_id="14" sentence="0" number="13">2</token>
  <token t_id="15" sentence="0" number="14">6</token>
  <token t_id="16" sentence="0" number="15">2</token>
  <token t_id="17" sentence="0" number="16">公</token>
  <token t_id="18" sentence="0" number="17">里</token>
  <token t_id="19" sentence="0" number="18">路</token>
  <token t_id="20" sentence="0" number="19">段</token>
  <token t_id="21" sentence="0" number="20">发</token>
  <token t_id="22" sentence="0" number="21">生</token>
  <token t_id="23" sentence="0" number="22">一</token>
  <token t_id="24" sentence="0" number="23">起</token>
  <token t_id="25" sentence="0" number="24">特</token>
  <token t_id="26" sentence="0" number="25">大</token>
  <token t_id="27" sentence="0" number="26">交</token>
  <token t_id="28" sentence="0" number="27">通</token>
  <token t_id="29" sentence="0" number="28">事</token>
  <token t_id="30" sentence="0" number="29">故</token>
  <token t_id="31" sentence="0" number="30">，</token>
  <token t_id="32" sentence="0" number="31">造</token>
  <token t_id="33" sentence="0" number="32">成</token>
  <token t_id="34" sentence="0" number="33">至</token>
  <token t_id="35" sentence="0" number="34">少</token>
  <token t_id="36" sentence="0" number="35">4</token>
  <token t_id="37" sentence="0" number="36">人</token>
  <token t_id="38" sentence="0" number="37">死</token>
  <token t_id="39" sentence="0" number="38">亡</token>
  <token t_id="40" sentence="0" number="39">，</token>
  <token t_id="41" sentence="0" number="40">1</token>
  <token t_id="42" sentence="0" number="41">0</token>
  <token t_id="43" sentence="0" number="42">余</token>
  <token t_id="44" sentence="0" number="43">人</token>
  <token t_id="45" sentence="0" number="44">受</token>
  <token t_id="46" sentence="0" number="45">伤</token>
  <token t_id="47" sentence="0" number="46">。</token>
  <token t_id="48" sentence="1" number="0">5</token>
  <token t_id="49" sentence="1" number="1">日</token>
  <token t_id="50" sentence="1" number="2">下</token>
  <token t_id="51" sentence="1" number="3">午</token>
  <token t_id="52" sentence="1" number="4">4</token>
  <token t_id="53" sentence="1" number="5">时</token>
  <token t_id="54" sentence="1" number="6">1</token>
  <token t_id="55" sentence="1" number="7">7</token>
  <token t_id="56" sentence="1" number="8">分</token>
  <token t_id="57" sentence="1" number="9">，</token>
  <token t_id="58" sentence="1" number="10">邵</token>
  <token t_id="59" sentence="1" number="11">阳</token>
  <token t_id="60" sentence="1" number="12">市</token>
  <token t_id="61" sentence="1" number="13">消</token>
  <token t_id="62" sentence="1" number="14">防</token>
  <token t_id="63" sentence="1" number="15">支</token>
  <token t_id="64" sentence="1" number="16">队</token>
  <token t_id="65" sentence="1" number="17">指</token>
  <token t_id="66" sentence="1" number="18">挥</token>
  <token t_id="67" sentence="1" number="19">中</token>
  <token t_id="68" sentence="1" number="20">心</token>
  <token t_id="69" sentence="1" number="21">接</token>
  <token t_id="70" sentence="1" number="22">到</token>
  <token t_id="71" sentence="1" number="23">报</token>
  <token t_id="72" sentence="1" number="24">警</token>
  <token t_id="73" sentence="1" number="25">：</token>
  <token t_id="74" sentence="1" number="26">潭</token>
  <token t_id="75" sentence="1" number="27">邵</token>
  <token t_id="76" sentence="1" number="28">高</token>
  <token t_id="77" sentence="1" number="29">速</token>
  <token t_id="78" sentence="1" number="30">邵</token>
  <token t_id="79" sentence="1" number="31">阳</token>
  <token t_id="80" sentence="1" number="32">双</token>
  <token t_id="81" sentence="1" number="33">清</token>
  <token t_id="82" sentence="1" number="34">路</token>
  <token t_id="83" sentence="1" number="35">段</token>
  <token t_id="84" sentence="1" number="36">发</token>
  <token t_id="85" sentence="1" number="37">生</token>
  <token t_id="86" sentence="1" number="38">一</token>
  <token t_id="87" sentence="1" number="39">起</token>
  <token t_id="88" sentence="1" number="40">特</token>
  <token t_id="89" sentence="1" number="41">大</token>
  <token t_id="90" sentence="1" number="42">车</token>
  <token t_id="91" sentence="1" number="43">祸</token>
  <token t_id="92" sentence="1" number="44">。</token>
  <token t_id="93" sentence="2" number="0">支</token>
  <token t_id="94" sentence="2" number="1">队</token>
  <token t_id="95" sentence="2" number="2">迅</token>
  <token t_id="96" sentence="2" number="3">速</token>
  <token t_id="97" sentence="2" number="4">调</token>
  <token t_id="98" sentence="2" number="5">集</token>
  <token t_id="99" sentence="2" number="6">3</token>
  <token t_id="100" sentence="2" number="7">辆</token>
  <token t_id="101" sentence="2" number="8">抢</token>
  <token t_id="102" sentence="2" number="9">险</token>
  <token t_id="103" sentence="2" number="10">救</token>
  <token t_id="104" sentence="2" number="11">援</token>
  <token t_id="105" sentence="2" number="12">车</token>
  <token t_id="106" sentence="2" number="13">、</token>
  <token t_id="107" sentence="2" number="14">2</token>
  <token t_id="108" sentence="2" number="15">2</token>
  <token t_id="109" sentence="2" number="16">名</token>
  <token t_id="110" sentence="2" number="17">消</token>
  <token t_id="111" sentence="2" number="18">防</token>
  <token t_id="112" sentence="2" number="19">官</token>
  <token t_id="113" sentence="2" number="20">兵</token>
  <token t_id="114" sentence="2" number="21">赶</token>
  <token t_id="115" sentence="2" number="22">往</token>
  <token t_id="116" sentence="2" number="23">现</token>
  <token t_id="117" sentence="2" number="24">场</token>
  <token t_id="118" sentence="2" number="25">。</token>
  <token t_id="119" sentence="3" number="0">据</token>
  <token t_id="120" sentence="3" number="1">了</token>
  <token t_id="121" sentence="3" number="2">解</token>
  <token t_id="122" sentence="3" number="3">，</token>
  <token t_id="123" sentence="3" number="4">事</token>
  <token t_id="124" sentence="3" number="5">故</token>
  <token t_id="125" sentence="3" number="6">发</token>
  <token t_id="126" sentence="3" number="7">生</token>
  <token t_id="127" sentence="3" number="8">在</token>
  <token t_id="128" sentence="3" number="9">下</token>
  <token t_id="129" sentence="3" number="10">午</token>
  <token t_id="130" sentence="3" number="11">4</token>
  <token t_id="131" sentence="3" number="12">时</token>
  <token t_id="132" sentence="3" number="13">许</token>
  <token t_id="133" sentence="3" number="14">，</token>
  <token t_id="134" sentence="3" number="15">一</token>
  <token t_id="135" sentence="3" number="16">台</token>
  <token t_id="136" sentence="3" number="17">车</token>
  <token t_id="137" sentence="3" number="18">牌</token>
  <token t_id="138" sentence="3" number="19">号</token>
  <token t_id="139" sentence="3" number="20">为</token>
  <token t_id="140" sentence="3" number="21">湘</token>
  <token t_id="141" sentence="3" number="22">E</token>
  <token t_id="142" sentence="3" number="23">7</token>
  <token t_id="143" sentence="3" number="24">3</token>
  <token t_id="144" sentence="3" number="25">2</token>
  <token t_id="145" sentence="3" number="26">2</token>
  <token t_id="146" sentence="3" number="27">3</token>
  <token t_id="147" sentence="3" number="28">的</token>
  <token t_id="148" sentence="3" number="29">长</token>
  <token t_id="149" sentence="3" number="30">途</token>
  <token t_id="150" sentence="3" number="31">大</token>
  <token t_id="151" sentence="3" number="32">巴</token>
  <token t_id="152" sentence="3" number="33">车</token>
  <token t_id="153" sentence="3" number="34">行</token>
  <token t_id="154" sentence="3" number="35">驶</token>
  <token t_id="155" sentence="3" number="36">至</token>
  <token t_id="156" sentence="3" number="37">该</token>
  <token t_id="157" sentence="3" number="38">路</token>
  <token t_id="158" sentence="3" number="39">段</token>
  <token t_id="159" sentence="3" number="40">时</token>
  <token t_id="160" sentence="3" number="41">，</token>
  <token t_id="161" sentence="3" number="42">撞</token>
  <token t_id="162" sentence="3" number="43">上</token>
  <token t_id="163" sentence="3" number="44">了</token>
  <token t_id="164" sentence="3" number="45">前</token>
  <token t_id="165" sentence="3" number="46">方</token>
  <token t_id="166" sentence="3" number="47">一</token>
  <token t_id="167" sentence="3" number="48">台</token>
  <token t_id="168" sentence="3" number="49">牌</token>
  <token t_id="169" sentence="3" number="50">号</token>
  <token t_id="170" sentence="3" number="51">为</token>
  <token t_id="171" sentence="3" number="52">湘</token>
  <token t_id="172" sentence="3" number="53">A</token>
  <token t_id="173" sentence="3" number="54">5</token>
  <token t_id="174" sentence="3" number="55">R</token>
  <token t_id="175" sentence="3" number="56">H</token>
  <token t_id="176" sentence="3" number="57">8</token>
  <token t_id="177" sentence="3" number="58">8</token>
  <token t_id="178" sentence="3" number="59">的</token>
  <token t_id="179" sentence="3" number="60">银</token>
  <token t_id="180" sentence="3" number="61">色</token>
  <token t_id="181" sentence="3" number="62">商</token>
  <token t_id="182" sentence="3" number="63">务</token>
  <token t_id="183" sentence="3" number="64">小</token>
  <token t_id="184" sentence="3" number="65">轿</token>
  <token t_id="185" sentence="3" number="66">车</token>
  <token t_id="186" sentence="3" number="67">的</token>
  <token t_id="187" sentence="3" number="68">尾</token>
  <token t_id="188" sentence="3" number="69">部</token>
  <token t_id="189" sentence="3" number="70">。</token>
  <token t_id="190" sentence="4" number="0">在</token>
  <token t_id="191" sentence="4" number="1">躲</token>
  <token t_id="192" sentence="4" number="2">避</token>
  <token t_id="193" sentence="4" number="3">过</token>
  <token t_id="194" sentence="4" number="4">程</token>
  <token t_id="195" sentence="4" number="5">中</token>
  <token t_id="196" sentence="4" number="6">，</token>
  <token t_id="197" sentence="4" number="7">大</token>
  <token t_id="198" sentence="4" number="8">巴</token>
  <token t_id="199" sentence="4" number="9">车</token>
  <token t_id="200" sentence="4" number="10">司</token>
  <token t_id="201" sentence="4" number="11">机</token>
  <token t_id="202" sentence="4" number="12">操</token>
  <token t_id="203" sentence="4" number="13">作</token>
  <token t_id="204" sentence="4" number="14">不</token>
  <token t_id="205" sentence="4" number="15">当</token>
  <token t_id="206" sentence="4" number="16">，</token>
  <token t_id="207" sentence="4" number="17">导</token>
  <token t_id="208" sentence="4" number="18">致</token>
  <token t_id="209" sentence="4" number="19">大</token>
  <token t_id="210" sentence="4" number="20">客</token>
  <token t_id="211" sentence="4" number="21">车</token>
  <token t_id="212" sentence="4" number="22">冲</token>
  <token t_id="213" sentence="4" number="23">出</token>
  <token t_id="214" sentence="4" number="24">高</token>
  <token t_id="215" sentence="4" number="25">速</token>
  <token t_id="216" sentence="4" number="26">公</token>
  <token t_id="217" sentence="4" number="27">路</token>
  <token t_id="218" sentence="4" number="28">，</token>
  <token t_id="219" sentence="4" number="29">翻</token>
  <token t_id="220" sentence="4" number="30">滚</token>
  <token t_id="221" sentence="4" number="31">着</token>
  <token t_id="222" sentence="4" number="32">落</token>
  <token t_id="223" sentence="4" number="33">到</token>
  <token t_id="224" sentence="4" number="34">了</token>
  <token t_id="225" sentence="4" number="35">护</token>
  <token t_id="226" sentence="4" number="36">坡</token>
  <token t_id="227" sentence="4" number="37">之</token>
  <token t_id="228" sentence="4" number="38">下</token>
  <token t_id="229" sentence="4" number="39">。</token>
  <token t_id="230" sentence="5" number="0">记</token>
  <token t_id="231" sentence="5" number="1">者</token>
  <token t_id="232" sentence="5" number="2">在</token>
  <token t_id="233" sentence="5" number="3">现</token>
  <token t_id="234" sentence="5" number="4">场</token>
  <token t_id="235" sentence="5" number="5">看</token>
  <token t_id="236" sentence="5" number="6">到</token>
  <token t_id="237" sentence="5" number="7">，</token>
  <token t_id="238" sentence="5" number="8">这</token>
  <token t_id="239" sentence="5" number="9">台</token>
  <token t_id="240" sentence="5" number="10">银</token>
  <token t_id="241" sentence="5" number="11">色</token>
  <token t_id="242" sentence="5" number="12">的</token>
  <token t_id="243" sentence="5" number="13">轿</token>
  <token t_id="244" sentence="5" number="14">车</token>
  <token t_id="245" sentence="5" number="15">尾</token>
  <token t_id="246" sentence="5" number="16">部</token>
  <token t_id="247" sentence="5" number="17">已</token>
  <token t_id="248" sentence="5" number="18">经</token>
  <token t_id="249" sentence="5" number="19">严</token>
  <token t_id="250" sentence="5" number="20">重</token>
  <token t_id="251" sentence="5" number="21">损</token>
  <token t_id="252" sentence="5" number="22">毁</token>
  <token t_id="253" sentence="5" number="23">，</token>
  <token t_id="254" sentence="5" number="24">而</token>
  <token t_id="255" sentence="5" number="25">翻</token>
  <token t_id="256" sentence="5" number="26">滚</token>
  <token t_id="257" sentence="5" number="27">到</token>
  <token t_id="258" sentence="5" number="28">护</token>
  <token t_id="259" sentence="5" number="29">坡</token>
  <token t_id="260" sentence="5" number="30">下</token>
  <token t_id="261" sentence="5" number="31">的</token>
  <token t_id="262" sentence="5" number="32">大</token>
  <token t_id="263" sentence="5" number="33">客</token>
  <token t_id="264" sentence="5" number="34">车</token>
  <token t_id="265" sentence="5" number="35">车</token>
  <token t_id="266" sentence="5" number="36">窗</token>
  <token t_id="267" sentence="5" number="37">玻</token>
  <token t_id="268" sentence="5" number="38">璃</token>
  <token t_id="269" sentence="5" number="39">已</token>
  <token t_id="270" sentence="5" number="40">经</token>
  <token t_id="271" sentence="5" number="41">完</token>
  <token t_id="272" sentence="5" number="42">全</token>
  <token t_id="273" sentence="5" number="43">粉</token>
  <token t_id="274" sentence="5" number="44">碎</token>
  <token t_id="275" sentence="5" number="45">，</token>
  <token t_id="276" sentence="5" number="46">车</token>
  <token t_id="277" sentence="5" number="47">身</token>
  <token t_id="278" sentence="5" number="48">多</token>
  <token t_id="279" sentence="5" number="49">处</token>
  <token t_id="280" sentence="5" number="50">变</token>
  <token t_id="281" sentence="5" number="51">形</token>
  <token t_id="282" sentence="5" number="52">。</token>
  <token t_id="283" sentence="6" number="0">当</token>
  <token t_id="284" sentence="6" number="1">消</token>
  <token t_id="285" sentence="6" number="2">防</token>
  <token t_id="286" sentence="6" number="3">救</token>
  <token t_id="287" sentence="6" number="4">援</token>
  <token t_id="288" sentence="6" number="5">人</token>
  <token t_id="289" sentence="6" number="6">员</token>
  <token t_id="290" sentence="6" number="7">赶</token>
  <token t_id="291" sentence="6" number="8">到</token>
  <token t_id="292" sentence="6" number="9">现</token>
  <token t_id="293" sentence="6" number="10">场</token>
  <token t_id="294" sentence="6" number="11">时</token>
  <token t_id="295" sentence="6" number="12">，</token>
  <token t_id="296" sentence="6" number="13">交</token>
  <token t_id="297" sentence="6" number="14">警</token>
  <token t_id="298" sentence="6" number="15">部</token>
  <token t_id="299" sentence="6" number="16">门</token>
  <token t_id="300" sentence="6" number="17">已</token>
  <token t_id="301" sentence="6" number="18">经</token>
  <token t_id="302" sentence="6" number="19">在</token>
  <token t_id="303" sentence="6" number="20">现</token>
  <token t_id="304" sentence="6" number="21">场</token>
  <token t_id="305" sentence="6" number="22">设</token>
  <token t_id="306" sentence="6" number="23">置</token>
  <token t_id="307" sentence="6" number="24">了</token>
  <token t_id="308" sentence="6" number="25">安</token>
  <token t_id="309" sentence="6" number="26">全</token>
  <token t_id="310" sentence="6" number="27">警</token>
  <token t_id="311" sentence="6" number="28">示</token>
  <token t_id="312" sentence="6" number="29">，</token>
  <token t_id="313" sentence="6" number="30">展</token>
  <token t_id="314" sentence="6" number="31">开</token>
  <token t_id="315" sentence="6" number="32">积</token>
  <token t_id="316" sentence="6" number="33">极</token>
  <token t_id="317" sentence="6" number="34">救</token>
  <token t_id="318" sentence="6" number="35">援</token>
  <token t_id="319" sentence="6" number="36">。</token>
  <token t_id="320" sentence="7" number="0">当</token>
  <token t_id="321" sentence="7" number="1">时</token>
  <token t_id="322" sentence="7" number="2">依</token>
  <token t_id="323" sentence="7" number="3">然</token>
  <token t_id="324" sentence="7" number="4">有</token>
  <token t_id="325" sentence="7" number="5">部</token>
  <token t_id="326" sentence="7" number="6">分</token>
  <token t_id="327" sentence="7" number="7">人</token>
  <token t_id="328" sentence="7" number="8">员</token>
  <token t_id="329" sentence="7" number="9">被</token>
  <token t_id="330" sentence="7" number="10">困</token>
  <token t_id="331" sentence="7" number="11">坡</token>
  <token t_id="332" sentence="7" number="12">下</token>
  <token t_id="333" sentence="7" number="13">，</token>
  <token t_id="334" sentence="7" number="14">而</token>
  <token t_id="335" sentence="7" number="15">多</token>
  <token t_id="336" sentence="7" number="16">数</token>
  <token t_id="337" sentence="7" number="17">尚</token>
  <token t_id="338" sentence="7" number="18">能</token>
  <token t_id="339" sentence="7" number="19">行</token>
  <token t_id="340" sentence="7" number="20">动</token>
  <token t_id="341" sentence="7" number="21">的</token>
  <token t_id="342" sentence="7" number="22">乘</token>
  <token t_id="343" sentence="7" number="23">客</token>
  <token t_id="344" sentence="7" number="24">已</token>
  <token t_id="345" sentence="7" number="25">转</token>
  <token t_id="346" sentence="7" number="26">移</token>
  <token t_id="347" sentence="7" number="27">到</token>
  <token t_id="348" sentence="7" number="28">了</token>
  <token t_id="349" sentence="7" number="29">高</token>
  <token t_id="350" sentence="7" number="30">速</token>
  <token t_id="351" sentence="7" number="31">公</token>
  <token t_id="352" sentence="7" number="32">路</token>
  <token t_id="353" sentence="7" number="33">上</token>
  <token t_id="354" sentence="7" number="34">。</token>
  <token t_id="355" sentence="8" number="0">消</token>
  <token t_id="356" sentence="8" number="1">防</token>
  <token t_id="357" sentence="8" number="2">救</token>
  <token t_id="358" sentence="8" number="3">援</token>
  <token t_id="359" sentence="8" number="4">人</token>
  <token t_id="360" sentence="8" number="5">员</token>
  <token t_id="361" sentence="8" number="6">立</token>
  <token t_id="362" sentence="8" number="7">即</token>
  <token t_id="363" sentence="8" number="8">投</token>
  <token t_id="364" sentence="8" number="9">入</token>
  <token t_id="365" sentence="8" number="10">了</token>
  <token t_id="366" sentence="8" number="11">战</token>
  <token t_id="367" sentence="8" number="12">斗</token>
  <token t_id="368" sentence="8" number="13">，</token>
  <token t_id="369" sentence="8" number="14">隆</token>
  <token t_id="370" sentence="8" number="15">回</token>
  <token t_id="371" sentence="8" number="16">中</token>
  <token t_id="372" sentence="8" number="17">队</token>
  <token t_id="373" sentence="8" number="18">、</token>
  <token t_id="374" sentence="8" number="19">特</token>
  <token t_id="375" sentence="8" number="20">勤</token>
  <token t_id="376" sentence="8" number="21">中</token>
  <token t_id="377" sentence="8" number="22">队</token>
  <token t_id="378" sentence="8" number="23">及</token>
  <token t_id="379" sentence="8" number="24">大</token>
  <token t_id="380" sentence="8" number="25">祥</token>
  <token t_id="381" sentence="8" number="26">中</token>
  <token t_id="382" sentence="8" number="27">队</token>
  <token t_id="383" sentence="8" number="28">的</token>
  <token t_id="384" sentence="8" number="29">官</token>
  <token t_id="385" sentence="8" number="30">兵</token>
  <token t_id="386" sentence="8" number="31">在</token>
  <token t_id="387" sentence="8" number="32">车</token>
  <token t_id="388" sentence="8" number="33">内</token>
  <token t_id="389" sentence="8" number="34">及</token>
  <token t_id="390" sentence="8" number="35">现</token>
  <token t_id="391" sentence="8" number="36">场</token>
  <token t_id="392" sentence="8" number="37">周</token>
  <token t_id="393" sentence="8" number="38">边</token>
  <token t_id="394" sentence="8" number="39">继</token>
  <token t_id="395" sentence="8" number="40">续</token>
  <token t_id="396" sentence="8" number="41">搜</token>
  <token t_id="397" sentence="8" number="42">救</token>
  <token t_id="398" sentence="8" number="43">。</token>
  <token t_id="399" sentence="9" number="0">下</token>
  <token t_id="400" sentence="9" number="1">午</token>
  <token t_id="401" sentence="9" number="2">5</token>
  <token t_id="402" sentence="9" number="3">时</token>
  <token t_id="403" sentence="9" number="4">4</token>
  <token t_id="404" sentence="9" number="5">0</token>
  <token t_id="405" sentence="9" number="6">分</token>
  <token t_id="406" sentence="9" number="7">,</token>
  <token t_id="407" sentence="9" number="8">在</token>
  <token t_id="408" sentence="9" number="9">确</token>
  <token t_id="409" sentence="9" number="10">认</token>
  <token t_id="410" sentence="9" number="11">再</token>
  <token t_id="411" sentence="9" number="12">没</token>
  <token t_id="412" sentence="9" number="13">有</token>
  <token t_id="413" sentence="9" number="14">被</token>
  <token t_id="414" sentence="9" number="15">困</token>
  <token t_id="415" sentence="9" number="16">者</token>
  <token t_id="416" sentence="9" number="17">之</token>
  <token t_id="417" sentence="9" number="18">后</token>
  <token t_id="418" sentence="9" number="19">，</token>
  <token t_id="419" sentence="9" number="20">消</token>
  <token t_id="420" sentence="9" number="21">防</token>
  <token t_id="421" sentence="9" number="22">官</token>
  <token t_id="422" sentence="9" number="23">兵</token>
  <token t_id="423" sentence="9" number="24">将</token>
  <token t_id="424" sentence="9" number="25">现</token>
  <token t_id="425" sentence="9" number="26">场</token>
  <token t_id="426" sentence="9" number="27">移</token>
  <token t_id="427" sentence="9" number="28">交</token>
  <token t_id="428" sentence="9" number="29">给</token>
  <token t_id="429" sentence="9" number="30">交</token>
  <token t_id="430" sentence="9" number="31">警</token>
  <token t_id="431" sentence="9" number="32">部</token>
  <token t_id="432" sentence="9" number="33">门</token>
  <token t_id="433" sentence="9" number="34">，</token>
  <token t_id="434" sentence="9" number="35">于</token>
  <token t_id="435" sentence="9" number="36">5</token>
  <token t_id="436" sentence="9" number="37">时</token>
  <token t_id="437" sentence="9" number="38">5</token>
  <token t_id="438" sentence="9" number="39">0</token>
  <token t_id="439" sentence="9" number="40">分</token>
  <token t_id="440" sentence="9" number="41">撤</token>
  <token t_id="441" sentence="9" number="42">离</token>
  <token t_id="442" sentence="9" number="43">现</token>
  <token t_id="443" sentence="9" number="44">场</token>
  <token t_id="444" sentence="9" number="45">。</token>
  <token t_id="445" sentence="10" number="0">记</token>
  <token t_id="446" sentence="10" number="1">者</token>
  <token t_id="447" sentence="10" number="2">昨</token>
  <token t_id="448" sentence="10" number="3">晚</token>
  <token t_id="449" sentence="10" number="4">从</token>
  <token t_id="450" sentence="10" number="5">省</token>
  <token t_id="451" sentence="10" number="6">交</token>
  <token t_id="452" sentence="10" number="7">警</token>
  <token t_id="453" sentence="10" number="8">总</token>
  <token t_id="454" sentence="10" number="9">队</token>
  <token t_id="455" sentence="10" number="10">获</token>
  <token t_id="456" sentence="10" number="11">悉</token>
  <token t_id="457" sentence="10" number="12">，</token>
  <token t_id="458" sentence="10" number="13">此</token>
  <token t_id="459" sentence="10" number="14">次</token>
  <token t_id="460" sentence="10" number="15">事</token>
  <token t_id="461" sentence="10" number="16">故</token>
  <token t_id="462" sentence="10" number="17">中</token>
  <token t_id="463" sentence="10" number="18">已</token>
  <token t_id="464" sentence="10" number="19">有</token>
  <token t_id="465" sentence="10" number="20">两</token>
  <token t_id="466" sentence="10" number="21">人</token>
  <token t_id="467" sentence="10" number="22">当</token>
  <token t_id="468" sentence="10" number="23">场</token>
  <token t_id="469" sentence="10" number="24">死</token>
  <token t_id="470" sentence="10" number="25">亡</token>
  <token t_id="471" sentence="10" number="26">，</token>
  <token t_id="472" sentence="10" number="27">两</token>
  <token t_id="473" sentence="10" number="28">名</token>
  <token t_id="474" sentence="10" number="29">乘</token>
  <token t_id="475" sentence="10" number="30">客</token>
  <token t_id="476" sentence="10" number="31">伤</token>
  <token t_id="477" sentence="10" number="32">势</token>
  <token t_id="478" sentence="10" number="33">过</token>
  <token t_id="479" sentence="10" number="34">重</token>
  <token t_id="480" sentence="10" number="35">送</token>
  <token t_id="481" sentence="10" number="36">至</token>
  <token t_id="482" sentence="10" number="37">医</token>
  <token t_id="483" sentence="10" number="38">院</token>
  <token t_id="484" sentence="10" number="39">后</token>
  <token t_id="485" sentence="10" number="40">身</token>
  <token t_id="486" sentence="10" number="41">亡</token>
  <token t_id="487" sentence="10" number="42">，</token>
  <token t_id="488" sentence="10" number="43">1</token>
  <token t_id="489" sentence="10" number="44">0</token>
  <token t_id="490" sentence="10" number="45">余</token>
  <token t_id="491" sentence="10" number="46">人</token>
  <token t_id="492" sentence="10" number="47">受</token>
  <token t_id="493" sentence="10" number="48">伤</token>
  <token t_id="494" sentence="10" number="49">。</token>
  <token t_id="495" sentence="11" number="0">事</token>
  <token t_id="496" sentence="11" number="1">故</token>
  <token t_id="497" sentence="11" number="2">原</token>
  <token t_id="498" sentence="11" number="3">因</token>
  <token t_id="499" sentence="11" number="4">尚</token>
  <token t_id="500" sentence="11" number="5">在</token>
  <token t_id="501" sentence="11" number="6">进</token>
  <token t_id="502" sentence="11" number="7">一</token>
  <token t_id="503" sentence="11" number="8">步</token>
  <token t_id="504" sentence="11" number="9">调</token>
  <token t_id="505" sentence="11" number="10">查</token>
  <token t_id="506" sentence="11" number="11">之</token>
  <token t_id="507" sentence="11" number="12">中</token>
  <Markables>
    <ACTION m_id="19763" comment="">
      <token_anchor t_id="27" />
      <token_anchor t_id="28" />
      <token_anchor t_id="29" />
      <token_anchor t_id="30" />
    </ACTION>
    <ACTION_CAUSATIVE m_id="19764" comment="">
      <token_anchor t_id="32" />
      <token_anchor t_id="33" />
    </ACTION_CAUSATIVE>
    <ACTION m_id="19765" comment="">
      <token_anchor t_id="38" />
      <token_anchor t_id="39" />
    </ACTION>
    <ACTION m_id="19766" comment="">
      <token_anchor t_id="45" />
      <token_anchor t_id="46" />
    </ACTION>
    <ACTION m_id="19767" comment="">
      <token_anchor t_id="69" />
      <token_anchor t_id="70" />
      <token_anchor t_id="71" />
      <token_anchor t_id="72" />
    </ACTION>
    <ACTION m_id="19768" comment="">
      <token_anchor t_id="90" />
      <token_anchor t_id="91" />
    </ACTION>
    <ACTION m_id="19769" comment="">
      <token_anchor t_id="97" />
      <token_anchor t_id="98" />
    </ACTION>
    <ACTION m_id="19770" comment="">
      <token_anchor t_id="114" />
      <token_anchor t_id="115" />
    </ACTION>
    <ACTION m_id="19772" comment="">
      <token_anchor t_id="153" />
      <token_anchor t_id="154" />
      <token_anchor t_id="155" />
    </ACTION>
    <ACTION m_id="19773" comment="">
      <token_anchor t_id="161" />
      <token_anchor t_id="162" />
    </ACTION>
    <ACTION m_id="19774" comment="">
      <token_anchor t_id="202" />
      <token_anchor t_id="203" />
      <token_anchor t_id="204" />
      <token_anchor t_id="205" />
    </ACTION>
    <ACTION_CAUSATIVE m_id="19775" comment="">
      <token_anchor t_id="207" />
      <token_anchor t_id="208" />
    </ACTION_CAUSATIVE>
    <ACTION m_id="19776" comment="">
      <token_anchor t_id="212" />
      <token_anchor t_id="213" />
    </ACTION>
    <ACTION m_id="19777" comment="">
      <token_anchor t_id="222" />
      <token_anchor t_id="223" />
    </ACTION>
    <ACTION m_id="19778" comment="">
      <token_anchor t_id="235" />
      <token_anchor t_id="236" />
    </ACTION>
    <ACTION m_id="19779" comment="">
      <token_anchor t_id="251" />
      <token_anchor t_id="252" />
    </ACTION>
    <ACTION m_id="19780" comment="">
      <token_anchor t_id="255" />
      <token_anchor t_id="256" />
      <token_anchor t_id="257" />
    </ACTION>
    <ACTION m_id="19781" comment="">
      <token_anchor t_id="273" />
      <token_anchor t_id="274" />
    </ACTION>
    <ACTION m_id="19782" comment="">
      <token_anchor t_id="280" />
      <token_anchor t_id="281" />
    </ACTION>
    <ACTION m_id="19783" comment="">
      <token_anchor t_id="290" />
      <token_anchor t_id="291" />
    </ACTION>
    <ACTION m_id="19784" comment="">
      <token_anchor t_id="305" />
      <token_anchor t_id="306" />
    </ACTION>
    <ACTION m_id="19785" comment="">
      <token_anchor t_id="313" />
      <token_anchor t_id="314" />
      <token_anchor t_id="315" />
      <token_anchor t_id="316" />
      <token_anchor t_id="317" />
      <token_anchor t_id="318" />
    </ACTION>
    <ACTION m_id="19786" comment="">
      <token_anchor t_id="329" />
      <token_anchor t_id="330" />
    </ACTION>
    <ACTION m_id="19787" comment="">
      <token_anchor t_id="345" />
      <token_anchor t_id="346" />
      <token_anchor t_id="347" />
    </ACTION>
    <ACTION m_id="19788" comment="">
      <token_anchor t_id="363" />
      <token_anchor t_id="364" />
    </ACTION>
    <ACTION m_id="19789" comment="">
      <token_anchor t_id="396" />
      <token_anchor t_id="397" />
    </ACTION>
    <ACTION m_id="19790" comment="">
      <token_anchor t_id="408" />
      <token_anchor t_id="409" />
    </ACTION>
    <ACTION m_id="19791" comment="">
      <token_anchor t_id="426" />
      <token_anchor t_id="427" />
    </ACTION>
    <ACTION m_id="19792" comment="">
      <token_anchor t_id="440" />
      <token_anchor t_id="441" />
    </ACTION>
    <ACTION m_id="19793" comment="">
      <token_anchor t_id="455" />
      <token_anchor t_id="456" />
    </ACTION>
    <ACTION m_id="19794" comment="">
      <token_anchor t_id="469" />
      <token_anchor t_id="470" />
    </ACTION>
    <ACTION m_id="19795" comment="">
      <token_anchor t_id="476" />
      <token_anchor t_id="477" />
      <token_anchor t_id="478" />
      <token_anchor t_id="479" />
    </ACTION>
    <ACTION m_id="19797" comment="">
      <token_anchor t_id="480" />
      <token_anchor t_id="481" />
      <token_anchor t_id="482" />
      <token_anchor t_id="483" />
    </ACTION>
    <ACTION m_id="19798" comment="">
      <token_anchor t_id="485" />
      <token_anchor t_id="486" />
    </ACTION>
    <ACTION m_id="19799" comment="">
      <token_anchor t_id="492" />
      <token_anchor t_id="493" />
    </ACTION>
    <ACTION m_id="19800" comment="">
      <token_anchor t_id="504" />
      <token_anchor t_id="505" />
    </ACTION>
    <ACTION m_id="54673" comment="">
      <token_anchor t_id="123" />
      <token_anchor t_id="124" />
    </ACTION>
  </Markables>
  <Relations>
    <PLOT_LINK r_id="289" SIGNAL="" relType="causation" CAUSES="FALSE" CAUSED_BY="FALSE">
      <source m_id="19763" />
      <target m_id="19765" />
    </PLOT_LINK>
    <PLOT_LINK r_id="290" SIGNAL="" relType="causation" CAUSES="FALSE" CAUSED_BY="FALSE">
      <source m_id="19763" />
      <target m_id="19766" />
    </PLOT_LINK>
    <PLOT_LINK r_id="292" SIGNAL="" relType="causation" CAUSES="FALSE" CAUSED_BY="FALSE">
      <source m_id="19774" />
      <target m_id="19776" />
    </PLOT_LINK>
    <PLOT_LINK r_id="293" SIGNAL="" relType="causation" CAUSES="FALSE" CAUSED_BY="FALSE">
      <source m_id="19776" />
      <target m_id="19777" />
    </PLOT_LINK>
    <PLOT_LINK r_id="294" SIGNAL="" relType="causation" CAUSES="FALSE" CAUSED_BY="FALSE">
      <source m_id="19795" />
      <target m_id="19798" />
    </PLOT_LINK>
    <PLOT_LINK r_id="295" SIGNAL="" relType="causation" CAUSES="FALSE" CAUSED_BY="FALSE">
      <source m_id="19780" />
      <target m_id="19781" />
    </PLOT_LINK>
    <PLOT_LINK r_id="296" SIGNAL="" relType="causation" CAUSES="FALSE" CAUSED_BY="FALSE">
      <source m_id="19780" />
      <target m_id="19782" />
    </PLOT_LINK>
    <PLOT_LINK r_id="2574" SIGNAL="" relType="causation" CAUSES="FALSE" CAUSED_BY="FALSE">
      <source m_id="19790" />
      <target m_id="19791" />
    </PLOT_LINK>
    <PLOT_LINK r_id="2575" SIGNAL="" relType="causation" CAUSES="FALSE" CAUSED_BY="FALSE">
      <source m_id="19790" />
      <target m_id="19792" />
    </PLOT_LINK>
    <PLOT_LINK r_id="4889" SIGNAL="" relType="causation" CAUSES="FALSE" CAUSED_BY="FALSE">
      <source m_id="19773" />
      <target m_id="54673" />
    </PLOT_LINK>
  </Relations>
</Document>