<?xml version="1.0" encoding="UTF-8"?>
<Document doc_name="2021_ecbplus.xml.xml">
  <token t_id="1" sentence="0" number="0">中</token>
  <token t_id="2" sentence="0" number="1">国</token>
  <token t_id="3" sentence="0" number="2">日</token>
  <token t_id="4" sentence="0" number="3">报</token>
  <token t_id="5" sentence="0" number="4">网</token>
  <token t_id="6" sentence="0" number="5">环</token>
  <token t_id="7" sentence="0" number="6">球</token>
  <token t_id="8" sentence="0" number="7">在</token>
  <token t_id="9" sentence="0" number="8">线</token>
  <token t_id="10" sentence="0" number="9">消</token>
  <token t_id="11" sentence="0" number="10">息</token>
  <token t_id="12" sentence="0" number="11">：</token>
  <token t_id="13" sentence="0" number="12">据</token>
  <token t_id="14" sentence="0" number="13">坦</token>
  <token t_id="15" sentence="0" number="14">桑</token>
  <token t_id="16" sentence="0" number="15">尼</token>
  <token t_id="17" sentence="0" number="16">亚</token>
  <token t_id="18" sentence="0" number="17">媒</token>
  <token t_id="19" sentence="0" number="18">体</token>
  <token t_id="20" sentence="0" number="19">7</token>
  <token t_id="21" sentence="0" number="20">月</token>
  <token t_id="22" sentence="0" number="21">2</token>
  <token t_id="23" sentence="0" number="22">7</token>
  <token t_id="24" sentence="0" number="23">日</token>
  <token t_id="25" sentence="0" number="24">报</token>
  <token t_id="26" sentence="0" number="25">道</token>
  <token t_id="27" sentence="0" number="26">，</token>
  <token t_id="28" sentence="0" number="27">坦</token>
  <token t_id="29" sentence="0" number="28">东</token>
  <token t_id="30" sentence="0" number="29">北</token>
  <token t_id="31" sentence="0" number="30">部</token>
  <token t_id="32" sentence="0" number="31">坦</token>
  <token t_id="33" sentence="0" number="32">噶</token>
  <token t_id="34" sentence="0" number="33">省</token>
  <token t_id="35" sentence="0" number="34">2</token>
  <token t_id="36" sentence="0" number="35">6</token>
  <token t_id="37" sentence="0" number="36">日</token>
  <token t_id="38" sentence="0" number="37">下</token>
  <token t_id="39" sentence="0" number="38">午</token>
  <token t_id="40" sentence="0" number="39">发</token>
  <token t_id="41" sentence="0" number="40">生</token>
  <token t_id="42" sentence="0" number="41">一</token>
  <token t_id="43" sentence="0" number="42">起</token>
  <token t_id="44" sentence="0" number="43">严</token>
  <token t_id="45" sentence="0" number="44">重</token>
  <token t_id="46" sentence="0" number="45">交</token>
  <token t_id="47" sentence="0" number="46">通</token>
  <token t_id="48" sentence="0" number="47">事</token>
  <token t_id="49" sentence="0" number="48">故</token>
  <token t_id="50" sentence="0" number="49">，</token>
  <token t_id="51" sentence="0" number="50">造</token>
  <token t_id="52" sentence="0" number="51">成</token>
  <token t_id="53" sentence="0" number="52">3</token>
  <token t_id="54" sentence="0" number="53">3</token>
  <token t_id="55" sentence="0" number="54">人</token>
  <token t_id="56" sentence="0" number="55">死</token>
  <token t_id="57" sentence="0" number="56">亡</token>
  <token t_id="58" sentence="0" number="57">，</token>
  <token t_id="59" sentence="0" number="58">数</token>
  <token t_id="60" sentence="0" number="59">人</token>
  <token t_id="61" sentence="0" number="60">受</token>
  <token t_id="62" sentence="0" number="61">伤</token>
  <token t_id="63" sentence="0" number="62">。</token>
  <token t_id="64" sentence="1" number="0">报</token>
  <token t_id="65" sentence="1" number="1">道</token>
  <token t_id="66" sentence="1" number="2">说</token>
  <token t_id="67" sentence="1" number="3">，</token>
  <token t_id="68" sentence="1" number="4">事</token>
  <token t_id="69" sentence="1" number="5">故</token>
  <token t_id="70" sentence="1" number="6">发</token>
  <token t_id="71" sentence="1" number="7">生</token>
  <token t_id="72" sentence="1" number="8">在</token>
  <token t_id="73" sentence="1" number="9">坦</token>
  <token t_id="74" sentence="1" number="10">桑</token>
  <token t_id="75" sentence="1" number="11">尼</token>
  <token t_id="76" sentence="1" number="12">亚</token>
  <token t_id="77" sentence="1" number="13">首</token>
  <token t_id="78" sentence="1" number="14">都</token>
  <token t_id="79" sentence="1" number="15">达</token>
  <token t_id="80" sentence="1" number="16">累</token>
  <token t_id="81" sentence="1" number="17">斯</token>
  <token t_id="82" sentence="1" number="18">萨</token>
  <token t_id="83" sentence="1" number="19">拉</token>
  <token t_id="84" sentence="1" number="20">姆</token>
  <token t_id="85" sentence="1" number="21">西</token>
  <token t_id="86" sentence="1" number="22">北</token>
  <token t_id="87" sentence="1" number="23">约</token>
  <token t_id="88" sentence="1" number="24">2</token>
  <token t_id="89" sentence="1" number="25">1</token>
  <token t_id="90" sentence="1" number="26">0</token>
  <token t_id="91" sentence="1" number="27">公</token>
  <token t_id="92" sentence="1" number="28">里</token>
  <token t_id="93" sentence="1" number="29">处</token>
  <token t_id="94" sentence="1" number="30">。</token>
  <token t_id="95" sentence="2" number="0">当</token>
  <token t_id="96" sentence="2" number="1">时</token>
  <token t_id="97" sentence="2" number="2">，</token>
  <token t_id="98" sentence="2" number="3">一</token>
  <token t_id="99" sentence="2" number="4">辆</token>
  <token t_id="100" sentence="2" number="5">高</token>
  <token t_id="101" sentence="2" number="6">速</token>
  <token t_id="102" sentence="2" number="7">行</token>
  <token t_id="103" sentence="2" number="8">驶</token>
  <token t_id="104" sentence="2" number="9">的</token>
  <token t_id="105" sentence="2" number="10">公</token>
  <token t_id="106" sentence="2" number="11">共</token>
  <token t_id="107" sentence="2" number="12">汽</token>
  <token t_id="108" sentence="2" number="13">车</token>
  <token t_id="109" sentence="2" number="14">正</token>
  <token t_id="110" sentence="2" number="15">从</token>
  <token t_id="111" sentence="2" number="16">阿</token>
  <token t_id="112" sentence="2" number="17">鲁</token>
  <token t_id="113" sentence="2" number="18">沙</token>
  <token t_id="114" sentence="2" number="19">驶</token>
  <token t_id="115" sentence="2" number="20">往</token>
  <token t_id="116" sentence="2" number="21">达</token>
  <token t_id="117" sentence="2" number="22">累</token>
  <token t_id="118" sentence="2" number="23">斯</token>
  <token t_id="119" sentence="2" number="24">萨</token>
  <token t_id="120" sentence="2" number="25">拉</token>
  <token t_id="121" sentence="2" number="26">姆</token>
  <token t_id="122" sentence="2" number="27">，</token>
  <token t_id="123" sentence="2" number="28">途</token>
  <token t_id="124" sentence="2" number="29">中</token>
  <token t_id="125" sentence="2" number="30">与</token>
  <token t_id="126" sentence="2" number="31">一</token>
  <token t_id="127" sentence="2" number="32">辆</token>
  <token t_id="128" sentence="2" number="33">卡</token>
  <token t_id="129" sentence="2" number="34">车</token>
  <token t_id="130" sentence="2" number="35">相</token>
  <token t_id="131" sentence="2" number="36">撞</token>
  <token t_id="132" sentence="2" number="37">。</token>
  <token t_id="133" sentence="3" number="0">事</token>
  <token t_id="134" sentence="3" number="1">发</token>
  <token t_id="135" sentence="3" number="2">时</token>
  <token t_id="136" sentence="3" number="3">公</token>
  <token t_id="137" sentence="3" number="4">共</token>
  <token t_id="138" sentence="3" number="5">汽</token>
  <token t_id="139" sentence="3" number="6">车</token>
  <token t_id="140" sentence="3" number="7">上</token>
  <token t_id="141" sentence="3" number="8">载</token>
  <token t_id="142" sentence="3" number="9">有</token>
  <token t_id="143" sentence="3" number="10">约</token>
  <token t_id="144" sentence="3" number="11">5</token>
  <token t_id="145" sentence="3" number="12">0</token>
  <token t_id="146" sentence="3" number="13">名</token>
  <token t_id="147" sentence="3" number="14">乘</token>
  <token t_id="148" sentence="3" number="15">客</token>
  <token t_id="149" sentence="3" number="16">。</token>
  <token t_id="150" sentence="4" number="0">当</token>
  <token t_id="151" sentence="4" number="1">地</token>
  <token t_id="152" sentence="4" number="2">官</token>
  <token t_id="153" sentence="4" number="3">员</token>
  <token t_id="154" sentence="4" number="4">和</token>
  <token t_id="155" sentence="4" number="5">交</token>
  <token t_id="156" sentence="4" number="6">警</token>
  <token t_id="157" sentence="4" number="7">说</token>
  <token t_id="158" sentence="4" number="8">，</token>
  <token t_id="159" sentence="4" number="9">已</token>
  <token t_id="160" sentence="4" number="10">从</token>
  <token t_id="161" sentence="4" number="11">公</token>
  <token t_id="162" sentence="4" number="12">共</token>
  <token t_id="163" sentence="4" number="13">汽</token>
  <token t_id="164" sentence="4" number="14">车</token>
  <token t_id="165" sentence="4" number="15">上</token>
  <token t_id="166" sentence="4" number="16">抬</token>
  <token t_id="167" sentence="4" number="17">下</token>
  <token t_id="168" sentence="4" number="18">3</token>
  <token t_id="169" sentence="4" number="19">3</token>
  <token t_id="170" sentence="4" number="20">具</token>
  <token t_id="171" sentence="4" number="21">尸</token>
  <token t_id="172" sentence="4" number="22">体</token>
  <token t_id="173" sentence="4" number="23">，</token>
  <token t_id="174" sentence="4" number="24">伤</token>
  <token t_id="175" sentence="4" number="25">者</token>
  <token t_id="176" sentence="4" number="26">被</token>
  <token t_id="177" sentence="4" number="27">送</token>
  <token t_id="178" sentence="4" number="28">入</token>
  <token t_id="179" sentence="4" number="29">当</token>
  <token t_id="180" sentence="4" number="30">地</token>
  <token t_id="181" sentence="4" number="31">医</token>
  <token t_id="182" sentence="4" number="32">院</token>
  <token t_id="183" sentence="4" number="33">接</token>
  <token t_id="184" sentence="4" number="34">受</token>
  <token t_id="185" sentence="4" number="35">治</token>
  <token t_id="186" sentence="4" number="36">疗</token>
  <token t_id="187" sentence="4" number="37">。</token>
  <token t_id="188" sentence="5" number="0">有</token>
  <token t_id="189" sentence="5" number="1">消</token>
  <token t_id="190" sentence="5" number="2">息</token>
  <token t_id="191" sentence="5" number="3">说</token>
  <token t_id="192" sentence="5" number="4">，</token>
  <token t_id="193" sentence="5" number="5">事</token>
  <token t_id="194" sentence="5" number="6">故</token>
  <token t_id="195" sentence="5" number="7">是</token>
  <token t_id="196" sentence="5" number="8">公</token>
  <token t_id="197" sentence="5" number="9">共</token>
  <token t_id="198" sentence="5" number="10">汽</token>
  <token t_id="199" sentence="5" number="11">车</token>
  <token t_id="200" sentence="5" number="12">爆</token>
  <token t_id="201" sentence="5" number="13">胎</token>
  <token t_id="202" sentence="5" number="14">所</token>
  <token t_id="203" sentence="5" number="15">致</token>
  <token t_id="204" sentence="5" number="16">。</token>
  <token t_id="205" sentence="6" number="0">坦</token>
  <token t_id="206" sentence="6" number="1">桑</token>
  <token t_id="207" sentence="6" number="2">尼</token>
  <token t_id="208" sentence="6" number="3">亚</token>
  <token t_id="209" sentence="6" number="4">道</token>
  <token t_id="210" sentence="6" number="5">路</token>
  <token t_id="211" sentence="6" number="6">和</token>
  <token t_id="212" sentence="6" number="7">车</token>
  <token t_id="213" sentence="6" number="8">辆</token>
  <token t_id="214" sentence="6" number="9">状</token>
  <token t_id="215" sentence="6" number="10">况</token>
  <token t_id="216" sentence="6" number="11">较</token>
  <token t_id="217" sentence="6" number="12">差</token>
  <token t_id="218" sentence="6" number="13">，</token>
  <token t_id="219" sentence="6" number="14">交</token>
  <token t_id="220" sentence="6" number="15">通</token>
  <token t_id="221" sentence="6" number="16">事</token>
  <token t_id="222" sentence="6" number="17">故</token>
  <token t_id="223" sentence="6" number="18">时</token>
  <token t_id="224" sentence="6" number="19">有</token>
  <token t_id="225" sentence="6" number="20">发</token>
  <token t_id="226" sentence="6" number="21">生</token>
  <Markables>
    <ACTION m_id="19958" comment="">
      <token_anchor t_id="25" />
      <token_anchor t_id="26" />
    </ACTION>
    <ACTION m_id="19959" comment="">
      <token_anchor t_id="46" />
      <token_anchor t_id="47" />
      <token_anchor t_id="48" />
      <token_anchor t_id="49" />
    </ACTION>
    <ACTION m_id="19960" comment="">
      <token_anchor t_id="56" />
      <token_anchor t_id="57" />
    </ACTION>
    <ACTION_CAUSATIVE m_id="19961" comment="">
      <token_anchor t_id="51" />
      <token_anchor t_id="52" />
    </ACTION_CAUSATIVE>
    <ACTION m_id="19962" comment="">
      <token_anchor t_id="61" />
      <token_anchor t_id="62" />
    </ACTION>
    <ACTION m_id="19963" comment="">
      <token_anchor t_id="70" />
      <token_anchor t_id="71" />
    </ACTION>
    <ACTION m_id="19965" comment="">
      <token_anchor t_id="130" />
      <token_anchor t_id="131" />
    </ACTION>
    <ACTION m_id="19966" comment="">
      <token_anchor t_id="157" />
    </ACTION>
    <ACTION m_id="19967" comment="">
      <token_anchor t_id="166" />
      <token_anchor t_id="167" />
    </ACTION>
    <ACTION m_id="19968" comment="">
      <token_anchor t_id="183" />
      <token_anchor t_id="184" />
      <token_anchor t_id="185" />
      <token_anchor t_id="186" />
    </ACTION>
    <ACTION m_id="19969" comment="">
      <token_anchor t_id="193" />
      <token_anchor t_id="194" />
    </ACTION>
    <ACTION m_id="19970" comment="">
      <token_anchor t_id="200" />
      <token_anchor t_id="201" />
    </ACTION>
    <ACTION_CAUSATIVE m_id="19971" comment="">
      <token_anchor t_id="202" />
      <token_anchor t_id="203" />
    </ACTION_CAUSATIVE>
    <ACTION m_id="19972" comment="">
      <token_anchor t_id="209" />
      <token_anchor t_id="210" />
      <token_anchor t_id="211" />
      <token_anchor t_id="212" />
      <token_anchor t_id="213" />
      <token_anchor t_id="214" />
      <token_anchor t_id="215" />
      <token_anchor t_id="216" />
      <token_anchor t_id="217" />
    </ACTION>
    <ACTION m_id="19973" comment="">
      <token_anchor t_id="219" />
      <token_anchor t_id="220" />
      <token_anchor t_id="221" />
      <token_anchor t_id="222" />
    </ACTION>
  </Markables>
  <Relations>
    <PLOT_LINK r_id="343" SIGNAL="" relType="causation" CAUSES="FALSE" CAUSED_BY="FALSE">
      <source m_id="19972" />
      <target m_id="19973" />
    </PLOT_LINK>
    <PLOT_LINK r_id="344" SIGNAL="" relType="causation" CAUSES="FALSE" CAUSED_BY="FALSE">
      <source m_id="19970" />
      <target m_id="19969" />
    </PLOT_LINK>
    <PLOT_LINK r_id="345" SIGNAL="" relType="causation" CAUSES="FALSE" CAUSED_BY="FALSE">
      <source m_id="19959" />
      <target m_id="19960" />
    </PLOT_LINK>
    <PLOT_LINK r_id="346" SIGNAL="" relType="causation" CAUSES="FALSE" CAUSED_BY="FALSE">
      <source m_id="19959" />
      <target m_id="19962" />
    </PLOT_LINK>
  </Relations>
</Document>