<?xml version="1.0" encoding="UTF-8"?>
<Document doc_name="2022_ecbplus.xml.xml">
  <token t_id="1" sentence="0" number="0">３</token>
  <token t_id="2" sentence="0" number="1">月</token>
  <token t_id="3" sentence="0" number="2">２</token>
  <token t_id="4" sentence="0" number="3">０</token>
  <token t_id="5" sentence="0" number="4">日</token>
  <token t_id="6" sentence="0" number="5">下</token>
  <token t_id="7" sentence="0" number="6">午</token>
  <token t_id="8" sentence="0" number="7">５</token>
  <token t_id="9" sentence="0" number="8">点</token>
  <token t_id="10" sentence="0" number="9">，</token>
  <token t_id="11" sentence="0" number="10">贵</token>
  <token t_id="12" sentence="0" number="11">州</token>
  <token t_id="13" sentence="0" number="12">省</token>
  <token t_id="14" sentence="0" number="13">境</token>
  <token t_id="15" sentence="0" number="14">内</token>
  <token t_id="16" sentence="0" number="15">的</token>
  <token t_id="17" sentence="0" number="16">贵</token>
  <token t_id="18" sentence="0" number="17">遵</token>
  <token t_id="19" sentence="0" number="18">高</token>
  <token t_id="20" sentence="0" number="19">速</token>
  <token t_id="21" sentence="0" number="20">公</token>
  <token t_id="22" sentence="0" number="21">路</token>
  <token t_id="23" sentence="0" number="22">发</token>
  <token t_id="24" sentence="0" number="23">生</token>
  <token t_id="25" sentence="0" number="24">一</token>
  <token t_id="26" sentence="0" number="25">起</token>
  <token t_id="27" sentence="0" number="26">交</token>
  <token t_id="28" sentence="0" number="27">通</token>
  <token t_id="29" sentence="0" number="28">事</token>
  <token t_id="30" sentence="0" number="29">故</token>
  <token t_id="31" sentence="0" number="30">，</token>
  <token t_id="32" sentence="0" number="31">造</token>
  <token t_id="33" sentence="0" number="32">成</token>
  <token t_id="34" sentence="0" number="33">１</token>
  <token t_id="35" sentence="0" number="34">人</token>
  <token t_id="36" sentence="0" number="35">死</token>
  <token t_id="37" sentence="0" number="36">亡</token>
  <token t_id="38" sentence="0" number="37">，</token>
  <token t_id="39" sentence="0" number="38">２</token>
  <token t_id="40" sentence="0" number="39">７</token>
  <token t_id="41" sentence="0" number="40">人</token>
  <token t_id="42" sentence="0" number="41">受</token>
  <token t_id="43" sentence="0" number="42">伤</token>
  <token t_id="44" sentence="0" number="43">。</token>
  <token t_id="45" sentence="1" number="0">截</token>
  <token t_id="46" sentence="1" number="1">止</token>
  <token t_id="47" sentence="1" number="2">到</token>
  <token t_id="48" sentence="1" number="3">当</token>
  <token t_id="49" sentence="1" number="4">日</token>
  <token t_id="50" sentence="1" number="5">下</token>
  <token t_id="51" sentence="1" number="6">午</token>
  <token t_id="52" sentence="1" number="7">６</token>
  <token t_id="53" sentence="1" number="8">点</token>
  <token t_id="54" sentence="1" number="9">半</token>
  <token t_id="55" sentence="1" number="10">伤</token>
  <token t_id="56" sentence="1" number="11">员</token>
  <token t_id="57" sentence="1" number="12">已</token>
  <token t_id="58" sentence="1" number="13">送</token>
  <token t_id="59" sentence="1" number="14">往</token>
  <token t_id="60" sentence="1" number="15">医</token>
  <token t_id="61" sentence="1" number="16">院</token>
  <token t_id="62" sentence="1" number="17">救</token>
  <token t_id="63" sentence="1" number="18">治</token>
  <token t_id="64" sentence="1" number="19">。</token>
  <token t_id="65" sentence="2" number="0">据</token>
  <token t_id="66" sentence="2" number="1">现</token>
  <token t_id="67" sentence="2" number="2">场</token>
  <token t_id="68" sentence="2" number="3">救</token>
  <token t_id="69" sentence="2" number="4">援</token>
  <token t_id="70" sentence="2" number="5">的</token>
  <token t_id="71" sentence="2" number="6">遵</token>
  <token t_id="72" sentence="2" number="7">义</token>
  <token t_id="73" sentence="2" number="8">县</token>
  <token t_id="74" sentence="2" number="9">消</token>
  <token t_id="75" sentence="2" number="10">防</token>
  <token t_id="76" sentence="2" number="11">官</token>
  <token t_id="77" sentence="2" number="12">兵</token>
  <token t_id="78" sentence="2" number="13">介</token>
  <token t_id="79" sentence="2" number="14">绍</token>
  <token t_id="80" sentence="2" number="15">，</token>
  <token t_id="81" sentence="2" number="16">事</token>
  <token t_id="82" sentence="2" number="17">故</token>
  <token t_id="83" sentence="2" number="18">发</token>
  <token t_id="84" sentence="2" number="19">生</token>
  <token t_id="85" sentence="2" number="20">在</token>
  <token t_id="86" sentence="2" number="21">２</token>
  <token t_id="87" sentence="2" number="22">０</token>
  <token t_id="88" sentence="2" number="23">日</token>
  <token t_id="89" sentence="2" number="24">下</token>
  <token t_id="90" sentence="2" number="25">午</token>
  <token t_id="91" sentence="2" number="26">５</token>
  <token t_id="92" sentence="2" number="27">点</token>
  <token t_id="93" sentence="2" number="28">０</token>
  <token t_id="94" sentence="2" number="29">５</token>
  <token t_id="95" sentence="2" number="30">分</token>
  <token t_id="96" sentence="2" number="31">，</token>
  <token t_id="97" sentence="2" number="32">贵</token>
  <token t_id="98" sentence="2" number="33">遵</token>
  <token t_id="99" sentence="2" number="34">高</token>
  <token t_id="100" sentence="2" number="35">速</token>
  <token t_id="101" sentence="2" number="36">遵</token>
  <token t_id="102" sentence="2" number="37">义</token>
  <token t_id="103" sentence="2" number="38">县</token>
  <token t_id="104" sentence="2" number="39">三</token>
  <token t_id="105" sentence="2" number="40">合</token>
  <token t_id="106" sentence="2" number="41">镇</token>
  <token t_id="107" sentence="2" number="42">收</token>
  <token t_id="108" sentence="2" number="43">费</token>
  <token t_id="109" sentence="2" number="44">站</token>
  <token t_id="110" sentence="2" number="45">往</token>
  <token t_id="111" sentence="2" number="46">贵</token>
  <token t_id="112" sentence="2" number="47">阳</token>
  <token t_id="113" sentence="2" number="48">方</token>
  <token t_id="114" sentence="2" number="49">向</token>
  <token t_id="115" sentence="2" number="50">两</token>
  <token t_id="116" sentence="2" number="51">公</token>
  <token t_id="117" sentence="2" number="52">里</token>
  <token t_id="118" sentence="2" number="53">处</token>
  <token t_id="119" sentence="2" number="54">，</token>
  <token t_id="120" sentence="2" number="55">一</token>
  <token t_id="121" sentence="2" number="56">辆</token>
  <token t_id="122" sentence="2" number="57">满</token>
  <token t_id="123" sentence="2" number="58">载</token>
  <token t_id="124" sentence="2" number="59">煤</token>
  <token t_id="125" sentence="2" number="60">矿</token>
  <token t_id="126" sentence="2" number="61">的</token>
  <token t_id="127" sentence="2" number="62">大</token>
  <token t_id="128" sentence="2" number="63">货</token>
  <token t_id="129" sentence="2" number="64">车</token>
  <token t_id="130" sentence="2" number="65">与</token>
  <token t_id="131" sentence="2" number="66">一</token>
  <token t_id="132" sentence="2" number="67">辆</token>
  <token t_id="133" sentence="2" number="68">贵</token>
  <token t_id="134" sentence="2" number="69">阳</token>
  <token t_id="135" sentence="2" number="70">至</token>
  <token t_id="136" sentence="2" number="71">仁</token>
  <token t_id="137" sentence="2" number="72">怀</token>
  <token t_id="138" sentence="2" number="73">的</token>
  <token t_id="139" sentence="2" number="74">短</token>
  <token t_id="140" sentence="2" number="75">途</token>
  <token t_id="141" sentence="2" number="76">客</token>
  <token t_id="142" sentence="2" number="77">车</token>
  <token t_id="143" sentence="2" number="78">相</token>
  <token t_id="144" sentence="2" number="79">撞</token>
  <token t_id="145" sentence="2" number="80">。</token>
  <token t_id="146" sentence="3" number="0">运</token>
  <token t_id="147" sentence="3" number="1">煤</token>
  <token t_id="148" sentence="3" number="2">的</token>
  <token t_id="149" sentence="3" number="3">大</token>
  <token t_id="150" sentence="3" number="4">货</token>
  <token t_id="151" sentence="3" number="5">车</token>
  <token t_id="152" sentence="3" number="6">侧</token>
  <token t_id="153" sentence="3" number="7">翻</token>
  <token t_id="154" sentence="3" number="8">在</token>
  <token t_id="155" sentence="3" number="9">高</token>
  <token t_id="156" sentence="3" number="10">速</token>
  <token t_id="157" sentence="3" number="11">公</token>
  <token t_id="158" sentence="3" number="12">路</token>
  <token t_id="159" sentence="3" number="13">上</token>
  <token t_id="160" sentence="3" number="14">，</token>
  <token t_id="161" sentence="3" number="15">而</token>
  <token t_id="162" sentence="3" number="16">客</token>
  <token t_id="163" sentence="3" number="17">车</token>
  <token t_id="164" sentence="3" number="18">则</token>
  <token t_id="165" sentence="3" number="19">翻</token>
  <token t_id="166" sentence="3" number="20">下</token>
  <token t_id="167" sentence="3" number="21">了</token>
  <token t_id="168" sentence="3" number="22">旁</token>
  <token t_id="169" sentence="3" number="23">边</token>
  <token t_id="170" sentence="3" number="24">距</token>
  <token t_id="171" sentence="3" number="25">高</token>
  <token t_id="172" sentence="3" number="26">速</token>
  <token t_id="173" sentence="3" number="27">公</token>
  <token t_id="174" sentence="3" number="28">路</token>
  <token t_id="175" sentence="3" number="29">大</token>
  <token t_id="176" sentence="3" number="30">约</token>
  <token t_id="177" sentence="3" number="31">４</token>
  <token t_id="178" sentence="3" number="32">米</token>
  <token t_id="179" sentence="3" number="33">的</token>
  <token t_id="180" sentence="3" number="34">水</token>
  <token t_id="181" sentence="3" number="35">沟</token>
  <token t_id="182" sentence="3" number="36">中</token>
  <token t_id="183" sentence="3" number="37">，</token>
  <token t_id="184" sentence="3" number="38">车</token>
  <token t_id="185" sentence="3" number="39">内</token>
  <token t_id="186" sentence="3" number="40">乘</token>
  <token t_id="187" sentence="3" number="41">客</token>
  <token t_id="188" sentence="3" number="42">都</token>
  <token t_id="189" sentence="3" number="43">不</token>
  <token t_id="190" sentence="3" number="44">同</token>
  <token t_id="191" sentence="3" number="45">程</token>
  <token t_id="192" sentence="3" number="46">度</token>
  <token t_id="193" sentence="3" number="47">受</token>
  <token t_id="194" sentence="3" number="48">伤</token>
  <token t_id="195" sentence="3" number="49">。</token>
  <token t_id="196" sentence="4" number="0">事</token>
  <token t_id="197" sentence="4" number="1">故</token>
  <token t_id="198" sentence="4" number="2">发</token>
  <token t_id="199" sentence="4" number="3">生</token>
  <token t_id="200" sentence="4" number="4">后</token>
  <token t_id="201" sentence="4" number="5">，</token>
  <token t_id="202" sentence="4" number="6">当</token>
  <token t_id="203" sentence="4" number="7">地</token>
  <token t_id="204" sentence="4" number="8">交</token>
  <token t_id="205" sentence="4" number="9">警</token>
  <token t_id="206" sentence="4" number="10">、</token>
  <token t_id="207" sentence="4" number="11">消</token>
  <token t_id="208" sentence="4" number="12">防</token>
  <token t_id="209" sentence="4" number="13">、</token>
  <token t_id="210" sentence="4" number="14">医</token>
  <token t_id="211" sentence="4" number="15">疗</token>
  <token t_id="212" sentence="4" number="16">等</token>
  <token t_id="213" sentence="4" number="17">部</token>
  <token t_id="214" sentence="4" number="18">门</token>
  <token t_id="215" sentence="4" number="19">迅</token>
  <token t_id="216" sentence="4" number="20">速</token>
  <token t_id="217" sentence="4" number="21">赶</token>
  <token t_id="218" sentence="4" number="22">到</token>
  <token t_id="219" sentence="4" number="23">了</token>
  <token t_id="220" sentence="4" number="24">现</token>
  <token t_id="221" sentence="4" number="25">场</token>
  <token t_id="222" sentence="4" number="26">进</token>
  <token t_id="223" sentence="4" number="27">行</token>
  <token t_id="224" sentence="4" number="28">救</token>
  <token t_id="225" sentence="4" number="29">援</token>
  <token t_id="226" sentence="4" number="30">，</token>
  <token t_id="227" sentence="4" number="31">伤</token>
  <token t_id="228" sentence="4" number="32">员</token>
  <token t_id="229" sentence="4" number="33">被</token>
  <token t_id="230" sentence="4" number="34">及</token>
  <token t_id="231" sentence="4" number="35">时</token>
  <token t_id="232" sentence="4" number="36">送</token>
  <token t_id="233" sentence="4" number="37">往</token>
  <token t_id="234" sentence="4" number="38">当</token>
  <token t_id="235" sentence="4" number="39">地</token>
  <token t_id="236" sentence="4" number="40">医</token>
  <token t_id="237" sentence="4" number="41">院</token>
  <token t_id="238" sentence="4" number="42">救</token>
  <token t_id="239" sentence="4" number="43">治</token>
  <token t_id="240" sentence="4" number="44">。</token>
  <token t_id="241" sentence="5" number="0">目</token>
  <token t_id="242" sentence="5" number="1">前</token>
  <token t_id="243" sentence="5" number="2">事</token>
  <token t_id="244" sentence="5" number="3">故</token>
  <token t_id="245" sentence="5" number="4">原</token>
  <token t_id="246" sentence="5" number="5">因</token>
  <token t_id="247" sentence="5" number="6">还</token>
  <token t_id="248" sentence="5" number="7">在</token>
  <token t_id="249" sentence="5" number="8">进</token>
  <token t_id="250" sentence="5" number="9">一</token>
  <token t_id="251" sentence="5" number="10">步</token>
  <token t_id="252" sentence="5" number="11">调</token>
  <token t_id="253" sentence="5" number="12">查</token>
  <token t_id="254" sentence="5" number="13">中</token>
  <Markables>
    <ACTION m_id="19974" comment="">
      <token_anchor t_id="27" />
      <token_anchor t_id="28" />
      <token_anchor t_id="29" />
      <token_anchor t_id="30" />
    </ACTION>
    <ACTION_CAUSATIVE m_id="19975" comment="">
      <token_anchor t_id="32" />
      <token_anchor t_id="33" />
    </ACTION_CAUSATIVE>
    <ACTION m_id="19976" comment="">
      <token_anchor t_id="36" />
      <token_anchor t_id="37" />
    </ACTION>
    <ACTION m_id="19977" comment="">
      <token_anchor t_id="42" />
      <token_anchor t_id="43" />
    </ACTION>
    <ACTION m_id="19978" comment="">
      <token_anchor t_id="62" />
      <token_anchor t_id="63" />
    </ACTION>
    <ACTION m_id="19979" comment="">
      <token_anchor t_id="58" />
      <token_anchor t_id="59" />
    </ACTION>
    <ACTION m_id="19981" comment="">
      <token_anchor t_id="83" />
      <token_anchor t_id="84" />
    </ACTION>
    <ACTION m_id="19982" comment="">
      <token_anchor t_id="143" />
      <token_anchor t_id="144" />
    </ACTION>
    <ACTION m_id="19983" comment="">
      <token_anchor t_id="152" />
      <token_anchor t_id="153" />
    </ACTION>
    <ACTION m_id="19984" comment="">
      <token_anchor t_id="165" />
      <token_anchor t_id="166" />
    </ACTION>
    <ACTION m_id="19985" comment="">
      <token_anchor t_id="193" />
      <token_anchor t_id="194" />
    </ACTION>
    <ACTION m_id="19986" comment="">
      <token_anchor t_id="196" />
      <token_anchor t_id="197" />
    </ACTION>
    <ACTION m_id="19987" comment="">
      <token_anchor t_id="217" />
      <token_anchor t_id="218" />
    </ACTION>
    <ACTION m_id="19988" comment="">
      <token_anchor t_id="224" />
      <token_anchor t_id="225" />
    </ACTION>
    <ACTION m_id="19989" comment="">
      <token_anchor t_id="233" />
    </ACTION>
    <ACTION m_id="19990" comment="">
      <token_anchor t_id="238" />
      <token_anchor t_id="239" />
    </ACTION>
    <ACTION m_id="19991" comment="">
      <token_anchor t_id="252" />
      <token_anchor t_id="253" />
    </ACTION>
  </Markables>
  <Relations>
    <PLOT_LINK r_id="347" SIGNAL="" relType="causation" CAUSES="FALSE" CAUSED_BY="FALSE">
      <source m_id="19974" />
      <target m_id="19976" />
    </PLOT_LINK>
    <PLOT_LINK r_id="348" SIGNAL="" relType="causation" CAUSES="FALSE" CAUSED_BY="FALSE">
      <source m_id="19974" />
      <target m_id="19977" />
    </PLOT_LINK>
    <PLOT_LINK r_id="349" SIGNAL="" relType="causation" CAUSES="FALSE" CAUSED_BY="FALSE">
      <source m_id="19982" />
      <target m_id="19981" />
    </PLOT_LINK>
    <PLOT_LINK r_id="351" SIGNAL="" relType="causation" CAUSES="FALSE" CAUSED_BY="FALSE">
      <source m_id="19984" />
      <target m_id="19985" />
    </PLOT_LINK>
    <PLOT_LINK r_id="352" SIGNAL="" relType="causation" CAUSES="FALSE" CAUSED_BY="FALSE">
      <source m_id="19986" />
      <target m_id="19987" />
    </PLOT_LINK>
    <PLOT_LINK r_id="353" SIGNAL="" relType="causation" CAUSES="FALSE" CAUSED_BY="FALSE">
      <source m_id="19986" />
      <target m_id="19988" />
    </PLOT_LINK>
  </Relations>
</Document>