<?xml version="1.0" encoding="UTF-8"?>
<Document doc_name="2026_ecbplus.xml.xml">
  <token t_id="1" sentence="0" number="0">中</token>
  <token t_id="2" sentence="0" number="1">新</token>
  <token t_id="3" sentence="0" number="2">社</token>
  <token t_id="4" sentence="0" number="3">沈</token>
  <token t_id="5" sentence="0" number="4">阳</token>
  <token t_id="6" sentence="0" number="5">4</token>
  <token t_id="7" sentence="0" number="6">月</token>
  <token t_id="8" sentence="0" number="7">7</token>
  <token t_id="9" sentence="0" number="8">日</token>
  <token t_id="10" sentence="0" number="9">电</token>
  <token t_id="11" sentence="0" number="10">（</token>
  <token t_id="12" sentence="0" number="11">记</token>
  <token t_id="13" sentence="0" number="12">者</token>
  <token t_id="14" sentence="0" number="13">王</token>
  <token t_id="15" sentence="0" number="14">景</token>
  <token t_id="16" sentence="0" number="15">巍</token>
  <token t_id="17" sentence="0" number="16">）</token>
  <token t_id="18" sentence="0" number="17">辽</token>
  <token t_id="19" sentence="0" number="18">宁</token>
  <token t_id="20" sentence="0" number="19">省</token>
  <token t_id="21" sentence="0" number="20">沈</token>
  <token t_id="22" sentence="0" number="21">阳</token>
  <token t_id="23" sentence="0" number="22">新</token>
  <token t_id="24" sentence="0" number="23">民</token>
  <token t_id="25" sentence="0" number="24">市</token>
  <token t_id="26" sentence="0" number="25">公</token>
  <token t_id="27" sentence="0" number="26">安</token>
  <token t_id="28" sentence="0" number="27">局</token>
  <token t_id="29" sentence="0" number="28">7</token>
  <token t_id="30" sentence="0" number="29">日</token>
  <token t_id="31" sentence="0" number="30">发</token>
  <token t_id="32" sentence="0" number="31">布</token>
  <token t_id="33" sentence="0" number="32">警</token>
  <token t_id="34" sentence="0" number="33">情</token>
  <token t_id="35" sentence="0" number="34">通</token>
  <token t_id="36" sentence="0" number="35">报</token>
  <token t_id="37" sentence="0" number="36">称</token>
  <token t_id="38" sentence="0" number="37">，</token>
  <token t_id="39" sentence="0" number="38">4</token>
  <token t_id="40" sentence="0" number="39">月</token>
  <token t_id="41" sentence="0" number="40">6</token>
  <token t_id="42" sentence="0" number="41">日</token>
  <token t_id="43" sentence="0" number="42">1</token>
  <token t_id="44" sentence="0" number="43">4</token>
  <token t_id="45" sentence="0" number="44">时</token>
  <token t_id="46" sentence="0" number="45">5</token>
  <token t_id="47" sentence="0" number="46">1</token>
  <token t_id="48" sentence="0" number="47">分</token>
  <token t_id="49" sentence="0" number="48">，</token>
  <token t_id="50" sentence="0" number="49">沈</token>
  <token t_id="51" sentence="0" number="50">阳</token>
  <token t_id="52" sentence="0" number="51">新</token>
  <token t_id="53" sentence="0" number="52">民</token>
  <token t_id="54" sentence="0" number="53">市</token>
  <token t_id="55" sentence="0" number="54">东</token>
  <token t_id="56" sentence="0" number="55">营</token>
  <token t_id="57" sentence="0" number="56">北</token>
  <token t_id="58" sentence="0" number="57">一</token>
  <token t_id="59" sentence="0" number="58">路</token>
  <token t_id="60" sentence="0" number="59">发</token>
  <token t_id="61" sentence="0" number="60">生</token>
  <token t_id="62" sentence="0" number="61">一</token>
  <token t_id="63" sentence="0" number="62">起</token>
  <token t_id="64" sentence="0" number="63">交</token>
  <token t_id="65" sentence="0" number="64">通</token>
  <token t_id="66" sentence="0" number="65">事</token>
  <token t_id="67" sentence="0" number="66">故</token>
  <token t_id="68" sentence="0" number="67">，</token>
  <token t_id="69" sentence="0" number="68">一</token>
  <token t_id="70" sentence="0" number="69">辆</token>
  <token t_id="71" sentence="0" number="70">白</token>
  <token t_id="72" sentence="0" number="71">色</token>
  <token t_id="73" sentence="0" number="72">越</token>
  <token t_id="74" sentence="0" number="73">野</token>
  <token t_id="75" sentence="0" number="74">车</token>
  <token t_id="76" sentence="0" number="75">在</token>
  <token t_id="77" sentence="0" number="76">由</token>
  <token t_id="78" sentence="0" number="77">西</token>
  <token t_id="79" sentence="0" number="78">向</token>
  <token t_id="80" sentence="0" number="79">东</token>
  <token t_id="81" sentence="0" number="80">行</token>
  <token t_id="82" sentence="0" number="81">驶</token>
  <token t_id="83" sentence="0" number="82">中</token>
  <token t_id="84" sentence="0" number="83">冲</token>
  <token t_id="85" sentence="0" number="84">向</token>
  <token t_id="86" sentence="0" number="85">马</token>
  <token t_id="87" sentence="0" number="86">路</token>
  <token t_id="88" sentence="0" number="87">另</token>
  <token t_id="89" sentence="0" number="88">一</token>
  <token t_id="90" sentence="0" number="89">侧</token>
  <token t_id="91" sentence="0" number="90">边</token>
  <token t_id="92" sentence="0" number="91">石</token>
  <token t_id="93" sentence="0" number="92">，</token>
  <token t_id="94" sentence="0" number="93">致</token>
  <token t_id="95" sentence="0" number="94">3</token>
  <token t_id="96" sentence="0" number="95">人</token>
  <token t_id="97" sentence="0" number="96">死</token>
  <token t_id="98" sentence="0" number="97">亡</token>
  <token t_id="99" sentence="0" number="98">，</token>
  <token t_id="100" sentence="0" number="99">肇</token>
  <token t_id="101" sentence="0" number="100">事</token>
  <token t_id="102" sentence="0" number="101">司</token>
  <token t_id="103" sentence="0" number="102">机</token>
  <token t_id="104" sentence="0" number="103">已</token>
  <token t_id="105" sentence="0" number="104">被</token>
  <token t_id="106" sentence="0" number="105">采</token>
  <token t_id="107" sentence="0" number="106">取</token>
  <token t_id="108" sentence="0" number="107">刑</token>
  <token t_id="109" sentence="0" number="108">事</token>
  <token t_id="110" sentence="0" number="109">强</token>
  <token t_id="111" sentence="0" number="110">制</token>
  <token t_id="112" sentence="0" number="111">措</token>
  <token t_id="113" sentence="0" number="112">施</token>
  <token t_id="114" sentence="0" number="113">。</token>
  <token t_id="115" sentence="1" number="0">据</token>
  <token t_id="116" sentence="1" number="1">现</token>
  <token t_id="117" sentence="1" number="2">场</token>
  <token t_id="118" sentence="1" number="3">的</token>
  <token t_id="119" sentence="1" number="4">监</token>
  <token t_id="120" sentence="1" number="5">控</token>
  <token t_id="121" sentence="1" number="6">画</token>
  <token t_id="122" sentence="1" number="7">面</token>
  <token t_id="123" sentence="1" number="8">显</token>
  <token t_id="124" sentence="1" number="9">示</token>
  <token t_id="125" sentence="1" number="10">，</token>
  <token t_id="126" sentence="1" number="11">一</token>
  <token t_id="127" sentence="1" number="12">辆</token>
  <token t_id="128" sentence="1" number="13">白</token>
  <token t_id="129" sentence="1" number="14">色</token>
  <token t_id="130" sentence="1" number="15">越</token>
  <token t_id="131" sentence="1" number="16">野</token>
  <token t_id="132" sentence="1" number="17">车</token>
  <token t_id="133" sentence="1" number="18">逆</token>
  <token t_id="134" sentence="1" number="19">行</token>
  <token t_id="135" sentence="1" number="20">直</token>
  <token t_id="136" sentence="1" number="21">接</token>
  <token t_id="137" sentence="1" number="22">撞</token>
  <token t_id="138" sentence="1" number="23">向</token>
  <token t_id="139" sentence="1" number="24">了</token>
  <token t_id="140" sentence="1" number="25">在</token>
  <token t_id="141" sentence="1" number="26">路</token>
  <token t_id="142" sentence="1" number="27">边</token>
  <token t_id="143" sentence="1" number="28">的</token>
  <token t_id="144" sentence="1" number="29">人</token>
  <token t_id="145" sentence="1" number="30">群</token>
  <token t_id="146" sentence="1" number="31">。</token>
  <token t_id="147" sentence="2" number="0">车</token>
  <token t_id="148" sentence="2" number="1">辆</token>
  <token t_id="149" sentence="2" number="2">冲</token>
  <token t_id="150" sentence="2" number="3">过</token>
  <token t_id="151" sentence="2" number="4">来</token>
  <token t_id="152" sentence="2" number="5">后</token>
  <token t_id="153" sentence="2" number="6">，</token>
  <token t_id="154" sentence="2" number="7">有</token>
  <token t_id="155" sentence="2" number="8">几</token>
  <token t_id="156" sentence="2" number="9">名</token>
  <token t_id="157" sentence="2" number="10">坐</token>
  <token t_id="158" sentence="2" number="11">在</token>
  <token t_id="159" sentence="2" number="12">路</token>
  <token t_id="160" sentence="2" number="13">边</token>
  <token t_id="161" sentence="2" number="14">的</token>
  <token t_id="162" sentence="2" number="15">人</token>
  <token t_id="163" sentence="2" number="16">根</token>
  <token t_id="164" sentence="2" number="17">本</token>
  <token t_id="165" sentence="2" number="18">来</token>
  <token t_id="166" sentence="2" number="19">不</token>
  <token t_id="167" sentence="2" number="20">及</token>
  <token t_id="168" sentence="2" number="21">反</token>
  <token t_id="169" sentence="2" number="22">应</token>
  <token t_id="170" sentence="2" number="23">，</token>
  <token t_id="171" sentence="2" number="24">直</token>
  <token t_id="172" sentence="2" number="25">接</token>
  <token t_id="173" sentence="2" number="26">被</token>
  <token t_id="174" sentence="2" number="27">撞</token>
  <token t_id="175" sentence="2" number="28">；</token>
  <token t_id="176" sentence="2" number="29">另</token>
  <token t_id="177" sentence="2" number="30">外</token>
  <token t_id="178" sentence="2" number="31">一</token>
  <token t_id="179" sentence="2" number="32">些</token>
  <token t_id="180" sentence="2" number="33">站</token>
  <token t_id="181" sentence="2" number="34">在</token>
  <token t_id="182" sentence="2" number="35">路</token>
  <token t_id="183" sentence="2" number="36">旁</token>
  <token t_id="184" sentence="2" number="37">的</token>
  <token t_id="185" sentence="2" number="38">人</token>
  <token t_id="186" sentence="2" number="39">见</token>
  <token t_id="187" sentence="2" number="40">状</token>
  <token t_id="188" sentence="2" number="41">之</token>
  <token t_id="189" sentence="2" number="42">后</token>
  <token t_id="190" sentence="2" number="43">四</token>
  <token t_id="191" sentence="2" number="44">散</token>
  <token t_id="192" sentence="2" number="45">逃</token>
  <token t_id="193" sentence="2" number="46">跑</token>
  <token t_id="194" sentence="2" number="47">，</token>
  <token t_id="195" sentence="2" number="48">躲</token>
  <token t_id="196" sentence="2" number="49">过</token>
  <token t_id="197" sentence="2" number="50">一</token>
  <token t_id="198" sentence="2" number="51">劫</token>
  <token t_id="199" sentence="2" number="52">，</token>
  <token t_id="200" sentence="2" number="53">肇</token>
  <token t_id="201" sentence="2" number="54">事</token>
  <token t_id="202" sentence="2" number="55">的</token>
  <token t_id="203" sentence="2" number="56">车</token>
  <token t_id="204" sentence="2" number="57">辆</token>
  <token t_id="205" sentence="2" number="58">也</token>
  <token t_id="206" sentence="2" number="59">随</token>
  <token t_id="207" sentence="2" number="60">之</token>
  <token t_id="208" sentence="2" number="61">停</token>
  <token t_id="209" sentence="2" number="62">在</token>
  <token t_id="210" sentence="2" number="63">了</token>
  <token t_id="211" sentence="2" number="64">现</token>
  <token t_id="212" sentence="2" number="65">场</token>
  <token t_id="213" sentence="2" number="66">。</token>
  <token t_id="214" sentence="3" number="0">事</token>
  <token t_id="215" sentence="3" number="1">故</token>
  <token t_id="216" sentence="3" number="2">发</token>
  <token t_id="217" sentence="3" number="3">生</token>
  <token t_id="218" sentence="3" number="4">后</token>
  <token t_id="219" sentence="3" number="5">，</token>
  <token t_id="220" sentence="3" number="6">新</token>
  <token t_id="221" sentence="3" number="7">民</token>
  <token t_id="222" sentence="3" number="8">市</token>
  <token t_id="223" sentence="3" number="9">警</token>
  <token t_id="224" sentence="3" number="10">方</token>
  <token t_id="225" sentence="3" number="11">迅</token>
  <token t_id="226" sentence="3" number="12">速</token>
  <token t_id="227" sentence="3" number="13">赶</token>
  <token t_id="228" sentence="3" number="14">到</token>
  <token t_id="229" sentence="3" number="15">现</token>
  <token t_id="230" sentence="3" number="16">场</token>
  <token t_id="231" sentence="3" number="17">处</token>
  <token t_id="232" sentence="3" number="18">置</token>
  <token t_id="233" sentence="3" number="19">，</token>
  <token t_id="234" sentence="3" number="20">将</token>
  <token t_id="235" sentence="3" number="21">肇</token>
  <token t_id="236" sentence="3" number="22">事</token>
  <token t_id="237" sentence="3" number="23">司</token>
  <token t_id="238" sentence="3" number="24">机</token>
  <token t_id="239" sentence="3" number="25">郑</token>
  <token t_id="240" sentence="3" number="26">某</token>
  <token t_id="241" sentence="3" number="27">某</token>
  <token t_id="242" sentence="3" number="28">（</token>
  <token t_id="243" sentence="3" number="29">男</token>
  <token t_id="244" sentence="3" number="30">，</token>
  <token t_id="245" sentence="3" number="31">4</token>
  <token t_id="246" sentence="3" number="32">8</token>
  <token t_id="247" sentence="3" number="33">岁</token>
  <token t_id="248" sentence="3" number="34">）</token>
  <token t_id="249" sentence="3" number="35">当</token>
  <token t_id="250" sentence="3" number="36">场</token>
  <token t_id="251" sentence="3" number="37">控</token>
  <token t_id="252" sentence="3" number="38">制</token>
  <token t_id="253" sentence="3" number="39">，</token>
  <token t_id="254" sentence="3" number="40">3</token>
  <token t_id="255" sentence="3" number="41">名</token>
  <token t_id="256" sentence="3" number="42">伤</token>
  <token t_id="257" sentence="3" number="43">者</token>
  <token t_id="258" sentence="3" number="44">经</token>
  <token t_id="259" sentence="3" number="45">现</token>
  <token t_id="260" sentence="3" number="46">场</token>
  <token t_id="261" sentence="3" number="47">抢</token>
  <token t_id="262" sentence="3" number="48">救</token>
  <token t_id="263" sentence="3" number="49">无</token>
  <token t_id="264" sentence="3" number="50">效</token>
  <token t_id="265" sentence="3" number="51">宣</token>
  <token t_id="266" sentence="3" number="52">告</token>
  <token t_id="267" sentence="3" number="53">不</token>
  <token t_id="268" sentence="3" number="54">治</token>
  <token t_id="269" sentence="3" number="55">。</token>
  <token t_id="270" sentence="4" number="0">警</token>
  <token t_id="271" sentence="4" number="1">方</token>
  <token t_id="272" sentence="4" number="2">经</token>
  <token t_id="273" sentence="4" number="3">过</token>
  <token t_id="274" sentence="4" number="4">调</token>
  <token t_id="275" sentence="4" number="5">查</token>
  <token t_id="276" sentence="4" number="6">，</token>
  <token t_id="277" sentence="4" number="7">已</token>
  <token t_id="278" sentence="4" number="8">排</token>
  <token t_id="279" sentence="4" number="9">除</token>
  <token t_id="280" sentence="4" number="10">郑</token>
  <token t_id="281" sentence="4" number="11">某</token>
  <token t_id="282" sentence="4" number="12">某</token>
  <token t_id="283" sentence="4" number="13">酒</token>
  <token t_id="284" sentence="4" number="14">驾</token>
  <token t_id="285" sentence="4" number="15">、</token>
  <token t_id="286" sentence="4" number="16">毒</token>
  <token t_id="287" sentence="4" number="17">驾</token>
  <token t_id="288" sentence="4" number="18">、</token>
  <token t_id="289" sentence="4" number="19">故</token>
  <token t_id="290" sentence="4" number="20">意</token>
  <token t_id="291" sentence="4" number="21">嫌</token>
  <token t_id="292" sentence="4" number="22">疑</token>
  <token t_id="293" sentence="4" number="23">。</token>
  <token t_id="294" sentence="5" number="0">目</token>
  <token t_id="295" sentence="5" number="1">前</token>
  <token t_id="296" sentence="5" number="2">，</token>
  <token t_id="297" sentence="5" number="3">该</token>
  <token t_id="298" sentence="5" number="4">案</token>
  <token t_id="299" sentence="5" number="5">已</token>
  <token t_id="300" sentence="5" number="6">立</token>
  <token t_id="301" sentence="5" number="7">为</token>
  <token t_id="302" sentence="5" number="8">交</token>
  <token t_id="303" sentence="5" number="9">通</token>
  <token t_id="304" sentence="5" number="10">肇</token>
  <token t_id="305" sentence="5" number="11">事</token>
  <token t_id="306" sentence="5" number="12">案</token>
  <token t_id="307" sentence="5" number="13">，</token>
  <token t_id="308" sentence="5" number="14">郑</token>
  <token t_id="309" sentence="5" number="15">某</token>
  <token t_id="310" sentence="5" number="16">某</token>
  <token t_id="311" sentence="5" number="17">被</token>
  <token t_id="312" sentence="5" number="18">依</token>
  <token t_id="313" sentence="5" number="19">法</token>
  <token t_id="314" sentence="5" number="20">采</token>
  <token t_id="315" sentence="5" number="21">取</token>
  <token t_id="316" sentence="5" number="22">刑</token>
  <token t_id="317" sentence="5" number="23">事</token>
  <token t_id="318" sentence="5" number="24">强</token>
  <token t_id="319" sentence="5" number="25">制</token>
  <token t_id="320" sentence="5" number="26">措</token>
  <token t_id="321" sentence="5" number="27">施</token>
  <token t_id="322" sentence="5" number="28">。</token>
  <token t_id="323" sentence="6" number="0">事</token>
  <token t_id="324" sentence="6" number="1">故</token>
  <token t_id="325" sentence="6" number="2">原</token>
  <token t_id="326" sentence="6" number="3">因</token>
  <token t_id="327" sentence="6" number="4">正</token>
  <token t_id="328" sentence="6" number="5">在</token>
  <token t_id="329" sentence="6" number="6">进</token>
  <token t_id="330" sentence="6" number="7">一</token>
  <token t_id="331" sentence="6" number="8">步</token>
  <token t_id="332" sentence="6" number="9">调</token>
  <token t_id="333" sentence="6" number="10">查</token>
  <token t_id="334" sentence="6" number="11">中</token>
  <Markables>
    <ACTION m_id="20073" comment="">
      <token_anchor t_id="37" />
    </ACTION>
    <ACTION m_id="20074" comment="">
      <token_anchor t_id="64" />
      <token_anchor t_id="65" />
      <token_anchor t_id="66" />
      <token_anchor t_id="67" />
    </ACTION>
    <ACTION m_id="20075" comment="">
      <token_anchor t_id="81" />
      <token_anchor t_id="82" />
    </ACTION>
    <ACTION m_id="20076" comment="">
      <token_anchor t_id="84" />
      <token_anchor t_id="85" />
    </ACTION>
    <ACTION_CAUSATIVE m_id="20077" comment="">
      <token_anchor t_id="94" />
    </ACTION_CAUSATIVE>
    <ACTION m_id="20078" comment="">
      <token_anchor t_id="97" />
      <token_anchor t_id="98" />
    </ACTION>
    <ACTION m_id="20079" comment="">
      <token_anchor t_id="105" />
      <token_anchor t_id="106" />
      <token_anchor t_id="107" />
    </ACTION>
    <ACTION m_id="20080" comment="">
      <token_anchor t_id="123" />
      <token_anchor t_id="124" />
    </ACTION>
    <ACTION m_id="20081" comment="">
      <token_anchor t_id="133" />
      <token_anchor t_id="134" />
    </ACTION>
    <ACTION m_id="20082" comment="">
      <token_anchor t_id="137" />
      <token_anchor t_id="138" />
    </ACTION>
    <ACTION m_id="20083" comment="">
      <token_anchor t_id="149" />
      <token_anchor t_id="150" />
      <token_anchor t_id="151" />
    </ACTION>
    <ACTION m_id="20085" comment="">
      <token_anchor t_id="165" />
      <token_anchor t_id="166" />
      <token_anchor t_id="167" />
      <token_anchor t_id="168" />
      <token_anchor t_id="169" />
    </ACTION>
    <ACTION m_id="20086" comment="">
      <token_anchor t_id="173" />
      <token_anchor t_id="174" />
    </ACTION>
    <ACTION m_id="20087" comment="">
      <token_anchor t_id="192" />
      <token_anchor t_id="193" />
    </ACTION>
    <ACTION m_id="20088" comment="">
      <token_anchor t_id="195" />
      <token_anchor t_id="196" />
      <token_anchor t_id="197" />
      <token_anchor t_id="198" />
    </ACTION>
    <ACTION m_id="20089" comment="">
      <token_anchor t_id="208" />
      <token_anchor t_id="209" />
    </ACTION>
    <ACTION m_id="20090" comment="">
      <token_anchor t_id="214" />
      <token_anchor t_id="215" />
    </ACTION>
    <ACTION m_id="20091" comment="">
      <token_anchor t_id="227" />
      <token_anchor t_id="228" />
    </ACTION>
    <ACTION m_id="20092" comment="">
      <token_anchor t_id="251" />
      <token_anchor t_id="252" />
    </ACTION>
    <ACTION m_id="20093" comment="">
      <token_anchor t_id="261" />
      <token_anchor t_id="262" />
      <token_anchor t_id="263" />
      <token_anchor t_id="264" />
    </ACTION>
    <ACTION m_id="20094" comment="">
      <token_anchor t_id="265" />
      <token_anchor t_id="266" />
      <token_anchor t_id="267" />
      <token_anchor t_id="268" />
    </ACTION>
    <ACTION m_id="20095" comment="">
      <token_anchor t_id="274" />
      <token_anchor t_id="275" />
    </ACTION>
    <ACTION m_id="20096" comment="">
      <token_anchor t_id="277" />
      <token_anchor t_id="278" />
      <token_anchor t_id="279" />
    </ACTION>
    <ACTION m_id="20097" comment="">
      <token_anchor t_id="283" />
      <token_anchor t_id="284" />
    </ACTION>
    <ACTION m_id="20098" comment="">
      <token_anchor t_id="286" />
      <token_anchor t_id="287" />
    </ACTION>
    <ACTION m_id="20099" comment="">
      <token_anchor t_id="289" />
      <token_anchor t_id="290" />
    </ACTION>
    <ACTION m_id="20100" comment="">
      <token_anchor t_id="299" />
      <token_anchor t_id="300" />
      <token_anchor t_id="301" />
    </ACTION>
    <ACTION m_id="20101" comment="">
      <token_anchor t_id="314" />
      <token_anchor t_id="315" />
    </ACTION>
    <ACTION m_id="20102" comment="">
      <token_anchor t_id="332" />
      <token_anchor t_id="333" />
    </ACTION>
  </Markables>
  <Relations>
    <PLOT_LINK r_id="381" SIGNAL="" relType="causation" CAUSES="FALSE" CAUSED_BY="FALSE">
      <source m_id="20074" />
      <target m_id="20078" />
    </PLOT_LINK>
    <PLOT_LINK r_id="382" SIGNAL="" relType="causation" CAUSES="FALSE" CAUSED_BY="FALSE">
      <source m_id="20085" />
      <target m_id="20086" />
    </PLOT_LINK>
    <PLOT_LINK r_id="383" SIGNAL="" relType="causation" CAUSES="FALSE" CAUSED_BY="FALSE">
      <source m_id="20083" />
      <target m_id="20086" />
    </PLOT_LINK>
    <PLOT_LINK r_id="384" SIGNAL="" relType="causation" CAUSES="FALSE" CAUSED_BY="FALSE">
      <source m_id="20087" />
      <target m_id="20088" />
    </PLOT_LINK>
    <PLOT_LINK r_id="385" SIGNAL="" relType="causation" CAUSES="FALSE" CAUSED_BY="FALSE">
      <source m_id="20093" />
      <target m_id="20094" />
    </PLOT_LINK>
  </Relations>
</Document>