<?xml version="1.0" encoding="UTF-8"?>
<Document doc_name="2036_ecbplus.xml.xml">
  <token t_id="1" sentence="0" number="0">9</token>
  <token t_id="2" sentence="0" number="1">月</token>
  <token t_id="3" sentence="0" number="2">2</token>
  <token t_id="4" sentence="0" number="3">8</token>
  <token t_id="5" sentence="0" number="4">日</token>
  <token t_id="6" sentence="0" number="5">1</token>
  <token t_id="7" sentence="0" number="6">4</token>
  <token t_id="8" sentence="0" number="7">时</token>
  <token t_id="9" sentence="0" number="8">许</token>
  <token t_id="10" sentence="0" number="9">，</token>
  <token t_id="11" sentence="0" number="10">河</token>
  <token t_id="12" sentence="0" number="11">北</token>
  <token t_id="13" sentence="0" number="12">省</token>
  <token t_id="14" sentence="0" number="13">邢</token>
  <token t_id="15" sentence="0" number="14">和</token>
  <token t_id="16" sentence="0" number="15">公</token>
  <token t_id="17" sentence="0" number="16">路</token>
  <token t_id="18" sentence="0" number="17">七</token>
  <token t_id="19" sentence="0" number="18">里</token>
  <token t_id="20" sentence="0" number="19">河</token>
  <token t_id="21" sentence="0" number="20">大</token>
  <token t_id="22" sentence="0" number="21">桥</token>
  <token t_id="23" sentence="0" number="22">发</token>
  <token t_id="24" sentence="0" number="23">生</token>
  <token t_id="25" sentence="0" number="24">一</token>
  <token t_id="26" sentence="0" number="25">起</token>
  <token t_id="27" sentence="0" number="26">重</token>
  <token t_id="28" sentence="0" number="27">大</token>
  <token t_id="29" sentence="0" number="28">交</token>
  <token t_id="30" sentence="0" number="29">通</token>
  <token t_id="31" sentence="0" number="30">事</token>
  <token t_id="32" sentence="0" number="31">故</token>
  <token t_id="33" sentence="0" number="32">。</token>
  <token t_id="34" sentence="1" number="0">一</token>
  <token t_id="35" sentence="1" number="1">辆</token>
  <token t_id="36" sentence="1" number="2">公</token>
  <token t_id="37" sentence="1" number="3">交</token>
  <token t_id="38" sentence="1" number="4">车</token>
  <token t_id="39" sentence="1" number="5">与</token>
  <token t_id="40" sentence="1" number="6">一</token>
  <token t_id="41" sentence="1" number="7">辆</token>
  <token t_id="42" sentence="1" number="8">轿</token>
  <token t_id="43" sentence="1" number="9">车</token>
  <token t_id="44" sentence="1" number="10">发</token>
  <token t_id="45" sentence="1" number="11">生</token>
  <token t_id="46" sentence="1" number="12">碰</token>
  <token t_id="47" sentence="1" number="13">撞</token>
  <token t_id="48" sentence="1" number="14">，</token>
  <token t_id="49" sentence="1" number="15">轿</token>
  <token t_id="50" sentence="1" number="16">车</token>
  <token t_id="51" sentence="1" number="17">上</token>
  <token t_id="52" sentence="1" number="18">6</token>
  <token t_id="53" sentence="1" number="19">名</token>
  <token t_id="54" sentence="1" number="20">人</token>
  <token t_id="55" sentence="1" number="21">员</token>
  <token t_id="56" sentence="1" number="22">5</token>
  <token t_id="57" sentence="1" number="23">死</token>
  <token t_id="58" sentence="1" number="24">1</token>
  <token t_id="59" sentence="1" number="25">伤</token>
  <token t_id="60" sentence="1" number="26">，</token>
  <token t_id="61" sentence="1" number="27">公</token>
  <token t_id="62" sentence="1" number="28">交</token>
  <token t_id="63" sentence="1" number="29">车</token>
  <token t_id="64" sentence="1" number="30">上</token>
  <token t_id="65" sentence="1" number="31">部</token>
  <token t_id="66" sentence="1" number="32">分</token>
  <token t_id="67" sentence="1" number="33">乘</token>
  <token t_id="68" sentence="1" number="34">客</token>
  <token t_id="69" sentence="1" number="35">受</token>
  <token t_id="70" sentence="1" number="36">轻</token>
  <token t_id="71" sentence="1" number="37">伤</token>
  <token t_id="72" sentence="1" number="38">。</token>
  <token t_id="73" sentence="2" number="0">据</token>
  <token t_id="74" sentence="2" number="1">公</token>
  <token t_id="75" sentence="2" number="2">交</token>
  <token t_id="76" sentence="2" number="3">车</token>
  <token t_id="77" sentence="2" number="4">司</token>
  <token t_id="78" sentence="2" number="5">机</token>
  <token t_id="79" sentence="2" number="6">回</token>
  <token t_id="80" sentence="2" number="7">忆</token>
  <token t_id="81" sentence="2" number="8">，</token>
  <token t_id="82" sentence="2" number="9">当</token>
  <token t_id="83" sentence="2" number="10">时</token>
  <token t_id="84" sentence="2" number="11">他</token>
  <token t_id="85" sentence="2" number="12">驾</token>
  <token t_id="86" sentence="2" number="13">驶</token>
  <token t_id="87" sentence="2" number="14">7</token>
  <token t_id="88" sentence="2" number="15">路</token>
  <token t_id="89" sentence="2" number="16">公</token>
  <token t_id="90" sentence="2" number="17">交</token>
  <token t_id="91" sentence="2" number="18">车</token>
  <token t_id="92" sentence="2" number="19">由</token>
  <token t_id="93" sentence="2" number="20">东</token>
  <token t_id="94" sentence="2" number="21">向</token>
  <token t_id="95" sentence="2" number="22">西</token>
  <token t_id="96" sentence="2" number="23">正</token>
  <token t_id="97" sentence="2" number="24">常</token>
  <token t_id="98" sentence="2" number="25">行</token>
  <token t_id="99" sentence="2" number="26">驶</token>
  <token t_id="100" sentence="2" number="27">，</token>
  <token t_id="101" sentence="2" number="28">这</token>
  <token t_id="102" sentence="2" number="29">辆</token>
  <token t_id="103" sentence="2" number="30">轿</token>
  <token t_id="104" sentence="2" number="31">车</token>
  <token t_id="105" sentence="2" number="32">从</token>
  <token t_id="106" sentence="2" number="33">西</token>
  <token t_id="107" sentence="2" number="34">向</token>
  <token t_id="108" sentence="2" number="35">东</token>
  <token t_id="109" sentence="2" number="36">行</token>
  <token t_id="110" sentence="2" number="37">驶</token>
  <token t_id="111" sentence="2" number="38">，</token>
  <token t_id="112" sentence="2" number="39">突</token>
  <token t_id="113" sentence="2" number="40">然</token>
  <token t_id="114" sentence="2" number="41">轿</token>
  <token t_id="115" sentence="2" number="42">车</token>
  <token t_id="116" sentence="2" number="43">失</token>
  <token t_id="117" sentence="2" number="44">控</token>
  <token t_id="118" sentence="2" number="45">跑</token>
  <token t_id="119" sentence="2" number="46">到</token>
  <token t_id="120" sentence="2" number="47">公</token>
  <token t_id="121" sentence="2" number="48">交</token>
  <token t_id="122" sentence="2" number="49">车</token>
  <token t_id="123" sentence="2" number="50">行</token>
  <token t_id="124" sentence="2" number="51">驶</token>
  <token t_id="125" sentence="2" number="52">车</token>
  <token t_id="126" sentence="2" number="53">道</token>
  <token t_id="127" sentence="2" number="54">，</token>
  <token t_id="128" sentence="2" number="55">于</token>
  <token t_id="129" sentence="2" number="56">是</token>
  <token t_id="130" sentence="2" number="57">导</token>
  <token t_id="131" sentence="2" number="58">致</token>
  <token t_id="132" sentence="2" number="59">两</token>
  <token t_id="133" sentence="2" number="60">车</token>
  <token t_id="134" sentence="2" number="61">碰</token>
  <token t_id="135" sentence="2" number="62">撞</token>
  <token t_id="136" sentence="2" number="63">。</token>
  <token t_id="137" sentence="3" number="0">“</token>
  <token t_id="138" sentence="3" number="1">当</token>
  <token t_id="139" sentence="3" number="2">时</token>
  <token t_id="140" sentence="3" number="3">现</token>
  <token t_id="141" sentence="3" number="4">西</token>
  <token t_id="142" sentence="3" number="5">向</token>
  <token t_id="143" sentence="3" number="6">东</token>
  <token t_id="144" sentence="3" number="7">行</token>
  <token t_id="145" sentence="3" number="8">驶</token>
  <token t_id="146" sentence="3" number="9">，</token>
  <token t_id="147" sentence="3" number="10">突</token>
  <token t_id="148" sentence="3" number="11">然</token>
  <token t_id="149" sentence="3" number="12">轿</token>
  <token t_id="150" sentence="3" number="13">车</token>
  <token t_id="151" sentence="3" number="14">失</token>
  <token t_id="152" sentence="3" number="15">控</token>
  <token t_id="153" sentence="3" number="16">跑</token>
  <token t_id="154" sentence="3" number="17">到</token>
  <token t_id="155" sentence="3" number="18">公</token>
  <token t_id="156" sentence="3" number="19">交</token>
  <token t_id="157" sentence="3" number="20">车</token>
  <token t_id="158" sentence="3" number="21">行</token>
  <token t_id="159" sentence="3" number="22">驶</token>
  <token t_id="160" sentence="3" number="23">车</token>
  <token t_id="161" sentence="3" number="24">道</token>
  <token t_id="162" sentence="3" number="25">，</token>
  <token t_id="163" sentence="3" number="26">于</token>
  <token t_id="164" sentence="3" number="27">是</token>
  <token t_id="165" sentence="3" number="28">导</token>
  <token t_id="166" sentence="3" number="29">致</token>
  <token t_id="167" sentence="3" number="30">两</token>
  <token t_id="168" sentence="3" number="31">车</token>
  <token t_id="169" sentence="3" number="32">碰</token>
  <token t_id="170" sentence="3" number="33">撞</token>
  <token t_id="171" sentence="3" number="34">。</token>
  <token t_id="172" sentence="4" number="0">“</token>
  <token t_id="173" sentence="4" number="1">当</token>
  <token t_id="174" sentence="4" number="2">时</token>
  <token t_id="175" sentence="4" number="3">现</token>
  <token t_id="176" sentence="4" number="4">场</token>
  <token t_id="177" sentence="4" number="5">车</token>
  <token t_id="178" sentence="4" number="6">辆</token>
  <token t_id="179" sentence="4" number="7">零</token>
  <token t_id="180" sentence="4" number="8">件</token>
  <token t_id="181" sentence="4" number="9">散</token>
  <token t_id="182" sentence="4" number="10">落</token>
  <token t_id="183" sentence="4" number="11">一</token>
  <token t_id="184" sentence="4" number="12">地</token>
  <token t_id="185" sentence="4" number="13">，</token>
  <token t_id="186" sentence="4" number="14">轿</token>
  <token t_id="187" sentence="4" number="15">车</token>
  <token t_id="188" sentence="4" number="16">前</token>
  <token t_id="189" sentence="4" number="17">挡</token>
  <token t_id="190" sentence="4" number="18">风</token>
  <token t_id="191" sentence="4" number="19">玻</token>
  <token t_id="192" sentence="4" number="20">璃</token>
  <token t_id="193" sentence="4" number="21">整</token>
  <token t_id="194" sentence="4" number="22">个</token>
  <token t_id="195" sentence="4" number="23">脱</token>
  <token t_id="196" sentence="4" number="24">落</token>
  <token t_id="197" sentence="4" number="25">下</token>
  <token t_id="198" sentence="4" number="26">来</token>
  <token t_id="199" sentence="4" number="27">。</token>
  <token t_id="200" sentence="5" number="0">公</token>
  <token t_id="201" sentence="5" number="1">交</token>
  <token t_id="202" sentence="5" number="2">车</token>
  <token t_id="203" sentence="5" number="3">尾</token>
  <token t_id="204" sentence="5" number="4">部</token>
  <token t_id="205" sentence="5" number="5">搭</token>
  <token t_id="206" sentence="5" number="6">在</token>
  <token t_id="207" sentence="5" number="7">公</token>
  <token t_id="208" sentence="5" number="8">路</token>
  <token t_id="209" sentence="5" number="9">路</token>
  <token t_id="210" sentence="5" number="10">基</token>
  <token t_id="211" sentence="5" number="11">上</token>
  <token t_id="212" sentence="5" number="12">，</token>
  <token t_id="213" sentence="5" number="13">车</token>
  <token t_id="214" sentence="5" number="14">头</token>
  <token t_id="215" sentence="5" number="15">扎</token>
  <token t_id="216" sentence="5" number="16">进</token>
  <token t_id="217" sentence="5" number="17">路</token>
  <token t_id="218" sentence="5" number="18">沟</token>
  <token t_id="219" sentence="5" number="19">，</token>
  <token t_id="220" sentence="5" number="20">轿</token>
  <token t_id="221" sentence="5" number="21">车</token>
  <token t_id="222" sentence="5" number="22">躺</token>
  <token t_id="223" sentence="5" number="23">在</token>
  <token t_id="224" sentence="5" number="24">路</token>
  <token t_id="225" sentence="5" number="25">沟</token>
  <token t_id="226" sentence="5" number="26">旁</token>
  <token t_id="227" sentence="5" number="27">边</token>
  <token t_id="228" sentence="5" number="28">玉</token>
  <token t_id="229" sentence="5" number="29">米</token>
  <token t_id="230" sentence="5" number="30">地</token>
  <token t_id="231" sentence="5" number="31">里</token>
  <token t_id="232" sentence="5" number="32">。</token>
  <token t_id="233" sentence="6" number="0">”</token>
  <token t_id="234" sentence="6" number="1">赶</token>
  <token t_id="235" sentence="6" number="2">往</token>
  <token t_id="236" sentence="6" number="3">现</token>
  <token t_id="237" sentence="6" number="4">场</token>
  <token t_id="238" sentence="6" number="5">救</token>
  <token t_id="239" sentence="6" number="6">援</token>
  <token t_id="240" sentence="6" number="7">的</token>
  <token t_id="241" sentence="6" number="8">邢</token>
  <token t_id="242" sentence="6" number="9">台</token>
  <token t_id="243" sentence="6" number="10">消</token>
  <token t_id="244" sentence="6" number="11">防</token>
  <token t_id="245" sentence="6" number="12">人</token>
  <token t_id="246" sentence="6" number="13">员</token>
  <token t_id="247" sentence="6" number="14">告</token>
  <token t_id="248" sentence="6" number="15">诉</token>
  <token t_id="249" sentence="6" number="16">记</token>
  <token t_id="250" sentence="6" number="17">者</token>
  <token t_id="251" sentence="6" number="18">，</token>
  <token t_id="252" sentence="6" number="19">公</token>
  <token t_id="253" sentence="6" number="20">交</token>
  <token t_id="254" sentence="6" number="21">车</token>
  <token t_id="255" sentence="6" number="22">上</token>
  <token t_id="256" sentence="6" number="23">人</token>
  <token t_id="257" sentence="6" number="24">员</token>
  <token t_id="258" sentence="6" number="25">都</token>
  <token t_id="259" sentence="6" number="26">已</token>
  <token t_id="260" sentence="6" number="27">安</token>
  <token t_id="261" sentence="6" number="28">全</token>
  <token t_id="262" sentence="6" number="29">逃</token>
  <token t_id="263" sentence="6" number="30">出</token>
  <token t_id="264" sentence="6" number="31">，</token>
  <token t_id="265" sentence="6" number="32">轿</token>
  <token t_id="266" sentence="6" number="33">车</token>
  <token t_id="267" sentence="6" number="34">四</token>
  <token t_id="268" sentence="6" number="35">轮</token>
  <token t_id="269" sentence="6" number="36">朝</token>
  <token t_id="270" sentence="6" number="37">天</token>
  <token t_id="271" sentence="6" number="38">，</token>
  <token t_id="272" sentence="6" number="39">坐</token>
  <token t_id="273" sentence="6" number="40">在</token>
  <token t_id="274" sentence="6" number="41">前</token>
  <token t_id="275" sentence="6" number="42">排</token>
  <token t_id="276" sentence="6" number="43">的</token>
  <token t_id="277" sentence="6" number="44">司</token>
  <token t_id="278" sentence="6" number="45">机</token>
  <token t_id="279" sentence="6" number="46">和</token>
  <token t_id="280" sentence="6" number="47">副</token>
  <token t_id="281" sentence="6" number="48">驾</token>
  <token t_id="282" sentence="6" number="49">驶</token>
  <token t_id="283" sentence="6" number="50">位</token>
  <token t_id="284" sentence="6" number="51">置</token>
  <token t_id="285" sentence="6" number="52">上</token>
  <token t_id="286" sentence="6" number="53">的</token>
  <token t_id="287" sentence="6" number="54">两</token>
  <token t_id="288" sentence="6" number="55">个</token>
  <token t_id="289" sentence="6" number="56">人</token>
  <token t_id="290" sentence="6" number="57">均</token>
  <token t_id="291" sentence="6" number="58">被</token>
  <token t_id="292" sentence="6" number="59">卡</token>
  <token t_id="293" sentence="6" number="60">在</token>
  <token t_id="294" sentence="6" number="61">车</token>
  <token t_id="295" sentence="6" number="62">内</token>
  <token t_id="296" sentence="6" number="63">。</token>
  <token t_id="297" sentence="7" number="0">消</token>
  <token t_id="298" sentence="7" number="1">防</token>
  <token t_id="299" sentence="7" number="2">人</token>
  <token t_id="300" sentence="7" number="3">员</token>
  <token t_id="301" sentence="7" number="4">介</token>
  <token t_id="302" sentence="7" number="5">绍</token>
  <token t_id="303" sentence="7" number="6">说</token>
  <token t_id="304" sentence="7" number="7">，</token>
  <token t_id="305" sentence="7" number="8">先</token>
  <token t_id="306" sentence="7" number="9">期</token>
  <token t_id="307" sentence="7" number="10">赶</token>
  <token t_id="308" sentence="7" number="11">到</token>
  <token t_id="309" sentence="7" number="12">的</token>
  <token t_id="310" sentence="7" number="13">1</token>
  <token t_id="311" sentence="7" number="14">2</token>
  <token t_id="312" sentence="7" number="15">0</token>
  <token t_id="313" sentence="7" number="16">医</token>
  <token t_id="314" sentence="7" number="17">护</token>
  <token t_id="315" sentence="7" number="18">人</token>
  <token t_id="316" sentence="7" number="19">员</token>
  <token t_id="317" sentence="7" number="20">已</token>
  <token t_id="318" sentence="7" number="21">经</token>
  <token t_id="319" sentence="7" number="22">拉</token>
  <token t_id="320" sentence="7" number="23">走</token>
  <token t_id="321" sentence="7" number="24">一</token>
  <token t_id="322" sentence="7" number="25">名</token>
  <token t_id="323" sentence="7" number="26">伤</token>
  <token t_id="324" sentence="7" number="27">者</token>
  <token t_id="325" sentence="7" number="28">，</token>
  <token t_id="326" sentence="7" number="29">坐</token>
  <token t_id="327" sentence="7" number="30">在</token>
  <token t_id="328" sentence="7" number="31">后</token>
  <token t_id="329" sentence="7" number="32">排</token>
  <token t_id="330" sentence="7" number="33">的</token>
  <token t_id="331" sentence="7" number="34">三</token>
  <token t_id="332" sentence="7" number="35">名</token>
  <token t_id="333" sentence="7" number="36">乘</token>
  <token t_id="334" sentence="7" number="37">客</token>
  <token t_id="335" sentence="7" number="38">被</token>
  <token t_id="336" sentence="7" number="39">医</token>
  <token t_id="337" sentence="7" number="40">护</token>
  <token t_id="338" sentence="7" number="41">人</token>
  <token t_id="339" sentence="7" number="42">员</token>
  <token t_id="340" sentence="7" number="43">救</token>
  <token t_id="341" sentence="7" number="44">出</token>
  <token t_id="342" sentence="7" number="45">来</token>
  <token t_id="343" sentence="7" number="46">，</token>
  <token t_id="344" sentence="7" number="47">经</token>
  <token t_id="345" sentence="7" number="48">检</token>
  <token t_id="346" sentence="7" number="49">查</token>
  <token t_id="347" sentence="7" number="50">3</token>
  <token t_id="348" sentence="7" number="51">人</token>
  <token t_id="349" sentence="7" number="52">已</token>
  <token t_id="350" sentence="7" number="53">经</token>
  <token t_id="351" sentence="7" number="54">死</token>
  <token t_id="352" sentence="7" number="55">亡</token>
  <token t_id="353" sentence="7" number="56">，</token>
  <token t_id="354" sentence="7" number="57">其</token>
  <token t_id="355" sentence="7" number="58">中</token>
  <token t_id="356" sentence="7" number="59">一</token>
  <token t_id="357" sentence="7" number="60">名</token>
  <token t_id="358" sentence="7" number="61">女</token>
  <token t_id="359" sentence="7" number="62">性</token>
  <token t_id="360" sentence="7" number="63">两</token>
  <token t_id="361" sentence="7" number="64">名</token>
  <token t_id="362" sentence="7" number="65">男</token>
  <token t_id="363" sentence="7" number="66">性</token>
  <token t_id="364" sentence="7" number="67">。</token>
  <token t_id="365" sentence="8" number="0">据</token>
  <token t_id="366" sentence="8" number="1">悉</token>
  <token t_id="367" sentence="8" number="2">，</token>
  <token t_id="368" sentence="8" number="3">消</token>
  <token t_id="369" sentence="8" number="4">防</token>
  <token t_id="370" sentence="8" number="5">官</token>
  <token t_id="371" sentence="8" number="6">兵</token>
  <token t_id="372" sentence="8" number="7">到</token>
  <token t_id="373" sentence="8" number="8">场</token>
  <token t_id="374" sentence="8" number="9">后</token>
  <token t_id="375" sentence="8" number="10">，</token>
  <token t_id="376" sentence="8" number="11">7</token>
  <token t_id="377" sentence="8" number="12">名</token>
  <token t_id="378" sentence="8" number="13">消</token>
  <token t_id="379" sentence="8" number="14">防</token>
  <token t_id="380" sentence="8" number="15">官</token>
  <token t_id="381" sentence="8" number="16">兵</token>
  <token t_id="382" sentence="8" number="17">下</token>
  <token t_id="383" sentence="8" number="18">到</token>
  <token t_id="384" sentence="8" number="19">沟</token>
  <token t_id="385" sentence="8" number="20">里</token>
  <token t_id="386" sentence="8" number="21">，</token>
  <token t_id="387" sentence="8" number="22">对</token>
  <token t_id="388" sentence="8" number="23">困</token>
  <token t_id="389" sentence="8" number="24">在</token>
  <token t_id="390" sentence="8" number="25">轿</token>
  <token t_id="391" sentence="8" number="26">车</token>
  <token t_id="392" sentence="8" number="27">内</token>
  <token t_id="393" sentence="8" number="28">的</token>
  <token t_id="394" sentence="8" number="29">两</token>
  <token t_id="395" sentence="8" number="30">名</token>
  <token t_id="396" sentence="8" number="31">男</token>
  <token t_id="397" sentence="8" number="32">子</token>
  <token t_id="398" sentence="8" number="33">进</token>
  <token t_id="399" sentence="8" number="34">行</token>
  <token t_id="400" sentence="8" number="35">施</token>
  <token t_id="401" sentence="8" number="36">救</token>
  <token t_id="402" sentence="8" number="37">。</token>
  <token t_id="403" sentence="9" number="0">消</token>
  <token t_id="404" sentence="9" number="1">防</token>
  <token t_id="405" sentence="9" number="2">人</token>
  <token t_id="406" sentence="9" number="3">员</token>
  <token t_id="407" sentence="9" number="4">使</token>
  <token t_id="408" sentence="9" number="5">用</token>
  <token t_id="409" sentence="9" number="6">液</token>
  <token t_id="410" sentence="9" number="7">压</token>
  <token t_id="411" sentence="9" number="8">剪</token>
  <token t_id="412" sentence="9" number="9">扩</token>
  <token t_id="413" sentence="9" number="10">钳</token>
  <token t_id="414" sentence="9" number="11">一</token>
  <token t_id="415" sentence="9" number="12">点</token>
  <token t_id="416" sentence="9" number="13">一</token>
  <token t_id="417" sentence="9" number="14">点</token>
  <token t_id="418" sentence="9" number="15">剪</token>
  <token t_id="419" sentence="9" number="16">断</token>
  <token t_id="420" sentence="9" number="17">轿</token>
  <token t_id="421" sentence="9" number="18">车</token>
  <token t_id="422" sentence="9" number="19">车</token>
  <token t_id="423" sentence="9" number="20">窗</token>
  <token t_id="424" sentence="9" number="21">护</token>
  <token t_id="425" sentence="9" number="22">栏</token>
  <token t_id="426" sentence="9" number="23">，</token>
  <token t_id="427" sentence="9" number="24">用</token>
  <token t_id="428" sentence="9" number="25">了</token>
  <token t_id="429" sentence="9" number="26">半</token>
  <token t_id="430" sentence="9" number="27">小</token>
  <token t_id="431" sentence="9" number="28">时</token>
  <token t_id="432" sentence="9" number="29">左</token>
  <token t_id="433" sentence="9" number="30">右</token>
  <token t_id="434" sentence="9" number="31">时</token>
  <token t_id="435" sentence="9" number="32">间</token>
  <token t_id="436" sentence="9" number="33">将</token>
  <token t_id="437" sentence="9" number="34">两</token>
  <token t_id="438" sentence="9" number="35">人</token>
  <token t_id="439" sentence="9" number="36">救</token>
  <token t_id="440" sentence="9" number="37">出</token>
  <token t_id="441" sentence="9" number="38">，</token>
  <token t_id="442" sentence="9" number="39">经</token>
  <token t_id="443" sentence="9" number="40">医</token>
  <token t_id="444" sentence="9" number="41">护</token>
  <token t_id="445" sentence="9" number="42">人</token>
  <token t_id="446" sentence="9" number="43">员</token>
  <token t_id="447" sentence="9" number="44">检</token>
  <token t_id="448" sentence="9" number="45">查</token>
  <token t_id="449" sentence="9" number="46">，</token>
  <token t_id="450" sentence="9" number="47">两</token>
  <token t_id="451" sentence="9" number="48">人</token>
  <token t_id="452" sentence="9" number="49">也</token>
  <token t_id="453" sentence="9" number="50">已</token>
  <token t_id="454" sentence="9" number="51">经</token>
  <token t_id="455" sentence="9" number="52">死</token>
  <token t_id="456" sentence="9" number="53">亡</token>
  <token t_id="457" sentence="9" number="54">。</token>
  <token t_id="458" sentence="10" number="0">据</token>
  <token t_id="459" sentence="10" number="1">了</token>
  <token t_id="460" sentence="10" number="2">解</token>
  <token t_id="461" sentence="10" number="3">，</token>
  <token t_id="462" sentence="10" number="4">警</token>
  <token t_id="463" sentence="10" number="5">方</token>
  <token t_id="464" sentence="10" number="6">赶</token>
  <token t_id="465" sentence="10" number="7">到</token>
  <token t_id="466" sentence="10" number="8">现</token>
  <token t_id="467" sentence="10" number="9">场</token>
  <token t_id="468" sentence="10" number="10">后</token>
  <token t_id="469" sentence="10" number="11">，</token>
  <token t_id="470" sentence="10" number="12">将</token>
  <token t_id="471" sentence="10" number="13">公</token>
  <token t_id="472" sentence="10" number="14">交</token>
  <token t_id="473" sentence="10" number="15">车</token>
  <token t_id="474" sentence="10" number="16">司</token>
  <token t_id="475" sentence="10" number="17">机</token>
  <token t_id="476" sentence="10" number="18">带</token>
  <token t_id="477" sentence="10" number="19">走</token>
  <token t_id="478" sentence="10" number="20">，</token>
  <token t_id="479" sentence="10" number="21">目</token>
  <token t_id="480" sentence="10" number="22">前</token>
  <token t_id="481" sentence="10" number="23">事</token>
  <token t_id="482" sentence="10" number="24">故</token>
  <token t_id="483" sentence="10" number="25">原</token>
  <token t_id="484" sentence="10" number="26">因</token>
  <token t_id="485" sentence="10" number="27">正</token>
  <token t_id="486" sentence="10" number="28">在</token>
  <token t_id="487" sentence="10" number="29">进</token>
  <token t_id="488" sentence="10" number="30">一</token>
  <token t_id="489" sentence="10" number="31">步</token>
  <token t_id="490" sentence="10" number="32">调</token>
  <token t_id="491" sentence="10" number="33">查</token>
  <token t_id="492" sentence="10" number="34">中</token>
  <Markables>
    <ACTION m_id="20279" comment="">
      <token_anchor t_id="29" />
      <token_anchor t_id="30" />
      <token_anchor t_id="31" />
      <token_anchor t_id="32" />
    </ACTION>
    <ACTION m_id="20280" comment="">
      <token_anchor t_id="46" />
      <token_anchor t_id="47" />
    </ACTION>
    <ACTION m_id="20281" comment="">
      <token_anchor t_id="57" />
    </ACTION>
    <ACTION m_id="20282" comment="">
      <token_anchor t_id="59" />
    </ACTION>
    <ACTION m_id="20283" comment="">
      <token_anchor t_id="69" />
      <token_anchor t_id="70" />
      <token_anchor t_id="71" />
    </ACTION>
    <ACTION m_id="20284" comment="">
      <token_anchor t_id="79" />
      <token_anchor t_id="80" />
    </ACTION>
    <ACTION m_id="20285" comment="">
      <token_anchor t_id="98" />
      <token_anchor t_id="99" />
    </ACTION>
    <ACTION m_id="20286" comment="">
      <token_anchor t_id="109" />
      <token_anchor t_id="110" />
    </ACTION>
    <ACTION m_id="20287" comment="">
      <token_anchor t_id="116" />
      <token_anchor t_id="117" />
    </ACTION>
    <ACTION_CAUSATIVE m_id="20288" comment="">
      <token_anchor t_id="130" />
      <token_anchor t_id="131" />
    </ACTION_CAUSATIVE>
    <ACTION m_id="20289" comment="">
      <token_anchor t_id="118" />
      <token_anchor t_id="119" />
    </ACTION>
    <ACTION m_id="20290" comment="">
      <token_anchor t_id="144" />
      <token_anchor t_id="145" />
    </ACTION>
    <ACTION m_id="20291" comment="">
      <token_anchor t_id="151" />
      <token_anchor t_id="152" />
    </ACTION>
    <ACTION m_id="20292" comment="">
      <token_anchor t_id="153" />
      <token_anchor t_id="154" />
    </ACTION>
    <ACTION_CAUSATIVE m_id="20293" comment="">
      <token_anchor t_id="165" />
      <token_anchor t_id="166" />
    </ACTION_CAUSATIVE>
    <ACTION m_id="20294" comment="">
      <token_anchor t_id="169" />
      <token_anchor t_id="170" />
    </ACTION>
    <ACTION m_id="20295" comment="">
      <token_anchor t_id="181" />
      <token_anchor t_id="182" />
    </ACTION>
    <ACTION m_id="20296" comment="">
      <token_anchor t_id="195" />
      <token_anchor t_id="196" />
    </ACTION>
    <ACTION m_id="20298" comment="">
      <token_anchor t_id="215" />
      <token_anchor t_id="216" />
    </ACTION>
    <ACTION m_id="20299" comment="">
      <token_anchor t_id="222" />
      <token_anchor t_id="223" />
    </ACTION>
    <ACTION m_id="20300" comment="">
      <token_anchor t_id="247" />
      <token_anchor t_id="248" />
    </ACTION>
    <ACTION m_id="20301" comment="">
      <token_anchor t_id="262" />
      <token_anchor t_id="263" />
    </ACTION>
    <ACTION m_id="20302" comment="">
      <token_anchor t_id="267" />
      <token_anchor t_id="268" />
      <token_anchor t_id="269" />
      <token_anchor t_id="270" />
    </ACTION>
    <ACTION m_id="20303" comment="">
      <token_anchor t_id="291" />
      <token_anchor t_id="292" />
    </ACTION>
    <ACTION m_id="20304" comment="">
      <token_anchor t_id="319" />
      <token_anchor t_id="320" />
    </ACTION>
    <ACTION m_id="20306" comment="">
      <token_anchor t_id="340" />
      <token_anchor t_id="341" />
      <token_anchor t_id="342" />
    </ACTION>
    <ACTION m_id="20307" comment="">
      <token_anchor t_id="351" />
      <token_anchor t_id="352" />
    </ACTION>
    <ACTION m_id="20308" comment="">
      <token_anchor t_id="372" />
      <token_anchor t_id="373" />
    </ACTION>
    <ACTION m_id="20309" comment="">
      <token_anchor t_id="382" />
      <token_anchor t_id="383" />
      <token_anchor t_id="384" />
      <token_anchor t_id="385" />
    </ACTION>
    <ACTION m_id="20310" comment="">
      <token_anchor t_id="400" />
      <token_anchor t_id="401" />
    </ACTION>
    <ACTION m_id="20311" comment="">
      <token_anchor t_id="418" />
      <token_anchor t_id="419" />
    </ACTION>
    <ACTION m_id="20312" comment="">
      <token_anchor t_id="439" />
      <token_anchor t_id="440" />
    </ACTION>
    <ACTION m_id="20313" comment="">
      <token_anchor t_id="447" />
      <token_anchor t_id="448" />
    </ACTION>
    <ACTION m_id="20314" comment="">
      <token_anchor t_id="455" />
      <token_anchor t_id="456" />
    </ACTION>
    <ACTION m_id="20315" comment="">
      <token_anchor t_id="464" />
      <token_anchor t_id="465" />
      <token_anchor t_id="466" />
      <token_anchor t_id="467" />
    </ACTION>
    <ACTION m_id="20316" comment="">
      <token_anchor t_id="459" />
      <token_anchor t_id="460" />
    </ACTION>
    <ACTION m_id="20317" comment="">
      <token_anchor t_id="476" />
      <token_anchor t_id="477" />
    </ACTION>
    <ACTION m_id="20318" comment="">
      <token_anchor t_id="490" />
      <token_anchor t_id="491" />
    </ACTION>
    <ACTION m_id="20319" comment="">
      <token_anchor t_id="134" />
      <token_anchor t_id="135" />
    </ACTION>
  </Markables>
  <Relations>
    <PLOT_LINK r_id="451" SIGNAL="" relType="causation" CAUSES="FALSE" CAUSED_BY="FALSE">
      <source m_id="20280" />
      <target m_id="20279" />
    </PLOT_LINK>
    <PLOT_LINK r_id="452" SIGNAL="" relType="causation" CAUSES="FALSE" CAUSED_BY="FALSE">
      <source m_id="20280" />
      <target m_id="20281" />
    </PLOT_LINK>
    <PLOT_LINK r_id="453" SIGNAL="" relType="causation" CAUSES="FALSE" CAUSED_BY="FALSE">
      <source m_id="20280" />
      <target m_id="20282" />
    </PLOT_LINK>
    <PLOT_LINK r_id="454" SIGNAL="" relType="causation" CAUSES="FALSE" CAUSED_BY="FALSE">
      <source m_id="20279" />
      <target m_id="20281" />
    </PLOT_LINK>
    <PLOT_LINK r_id="455" SIGNAL="" relType="causation" CAUSES="FALSE" CAUSED_BY="FALSE">
      <source m_id="20279" />
      <target m_id="20282" />
    </PLOT_LINK>
    <PLOT_LINK r_id="456" SIGNAL="" relType="causation" CAUSES="FALSE" CAUSED_BY="FALSE">
      <source m_id="20280" />
      <target m_id="20283" />
    </PLOT_LINK>
    <PLOT_LINK r_id="457" SIGNAL="" relType="causation" CAUSES="FALSE" CAUSED_BY="FALSE">
      <source m_id="20279" />
      <target m_id="20283" />
    </PLOT_LINK>
    <PLOT_LINK r_id="458" SIGNAL="" relType="causation" CAUSES="FALSE" CAUSED_BY="FALSE">
      <source m_id="20287" />
      <target m_id="20289" />
    </PLOT_LINK>
    <PLOT_LINK r_id="459" SIGNAL="" relType="causation" CAUSES="FALSE" CAUSED_BY="FALSE">
      <source m_id="20289" />
      <target m_id="20319" />
    </PLOT_LINK>
    <PLOT_LINK r_id="460" SIGNAL="" relType="causation" CAUSES="FALSE" CAUSED_BY="FALSE">
      <source m_id="20291" />
      <target m_id="20292" />
    </PLOT_LINK>
    <PLOT_LINK r_id="461" SIGNAL="" relType="causation" CAUSES="FALSE" CAUSED_BY="FALSE">
      <source m_id="20292" />
      <target m_id="20294" />
    </PLOT_LINK>
    <PLOT_LINK r_id="462" SIGNAL="" relType="causation" CAUSES="FALSE" CAUSED_BY="FALSE">
      <source m_id="20311" />
      <target m_id="20312" />
    </PLOT_LINK>
  </Relations>
</Document>