<?xml version="1.0" encoding="UTF-8"?>
<Document doc_name="2038_ecbplus.xml.xml">
  <token t_id="1" sentence="0" number="0">1</token>
  <token t_id="2" sentence="0" number="1">2</token>
  <token t_id="3" sentence="0" number="2">日</token>
  <token t_id="4" sentence="0" number="3">晚</token>
  <token t_id="5" sentence="0" number="4">1</token>
  <token t_id="6" sentence="0" number="5">1</token>
  <token t_id="7" sentence="0" number="6">时</token>
  <token t_id="8" sentence="0" number="7">2</token>
  <token t_id="9" sentence="0" number="8">0</token>
  <token t_id="10" sentence="0" number="9">分</token>
  <token t_id="11" sentence="0" number="10">许</token>
  <token t_id="12" sentence="0" number="11">，</token>
  <token t_id="13" sentence="0" number="12">昆</token>
  <token t_id="14" sentence="0" number="13">明</token>
  <token t_id="15" sentence="0" number="14">市</token>
  <token t_id="16" sentence="0" number="15">东</token>
  <token t_id="17" sentence="0" number="16">川</token>
  <token t_id="18" sentence="0" number="17">区</token>
  <token t_id="19" sentence="0" number="18">境</token>
  <token t_id="20" sentence="0" number="19">内</token>
  <token t_id="21" sentence="0" number="20">嵩</token>
  <token t_id="22" sentence="0" number="21">待</token>
  <token t_id="23" sentence="0" number="22">公</token>
  <token t_id="24" sentence="0" number="23">路</token>
  <token t_id="25" sentence="0" number="24">二</token>
  <token t_id="26" sentence="0" number="25">级</token>
  <token t_id="27" sentence="0" number="26">路</token>
  <token t_id="28" sentence="0" number="27">面</token>
  <token t_id="29" sentence="0" number="28">K</token>
  <token t_id="30" sentence="0" number="29">7</token>
  <token t_id="31" sentence="0" number="30">0</token>
  <token t_id="32" sentence="0" number="31">+</token>
  <token t_id="33" sentence="0" number="32">3</token>
  <token t_id="34" sentence="0" number="33">0</token>
  <token t_id="35" sentence="0" number="34">0</token>
  <token t_id="36" sentence="0" number="35">M</token>
  <token t_id="37" sentence="0" number="36">处</token>
  <token t_id="38" sentence="0" number="37">发</token>
  <token t_id="39" sentence="0" number="38">生</token>
  <token t_id="40" sentence="0" number="39">一</token>
  <token t_id="41" sentence="0" number="40">起</token>
  <token t_id="42" sentence="0" number="41">两</token>
  <token t_id="43" sentence="0" number="42">车</token>
  <token t_id="44" sentence="0" number="43">相</token>
  <token t_id="45" sentence="0" number="44">撞</token>
  <token t_id="46" sentence="0" number="45">、</token>
  <token t_id="47" sentence="0" number="46">导</token>
  <token t_id="48" sentence="0" number="47">致</token>
  <token t_id="49" sentence="0" number="48">5</token>
  <token t_id="50" sentence="0" number="49">人</token>
  <token t_id="51" sentence="0" number="50">死</token>
  <token t_id="52" sentence="0" number="51">亡</token>
  <token t_id="53" sentence="0" number="52">的</token>
  <token t_id="54" sentence="0" number="53">特</token>
  <token t_id="55" sentence="0" number="54">大</token>
  <token t_id="56" sentence="0" number="55">道</token>
  <token t_id="57" sentence="0" number="56">路</token>
  <token t_id="58" sentence="0" number="57">交</token>
  <token t_id="59" sentence="0" number="58">通</token>
  <token t_id="60" sentence="0" number="59">事</token>
  <token t_id="61" sentence="0" number="60">故</token>
  <token t_id="62" sentence="0" number="61">。</token>
  <token t_id="63" sentence="1" number="0">由</token>
  <token t_id="64" sentence="1" number="1">于</token>
  <token t_id="65" sentence="1" number="2">事</token>
  <token t_id="66" sentence="1" number="3">故</token>
  <token t_id="67" sentence="1" number="4">现</token>
  <token t_id="68" sentence="1" number="5">场</token>
  <token t_id="69" sentence="1" number="6">地</token>
  <token t_id="70" sentence="1" number="7">处</token>
  <token t_id="71" sentence="1" number="8">山</token>
  <token t_id="72" sentence="1" number="9">区</token>
  <token t_id="73" sentence="1" number="10">，</token>
  <token t_id="74" sentence="1" number="11">雨</token>
  <token t_id="75" sentence="1" number="12">后</token>
  <token t_id="76" sentence="1" number="13">部</token>
  <token t_id="77" sentence="1" number="14">分</token>
  <token t_id="78" sentence="1" number="15">路</token>
  <token t_id="79" sentence="1" number="16">段</token>
  <token t_id="80" sentence="1" number="17">大</token>
  <token t_id="81" sentence="1" number="18">雾</token>
  <token t_id="82" sentence="1" number="19">弥</token>
  <token t_id="83" sentence="1" number="20">漫</token>
  <token t_id="84" sentence="1" number="21">，</token>
  <token t_id="85" sentence="1" number="22">为</token>
  <token t_id="86" sentence="1" number="23">保</token>
  <token t_id="87" sentence="1" number="24">障</token>
  <token t_id="88" sentence="1" number="25">过</token>
  <token t_id="89" sentence="1" number="26">往</token>
  <token t_id="90" sentence="1" number="27">车</token>
  <token t_id="91" sentence="1" number="28">辆</token>
  <token t_id="92" sentence="1" number="29">行</token>
  <token t_id="93" sentence="1" number="30">驶</token>
  <token t_id="94" sentence="1" number="31">安</token>
  <token t_id="95" sentence="1" number="32">全</token>
  <token t_id="96" sentence="1" number="33">，</token>
  <token t_id="97" sentence="1" number="34">交</token>
  <token t_id="98" sentence="1" number="35">警</token>
  <token t_id="99" sentence="1" number="36">对</token>
  <token t_id="100" sentence="1" number="37">事</token>
  <token t_id="101" sentence="1" number="38">故</token>
  <token t_id="102" sentence="1" number="39">路</token>
  <token t_id="103" sentence="1" number="40">段</token>
  <token t_id="104" sentence="1" number="41">进</token>
  <token t_id="105" sentence="1" number="42">行</token>
  <token t_id="106" sentence="1" number="43">临</token>
  <token t_id="107" sentence="1" number="44">时</token>
  <token t_id="108" sentence="1" number="45">封</token>
  <token t_id="109" sentence="1" number="46">闭</token>
  <token t_id="110" sentence="1" number="47">，</token>
  <token t_id="111" sentence="1" number="48">同</token>
  <token t_id="112" sentence="1" number="49">时</token>
  <token t_id="113" sentence="1" number="50">调</token>
  <token t_id="114" sentence="1" number="51">派</token>
  <token t_id="115" sentence="1" number="52">出</token>
  <token t_id="116" sentence="1" number="53">警</token>
  <token t_id="117" sentence="1" number="54">力</token>
  <token t_id="118" sentence="1" number="55">引</token>
  <token t_id="119" sentence="1" number="56">导</token>
  <token t_id="120" sentence="1" number="57">车</token>
  <token t_id="121" sentence="1" number="58">辆</token>
  <token t_id="122" sentence="1" number="59">安</token>
  <token t_id="123" sentence="1" number="60">全</token>
  <token t_id="124" sentence="1" number="61">绕</token>
  <token t_id="125" sentence="1" number="62">行</token>
  <token t_id="126" sentence="1" number="63">。</token>
  <token t_id="127" sentence="2" number="0">1</token>
  <token t_id="128" sentence="2" number="1">3</token>
  <token t_id="129" sentence="2" number="2">日</token>
  <token t_id="130" sentence="2" number="3">上</token>
  <token t_id="131" sentence="2" number="4">午</token>
  <token t_id="132" sentence="2" number="5">1</token>
  <token t_id="133" sentence="2" number="6">2</token>
  <token t_id="134" sentence="2" number="7">时</token>
  <token t_id="135" sentence="2" number="8">3</token>
  <token t_id="136" sentence="2" number="9">0</token>
  <token t_id="137" sentence="2" number="10">分</token>
  <token t_id="138" sentence="2" number="11">，</token>
  <token t_id="139" sentence="2" number="12">事</token>
  <token t_id="140" sentence="2" number="13">故</token>
  <token t_id="141" sentence="2" number="14">现</token>
  <token t_id="142" sentence="2" number="15">场</token>
  <token t_id="143" sentence="2" number="16">处</token>
  <token t_id="144" sentence="2" number="17">置</token>
  <token t_id="145" sentence="2" number="18">完</token>
  <token t_id="146" sentence="2" number="19">毕</token>
  <token t_id="147" sentence="2" number="20">后</token>
  <token t_id="148" sentence="2" number="21">恢</token>
  <token t_id="149" sentence="2" number="22">复</token>
  <token t_id="150" sentence="2" number="23">通</token>
  <token t_id="151" sentence="2" number="24">行</token>
  <token t_id="152" sentence="2" number="25">。</token>
  <token t_id="153" sentence="3" number="0">目</token>
  <token t_id="154" sentence="3" number="1">前</token>
  <token t_id="155" sentence="3" number="2">，</token>
  <token t_id="156" sentence="3" number="3">事</token>
  <token t_id="157" sentence="3" number="4">故</token>
  <token t_id="158" sentence="3" number="5">调</token>
  <token t_id="159" sentence="3" number="6">查</token>
  <token t_id="160" sentence="3" number="7">及</token>
  <token t_id="161" sentence="3" number="8">善</token>
  <token t_id="162" sentence="3" number="9">后</token>
  <token t_id="163" sentence="3" number="10">工</token>
  <token t_id="164" sentence="3" number="11">作</token>
  <token t_id="165" sentence="3" number="12">正</token>
  <token t_id="166" sentence="3" number="13">在</token>
  <token t_id="167" sentence="3" number="14">进</token>
  <token t_id="168" sentence="3" number="15">行</token>
  <token t_id="169" sentence="3" number="16">中</token>
  <Markables>
    <ACTION m_id="20337" comment="">
      <token_anchor t_id="44" />
      <token_anchor t_id="45" />
    </ACTION>
    <ACTION_CAUSATIVE m_id="20338" comment="">
      <token_anchor t_id="47" />
      <token_anchor t_id="48" />
    </ACTION_CAUSATIVE>
    <ACTION m_id="20339" comment="">
      <token_anchor t_id="51" />
      <token_anchor t_id="52" />
    </ACTION>
    <ACTION m_id="20340" comment="">
      <token_anchor t_id="58" />
      <token_anchor t_id="59" />
      <token_anchor t_id="60" />
      <token_anchor t_id="61" />
    </ACTION>
    <ACTION_CAUSATIVE m_id="20341" comment="">
      <token_anchor t_id="63" />
      <token_anchor t_id="64" />
    </ACTION_CAUSATIVE>
    <ACTION m_id="20342" comment="">
      <token_anchor t_id="69" />
      <token_anchor t_id="70" />
      <token_anchor t_id="71" />
      <token_anchor t_id="72" />
    </ACTION>
    <ACTION m_id="20343" comment="">
      <token_anchor t_id="80" />
      <token_anchor t_id="81" />
      <token_anchor t_id="82" />
      <token_anchor t_id="83" />
    </ACTION>
    <ACTION_CAUSATIVE m_id="20344" comment="">
      <token_anchor t_id="85" />
    </ACTION_CAUSATIVE>
    <ACTION m_id="20345" comment="">
      <token_anchor t_id="92" />
      <token_anchor t_id="93" />
      <token_anchor t_id="94" />
      <token_anchor t_id="95" />
    </ACTION>
    <ACTION m_id="20346" comment="">
      <token_anchor t_id="108" />
      <token_anchor t_id="109" />
    </ACTION>
    <ACTION m_id="20347" comment="">
      <token_anchor t_id="113" />
      <token_anchor t_id="114" />
    </ACTION>
    <ACTION m_id="20348" comment="">
      <token_anchor t_id="118" />
      <token_anchor t_id="119" />
    </ACTION>
    <ACTION m_id="20349" comment="">
      <token_anchor t_id="124" />
      <token_anchor t_id="125" />
    </ACTION>
    <ACTION m_id="20350" comment="">
      <token_anchor t_id="143" />
      <token_anchor t_id="144" />
      <token_anchor t_id="145" />
      <token_anchor t_id="146" />
    </ACTION>
    <ACTION m_id="20351" comment="">
      <token_anchor t_id="148" />
      <token_anchor t_id="149" />
    </ACTION>
    <ACTION m_id="20352" comment="">
      <token_anchor t_id="158" />
      <token_anchor t_id="159" />
    </ACTION>
    <ACTION m_id="20353" comment="">
      <token_anchor t_id="161" />
      <token_anchor t_id="162" />
    </ACTION>
  </Markables>
  <Relations>
    <PLOT_LINK r_id="467" SIGNAL="" relType="causation" CAUSES="FALSE" CAUSED_BY="FALSE">
      <source m_id="20337" />
      <target m_id="20339" />
    </PLOT_LINK>
    <PLOT_LINK r_id="468" SIGNAL="" relType="causation" CAUSES="FALSE" CAUSED_BY="FALSE">
      <source m_id="20337" />
      <target m_id="20340" />
    </PLOT_LINK>
    <PLOT_LINK r_id="469" SIGNAL="" relType="causation" CAUSES="FALSE" CAUSED_BY="FALSE">
      <source m_id="20340" />
      <target m_id="20339" />
    </PLOT_LINK>
    <PLOT_LINK r_id="471" SIGNAL="" relType="causation" CAUSES="FALSE" CAUSED_BY="FALSE">
      <source m_id="20345" />
      <target m_id="20346" />
    </PLOT_LINK>
    <PLOT_LINK r_id="472" SIGNAL="" relType="causation" CAUSES="FALSE" CAUSED_BY="FALSE">
      <source m_id="20345" />
      <target m_id="20349" />
    </PLOT_LINK>
    <PLOT_LINK r_id="473" SIGNAL="" relType="causation" CAUSES="FALSE" CAUSED_BY="FALSE">
      <source m_id="20350" />
      <target m_id="20351" />
    </PLOT_LINK>
  </Relations>
</Document>