<?xml version="1.0" encoding="UTF-8"?>
<Document doc_name="2048_ecbplus.xml.xml">
  <token t_id="1" sentence="0" number="0">据</token>
  <token t_id="2" sentence="0" number="1">张</token>
  <token t_id="3" sentence="0" number="2">家</token>
  <token t_id="4" sentence="0" number="3">口</token>
  <token t_id="5" sentence="0" number="4">市</token>
  <token t_id="6" sentence="0" number="5">交</token>
  <token t_id="7" sentence="0" number="6">警</token>
  <token t_id="8" sentence="0" number="7">支</token>
  <token t_id="9" sentence="0" number="8">队</token>
  <token t_id="10" sentence="0" number="9">崇</token>
  <token t_id="11" sentence="0" number="10">礼</token>
  <token t_id="12" sentence="0" number="11">大</token>
  <token t_id="13" sentence="0" number="12">队</token>
  <token t_id="14" sentence="0" number="13">消</token>
  <token t_id="15" sentence="0" number="14">息</token>
  <token t_id="16" sentence="0" number="15">，</token>
  <token t_id="17" sentence="0" number="16">2</token>
  <token t_id="18" sentence="0" number="17">0</token>
  <token t_id="19" sentence="0" number="18">2</token>
  <token t_id="20" sentence="0" number="19">0</token>
  <token t_id="21" sentence="0" number="20">年</token>
  <token t_id="22" sentence="0" number="21">1</token>
  <token t_id="23" sentence="0" number="22">2</token>
  <token t_id="24" sentence="0" number="23">月</token>
  <token t_id="25" sentence="0" number="24">2</token>
  <token t_id="26" sentence="0" number="25">6</token>
  <token t_id="27" sentence="0" number="26">日</token>
  <token t_id="28" sentence="0" number="27">上</token>
  <token t_id="29" sentence="0" number="28">午</token>
  <token t_id="30" sentence="0" number="29">1</token>
  <token t_id="31" sentence="0" number="30">0</token>
  <token t_id="32" sentence="0" number="31">时</token>
  <token t_id="33" sentence="0" number="32">，</token>
  <token t_id="34" sentence="0" number="33">2</token>
  <token t_id="35" sentence="0" number="34">4</token>
  <token t_id="36" sentence="0" number="35">2</token>
  <token t_id="37" sentence="0" number="36">省</token>
  <token t_id="38" sentence="0" number="37">道</token>
  <token t_id="39" sentence="0" number="38">张</token>
  <token t_id="40" sentence="0" number="39">家</token>
  <token t_id="41" sentence="0" number="40">口</token>
  <token t_id="42" sentence="0" number="41">市</token>
  <token t_id="43" sentence="0" number="42">崇</token>
  <token t_id="44" sentence="0" number="43">礼</token>
  <token t_id="45" sentence="0" number="44">区</token>
  <token t_id="46" sentence="0" number="45">高</token>
  <token t_id="47" sentence="0" number="46">家</token>
  <token t_id="48" sentence="0" number="47">营</token>
  <token t_id="49" sentence="0" number="48">镇</token>
  <token t_id="50" sentence="0" number="49">上</token>
  <token t_id="51" sentence="0" number="50">新</token>
  <token t_id="52" sentence="0" number="51">营</token>
  <token t_id="53" sentence="0" number="52">村</token>
  <token t_id="54" sentence="0" number="53">附</token>
  <token t_id="55" sentence="0" number="54">近</token>
  <token t_id="56" sentence="0" number="55">发</token>
  <token t_id="57" sentence="0" number="56">生</token>
  <token t_id="58" sentence="0" number="57">一</token>
  <token t_id="59" sentence="0" number="58">起</token>
  <token t_id="60" sentence="0" number="59">多</token>
  <token t_id="61" sentence="0" number="60">车</token>
  <token t_id="62" sentence="0" number="61">交</token>
  <token t_id="63" sentence="0" number="62">通</token>
  <token t_id="64" sentence="0" number="63">事</token>
  <token t_id="65" sentence="0" number="64">故</token>
  <token t_id="66" sentence="0" number="65">，</token>
  <token t_id="67" sentence="0" number="66">武</token>
  <token t_id="68" sentence="0" number="67">某</token>
  <token t_id="69" sentence="0" number="68">某</token>
  <token t_id="70" sentence="0" number="69">（</token>
  <token t_id="71" sentence="0" number="70">男</token>
  <token t_id="72" sentence="0" number="71">、</token>
  <token t_id="73" sentence="0" number="72">重</token>
  <token t_id="74" sentence="0" number="73">型</token>
  <token t_id="75" sentence="0" number="74">半</token>
  <token t_id="76" sentence="0" number="75">挂</token>
  <token t_id="77" sentence="0" number="76">牵</token>
  <token t_id="78" sentence="0" number="77">引</token>
  <token t_id="79" sentence="0" number="78">车</token>
  <token t_id="80" sentence="0" number="79">驾</token>
  <token t_id="81" sentence="0" number="80">驶</token>
  <token t_id="82" sentence="0" number="81">人</token>
  <token t_id="83" sentence="0" number="82">）</token>
  <token t_id="84" sentence="0" number="83">驾</token>
  <token t_id="85" sentence="0" number="84">驶</token>
  <token t_id="86" sentence="0" number="85">的</token>
  <token t_id="87" sentence="0" number="86">冀</token>
  <token t_id="88" sentence="0" number="87">G</token>
  <token t_id="89" sentence="0" number="88">C</token>
  <token t_id="90" sentence="0" number="89">5</token>
  <token t_id="91" sentence="0" number="90">4</token>
  <token t_id="92" sentence="0" number="91">9</token>
  <token t_id="93" sentence="0" number="92">2</token>
  <token t_id="94" sentence="0" number="93">重</token>
  <token t_id="95" sentence="0" number="94">型</token>
  <token t_id="96" sentence="0" number="95">半</token>
  <token t_id="97" sentence="0" number="96">挂</token>
  <token t_id="98" sentence="0" number="97">牵</token>
  <token t_id="99" sentence="0" number="98">引</token>
  <token t_id="100" sentence="0" number="99">车</token>
  <token t_id="101" sentence="0" number="100">与</token>
  <token t_id="102" sentence="0" number="101">范</token>
  <token t_id="103" sentence="0" number="102">某</token>
  <token t_id="104" sentence="0" number="103">某</token>
  <token t_id="105" sentence="0" number="104">（</token>
  <token t_id="106" sentence="0" number="105">男</token>
  <token t_id="107" sentence="0" number="106">、</token>
  <token t_id="108" sentence="0" number="107">公</token>
  <token t_id="109" sentence="0" number="108">交</token>
  <token t_id="110" sentence="0" number="109">车</token>
  <token t_id="111" sentence="0" number="110">驾</token>
  <token t_id="112" sentence="0" number="111">驶</token>
  <token t_id="113" sentence="0" number="112">人</token>
  <token t_id="114" sentence="0" number="113">）</token>
  <token t_id="115" sentence="0" number="114">驾</token>
  <token t_id="116" sentence="0" number="115">驶</token>
  <token t_id="117" sentence="0" number="116">的</token>
  <token t_id="118" sentence="0" number="117">冀</token>
  <token t_id="119" sentence="0" number="118">G</token>
  <token t_id="120" sentence="0" number="119">0</token>
  <token t_id="121" sentence="0" number="120">7</token>
  <token t_id="122" sentence="0" number="121">0</token>
  <token t_id="123" sentence="0" number="122">6</token>
  <token t_id="124" sentence="0" number="123">6</token>
  <token t_id="125" sentence="0" number="124">D</token>
  <token t_id="126" sentence="0" number="125">城</token>
  <token t_id="127" sentence="0" number="126">市</token>
  <token t_id="128" sentence="0" number="127">公</token>
  <token t_id="129" sentence="0" number="128">交</token>
  <token t_id="130" sentence="0" number="129">车</token>
  <token t_id="131" sentence="0" number="130">相</token>
  <token t_id="132" sentence="0" number="131">撞</token>
  <token t_id="133" sentence="0" number="132">。</token>
  <token t_id="134" sentence="1" number="0">目</token>
  <token t_id="135" sentence="1" number="1">前</token>
  <token t_id="136" sentence="1" number="2">，</token>
  <token t_id="137" sentence="1" number="3">事</token>
  <token t_id="138" sentence="1" number="4">故</token>
  <token t_id="139" sentence="1" number="5">造</token>
  <token t_id="140" sentence="1" number="6">成</token>
  <token t_id="141" sentence="1" number="7">两</token>
  <token t_id="142" sentence="1" number="8">人</token>
  <token t_id="143" sentence="1" number="9">死</token>
  <token t_id="144" sentence="1" number="10">亡</token>
  <token t_id="145" sentence="1" number="11">（</token>
  <token t_id="146" sentence="1" number="12">双</token>
  <token t_id="147" sentence="1" number="13">方</token>
  <token t_id="148" sentence="1" number="14">车</token>
  <token t_id="149" sentence="1" number="15">辆</token>
  <token t_id="150" sentence="1" number="16">驾</token>
  <token t_id="151" sentence="1" number="17">驶</token>
  <token t_id="152" sentence="1" number="18">人</token>
  <token t_id="153" sentence="1" number="19">）</token>
  <token t_id="154" sentence="1" number="20">，</token>
  <token t_id="155" sentence="1" number="21">部</token>
  <token t_id="156" sentence="1" number="22">分</token>
  <token t_id="157" sentence="1" number="23">乘</token>
  <token t_id="158" sentence="1" number="24">客</token>
  <token t_id="159" sentence="1" number="25">受</token>
  <token t_id="160" sentence="1" number="26">伤</token>
  <token t_id="161" sentence="1" number="27">，</token>
  <token t_id="162" sentence="1" number="28">双</token>
  <token t_id="163" sentence="1" number="29">方</token>
  <token t_id="164" sentence="1" number="30">车</token>
  <token t_id="165" sentence="1" number="31">辆</token>
  <token t_id="166" sentence="1" number="32">损</token>
  <token t_id="167" sentence="1" number="33">坏</token>
  <token t_id="168" sentence="1" number="34">。</token>
  <token t_id="169" sentence="2" number="0">事</token>
  <token t_id="170" sentence="2" number="1">故</token>
  <token t_id="171" sentence="2" number="2">发</token>
  <token t_id="172" sentence="2" number="3">生</token>
  <token t_id="173" sentence="2" number="4">后</token>
  <token t_id="174" sentence="2" number="5">，</token>
  <token t_id="175" sentence="2" number="6">相</token>
  <token t_id="176" sentence="2" number="7">关</token>
  <token t_id="177" sentence="2" number="8">部</token>
  <token t_id="178" sentence="2" number="9">门</token>
  <token t_id="179" sentence="2" number="10">负</token>
  <token t_id="180" sentence="2" number="11">责</token>
  <token t_id="181" sentence="2" number="12">人</token>
  <token t_id="182" sentence="2" number="13">第</token>
  <token t_id="183" sentence="2" number="14">一</token>
  <token t_id="184" sentence="2" number="15">时</token>
  <token t_id="185" sentence="2" number="16">间</token>
  <token t_id="186" sentence="2" number="17">赶</token>
  <token t_id="187" sentence="2" number="18">到</token>
  <token t_id="188" sentence="2" number="19">事</token>
  <token t_id="189" sentence="2" number="20">故</token>
  <token t_id="190" sentence="2" number="21">现</token>
  <token t_id="191" sentence="2" number="22">场</token>
  <token t_id="192" sentence="2" number="23">进</token>
  <token t_id="193" sentence="2" number="24">行</token>
  <token t_id="194" sentence="2" number="25">处</token>
  <token t_id="195" sentence="2" number="26">置</token>
  <token t_id="196" sentence="2" number="27">，</token>
  <token t_id="197" sentence="2" number="28">伤</token>
  <token t_id="198" sentence="2" number="29">者</token>
  <token t_id="199" sentence="2" number="30">已</token>
  <token t_id="200" sentence="2" number="31">及</token>
  <token t_id="201" sentence="2" number="32">时</token>
  <token t_id="202" sentence="2" number="33">送</token>
  <token t_id="203" sentence="2" number="34">往</token>
  <token t_id="204" sentence="2" number="35">附</token>
  <token t_id="205" sentence="2" number="36">近</token>
  <token t_id="206" sentence="2" number="37">医</token>
  <token t_id="207" sentence="2" number="38">院</token>
  <token t_id="208" sentence="2" number="39">治</token>
  <token t_id="209" sentence="2" number="40">疗</token>
  <token t_id="210" sentence="2" number="41">，</token>
  <token t_id="211" sentence="2" number="42">事</token>
  <token t_id="212" sentence="2" number="43">故</token>
  <token t_id="213" sentence="2" number="44">调</token>
  <token t_id="214" sentence="2" number="45">查</token>
  <token t_id="215" sentence="2" number="46">正</token>
  <token t_id="216" sentence="2" number="47">在</token>
  <token t_id="217" sentence="2" number="48">进</token>
  <token t_id="218" sentence="2" number="49">行</token>
  <token t_id="219" sentence="2" number="50">。</token>
  <token t_id="220" sentence="3" number="0">在</token>
  <token t_id="221" sentence="3" number="1">此</token>
  <token t_id="222" sentence="3" number="2">，</token>
  <token t_id="223" sentence="3" number="3">交</token>
  <token t_id="224" sentence="3" number="4">警</token>
  <token t_id="225" sentence="3" number="5">部</token>
  <token t_id="226" sentence="3" number="6">门</token>
  <token t_id="227" sentence="3" number="7">提</token>
  <token t_id="228" sentence="3" number="8">醒</token>
  <token t_id="229" sentence="3" number="9">广</token>
  <token t_id="230" sentence="3" number="10">大</token>
  <token t_id="231" sentence="3" number="11">出</token>
  <token t_id="232" sentence="3" number="12">行</token>
  <token t_id="233" sentence="3" number="13">人</token>
  <token t_id="234" sentence="3" number="14">员</token>
  <token t_id="235" sentence="3" number="15">一</token>
  <token t_id="236" sentence="3" number="16">定</token>
  <token t_id="237" sentence="3" number="17">要</token>
  <token t_id="238" sentence="3" number="18">注</token>
  <token t_id="239" sentence="3" number="19">意</token>
  <token t_id="240" sentence="3" number="20">交</token>
  <token t_id="241" sentence="3" number="21">通</token>
  <token t_id="242" sentence="3" number="22">安</token>
  <token t_id="243" sentence="3" number="23">全</token>
  <Markables>
    <ACTION m_id="20560" comment="">
      <token_anchor t_id="62" />
      <token_anchor t_id="63" />
      <token_anchor t_id="64" />
      <token_anchor t_id="65" />
    </ACTION>
    <ACTION m_id="20561" comment="">
      <token_anchor t_id="131" />
      <token_anchor t_id="132" />
    </ACTION>
    <ACTION m_id="20562" comment="">
      <token_anchor t_id="137" />
      <token_anchor t_id="138" />
    </ACTION>
    <ACTION_CAUSATIVE m_id="20563" comment="">
      <token_anchor t_id="139" />
      <token_anchor t_id="140" />
    </ACTION_CAUSATIVE>
    <ACTION m_id="20564" comment="">
      <token_anchor t_id="143" />
      <token_anchor t_id="144" />
    </ACTION>
    <ACTION m_id="20565" comment="">
      <token_anchor t_id="159" />
      <token_anchor t_id="160" />
    </ACTION>
    <ACTION m_id="20566" comment="">
      <token_anchor t_id="166" />
      <token_anchor t_id="167" />
    </ACTION>
    <ACTION m_id="20569" comment="">
      <token_anchor t_id="186" />
      <token_anchor t_id="187" />
    </ACTION>
    <ACTION m_id="20570" comment="">
      <token_anchor t_id="194" />
      <token_anchor t_id="195" />
    </ACTION>
    <ACTION m_id="20571" comment="">
      <token_anchor t_id="202" />
      <token_anchor t_id="203" />
      <token_anchor t_id="204" />
      <token_anchor t_id="205" />
      <token_anchor t_id="206" />
      <token_anchor t_id="207" />
    </ACTION>
    <ACTION m_id="20572" comment="">
      <token_anchor t_id="208" />
      <token_anchor t_id="209" />
    </ACTION>
    <ACTION m_id="20573" comment="">
      <token_anchor t_id="213" />
      <token_anchor t_id="214" />
    </ACTION>
    <ACTION m_id="20574" comment="">
      <token_anchor t_id="227" />
      <token_anchor t_id="228" />
    </ACTION>
    <ACTION m_id="20575" comment="">
      <token_anchor t_id="238" />
      <token_anchor t_id="239" />
    </ACTION>
    <ACTION m_id="57561" comment="">
      <token_anchor t_id="169" />
      <token_anchor t_id="170" />
    </ACTION>
  </Markables>
  <Relations>
    <PLOT_LINK r_id="544" SIGNAL="" relType="causation" CAUSES="FALSE" CAUSED_BY="FALSE">
      <source m_id="20561" />
      <target m_id="20560" />
    </PLOT_LINK>
    <PLOT_LINK r_id="545" SIGNAL="" relType="causation" CAUSES="FALSE" CAUSED_BY="FALSE">
      <source m_id="20562" />
      <target m_id="20564" />
    </PLOT_LINK>
    <PLOT_LINK r_id="546" SIGNAL="" relType="causation" CAUSES="FALSE" CAUSED_BY="FALSE">
      <source m_id="20562" />
      <target m_id="20565" />
    </PLOT_LINK>
    <PLOT_LINK r_id="547" SIGNAL="" relType="causation" CAUSES="FALSE" CAUSED_BY="FALSE">
      <source m_id="20562" />
      <target m_id="20566" />
    </PLOT_LINK>
    <PLOT_LINK r_id="5604" SIGNAL="" relType="causation" CAUSES="FALSE" CAUSED_BY="FALSE">
      <source m_id="57561" />
      <target m_id="20569" />
    </PLOT_LINK>
    <PLOT_LINK r_id="5605" SIGNAL="" relType="causation" CAUSES="FALSE" CAUSED_BY="FALSE">
      <source m_id="57561" />
      <target m_id="20570" />
    </PLOT_LINK>
  </Relations>
</Document>