<?xml version="1.0" encoding="UTF-8"?>
<Document doc_name="2054_ecbplus.xml.xml">
  <token t_id="1" sentence="0" number="0">中</token>
  <token t_id="2" sentence="0" number="1">新</token>
  <token t_id="3" sentence="0" number="2">网</token>
  <token t_id="4" sentence="0" number="3">绍</token>
  <token t_id="5" sentence="0" number="4">兴</token>
  <token t_id="6" sentence="0" number="5">6</token>
  <token t_id="7" sentence="0" number="6">月</token>
  <token t_id="8" sentence="0" number="7">3</token>
  <token t_id="9" sentence="0" number="8">日</token>
  <token t_id="10" sentence="0" number="9">电</token>
  <token t_id="11" sentence="0" number="10">（</token>
  <token t_id="12" sentence="0" number="11">项</token>
  <token t_id="13" sentence="0" number="12">菁</token>
  <token t_id="14" sentence="0" number="13">）</token>
  <token t_id="15" sentence="0" number="14">记</token>
  <token t_id="16" sentence="0" number="15">者</token>
  <token t_id="17" sentence="0" number="16">6</token>
  <token t_id="18" sentence="0" number="17">月</token>
  <token t_id="19" sentence="0" number="18">3</token>
  <token t_id="20" sentence="0" number="19">日</token>
  <token t_id="21" sentence="0" number="20">从</token>
  <token t_id="22" sentence="0" number="21">浙</token>
  <token t_id="23" sentence="0" number="22">江</token>
  <token t_id="24" sentence="0" number="23">省</token>
  <token t_id="25" sentence="0" number="24">绍</token>
  <token t_id="26" sentence="0" number="25">兴</token>
  <token t_id="27" sentence="0" number="26">市</token>
  <token t_id="28" sentence="0" number="27">新</token>
  <token t_id="29" sentence="0" number="28">昌</token>
  <token t_id="30" sentence="0" number="29">县</token>
  <token t_id="31" sentence="0" number="30">公</token>
  <token t_id="32" sentence="0" number="31">安</token>
  <token t_id="33" sentence="0" number="32">局</token>
  <token t_id="34" sentence="0" number="33">获</token>
  <token t_id="35" sentence="0" number="34">悉</token>
  <token t_id="36" sentence="0" number="35">，</token>
  <token t_id="37" sentence="0" number="36">2</token>
  <token t_id="38" sentence="0" number="37">日</token>
  <token t_id="39" sentence="0" number="38">1</token>
  <token t_id="40" sentence="0" number="39">8</token>
  <token t_id="41" sentence="0" number="40">时</token>
  <token t_id="42" sentence="0" number="41">3</token>
  <token t_id="43" sentence="0" number="42">5</token>
  <token t_id="44" sentence="0" number="43">分</token>
  <token t_id="45" sentence="0" number="44">，</token>
  <token t_id="46" sentence="0" number="45">浙</token>
  <token t_id="47" sentence="0" number="46">江</token>
  <token t_id="48" sentence="0" number="47">上</token>
  <token t_id="49" sentence="0" number="48">三</token>
  <token t_id="50" sentence="0" number="49">高</token>
  <token t_id="51" sentence="0" number="50">速</token>
  <token t_id="52" sentence="0" number="51">新</token>
  <token t_id="53" sentence="0" number="52">昌</token>
  <token t_id="54" sentence="0" number="53">段</token>
  <token t_id="55" sentence="0" number="54">台</token>
  <token t_id="56" sentence="0" number="55">州</token>
  <token t_id="57" sentence="0" number="56">方</token>
  <token t_id="58" sentence="0" number="57">向</token>
  <token t_id="59" sentence="0" number="58">发</token>
  <token t_id="60" sentence="0" number="59">生</token>
  <token t_id="61" sentence="0" number="60">一</token>
  <token t_id="62" sentence="0" number="61">起</token>
  <token t_id="63" sentence="0" number="62">两</token>
  <token t_id="64" sentence="0" number="63">车</token>
  <token t_id="65" sentence="0" number="64">追</token>
  <token t_id="66" sentence="0" number="65">尾</token>
  <token t_id="67" sentence="0" number="66">的</token>
  <token t_id="68" sentence="0" number="67">交</token>
  <token t_id="69" sentence="0" number="68">通</token>
  <token t_id="70" sentence="0" number="69">事</token>
  <token t_id="71" sentence="0" number="70">故</token>
  <token t_id="72" sentence="0" number="71">，</token>
  <token t_id="73" sentence="0" number="72">事</token>
  <token t_id="74" sentence="0" number="73">故</token>
  <token t_id="75" sentence="0" number="74">致</token>
  <token t_id="76" sentence="0" number="75">3</token>
  <token t_id="77" sentence="0" number="76">人</token>
  <token t_id="78" sentence="0" number="77">死</token>
  <token t_id="79" sentence="0" number="78">亡</token>
  <token t_id="80" sentence="0" number="79">，</token>
  <token t_id="81" sentence="0" number="80">4</token>
  <token t_id="82" sentence="0" number="81">名</token>
  <token t_id="83" sentence="0" number="82">伤</token>
  <token t_id="84" sentence="0" number="83">者</token>
  <token t_id="85" sentence="0" number="84">已</token>
  <token t_id="86" sentence="0" number="85">送</token>
  <token t_id="87" sentence="0" number="86">医</token>
  <token t_id="88" sentence="0" number="87">院</token>
  <token t_id="89" sentence="0" number="88">救</token>
  <token t_id="90" sentence="0" number="89">治</token>
  <token t_id="91" sentence="0" number="90">。</token>
  <token t_id="92" sentence="1" number="0">根</token>
  <token t_id="93" sentence="1" number="1">据</token>
  <token t_id="94" sentence="1" number="2">警</token>
  <token t_id="95" sentence="1" number="3">方</token>
  <token t_id="96" sentence="1" number="4">的</token>
  <token t_id="97" sentence="1" number="5">官</token>
  <token t_id="98" sentence="1" number="6">方</token>
  <token t_id="99" sentence="1" number="7">通</token>
  <token t_id="100" sentence="1" number="8">报</token>
  <token t_id="101" sentence="1" number="9">，</token>
  <token t_id="102" sentence="1" number="10">事</token>
  <token t_id="103" sentence="1" number="11">发</token>
  <token t_id="104" sentence="1" number="12">后</token>
  <token t_id="105" sentence="1" number="13">，</token>
  <token t_id="106" sentence="1" number="14">当</token>
  <token t_id="107" sentence="1" number="15">地</token>
  <token t_id="108" sentence="1" number="16">政</token>
  <token t_id="109" sentence="1" number="17">府</token>
  <token t_id="110" sentence="1" number="18">和</token>
  <token t_id="111" sentence="1" number="19">公</token>
  <token t_id="112" sentence="1" number="20">安</token>
  <token t_id="113" sentence="1" number="21">机</token>
  <token t_id="114" sentence="1" number="22">关</token>
  <token t_id="115" sentence="1" number="23">全</token>
  <token t_id="116" sentence="1" number="24">力</token>
  <token t_id="117" sentence="1" number="25">开</token>
  <token t_id="118" sentence="1" number="26">展</token>
  <token t_id="119" sentence="1" number="27">伤</token>
  <token t_id="120" sentence="1" number="28">员</token>
  <token t_id="121" sentence="1" number="29">救</token>
  <token t_id="122" sentence="1" number="30">治</token>
  <token t_id="123" sentence="1" number="31">、</token>
  <token t_id="124" sentence="1" number="32">事</token>
  <token t_id="125" sentence="1" number="33">故</token>
  <token t_id="126" sentence="1" number="34">处</token>
  <token t_id="127" sentence="1" number="35">理</token>
  <token t_id="128" sentence="1" number="36">和</token>
  <token t_id="129" sentence="1" number="37">交</token>
  <token t_id="130" sentence="1" number="38">通</token>
  <token t_id="131" sentence="1" number="39">疏</token>
  <token t_id="132" sentence="1" number="40">导</token>
  <token t_id="133" sentence="1" number="41">工</token>
  <token t_id="134" sentence="1" number="42">作</token>
  <token t_id="135" sentence="1" number="43">。</token>
  <token t_id="136" sentence="2" number="0">目</token>
  <token t_id="137" sentence="2" number="1">前</token>
  <token t_id="138" sentence="2" number="2">，</token>
  <token t_id="139" sentence="2" number="3">高</token>
  <token t_id="140" sentence="2" number="4">速</token>
  <token t_id="141" sentence="2" number="5">已</token>
  <token t_id="142" sentence="2" number="6">基</token>
  <token t_id="143" sentence="2" number="7">本</token>
  <token t_id="144" sentence="2" number="8">恢</token>
  <token t_id="145" sentence="2" number="9">复</token>
  <token t_id="146" sentence="2" number="10">正</token>
  <token t_id="147" sentence="2" number="11">常</token>
  <token t_id="148" sentence="2" number="12">，</token>
  <token t_id="149" sentence="2" number="13">事</token>
  <token t_id="150" sentence="2" number="14">故</token>
  <token t_id="151" sentence="2" number="15">原</token>
  <token t_id="152" sentence="2" number="16">因</token>
  <token t_id="153" sentence="2" number="17">正</token>
  <token t_id="154" sentence="2" number="18">在</token>
  <token t_id="155" sentence="2" number="19">进</token>
  <token t_id="156" sentence="2" number="20">一</token>
  <token t_id="157" sentence="2" number="21">步</token>
  <token t_id="158" sentence="2" number="22">调</token>
  <token t_id="159" sentence="2" number="23">查</token>
  <token t_id="160" sentence="2" number="24">中</token>
  <Markables>
    <ACTION m_id="20659" comment="">
      <token_anchor t_id="34" />
      <token_anchor t_id="35" />
    </ACTION>
    <ACTION m_id="20660" comment="">
      <token_anchor t_id="65" />
      <token_anchor t_id="66" />
    </ACTION>
    <ACTION m_id="20661" comment="">
      <token_anchor t_id="68" />
      <token_anchor t_id="69" />
      <token_anchor t_id="70" />
      <token_anchor t_id="71" />
    </ACTION>
    <ACTION_CAUSATIVE m_id="20662" comment="">
      <token_anchor t_id="75" />
    </ACTION_CAUSATIVE>
    <ACTION m_id="20663" comment="">
      <token_anchor t_id="78" />
      <token_anchor t_id="79" />
    </ACTION>
    <ACTION m_id="20664" comment="">
      <token_anchor t_id="86" />
      <token_anchor t_id="87" />
      <token_anchor t_id="88" />
    </ACTION>
    <ACTION m_id="20665" comment="">
      <token_anchor t_id="89" />
      <token_anchor t_id="90" />
    </ACTION>
    <ACTION m_id="20666" comment="">
      <token_anchor t_id="99" />
      <token_anchor t_id="100" />
    </ACTION>
    <ACTION m_id="20667" comment="">
      <token_anchor t_id="117" />
      <token_anchor t_id="118" />
    </ACTION>
    <ACTION m_id="20668" comment="">
      <token_anchor t_id="121" />
      <token_anchor t_id="122" />
    </ACTION>
    <ACTION m_id="20669" comment="">
      <token_anchor t_id="126" />
      <token_anchor t_id="127" />
    </ACTION>
    <ACTION m_id="20670" comment="">
      <token_anchor t_id="131" />
      <token_anchor t_id="132" />
    </ACTION>
    <ACTION m_id="20671" comment="">
      <token_anchor t_id="144" />
      <token_anchor t_id="145" />
    </ACTION>
    <ACTION m_id="20672" comment="">
      <token_anchor t_id="158" />
      <token_anchor t_id="159" />
    </ACTION>
  </Markables>
  <Relations>
    <PLOT_LINK r_id="573" SIGNAL="" relType="causation" CAUSES="FALSE" CAUSED_BY="FALSE">
      <source m_id="20660" />
      <target m_id="20661" />
    </PLOT_LINK>
    <PLOT_LINK r_id="574" SIGNAL="" relType="causation" CAUSES="FALSE" CAUSED_BY="FALSE">
      <source m_id="20660" />
      <target m_id="20663" />
    </PLOT_LINK>
    <PLOT_LINK r_id="575" SIGNAL="" relType="causation" CAUSES="FALSE" CAUSED_BY="FALSE">
      <source m_id="20660" />
      <target m_id="20665" />
    </PLOT_LINK>
    <PLOT_LINK r_id="576" SIGNAL="" relType="causation" CAUSES="FALSE" CAUSED_BY="FALSE">
      <source m_id="20661" />
      <target m_id="20663" />
    </PLOT_LINK>
    <PLOT_LINK r_id="577" SIGNAL="" relType="causation" CAUSES="FALSE" CAUSED_BY="FALSE">
      <source m_id="20661" />
      <target m_id="20665" />
    </PLOT_LINK>
  </Relations>
</Document>