<?xml version="1.0" encoding="UTF-8"?>
<Document doc_name="2060_ecbplus.xml.xml">
  <token t_id="1" sentence="0" number="0">7</token>
  <token t_id="2" sentence="0" number="1">月</token>
  <token t_id="3" sentence="0" number="2">1</token>
  <token t_id="4" sentence="0" number="3">0</token>
  <token t_id="5" sentence="0" number="4">日</token>
  <token t_id="6" sentence="0" number="5">5</token>
  <token t_id="7" sentence="0" number="6">时</token>
  <token t_id="8" sentence="0" number="7">1</token>
  <token t_id="9" sentence="0" number="8">5</token>
  <token t_id="10" sentence="0" number="9">分</token>
  <token t_id="11" sentence="0" number="10">许</token>
  <token t_id="12" sentence="0" number="11">，</token>
  <token t_id="13" sentence="0" number="12">昌</token>
  <token t_id="14" sentence="0" number="13">铜</token>
  <token t_id="15" sentence="0" number="14">高</token>
  <token t_id="16" sentence="0" number="15">速</token>
  <token t_id="17" sentence="0" number="16">公</token>
  <token t_id="18" sentence="0" number="17">路</token>
  <token t_id="19" sentence="0" number="18">铜</token>
  <token t_id="20" sentence="0" number="19">鼓</token>
  <token t_id="21" sentence="0" number="20">县</token>
  <token t_id="22" sentence="0" number="21">境</token>
  <token t_id="23" sentence="0" number="22">内</token>
  <token t_id="24" sentence="0" number="23">发</token>
  <token t_id="25" sentence="0" number="24">生</token>
  <token t_id="26" sentence="0" number="25">一</token>
  <token t_id="27" sentence="0" number="26">起</token>
  <token t_id="28" sentence="0" number="27">严</token>
  <token t_id="29" sentence="0" number="28">重</token>
  <token t_id="30" sentence="0" number="29">交</token>
  <token t_id="31" sentence="0" number="30">通</token>
  <token t_id="32" sentence="0" number="31">事</token>
  <token t_id="33" sentence="0" number="32">故</token>
  <token t_id="34" sentence="0" number="33">，</token>
  <token t_id="35" sentence="0" number="34">一</token>
  <token t_id="36" sentence="0" number="35">小</token>
  <token t_id="37" sentence="0" number="36">客</token>
  <token t_id="38" sentence="0" number="37">车</token>
  <token t_id="39" sentence="0" number="38">侧</token>
  <token t_id="40" sentence="0" number="39">翻</token>
  <token t_id="41" sentence="0" number="40">造</token>
  <token t_id="42" sentence="0" number="41">成</token>
  <token t_id="43" sentence="0" number="42">乘</token>
  <token t_id="44" sentence="0" number="43">客</token>
  <token t_id="45" sentence="0" number="44">3</token>
  <token t_id="46" sentence="0" number="45">死</token>
  <token t_id="47" sentence="0" number="46">3</token>
  <token t_id="48" sentence="0" number="47">伤</token>
  <token t_id="49" sentence="0" number="48">。</token>
  <token t_id="50" sentence="1" number="0">据</token>
  <token t_id="51" sentence="1" number="1">了</token>
  <token t_id="52" sentence="1" number="2">解</token>
  <token t_id="53" sentence="1" number="3">，</token>
  <token t_id="54" sentence="1" number="4">李</token>
  <token t_id="55" sentence="1" number="5">某</token>
  <token t_id="56" sentence="1" number="6">驾</token>
  <token t_id="57" sentence="1" number="7">驶</token>
  <token t_id="58" sentence="1" number="8">的</token>
  <token t_id="59" sentence="1" number="9">营</token>
  <token t_id="60" sentence="1" number="10">运</token>
  <token t_id="61" sentence="1" number="11">客</token>
  <token t_id="62" sentence="1" number="12">车</token>
  <token t_id="63" sentence="1" number="13">，</token>
  <token t_id="64" sentence="1" number="14">核</token>
  <token t_id="65" sentence="1" number="15">载</token>
  <token t_id="66" sentence="1" number="16">7</token>
  <token t_id="67" sentence="1" number="17">人</token>
  <token t_id="68" sentence="1" number="18">实</token>
  <token t_id="69" sentence="1" number="19">载</token>
  <token t_id="70" sentence="1" number="20">8</token>
  <token t_id="71" sentence="1" number="21">人</token>
  <token t_id="72" sentence="1" number="22">（</token>
  <token t_id="73" sentence="1" number="23">超</token>
  <token t_id="74" sentence="1" number="24">员</token>
  <token t_id="75" sentence="1" number="25">1</token>
  <token t_id="76" sentence="1" number="26">人</token>
  <token t_id="77" sentence="1" number="27">）</token>
  <token t_id="78" sentence="1" number="28">。</token>
  <token t_id="79" sentence="2" number="0">当</token>
  <token t_id="80" sentence="2" number="1">该</token>
  <token t_id="81" sentence="2" number="2">车</token>
  <token t_id="82" sentence="2" number="3">行</token>
  <token t_id="83" sentence="2" number="4">驶</token>
  <token t_id="84" sentence="2" number="5">至</token>
  <token t_id="85" sentence="2" number="6">昌</token>
  <token t_id="86" sentence="2" number="7">铜</token>
  <token t_id="87" sentence="2" number="8">高</token>
  <token t_id="88" sentence="2" number="9">速</token>
  <token t_id="89" sentence="2" number="10">公</token>
  <token t_id="90" sentence="2" number="11">路</token>
  <token t_id="91" sentence="2" number="12">1</token>
  <token t_id="92" sentence="2" number="13">4</token>
  <token t_id="93" sentence="2" number="14">3</token>
  <token t_id="94" sentence="2" number="15">k</token>
  <token t_id="95" sentence="2" number="16">m</token>
  <token t_id="96" sentence="2" number="17">+</token>
  <token t_id="97" sentence="2" number="18">7</token>
  <token t_id="98" sentence="2" number="19">2</token>
  <token t_id="99" sentence="2" number="20">5</token>
  <token t_id="100" sentence="2" number="21">m</token>
  <token t_id="101" sentence="2" number="22">处</token>
  <token t_id="102" sentence="2" number="23">（</token>
  <token t_id="103" sentence="2" number="24">铜</token>
  <token t_id="104" sentence="2" number="25">鼓</token>
  <token t_id="105" sentence="2" number="26">往</token>
  <token t_id="106" sentence="2" number="27">南</token>
  <token t_id="107" sentence="2" number="28">昌</token>
  <token t_id="108" sentence="2" number="29">方</token>
  <token t_id="109" sentence="2" number="30">向</token>
  <token t_id="110" sentence="2" number="31">南</token>
  <token t_id="111" sentence="2" number="32">线</token>
  <token t_id="112" sentence="2" number="33">）</token>
  <token t_id="113" sentence="2" number="34">时</token>
  <token t_id="114" sentence="2" number="35">，</token>
  <token t_id="115" sentence="2" number="36">撞</token>
  <token t_id="116" sentence="2" number="37">上</token>
  <token t_id="117" sentence="2" number="38">护</token>
  <token t_id="118" sentence="2" number="39">栏</token>
  <token t_id="119" sentence="2" number="40">侧</token>
  <token t_id="120" sentence="2" number="41">翻</token>
  <token t_id="121" sentence="2" number="42">，</token>
  <token t_id="122" sentence="2" number="43">发</token>
  <token t_id="123" sentence="2" number="44">生</token>
  <token t_id="124" sentence="2" number="45">严</token>
  <token t_id="125" sentence="2" number="46">重</token>
  <token t_id="126" sentence="2" number="47">单</token>
  <token t_id="127" sentence="2" number="48">方</token>
  <token t_id="128" sentence="2" number="49">交</token>
  <token t_id="129" sentence="2" number="50">通</token>
  <token t_id="130" sentence="2" number="51">事</token>
  <token t_id="131" sentence="2" number="52">故</token>
  <token t_id="132" sentence="2" number="53">。</token>
  <token t_id="133" sentence="3" number="0">在</token>
  <token t_id="134" sentence="3" number="1">事</token>
  <token t_id="135" sentence="3" number="2">故</token>
  <token t_id="136" sentence="3" number="3">中</token>
  <token t_id="137" sentence="3" number="4">，</token>
  <token t_id="138" sentence="3" number="5">有</token>
  <token t_id="139" sentence="3" number="6">3</token>
  <token t_id="140" sentence="3" number="7">名</token>
  <token t_id="141" sentence="3" number="8">乘</token>
  <token t_id="142" sentence="3" number="9">客</token>
  <token t_id="143" sentence="3" number="10">死</token>
  <token t_id="144" sentence="3" number="11">亡</token>
  <token t_id="145" sentence="3" number="12">，</token>
  <token t_id="146" sentence="3" number="13">3</token>
  <token t_id="147" sentence="3" number="14">名</token>
  <token t_id="148" sentence="3" number="15">乘</token>
  <token t_id="149" sentence="3" number="16">客</token>
  <token t_id="150" sentence="3" number="17">受</token>
  <token t_id="151" sentence="3" number="18">伤</token>
  <token t_id="152" sentence="3" number="19">（</token>
  <token t_id="153" sentence="3" number="20">均</token>
  <token t_id="154" sentence="3" number="21">无</token>
  <token t_id="155" sentence="3" number="22">生</token>
  <token t_id="156" sentence="3" number="23">命</token>
  <token t_id="157" sentence="3" number="24">危</token>
  <token t_id="158" sentence="3" number="25">险</token>
  <token t_id="159" sentence="3" number="26">）</token>
  <token t_id="160" sentence="3" number="27">。</token>
  <token t_id="161" sentence="4" number="0">据</token>
  <token t_id="162" sentence="4" number="1">了</token>
  <token t_id="163" sentence="4" number="2">解</token>
  <token t_id="164" sentence="4" number="3">，</token>
  <token t_id="165" sentence="4" number="4">事</token>
  <token t_id="166" sentence="4" number="5">故</token>
  <token t_id="167" sentence="4" number="6">车</token>
  <token t_id="168" sentence="4" number="7">辆</token>
  <token t_id="169" sentence="4" number="8">为</token>
  <token t_id="170" sentence="4" number="9">一</token>
  <token t_id="171" sentence="4" number="10">辆</token>
  <token t_id="172" sentence="4" number="11">大</token>
  <token t_id="173" sentence="4" number="12">通</token>
  <token t_id="174" sentence="4" number="13">牌</token>
  <token t_id="175" sentence="4" number="14">客</token>
  <token t_id="176" sentence="4" number="15">车</token>
  <token t_id="177" sentence="4" number="16">，</token>
  <token t_id="178" sentence="4" number="17">车</token>
  <token t_id="179" sentence="4" number="18">辆</token>
  <token t_id="180" sentence="4" number="19">为</token>
  <token t_id="181" sentence="4" number="20">新</token>
  <token t_id="182" sentence="4" number="21">国</token>
  <token t_id="183" sentence="4" number="22">线</token>
  <token t_id="184" sentence="4" number="23">集</token>
  <token t_id="185" sentence="4" number="24">团</token>
  <token t_id="186" sentence="4" number="25">（</token>
  <token t_id="187" sentence="4" number="26">江</token>
  <token t_id="188" sentence="4" number="27">西</token>
  <token t_id="189" sentence="4" number="28">）</token>
  <token t_id="190" sentence="4" number="29">运</token>
  <token t_id="191" sentence="4" number="30">输</token>
  <token t_id="192" sentence="4" number="31">有</token>
  <token t_id="193" sentence="4" number="32">限</token>
  <token t_id="194" sentence="4" number="33">公</token>
  <token t_id="195" sentence="4" number="34">司</token>
  <token t_id="196" sentence="4" number="35">所</token>
  <token t_id="197" sentence="4" number="36">有</token>
  <token t_id="198" sentence="4" number="37">。</token>
  <token t_id="199" sentence="5" number="0">3</token>
  <token t_id="200" sentence="5" number="1">名</token>
  <token t_id="201" sentence="5" number="2">死</token>
  <token t_id="202" sentence="5" number="3">者</token>
  <token t_id="203" sentence="5" number="4">均</token>
  <token t_id="204" sentence="5" number="5">为</token>
  <token t_id="205" sentence="5" number="6">铜</token>
  <token t_id="206" sentence="5" number="7">鼓</token>
  <token t_id="207" sentence="5" number="8">县</token>
  <token t_id="208" sentence="5" number="9">人</token>
  <token t_id="209" sentence="5" number="10">。</token>
  <token t_id="210" sentence="6" number="0">记</token>
  <token t_id="211" sentence="6" number="1">者</token>
  <token t_id="212" sentence="6" number="2">从</token>
  <token t_id="213" sentence="6" number="3">警</token>
  <token t_id="214" sentence="6" number="4">方</token>
  <token t_id="215" sentence="6" number="5">了</token>
  <token t_id="216" sentence="6" number="6">解</token>
  <token t_id="217" sentence="6" number="7">到</token>
  <token t_id="218" sentence="6" number="8">，</token>
  <token t_id="219" sentence="6" number="9">事</token>
  <token t_id="220" sentence="6" number="10">故</token>
  <token t_id="221" sentence="6" number="11">初</token>
  <token t_id="222" sentence="6" number="12">查</token>
  <token t_id="223" sentence="6" number="13">原</token>
  <token t_id="224" sentence="6" number="14">因</token>
  <token t_id="225" sentence="6" number="15">为</token>
  <token t_id="226" sentence="6" number="16">雨</token>
  <token t_id="227" sentence="6" number="17">天</token>
  <token t_id="228" sentence="6" number="18">未</token>
  <token t_id="229" sentence="6" number="19">减</token>
  <token t_id="230" sentence="6" number="20">速</token>
  <token t_id="231" sentence="6" number="21">。</token>
  <token t_id="232" sentence="7" number="0">目</token>
  <token t_id="233" sentence="7" number="1">前</token>
  <token t_id="234" sentence="7" number="2">，</token>
  <token t_id="235" sentence="7" number="3">交</token>
  <token t_id="236" sentence="7" number="4">警</token>
  <token t_id="237" sentence="7" number="5">部</token>
  <token t_id="238" sentence="7" number="6">门</token>
  <token t_id="239" sentence="7" number="7">正</token>
  <token t_id="240" sentence="7" number="8">在</token>
  <token t_id="241" sentence="7" number="9">处</token>
  <token t_id="242" sentence="7" number="10">理</token>
  <token t_id="243" sentence="7" number="11">事</token>
  <token t_id="244" sentence="7" number="12">故</token>
  <token t_id="245" sentence="7" number="13">后</token>
  <token t_id="246" sentence="7" number="14">续</token>
  <token t_id="247" sentence="7" number="15">工</token>
  <token t_id="248" sentence="7" number="16">作</token>
  <token t_id="249" sentence="7" number="17">，</token>
  <token t_id="250" sentence="7" number="18">事</token>
  <token t_id="251" sentence="7" number="19">故</token>
  <token t_id="252" sentence="7" number="20">原</token>
  <token t_id="253" sentence="7" number="21">因</token>
  <token t_id="254" sentence="7" number="22">待</token>
  <token t_id="255" sentence="7" number="23">进</token>
  <token t_id="256" sentence="7" number="24">一</token>
  <token t_id="257" sentence="7" number="25">步</token>
  <token t_id="258" sentence="7" number="26">调</token>
  <token t_id="259" sentence="7" number="27">查</token>
  <Markables>
    <ACTION m_id="20787" comment="">
      <token_anchor t_id="30" />
      <token_anchor t_id="31" />
      <token_anchor t_id="32" />
      <token_anchor t_id="33" />
    </ACTION>
    <ACTION m_id="20788" comment="">
      <token_anchor t_id="39" />
      <token_anchor t_id="40" />
    </ACTION>
    <ACTION_CAUSATIVE m_id="20789" comment="">
      <token_anchor t_id="41" />
      <token_anchor t_id="42" />
    </ACTION_CAUSATIVE>
    <ACTION m_id="20790" comment="">
      <token_anchor t_id="46" />
    </ACTION>
    <ACTION m_id="20791" comment="">
      <token_anchor t_id="48" />
    </ACTION>
    <ACTION m_id="20792" comment="">
      <token_anchor t_id="51" />
      <token_anchor t_id="52" />
    </ACTION>
    <ACTION m_id="20793" comment="">
      <token_anchor t_id="82" />
      <token_anchor t_id="83" />
    </ACTION>
    <ACTION m_id="20794" comment="">
      <token_anchor t_id="115" />
      <token_anchor t_id="116" />
    </ACTION>
    <ACTION m_id="20795" comment="">
      <token_anchor t_id="119" />
      <token_anchor t_id="120" />
    </ACTION>
    <ACTION m_id="20796" comment="">
      <token_anchor t_id="128" />
      <token_anchor t_id="129" />
      <token_anchor t_id="130" />
      <token_anchor t_id="131" />
    </ACTION>
    <ACTION m_id="20797" comment="">
      <token_anchor t_id="134" />
      <token_anchor t_id="135" />
    </ACTION>
    <ACTION m_id="20798" comment="">
      <token_anchor t_id="143" />
      <token_anchor t_id="144" />
    </ACTION>
    <ACTION m_id="20799" comment="">
      <token_anchor t_id="150" />
      <token_anchor t_id="151" />
    </ACTION>
    <ACTION m_id="20800" comment="">
      <token_anchor t_id="162" />
      <token_anchor t_id="163" />
    </ACTION>
    <ACTION m_id="20802" comment="">
      <token_anchor t_id="215" />
      <token_anchor t_id="216" />
      <token_anchor t_id="217" />
    </ACTION>
    <ACTION_CAUSATIVE m_id="20803" comment="">
      <token_anchor t_id="223" />
      <token_anchor t_id="224" />
      <token_anchor t_id="225" />
    </ACTION_CAUSATIVE>
    <ACTION m_id="20804" comment="">
      <token_anchor t_id="219" />
      <token_anchor t_id="220" />
    </ACTION>
    <ACTION m_id="20805" comment="">
      <token_anchor t_id="226" />
      <token_anchor t_id="227" />
      <token_anchor t_id="228" />
      <token_anchor t_id="229" />
      <token_anchor t_id="230" />
    </ACTION>
    <ACTION m_id="20806" comment="">
      <token_anchor t_id="241" />
      <token_anchor t_id="242" />
    </ACTION>
    <ACTION m_id="20807" comment="">
      <token_anchor t_id="258" />
      <token_anchor t_id="259" />
    </ACTION>
  </Markables>
  <Relations>
    <PLOT_LINK r_id="618" SIGNAL="" relType="causation" CAUSES="FALSE" CAUSED_BY="FALSE">
      <source m_id="20788" />
      <target m_id="20787" />
    </PLOT_LINK>
    <PLOT_LINK r_id="619" SIGNAL="" relType="causation" CAUSES="FALSE" CAUSED_BY="FALSE">
      <source m_id="20787" />
      <target m_id="20790" />
    </PLOT_LINK>
    <PLOT_LINK r_id="620" SIGNAL="" relType="causation" CAUSES="FALSE" CAUSED_BY="FALSE">
      <source m_id="20787" />
      <target m_id="20791" />
    </PLOT_LINK>
    <PLOT_LINK r_id="621" SIGNAL="" relType="causation" CAUSES="FALSE" CAUSED_BY="FALSE">
      <source m_id="20788" />
      <target m_id="20790" />
    </PLOT_LINK>
    <PLOT_LINK r_id="622" SIGNAL="" relType="causation" CAUSES="FALSE" CAUSED_BY="FALSE">
      <source m_id="20788" />
      <target m_id="20791" />
    </PLOT_LINK>
    <PLOT_LINK r_id="623" SIGNAL="" relType="causation" CAUSES="FALSE" CAUSED_BY="FALSE">
      <source m_id="20794" />
      <target m_id="20795" />
    </PLOT_LINK>
    <PLOT_LINK r_id="624" SIGNAL="" relType="causation" CAUSES="FALSE" CAUSED_BY="FALSE">
      <source m_id="20794" />
      <target m_id="20796" />
    </PLOT_LINK>
    <PLOT_LINK r_id="625" SIGNAL="" relType="causation" CAUSES="FALSE" CAUSED_BY="FALSE">
      <source m_id="20797" />
      <target m_id="20798" />
    </PLOT_LINK>
    <PLOT_LINK r_id="626" SIGNAL="" relType="causation" CAUSES="FALSE" CAUSED_BY="FALSE">
      <source m_id="20797" />
      <target m_id="20799" />
    </PLOT_LINK>
    <PLOT_LINK r_id="627" SIGNAL="" relType="causation" CAUSES="FALSE" CAUSED_BY="FALSE">
      <source m_id="20805" />
      <target m_id="20804" />
    </PLOT_LINK>
  </Relations>
</Document>