<?xml version="1.0" encoding="UTF-8"?>
<Document doc_name="2062_ecbplus.xml.xml">
  <token t_id="1" sentence="0" number="0">广</token>
  <token t_id="2" sentence="0" number="1">西</token>
  <token t_id="3" sentence="0" number="2">桂</token>
  <token t_id="4" sentence="0" number="3">林</token>
  <token t_id="5" sentence="0" number="4">市</token>
  <token t_id="6" sentence="0" number="5">恭</token>
  <token t_id="7" sentence="0" number="6">城</token>
  <token t_id="8" sentence="0" number="7">瑶</token>
  <token t_id="9" sentence="0" number="8">族</token>
  <token t_id="10" sentence="0" number="9">自</token>
  <token t_id="11" sentence="0" number="10">治</token>
  <token t_id="12" sentence="0" number="11">县</token>
  <token t_id="13" sentence="0" number="12">有</token>
  <token t_id="14" sentence="0" number="13">关</token>
  <token t_id="15" sentence="0" number="14">部</token>
  <token t_id="16" sentence="0" number="15">门</token>
  <token t_id="17" sentence="0" number="16">１</token>
  <token t_id="18" sentence="0" number="17">４</token>
  <token t_id="19" sentence="0" number="18">日</token>
  <token t_id="20" sentence="0" number="19">通</token>
  <token t_id="21" sentence="0" number="20">报</token>
  <token t_id="22" sentence="0" number="21">，</token>
  <token t_id="23" sentence="0" number="22">１</token>
  <token t_id="24" sentence="0" number="23">４</token>
  <token t_id="25" sentence="0" number="24">日</token>
  <token t_id="26" sentence="0" number="25">１</token>
  <token t_id="27" sentence="0" number="26">２</token>
  <token t_id="28" sentence="0" number="27">时</token>
  <token t_id="29" sentence="0" number="28">３</token>
  <token t_id="30" sentence="0" number="29">０</token>
  <token t_id="31" sentence="0" number="30">分</token>
  <token t_id="32" sentence="0" number="31">左</token>
  <token t_id="33" sentence="0" number="32">右</token>
  <token t_id="34" sentence="0" number="33">，</token>
  <token t_id="35" sentence="0" number="34">恭</token>
  <token t_id="36" sentence="0" number="35">城</token>
  <token t_id="37" sentence="0" number="36">瑶</token>
  <token t_id="38" sentence="0" number="37">族</token>
  <token t_id="39" sentence="0" number="38">自</token>
  <token t_id="40" sentence="0" number="39">治</token>
  <token t_id="41" sentence="0" number="40">县</token>
  <token t_id="42" sentence="0" number="41">栗</token>
  <token t_id="43" sentence="0" number="42">木</token>
  <token t_id="44" sentence="0" number="43">镇</token>
  <token t_id="45" sentence="0" number="44">五</token>
  <token t_id="46" sentence="0" number="45">福</token>
  <token t_id="47" sentence="0" number="46">村</token>
  <token t_id="48" sentence="0" number="47">发</token>
  <token t_id="49" sentence="0" number="48">生</token>
  <token t_id="50" sentence="0" number="49">一</token>
  <token t_id="51" sentence="0" number="50">起</token>
  <token t_id="52" sentence="0" number="51">客</token>
  <token t_id="53" sentence="0" number="52">车</token>
  <token t_id="54" sentence="0" number="53">与</token>
  <token t_id="55" sentence="0" number="54">摩</token>
  <token t_id="56" sentence="0" number="55">托</token>
  <token t_id="57" sentence="0" number="56">车</token>
  <token t_id="58" sentence="0" number="57">相</token>
  <token t_id="59" sentence="0" number="58">撞</token>
  <token t_id="60" sentence="0" number="59">的</token>
  <token t_id="61" sentence="0" number="60">道</token>
  <token t_id="62" sentence="0" number="61">路</token>
  <token t_id="63" sentence="0" number="62">交</token>
  <token t_id="64" sentence="0" number="63">通</token>
  <token t_id="65" sentence="0" number="64">事</token>
  <token t_id="66" sentence="0" number="65">故</token>
  <token t_id="67" sentence="0" number="66">，</token>
  <token t_id="68" sentence="0" number="67">造</token>
  <token t_id="69" sentence="0" number="68">成</token>
  <token t_id="70" sentence="0" number="69">３</token>
  <token t_id="71" sentence="0" number="70">人</token>
  <token t_id="72" sentence="0" number="71">死</token>
  <token t_id="73" sentence="0" number="72">亡</token>
  <token t_id="74" sentence="0" number="73">。</token>
  <token t_id="75" sentence="1" number="0">通</token>
  <token t_id="76" sentence="1" number="1">报</token>
  <token t_id="77" sentence="1" number="2">称</token>
  <token t_id="78" sentence="1" number="3">，</token>
  <token t_id="79" sentence="1" number="4">事</token>
  <token t_id="80" sentence="1" number="5">发</token>
  <token t_id="81" sentence="1" number="6">时</token>
  <token t_id="82" sentence="1" number="7">，</token>
  <token t_id="83" sentence="1" number="8">一</token>
  <token t_id="84" sentence="1" number="9">辆</token>
  <token t_id="85" sentence="1" number="10">大</token>
  <token t_id="86" sentence="1" number="11">型</token>
  <token t_id="87" sentence="1" number="12">客</token>
  <token t_id="88" sentence="1" number="13">车</token>
  <token t_id="89" sentence="1" number="14">由</token>
  <token t_id="90" sentence="1" number="15">桂</token>
  <token t_id="91" sentence="1" number="16">林</token>
  <token t_id="92" sentence="1" number="17">市</token>
  <token t_id="93" sentence="1" number="18">全</token>
  <token t_id="94" sentence="1" number="19">州</token>
  <token t_id="95" sentence="1" number="20">县</token>
  <token t_id="96" sentence="1" number="21">往</token>
  <token t_id="97" sentence="1" number="22">恭</token>
  <token t_id="98" sentence="1" number="23">城</token>
  <token t_id="99" sentence="1" number="24">方</token>
  <token t_id="100" sentence="1" number="25">向</token>
  <token t_id="101" sentence="1" number="26">行</token>
  <token t_id="102" sentence="1" number="27">驶</token>
  <token t_id="103" sentence="1" number="28">，</token>
  <token t_id="104" sentence="1" number="29">行</token>
  <token t_id="105" sentence="1" number="30">至</token>
  <token t_id="106" sentence="1" number="31">Ｓ</token>
  <token t_id="107" sentence="1" number="32">２</token>
  <token t_id="108" sentence="1" number="33">０</token>
  <token t_id="109" sentence="1" number="34">１</token>
  <token t_id="110" sentence="1" number="35">省</token>
  <token t_id="111" sentence="1" number="36">道</token>
  <token t_id="112" sentence="1" number="37">１</token>
  <token t_id="113" sentence="1" number="38">３</token>
  <token t_id="114" sentence="1" number="39">１</token>
  <token t_id="115" sentence="1" number="40">Ｋ</token>
  <token t_id="116" sentence="1" number="41">Ｍ</token>
  <token t_id="117" sentence="1" number="42">＋</token>
  <token t_id="118" sentence="1" number="43">４</token>
  <token t_id="119" sentence="1" number="44">０</token>
  <token t_id="120" sentence="1" number="45">０</token>
  <token t_id="121" sentence="1" number="46">Ｍ</token>
  <token t_id="122" sentence="1" number="47">时</token>
  <token t_id="123" sentence="1" number="48">，</token>
  <token t_id="124" sentence="1" number="49">与</token>
  <token t_id="125" sentence="1" number="50">一</token>
  <token t_id="126" sentence="1" number="51">辆</token>
  <token t_id="127" sentence="1" number="52">对</token>
  <token t_id="128" sentence="1" number="53">向</token>
  <token t_id="129" sentence="1" number="54">行</token>
  <token t_id="130" sentence="1" number="55">驶</token>
  <token t_id="131" sentence="1" number="56">的</token>
  <token t_id="132" sentence="1" number="57">二</token>
  <token t_id="133" sentence="1" number="58">轮</token>
  <token t_id="134" sentence="1" number="59">摩</token>
  <token t_id="135" sentence="1" number="60">托</token>
  <token t_id="136" sentence="1" number="61">车</token>
  <token t_id="137" sentence="1" number="62">相</token>
  <token t_id="138" sentence="1" number="63">撞</token>
  <token t_id="139" sentence="1" number="64">，</token>
  <token t_id="140" sentence="1" number="65">造</token>
  <token t_id="141" sentence="1" number="66">成</token>
  <token t_id="142" sentence="1" number="67">摩</token>
  <token t_id="143" sentence="1" number="68">托</token>
  <token t_id="144" sentence="1" number="69">车</token>
  <token t_id="145" sentence="1" number="70">驾</token>
  <token t_id="146" sentence="1" number="71">乘</token>
  <token t_id="147" sentence="1" number="72">人</token>
  <token t_id="148" sentence="1" number="73">员</token>
  <token t_id="149" sentence="1" number="74">３</token>
  <token t_id="150" sentence="1" number="75">人</token>
  <token t_id="151" sentence="1" number="76">死</token>
  <token t_id="152" sentence="1" number="77">亡</token>
  <token t_id="153" sentence="1" number="78">，</token>
  <token t_id="154" sentence="1" number="79">双</token>
  <token t_id="155" sentence="1" number="80">方</token>
  <token t_id="156" sentence="1" number="81">车</token>
  <token t_id="157" sentence="1" number="82">辆</token>
  <token t_id="158" sentence="1" number="83">不</token>
  <token t_id="159" sentence="1" number="84">同</token>
  <token t_id="160" sentence="1" number="85">程</token>
  <token t_id="161" sentence="1" number="86">度</token>
  <token t_id="162" sentence="1" number="87">损</token>
  <token t_id="163" sentence="1" number="88">坏</token>
  <token t_id="164" sentence="1" number="89">。</token>
  <token t_id="165" sentence="2" number="0">接</token>
  <token t_id="166" sentence="2" number="1">报</token>
  <token t_id="167" sentence="2" number="2">后</token>
  <token t_id="168" sentence="2" number="3">，</token>
  <token t_id="169" sentence="2" number="4">恭</token>
  <token t_id="170" sentence="2" number="5">城</token>
  <token t_id="171" sentence="2" number="6">县</token>
  <token t_id="172" sentence="2" number="7">有</token>
  <token t_id="173" sentence="2" number="8">关</token>
  <token t_id="174" sentence="2" number="9">部</token>
  <token t_id="175" sentence="2" number="10">门</token>
  <token t_id="176" sentence="2" number="11">相</token>
  <token t_id="177" sentence="2" number="12">关</token>
  <token t_id="178" sentence="2" number="13">人</token>
  <token t_id="179" sentence="2" number="14">员</token>
  <token t_id="180" sentence="2" number="15">迅</token>
  <token t_id="181" sentence="2" number="16">速</token>
  <token t_id="182" sentence="2" number="17">赶</token>
  <token t_id="183" sentence="2" number="18">到</token>
  <token t_id="184" sentence="2" number="19">现</token>
  <token t_id="185" sentence="2" number="20">场</token>
  <token t_id="186" sentence="2" number="21">开</token>
  <token t_id="187" sentence="2" number="22">展</token>
  <token t_id="188" sentence="2" number="23">救</token>
  <token t_id="189" sentence="2" number="24">援</token>
  <token t_id="190" sentence="2" number="25">工</token>
  <token t_id="191" sentence="2" number="26">作</token>
  <token t_id="192" sentence="2" number="27">。</token>
  <token t_id="193" sentence="3" number="0">目</token>
  <token t_id="194" sentence="3" number="1">前</token>
  <token t_id="195" sentence="3" number="2">道</token>
  <token t_id="196" sentence="3" number="3">路</token>
  <token t_id="197" sentence="3" number="4">交</token>
  <token t_id="198" sentence="3" number="5">通</token>
  <token t_id="199" sentence="3" number="6">已</token>
  <token t_id="200" sentence="3" number="7">恢</token>
  <token t_id="201" sentence="3" number="8">复</token>
  <token t_id="202" sentence="3" number="9">通</token>
  <token t_id="203" sentence="3" number="10">畅</token>
  <token t_id="204" sentence="3" number="11">，</token>
  <token t_id="205" sentence="3" number="12">事</token>
  <token t_id="206" sentence="3" number="13">故</token>
  <token t_id="207" sentence="3" number="14">原</token>
  <token t_id="208" sentence="3" number="15">因</token>
  <token t_id="209" sentence="3" number="16">正</token>
  <token t_id="210" sentence="3" number="17">在</token>
  <token t_id="211" sentence="3" number="18">调</token>
  <token t_id="212" sentence="3" number="19">查</token>
  <token t_id="213" sentence="3" number="20">当</token>
  <token t_id="214" sentence="3" number="21">中</token>
  <Markables>
    <ACTION m_id="20820" comment="">
      <token_anchor t_id="20" />
      <token_anchor t_id="21" />
    </ACTION>
    <ACTION m_id="20821" comment="">
      <token_anchor t_id="58" />
      <token_anchor t_id="59" />
    </ACTION>
    <ACTION m_id="20822" comment="">
      <token_anchor t_id="63" />
      <token_anchor t_id="64" />
      <token_anchor t_id="65" />
      <token_anchor t_id="66" />
    </ACTION>
    <ACTION_CAUSATIVE m_id="20823" comment="">
      <token_anchor t_id="68" />
      <token_anchor t_id="69" />
    </ACTION_CAUSATIVE>
    <ACTION m_id="20824" comment="">
      <token_anchor t_id="72" />
      <token_anchor t_id="73" />
    </ACTION>
    <ACTION m_id="20825" comment="">
      <token_anchor t_id="77" />
    </ACTION>
    <ACTION m_id="20827" comment="">
      <token_anchor t_id="104" />
      <token_anchor t_id="105" />
    </ACTION>
    <ACTION m_id="20828" comment="">
      <token_anchor t_id="137" />
      <token_anchor t_id="138" />
    </ACTION>
    <ACTION_CAUSATIVE m_id="20829" comment="">
      <token_anchor t_id="140" />
      <token_anchor t_id="141" />
    </ACTION_CAUSATIVE>
    <ACTION m_id="20830" comment="">
      <token_anchor t_id="151" />
      <token_anchor t_id="152" />
    </ACTION>
    <ACTION m_id="20831" comment="">
      <token_anchor t_id="162" />
      <token_anchor t_id="163" />
    </ACTION>
    <ACTION m_id="20832" comment="">
      <token_anchor t_id="165" />
      <token_anchor t_id="166" />
    </ACTION>
    <ACTION m_id="20833" comment="">
      <token_anchor t_id="182" />
      <token_anchor t_id="183" />
      <token_anchor t_id="184" />
      <token_anchor t_id="185" />
    </ACTION>
    <ACTION m_id="20834" comment="">
      <token_anchor t_id="188" />
      <token_anchor t_id="189" />
    </ACTION>
    <ACTION m_id="20835" comment="">
      <token_anchor t_id="200" />
      <token_anchor t_id="201" />
    </ACTION>
    <ACTION m_id="20836" comment="">
      <token_anchor t_id="211" />
      <token_anchor t_id="212" />
    </ACTION>
  </Markables>
  <Relations>
    <PLOT_LINK r_id="633" SIGNAL="" relType="causation" CAUSES="FALSE" CAUSED_BY="FALSE">
      <source m_id="20821" />
      <target m_id="20822" />
    </PLOT_LINK>
    <PLOT_LINK r_id="634" SIGNAL="" relType="causation" CAUSES="FALSE" CAUSED_BY="FALSE">
      <source m_id="20821" />
      <target m_id="20824" />
    </PLOT_LINK>
    <PLOT_LINK r_id="635" SIGNAL="" relType="causation" CAUSES="FALSE" CAUSED_BY="FALSE">
      <source m_id="20822" />
      <target m_id="20824" />
    </PLOT_LINK>
    <PLOT_LINK r_id="636" SIGNAL="" relType="causation" CAUSES="FALSE" CAUSED_BY="FALSE">
      <source m_id="20828" />
      <target m_id="20830" />
    </PLOT_LINK>
    <PLOT_LINK r_id="637" SIGNAL="" relType="causation" CAUSES="FALSE" CAUSED_BY="FALSE">
      <source m_id="20828" />
      <target m_id="20831" />
    </PLOT_LINK>
  </Relations>
</Document>