<?xml version="1.0" encoding="UTF-8"?>
<Document doc_name="2064_ecbplus.xml.xml">
  <token t_id="1" sentence="0" number="0">记</token>
  <token t_id="2" sentence="0" number="1">者</token>
  <token t_id="3" sentence="0" number="2">从</token>
  <token t_id="4" sentence="0" number="3">青</token>
  <token t_id="5" sentence="0" number="4">海</token>
  <token t_id="6" sentence="0" number="5">省</token>
  <token t_id="7" sentence="0" number="6">公</token>
  <token t_id="8" sentence="0" number="7">安</token>
  <token t_id="9" sentence="0" number="8">厅</token>
  <token t_id="10" sentence="0" number="9">交</token>
  <token t_id="11" sentence="0" number="10">警</token>
  <token t_id="12" sentence="0" number="11">总</token>
  <token t_id="13" sentence="0" number="12">队</token>
  <token t_id="14" sentence="0" number="13">获</token>
  <token t_id="15" sentence="0" number="14">悉</token>
  <token t_id="16" sentence="0" number="15">，</token>
  <token t_id="17" sentence="0" number="16">4</token>
  <token t_id="18" sentence="0" number="17">日</token>
  <token t_id="19" sentence="0" number="18">中</token>
  <token t_id="20" sentence="0" number="19">午</token>
  <token t_id="21" sentence="0" number="20">1</token>
  <token t_id="22" sentence="0" number="21">2</token>
  <token t_id="23" sentence="0" number="22">时</token>
  <token t_id="24" sentence="0" number="23">在</token>
  <token t_id="25" sentence="0" number="24">青</token>
  <token t_id="26" sentence="0" number="25">海</token>
  <token t_id="27" sentence="0" number="26">海</token>
  <token t_id="28" sentence="0" number="27">西</token>
  <token t_id="29" sentence="0" number="28">蒙</token>
  <token t_id="30" sentence="0" number="29">古</token>
  <token t_id="31" sentence="0" number="30">族</token>
  <token t_id="32" sentence="0" number="31">藏</token>
  <token t_id="33" sentence="0" number="32">族</token>
  <token t_id="34" sentence="0" number="33">自</token>
  <token t_id="35" sentence="0" number="34">治</token>
  <token t_id="36" sentence="0" number="35">州</token>
  <token t_id="37" sentence="0" number="36">乌</token>
  <token t_id="38" sentence="0" number="37">兰</token>
  <token t_id="39" sentence="0" number="38">县</token>
  <token t_id="40" sentence="0" number="39">境</token>
  <token t_id="41" sentence="0" number="40">内</token>
  <token t_id="42" sentence="0" number="41">发</token>
  <token t_id="43" sentence="0" number="42">生</token>
  <token t_id="44" sentence="0" number="43">的</token>
  <token t_id="45" sentence="0" number="44">较</token>
  <token t_id="46" sentence="0" number="45">大</token>
  <token t_id="47" sentence="0" number="46">道</token>
  <token t_id="48" sentence="0" number="47">路</token>
  <token t_id="49" sentence="0" number="48">交</token>
  <token t_id="50" sentence="0" number="49">通</token>
  <token t_id="51" sentence="0" number="50">事</token>
  <token t_id="52" sentence="0" number="51">故</token>
  <token t_id="53" sentence="0" number="52">目</token>
  <token t_id="54" sentence="0" number="53">前</token>
  <token t_id="55" sentence="0" number="54">已</token>
  <token t_id="56" sentence="0" number="55">造</token>
  <token t_id="57" sentence="0" number="56">成</token>
  <token t_id="58" sentence="0" number="57">7</token>
  <token t_id="59" sentence="0" number="58">人</token>
  <token t_id="60" sentence="0" number="59">死</token>
  <token t_id="61" sentence="0" number="60">亡</token>
  <token t_id="62" sentence="0" number="61">，</token>
  <token t_id="63" sentence="0" number="62">5</token>
  <token t_id="64" sentence="0" number="63">人</token>
  <token t_id="65" sentence="0" number="64">受</token>
  <token t_id="66" sentence="0" number="65">伤</token>
  <token t_id="67" sentence="0" number="66">，</token>
  <token t_id="68" sentence="0" number="67">还</token>
  <token t_id="69" sentence="0" number="68">有</token>
  <token t_id="70" sentence="0" number="69">3</token>
  <token t_id="71" sentence="0" number="70">1</token>
  <token t_id="72" sentence="0" number="71">人</token>
  <token t_id="73" sentence="0" number="72">正</token>
  <token t_id="74" sentence="0" number="73">在</token>
  <token t_id="75" sentence="0" number="74">留</token>
  <token t_id="76" sentence="0" number="75">院</token>
  <token t_id="77" sentence="0" number="76">观</token>
  <token t_id="78" sentence="0" number="77">察</token>
  <token t_id="79" sentence="0" number="78">。</token>
  <token t_id="80" sentence="1" number="0">据</token>
  <token t_id="81" sentence="1" number="1">警</token>
  <token t_id="82" sentence="1" number="2">方</token>
  <token t_id="83" sentence="1" number="3">初</token>
  <token t_id="84" sentence="1" number="4">步</token>
  <token t_id="85" sentence="1" number="5">调</token>
  <token t_id="86" sentence="1" number="6">查</token>
  <token t_id="87" sentence="1" number="7">，</token>
  <token t_id="88" sentence="1" number="8">车</token>
  <token t_id="89" sentence="1" number="9">牌</token>
  <token t_id="90" sentence="1" number="10">为</token>
  <token t_id="91" sentence="1" number="11">豫</token>
  <token t_id="92" sentence="1" number="12">N</token>
  <token t_id="93" sentence="1" number="13">5</token>
  <token t_id="94" sentence="1" number="14">9</token>
  <token t_id="95" sentence="1" number="15">2</token>
  <token t_id="96" sentence="1" number="16">7</token>
  <token t_id="97" sentence="1" number="17">9</token>
  <token t_id="98" sentence="1" number="18">的</token>
  <token t_id="99" sentence="1" number="19">解</token>
  <token t_id="100" sentence="1" number="20">放</token>
  <token t_id="101" sentence="1" number="21">牌</token>
  <token t_id="102" sentence="1" number="22">重</token>
  <token t_id="103" sentence="1" number="23">型</token>
  <token t_id="104" sentence="1" number="24">半</token>
  <token t_id="105" sentence="1" number="25">挂</token>
  <token t_id="106" sentence="1" number="26">牵</token>
  <token t_id="107" sentence="1" number="27">引</token>
  <token t_id="108" sentence="1" number="28">车</token>
  <token t_id="109" sentence="1" number="29">沿</token>
  <token t_id="110" sentence="1" number="30">国</token>
  <token t_id="111" sentence="1" number="31">道</token>
  <token t_id="112" sentence="1" number="32">1</token>
  <token t_id="113" sentence="1" number="33">0</token>
  <token t_id="114" sentence="1" number="34">9</token>
  <token t_id="115" sentence="1" number="35">线</token>
  <token t_id="116" sentence="1" number="36">驶</token>
  <token t_id="117" sentence="1" number="37">往</token>
  <token t_id="118" sentence="1" number="38">西</token>
  <token t_id="119" sentence="1" number="39">宁</token>
  <token t_id="120" sentence="1" number="40">方</token>
  <token t_id="121" sentence="1" number="41">向</token>
  <token t_id="122" sentence="1" number="42">，</token>
  <token t_id="123" sentence="1" number="43">车</token>
  <token t_id="124" sentence="1" number="44">辆</token>
  <token t_id="125" sentence="1" number="45">失</token>
  <token t_id="126" sentence="1" number="46">控</token>
  <token t_id="127" sentence="1" number="47">后</token>
  <token t_id="128" sentence="1" number="48">连</token>
  <token t_id="129" sentence="1" number="49">续</token>
  <token t_id="130" sentence="1" number="50">撞</token>
  <token t_id="131" sentence="1" number="51">向</token>
  <token t_id="132" sentence="1" number="52">因</token>
  <token t_id="133" sentence="1" number="53">故</token>
  <token t_id="134" sentence="1" number="54">障</token>
  <token t_id="135" sentence="1" number="55">停</token>
  <token t_id="136" sentence="1" number="56">在</token>
  <token t_id="137" sentence="1" number="57">路</token>
  <token t_id="138" sentence="1" number="58">边</token>
  <token t_id="139" sentence="1" number="59">的</token>
  <token t_id="140" sentence="1" number="60">一</token>
  <token t_id="141" sentence="1" number="61">辆</token>
  <token t_id="142" sentence="1" number="62">货</token>
  <token t_id="143" sentence="1" number="63">车</token>
  <token t_id="144" sentence="1" number="64">、</token>
  <token t_id="145" sentence="1" number="65">两</token>
  <token t_id="146" sentence="1" number="66">辆</token>
  <token t_id="147" sentence="1" number="67">重</token>
  <token t_id="148" sentence="1" number="68">型</token>
  <token t_id="149" sentence="1" number="69">非</token>
  <token t_id="150" sentence="1" number="70">载</token>
  <token t_id="151" sentence="1" number="71">货</token>
  <token t_id="152" sentence="1" number="72">专</token>
  <token t_id="153" sentence="1" number="73">项</token>
  <token t_id="154" sentence="1" number="74">作</token>
  <token t_id="155" sentence="1" number="75">业</token>
  <token t_id="156" sentence="1" number="76">车</token>
  <token t_id="157" sentence="1" number="77">、</token>
  <token t_id="158" sentence="1" number="78">两</token>
  <token t_id="159" sentence="1" number="79">辆</token>
  <token t_id="160" sentence="1" number="80">小</token>
  <token t_id="161" sentence="1" number="81">轿</token>
  <token t_id="162" sentence="1" number="82">车</token>
  <token t_id="163" sentence="1" number="83">和</token>
  <token t_id="164" sentence="1" number="84">一</token>
  <token t_id="165" sentence="1" number="85">辆</token>
  <token t_id="166" sentence="1" number="86">载</token>
  <token t_id="167" sentence="1" number="87">有</token>
  <token t_id="168" sentence="1" number="88">乘</token>
  <token t_id="169" sentence="1" number="89">客</token>
  <token t_id="170" sentence="1" number="90">的</token>
  <token t_id="171" sentence="1" number="91">大</token>
  <token t_id="172" sentence="1" number="92">型</token>
  <token t_id="173" sentence="1" number="93">普</token>
  <token t_id="174" sentence="1" number="94">通</token>
  <token t_id="175" sentence="1" number="95">客</token>
  <token t_id="176" sentence="1" number="96">车</token>
  <token t_id="177" sentence="1" number="97">，</token>
  <token t_id="178" sentence="1" number="98">造</token>
  <token t_id="179" sentence="1" number="99">成</token>
  <token t_id="180" sentence="1" number="100">6</token>
  <token t_id="181" sentence="1" number="101">人</token>
  <token t_id="182" sentence="1" number="102">当</token>
  <token t_id="183" sentence="1" number="103">场</token>
  <token t_id="184" sentence="1" number="104">死</token>
  <token t_id="185" sentence="1" number="105">亡</token>
  <token t_id="186" sentence="1" number="106">，</token>
  <token t_id="187" sentence="1" number="107">1</token>
  <token t_id="188" sentence="1" number="108">人</token>
  <token t_id="189" sentence="1" number="109">经</token>
  <token t_id="190" sentence="1" number="110">医</token>
  <token t_id="191" sentence="1" number="111">院</token>
  <token t_id="192" sentence="1" number="112">抢</token>
  <token t_id="193" sentence="1" number="113">救</token>
  <token t_id="194" sentence="1" number="114">无</token>
  <token t_id="195" sentence="1" number="115">效</token>
  <token t_id="196" sentence="1" number="116">死</token>
  <token t_id="197" sentence="1" number="117">亡</token>
  <token t_id="198" sentence="1" number="118">，</token>
  <token t_id="199" sentence="1" number="119">5</token>
  <token t_id="200" sentence="1" number="120">人</token>
  <token t_id="201" sentence="1" number="121">受</token>
  <token t_id="202" sentence="1" number="122">伤</token>
  <token t_id="203" sentence="1" number="123">。</token>
  <token t_id="204" sentence="2" number="0">目</token>
  <token t_id="205" sentence="2" number="1">前</token>
  <token t_id="206" sentence="2" number="2">，</token>
  <token t_id="207" sentence="2" number="3">肇</token>
  <token t_id="208" sentence="2" number="4">事</token>
  <token t_id="209" sentence="2" number="5">车</token>
  <token t_id="210" sentence="2" number="6">辆</token>
  <token t_id="211" sentence="2" number="7">内</token>
  <token t_id="212" sentence="2" number="8">2</token>
  <token t_id="213" sentence="2" number="9">人</token>
  <token t_id="214" sentence="2" number="10">均</token>
  <token t_id="215" sentence="2" number="11">已</token>
  <token t_id="216" sentence="2" number="12">死</token>
  <token t_id="217" sentence="2" number="13">亡</token>
  <token t_id="218" sentence="2" number="14">，</token>
  <token t_id="219" sentence="2" number="15">事</token>
  <token t_id="220" sentence="2" number="16">故</token>
  <token t_id="221" sentence="2" number="17">原</token>
  <token t_id="222" sentence="2" number="18">因</token>
  <token t_id="223" sentence="2" number="19">正</token>
  <token t_id="224" sentence="2" number="20">在</token>
  <token t_id="225" sentence="2" number="21">调</token>
  <token t_id="226" sentence="2" number="22">查</token>
  <token t_id="227" sentence="2" number="23">中</token>
  <Markables>
    <ACTION m_id="20865" comment="">
      <token_anchor t_id="14" />
      <token_anchor t_id="15" />
    </ACTION>
    <ACTION m_id="20866" comment="">
      <token_anchor t_id="49" />
      <token_anchor t_id="50" />
      <token_anchor t_id="51" />
      <token_anchor t_id="52" />
    </ACTION>
    <ACTION_CAUSATIVE m_id="20867" comment="">
      <token_anchor t_id="56" />
      <token_anchor t_id="57" />
    </ACTION_CAUSATIVE>
    <ACTION m_id="20868" comment="">
      <token_anchor t_id="60" />
      <token_anchor t_id="61" />
    </ACTION>
    <ACTION m_id="20869" comment="">
      <token_anchor t_id="65" />
      <token_anchor t_id="66" />
    </ACTION>
    <ACTION m_id="20870" comment="">
      <token_anchor t_id="75" />
      <token_anchor t_id="76" />
    </ACTION>
    <ACTION m_id="20871" comment="">
      <token_anchor t_id="77" />
      <token_anchor t_id="78" />
    </ACTION>
    <ACTION m_id="20872" comment="">
      <token_anchor t_id="85" />
      <token_anchor t_id="86" />
    </ACTION>
    <ACTION m_id="20874" comment="">
      <token_anchor t_id="125" />
      <token_anchor t_id="126" />
    </ACTION>
    <ACTION m_id="20875" comment="">
      <token_anchor t_id="130" />
      <token_anchor t_id="131" />
    </ACTION>
    <ACTION_CAUSATIVE m_id="20876" comment="">
      <token_anchor t_id="132" />
    </ACTION_CAUSATIVE>
    <ACTION m_id="20878" comment="">
      <token_anchor t_id="135" />
      <token_anchor t_id="136" />
      <token_anchor t_id="137" />
      <token_anchor t_id="138" />
    </ACTION>
    <ACTION_CAUSATIVE m_id="20879" comment="">
      <token_anchor t_id="178" />
      <token_anchor t_id="179" />
    </ACTION_CAUSATIVE>
    <ACTION m_id="20880" comment="">
      <token_anchor t_id="184" />
      <token_anchor t_id="185" />
    </ACTION>
    <ACTION m_id="20881" comment="">
      <token_anchor t_id="192" />
      <token_anchor t_id="193" />
      <token_anchor t_id="194" />
      <token_anchor t_id="195" />
    </ACTION>
    <ACTION m_id="20882" comment="">
      <token_anchor t_id="196" />
      <token_anchor t_id="197" />
    </ACTION>
    <ACTION m_id="20883" comment="">
      <token_anchor t_id="201" />
      <token_anchor t_id="202" />
    </ACTION>
    <ACTION m_id="20884" comment="">
      <token_anchor t_id="216" />
      <token_anchor t_id="217" />
    </ACTION>
    <ACTION m_id="20885" comment="">
      <token_anchor t_id="225" />
      <token_anchor t_id="226" />
    </ACTION>
    <ACTION m_id="20886" comment="">
      <token_anchor t_id="133" />
      <token_anchor t_id="134" />
    </ACTION>
  </Markables>
  <Relations>
    <PLOT_LINK r_id="643" SIGNAL="" relType="causation" CAUSES="FALSE" CAUSED_BY="FALSE">
      <source m_id="20866" />
      <target m_id="20868" />
    </PLOT_LINK>
    <PLOT_LINK r_id="644" SIGNAL="" relType="causation" CAUSES="FALSE" CAUSED_BY="FALSE">
      <source m_id="20866" />
      <target m_id="20869" />
    </PLOT_LINK>
    <PLOT_LINK r_id="645" SIGNAL="" relType="causation" CAUSES="FALSE" CAUSED_BY="FALSE">
      <source m_id="20874" />
      <target m_id="20875" />
    </PLOT_LINK>
    <PLOT_LINK r_id="646" SIGNAL="" relType="causation" CAUSES="FALSE" CAUSED_BY="FALSE">
      <source m_id="20886" />
      <target m_id="20878" />
    </PLOT_LINK>
    <PLOT_LINK r_id="647" SIGNAL="" relType="causation" CAUSES="FALSE" CAUSED_BY="FALSE">
      <source m_id="20875" />
      <target m_id="20880" />
    </PLOT_LINK>
    <PLOT_LINK r_id="648" SIGNAL="" relType="causation" CAUSES="FALSE" CAUSED_BY="FALSE">
      <source m_id="20881" />
      <target m_id="20882" />
    </PLOT_LINK>
    <PLOT_LINK r_id="649" SIGNAL="" relType="causation" CAUSES="FALSE" CAUSED_BY="FALSE">
      <source m_id="20875" />
      <target m_id="20882" />
    </PLOT_LINK>
    <PLOT_LINK r_id="650" SIGNAL="" relType="causation" CAUSES="FALSE" CAUSED_BY="FALSE">
      <source m_id="20875" />
      <target m_id="20883" />
    </PLOT_LINK>
  </Relations>
</Document>