<?xml version="1.0" encoding="UTF-8"?>
<Document doc_name="2080_ecbplus.xml.xml">
  <token t_id="1" sentence="0" number="0">2</token>
  <token t_id="2" sentence="0" number="1">0</token>
  <token t_id="3" sentence="0" number="2">日</token>
  <token t_id="4" sentence="0" number="3">中</token>
  <token t_id="5" sentence="0" number="4">午</token>
  <token t_id="6" sentence="0" number="5">1</token>
  <token t_id="7" sentence="0" number="6">2</token>
  <token t_id="8" sentence="0" number="7">点</token>
  <token t_id="9" sentence="0" number="8">3</token>
  <token t_id="10" sentence="0" number="9">0</token>
  <token t_id="11" sentence="0" number="10">分</token>
  <token t_id="12" sentence="0" number="11">左</token>
  <token t_id="13" sentence="0" number="12">右</token>
  <token t_id="14" sentence="0" number="13">，</token>
  <token t_id="15" sentence="0" number="14">东</token>
  <token t_id="16" sentence="0" number="15">方</token>
  <token t_id="17" sentence="0" number="16">市</token>
  <token t_id="18" sentence="0" number="17">琼</token>
  <token t_id="19" sentence="0" number="18">西</token>
  <token t_id="20" sentence="0" number="19">路</token>
  <token t_id="21" sentence="0" number="20">琼</token>
  <token t_id="22" sentence="0" number="21">西</token>
  <token t_id="23" sentence="0" number="22">医</token>
  <token t_id="24" sentence="0" number="23">院</token>
  <token t_id="25" sentence="0" number="24">对</token>
  <token t_id="26" sentence="0" number="25">面</token>
  <token t_id="27" sentence="0" number="26">附</token>
  <token t_id="28" sentence="0" number="27">近</token>
  <token t_id="29" sentence="0" number="28">发</token>
  <token t_id="30" sentence="0" number="29">生</token>
  <token t_id="31" sentence="0" number="30">一</token>
  <token t_id="32" sentence="0" number="31">起</token>
  <token t_id="33" sentence="0" number="32">交</token>
  <token t_id="34" sentence="0" number="33">通</token>
  <token t_id="35" sentence="0" number="34">事</token>
  <token t_id="36" sentence="0" number="35">故</token>
  <token t_id="37" sentence="0" number="36">，</token>
  <token t_id="38" sentence="0" number="37">一</token>
  <token t_id="39" sentence="0" number="38">辆</token>
  <token t_id="40" sentence="0" number="39">油</token>
  <token t_id="41" sentence="0" number="40">罐</token>
  <token t_id="42" sentence="0" number="41">车</token>
  <token t_id="43" sentence="0" number="42">和</token>
  <token t_id="44" sentence="0" number="43">一</token>
  <token t_id="45" sentence="0" number="44">辆</token>
  <token t_id="46" sentence="0" number="45">电</token>
  <token t_id="47" sentence="0" number="46">动</token>
  <token t_id="48" sentence="0" number="47">车</token>
  <token t_id="49" sentence="0" number="48">相</token>
  <token t_id="50" sentence="0" number="49">撞</token>
  <token t_id="51" sentence="0" number="50">，</token>
  <token t_id="52" sentence="0" number="51">电</token>
  <token t_id="53" sentence="0" number="52">动</token>
  <token t_id="54" sentence="0" number="53">车</token>
  <token t_id="55" sentence="0" number="54">上</token>
  <token t_id="56" sentence="0" number="55">一</token>
  <token t_id="57" sentence="0" number="56">名</token>
  <token t_id="58" sentence="0" number="57">5</token>
  <token t_id="59" sentence="0" number="58">岁</token>
  <token t_id="60" sentence="0" number="59">女</token>
  <token t_id="61" sentence="0" number="60">童</token>
  <token t_id="62" sentence="0" number="61">被</token>
  <token t_id="63" sentence="0" number="62">碾</token>
  <token t_id="64" sentence="0" number="63">压</token>
  <token t_id="65" sentence="0" number="64">当</token>
  <token t_id="66" sentence="0" number="65">场</token>
  <token t_id="67" sentence="0" number="66">身</token>
  <token t_id="68" sentence="0" number="67">亡</token>
  <token t_id="69" sentence="0" number="68">。</token>
  <token t_id="70" sentence="1" number="0">据</token>
  <token t_id="71" sentence="1" number="1">东</token>
  <token t_id="72" sentence="1" number="2">方</token>
  <token t_id="73" sentence="1" number="3">市</token>
  <token t_id="74" sentence="1" number="4">交</token>
  <token t_id="75" sentence="1" number="5">警</token>
  <token t_id="76" sentence="1" number="6">大</token>
  <token t_id="77" sentence="1" number="7">队</token>
  <token t_id="78" sentence="1" number="8">负</token>
  <token t_id="79" sentence="1" number="9">责</token>
  <token t_id="80" sentence="1" number="10">人</token>
  <token t_id="81" sentence="1" number="11">介</token>
  <token t_id="82" sentence="1" number="12">绍</token>
  <token t_id="83" sentence="1" number="13">，</token>
  <token t_id="84" sentence="1" number="14">当</token>
  <token t_id="85" sentence="1" number="15">天</token>
  <token t_id="86" sentence="1" number="16">中</token>
  <token t_id="87" sentence="1" number="17">午</token>
  <token t_id="88" sentence="1" number="18">1</token>
  <token t_id="89" sentence="1" number="19">2</token>
  <token t_id="90" sentence="1" number="20">点</token>
  <token t_id="91" sentence="1" number="21">3</token>
  <token t_id="92" sentence="1" number="22">0</token>
  <token t_id="93" sentence="1" number="23">分</token>
  <token t_id="94" sentence="1" number="24">左</token>
  <token t_id="95" sentence="1" number="25">右</token>
  <token t_id="96" sentence="1" number="26">，</token>
  <token t_id="97" sentence="1" number="27">警</token>
  <token t_id="98" sentence="1" number="28">方</token>
  <token t_id="99" sentence="1" number="29">接</token>
  <token t_id="100" sentence="1" number="30">到</token>
  <token t_id="101" sentence="1" number="31">该</token>
  <token t_id="102" sentence="1" number="32">起</token>
  <token t_id="103" sentence="1" number="33">警</token>
  <token t_id="104" sentence="1" number="34">情</token>
  <token t_id="105" sentence="1" number="35">，</token>
  <token t_id="106" sentence="1" number="36">并</token>
  <token t_id="107" sentence="1" number="37">立</token>
  <token t_id="108" sentence="1" number="38">即</token>
  <token t_id="109" sentence="1" number="39">赶</token>
  <token t_id="110" sentence="1" number="40">赴</token>
  <token t_id="111" sentence="1" number="41">现</token>
  <token t_id="112" sentence="1" number="42">场</token>
  <token t_id="113" sentence="1" number="43">展</token>
  <token t_id="114" sentence="1" number="44">开</token>
  <token t_id="115" sentence="1" number="45">调</token>
  <token t_id="116" sentence="1" number="46">查</token>
  <token t_id="117" sentence="1" number="47">工</token>
  <token t_id="118" sentence="1" number="48">作</token>
  <token t_id="119" sentence="1" number="49">。</token>
  <token t_id="120" sentence="2" number="0">警</token>
  <token t_id="121" sentence="2" number="1">方</token>
  <token t_id="122" sentence="2" number="2">初</token>
  <token t_id="123" sentence="2" number="3">步</token>
  <token t_id="124" sentence="2" number="4">调</token>
  <token t_id="125" sentence="2" number="5">查</token>
  <token t_id="126" sentence="2" number="6">了</token>
  <token t_id="127" sentence="2" number="7">解</token>
  <token t_id="128" sentence="2" number="8">，</token>
  <token t_id="129" sentence="2" number="9">当</token>
  <token t_id="130" sentence="2" number="10">时</token>
  <token t_id="131" sentence="2" number="11">油</token>
  <token t_id="132" sentence="2" number="12">罐</token>
  <token t_id="133" sentence="2" number="13">车</token>
  <token t_id="134" sentence="2" number="14">正</token>
  <token t_id="135" sentence="2" number="15">由</token>
  <token t_id="136" sentence="2" number="16">北</token>
  <token t_id="137" sentence="2" number="17">往</token>
  <token t_id="138" sentence="2" number="18">南</token>
  <token t_id="139" sentence="2" number="19">方</token>
  <token t_id="140" sentence="2" number="20">向</token>
  <token t_id="141" sentence="2" number="21">行</token>
  <token t_id="142" sentence="2" number="22">驶</token>
  <token t_id="143" sentence="2" number="23">，</token>
  <token t_id="144" sentence="2" number="24">电</token>
  <token t_id="145" sentence="2" number="25">动</token>
  <token t_id="146" sentence="2" number="26">车</token>
  <token t_id="147" sentence="2" number="27">上</token>
  <token t_id="148" sentence="2" number="28">坐</token>
  <token t_id="149" sentence="2" number="29">着</token>
  <token t_id="150" sentence="2" number="30">两</token>
  <token t_id="151" sentence="2" number="31">个</token>
  <token t_id="152" sentence="2" number="32">人</token>
  <token t_id="153" sentence="2" number="33">，</token>
  <token t_id="154" sentence="2" number="34">发</token>
  <token t_id="155" sentence="2" number="35">生</token>
  <token t_id="156" sentence="2" number="36">事</token>
  <token t_id="157" sentence="2" number="37">故</token>
  <token t_id="158" sentence="2" number="38">时</token>
  <token t_id="159" sentence="2" number="39">，</token>
  <token t_id="160" sentence="2" number="40">电</token>
  <token t_id="161" sentence="2" number="41">动</token>
  <token t_id="162" sentence="2" number="42">车</token>
  <token t_id="163" sentence="2" number="43">上</token>
  <token t_id="164" sentence="2" number="44">一</token>
  <token t_id="165" sentence="2" number="45">名</token>
  <token t_id="166" sentence="2" number="46">5</token>
  <token t_id="167" sentence="2" number="47">岁</token>
  <token t_id="168" sentence="2" number="48">女</token>
  <token t_id="169" sentence="2" number="49">童</token>
  <token t_id="170" sentence="2" number="50">遭</token>
  <token t_id="171" sentence="2" number="51">油</token>
  <token t_id="172" sentence="2" number="52">罐</token>
  <token t_id="173" sentence="2" number="53">车</token>
  <token t_id="174" sentence="2" number="54">车</token>
  <token t_id="175" sentence="2" number="55">轮</token>
  <token t_id="176" sentence="2" number="56">碾</token>
  <token t_id="177" sentence="2" number="57">压</token>
  <token t_id="178" sentence="2" number="58">当</token>
  <token t_id="179" sentence="2" number="59">场</token>
  <token t_id="180" sentence="2" number="60">身</token>
  <token t_id="181" sentence="2" number="61">亡</token>
  <token t_id="182" sentence="2" number="62">，</token>
  <token t_id="183" sentence="2" number="63">至</token>
  <token t_id="184" sentence="2" number="64">于</token>
  <token t_id="185" sentence="2" number="65">两</token>
  <token t_id="186" sentence="2" number="66">车</token>
  <token t_id="187" sentence="2" number="67">是</token>
  <token t_id="188" sentence="2" number="68">如</token>
  <token t_id="189" sentence="2" number="69">何</token>
  <token t_id="190" sentence="2" number="70">撞</token>
  <token t_id="191" sentence="2" number="71">上</token>
  <token t_id="192" sentence="2" number="72">的</token>
  <token t_id="193" sentence="2" number="73">，</token>
  <token t_id="194" sentence="2" number="74">目</token>
  <token t_id="195" sentence="2" number="75">前</token>
  <token t_id="196" sentence="2" number="76">还</token>
  <token t_id="197" sentence="2" number="77">无</token>
  <token t_id="198" sentence="2" number="78">法</token>
  <token t_id="199" sentence="2" number="79">确</token>
  <token t_id="200" sentence="2" number="80">认</token>
  <token t_id="201" sentence="2" number="81">。</token>
  <token t_id="202" sentence="3" number="0">目</token>
  <token t_id="203" sentence="3" number="1">前</token>
  <token t_id="204" sentence="3" number="2">，</token>
  <token t_id="205" sentence="3" number="3">警</token>
  <token t_id="206" sentence="3" number="4">方</token>
  <token t_id="207" sentence="3" number="5">正</token>
  <token t_id="208" sentence="3" number="6">在</token>
  <token t_id="209" sentence="3" number="7">对</token>
  <token t_id="210" sentence="3" number="8">该</token>
  <token t_id="211" sentence="3" number="9">起</token>
  <token t_id="212" sentence="3" number="10">事</token>
  <token t_id="213" sentence="3" number="11">故</token>
  <token t_id="214" sentence="3" number="12">展</token>
  <token t_id="215" sentence="3" number="13">开</token>
  <token t_id="216" sentence="3" number="14">进</token>
  <token t_id="217" sentence="3" number="15">一</token>
  <token t_id="218" sentence="3" number="16">步</token>
  <token t_id="219" sentence="3" number="17">调</token>
  <token t_id="220" sentence="3" number="18">查</token>
  <Markables>
    <ACTION m_id="21184" comment="">
      <token_anchor t_id="33" />
      <token_anchor t_id="34" />
      <token_anchor t_id="35" />
      <token_anchor t_id="36" />
    </ACTION>
    <ACTION m_id="21185" comment="">
      <token_anchor t_id="49" />
      <token_anchor t_id="50" />
    </ACTION>
    <ACTION m_id="21186" comment="">
      <token_anchor t_id="63" />
      <token_anchor t_id="64" />
    </ACTION>
    <ACTION m_id="21187" comment="">
      <token_anchor t_id="67" />
      <token_anchor t_id="68" />
    </ACTION>
    <ACTION m_id="21188" comment="">
      <token_anchor t_id="81" />
      <token_anchor t_id="82" />
    </ACTION>
    <ACTION m_id="21189" comment="">
      <token_anchor t_id="99" />
      <token_anchor t_id="100" />
    </ACTION>
    <ACTION m_id="21190" comment="">
      <token_anchor t_id="109" />
      <token_anchor t_id="110" />
      <token_anchor t_id="111" />
      <token_anchor t_id="112" />
    </ACTION>
    <ACTION m_id="21191" comment="">
      <token_anchor t_id="115" />
      <token_anchor t_id="116" />
    </ACTION>
    <ACTION m_id="21192" comment="">
      <token_anchor t_id="126" />
      <token_anchor t_id="127" />
    </ACTION>
    <ACTION m_id="21193" comment="">
      <token_anchor t_id="141" />
      <token_anchor t_id="142" />
    </ACTION>
    <ACTION m_id="21194" comment="">
      <token_anchor t_id="154" />
      <token_anchor t_id="155" />
    </ACTION>
    <ACTION m_id="21195" comment="">
      <token_anchor t_id="176" />
      <token_anchor t_id="177" />
    </ACTION>
    <ACTION m_id="21196" comment="">
      <token_anchor t_id="180" />
      <token_anchor t_id="181" />
    </ACTION>
    <ACTION m_id="21197" comment="">
      <token_anchor t_id="190" />
      <token_anchor t_id="191" />
    </ACTION>
    <ACTION m_id="21198" comment="">
      <token_anchor t_id="199" />
      <token_anchor t_id="200" />
    </ACTION>
    <ACTION m_id="21199" comment="">
      <token_anchor t_id="219" />
      <token_anchor t_id="220" />
    </ACTION>
  </Markables>
  <Relations>
    <PLOT_LINK r_id="736" SIGNAL="" relType="causation" CAUSES="FALSE" CAUSED_BY="FALSE">
      <source m_id="21185" />
      <target m_id="21186" />
    </PLOT_LINK>
    <PLOT_LINK r_id="737" SIGNAL="" relType="causation" CAUSES="FALSE" CAUSED_BY="FALSE">
      <source m_id="21185" />
      <target m_id="21184" />
    </PLOT_LINK>
    <PLOT_LINK r_id="738" SIGNAL="" relType="causation" CAUSES="FALSE" CAUSED_BY="FALSE">
      <source m_id="21186" />
      <target m_id="21187" />
    </PLOT_LINK>
    <PLOT_LINK r_id="739" SIGNAL="" relType="causation" CAUSES="FALSE" CAUSED_BY="FALSE">
      <source m_id="21184" />
      <target m_id="21186" />
    </PLOT_LINK>
    <PLOT_LINK r_id="740" SIGNAL="" relType="causation" CAUSES="FALSE" CAUSED_BY="FALSE">
      <source m_id="21184" />
      <target m_id="21187" />
    </PLOT_LINK>
    <PLOT_LINK r_id="741" SIGNAL="" relType="causation" CAUSES="FALSE" CAUSED_BY="FALSE">
      <source m_id="21189" />
      <target m_id="21190" />
    </PLOT_LINK>
    <PLOT_LINK r_id="742" SIGNAL="" relType="causation" CAUSES="FALSE" CAUSED_BY="FALSE">
      <source m_id="21189" />
      <target m_id="21191" />
    </PLOT_LINK>
    <PLOT_LINK r_id="743" SIGNAL="" relType="causation" CAUSES="FALSE" CAUSED_BY="FALSE">
      <source m_id="21195" />
      <target m_id="21196" />
    </PLOT_LINK>
  </Relations>
</Document>