<?xml version="1.0" encoding="UTF-8"?>
<Document doc_name="2083_ecbplus.xml.xml">
  <token t_id="1" sentence="0" number="0">据</token>
  <token t_id="2" sentence="0" number="1">@</token>
  <token t_id="3" sentence="0" number="2">大</token>
  <token t_id="4" sentence="0" number="3">河</token>
  <token t_id="5" sentence="0" number="4">报</token>
  <token t_id="6" sentence="0" number="5">1</token>
  <token t_id="7" sentence="0" number="6">2</token>
  <token t_id="8" sentence="0" number="7">月</token>
  <token t_id="9" sentence="0" number="8">2</token>
  <token t_id="10" sentence="0" number="9">日</token>
  <token t_id="11" sentence="0" number="10">下</token>
  <token t_id="12" sentence="0" number="11">午</token>
  <token t_id="13" sentence="0" number="12">1</token>
  <token t_id="14" sentence="0" number="13">6</token>
  <token t_id="15" sentence="0" number="14">点</token>
  <token t_id="16" sentence="0" number="15">左</token>
  <token t_id="17" sentence="0" number="16">右</token>
  <token t_id="18" sentence="0" number="17">，</token>
  <token t_id="19" sentence="0" number="18">河</token>
  <token t_id="20" sentence="0" number="19">南</token>
  <token t_id="21" sentence="0" number="20">洛</token>
  <token t_id="22" sentence="0" number="21">阳</token>
  <token t_id="23" sentence="0" number="22">市</token>
  <token t_id="24" sentence="0" number="23">汝</token>
  <token t_id="25" sentence="0" number="24">阳</token>
  <token t_id="26" sentence="0" number="25">县</token>
  <token t_id="27" sentence="0" number="26">隆</token>
  <token t_id="28" sentence="0" number="27">盛</token>
  <token t_id="29" sentence="0" number="28">路</token>
  <token t_id="30" sentence="0" number="29">发</token>
  <token t_id="31" sentence="0" number="30">生</token>
  <token t_id="32" sentence="0" number="31">一</token>
  <token t_id="33" sentence="0" number="32">起</token>
  <token t_id="34" sentence="0" number="33">严</token>
  <token t_id="35" sentence="0" number="34">重</token>
  <token t_id="36" sentence="0" number="35">交</token>
  <token t_id="37" sentence="0" number="36">通</token>
  <token t_id="38" sentence="0" number="37">事</token>
  <token t_id="39" sentence="0" number="38">故</token>
  <token t_id="40" sentence="0" number="39">。</token>
  <token t_id="41" sentence="1" number="0">一</token>
  <token t_id="42" sentence="1" number="1">辆</token>
  <token t_id="43" sentence="1" number="2">拉</token>
  <token t_id="44" sentence="1" number="3">砖</token>
  <token t_id="45" sentence="1" number="4">三</token>
  <token t_id="46" sentence="1" number="5">轮</token>
  <token t_id="47" sentence="1" number="6">车</token>
  <token t_id="48" sentence="1" number="7">疑</token>
  <token t_id="49" sentence="1" number="8">似</token>
  <token t_id="50" sentence="1" number="9">刹</token>
  <token t_id="51" sentence="1" number="10">车</token>
  <token t_id="52" sentence="1" number="11">失</token>
  <token t_id="53" sentence="1" number="12">灵</token>
  <token t_id="54" sentence="1" number="13">，</token>
  <token t_id="55" sentence="1" number="14">撞</token>
  <token t_id="56" sentence="1" number="15">到</token>
  <token t_id="57" sentence="1" number="16">数</token>
  <token t_id="58" sentence="1" number="17">名</token>
  <token t_id="59" sentence="1" number="18">路</token>
  <token t_id="60" sentence="1" number="19">人</token>
  <token t_id="61" sentence="1" number="20">和</token>
  <token t_id="62" sentence="1" number="21">1</token>
  <token t_id="63" sentence="1" number="22">0</token>
  <token t_id="64" sentence="1" number="23">多</token>
  <token t_id="65" sentence="1" number="24">辆</token>
  <token t_id="66" sentence="1" number="25">轿</token>
  <token t_id="67" sentence="1" number="26">车</token>
  <token t_id="68" sentence="1" number="27">，</token>
  <token t_id="69" sentence="1" number="28">三</token>
  <token t_id="70" sentence="1" number="29">轮</token>
  <token t_id="71" sentence="1" number="30">车</token>
  <token t_id="72" sentence="1" number="31">上</token>
  <token t_id="73" sentence="1" number="32">砖</token>
  <token t_id="74" sentence="1" number="33">块</token>
  <token t_id="75" sentence="1" number="34">散</token>
  <token t_id="76" sentence="1" number="35">落</token>
  <token t_id="77" sentence="1" number="36">一</token>
  <token t_id="78" sentence="1" number="37">地</token>
  <token t_id="79" sentence="1" number="38">，</token>
  <token t_id="80" sentence="1" number="39">被</token>
  <token t_id="81" sentence="1" number="40">撞</token>
  <token t_id="82" sentence="1" number="41">车</token>
  <token t_id="83" sentence="1" number="42">辆</token>
  <token t_id="84" sentence="1" number="43">受</token>
  <token t_id="85" sentence="1" number="44">损</token>
  <token t_id="86" sentence="1" number="45">严</token>
  <token t_id="87" sentence="1" number="46">重</token>
  <token t_id="88" sentence="1" number="47">。</token>
  <token t_id="89" sentence="2" number="0">另</token>
  <token t_id="90" sentence="2" number="1">据</token>
  <token t_id="91" sentence="2" number="2">@</token>
  <token t_id="92" sentence="2" number="3">河</token>
  <token t_id="93" sentence="2" number="4">南</token>
  <token t_id="94" sentence="2" number="5">交</token>
  <token t_id="95" sentence="2" number="6">通</token>
  <token t_id="96" sentence="2" number="7">广</token>
  <token t_id="97" sentence="2" number="8">播</token>
  <token t_id="98" sentence="2" number="9">从</token>
  <token t_id="99" sentence="2" number="10">汝</token>
  <token t_id="100" sentence="2" number="11">阳</token>
  <token t_id="101" sentence="2" number="12">官</token>
  <token t_id="102" sentence="2" number="13">方</token>
  <token t_id="103" sentence="2" number="14">获</token>
  <token t_id="104" sentence="2" number="15">悉</token>
  <token t_id="105" sentence="2" number="16">，</token>
  <token t_id="106" sentence="2" number="17">目</token>
  <token t_id="107" sentence="2" number="18">前</token>
  <token t_id="108" sentence="2" number="19">此</token>
  <token t_id="109" sentence="2" number="20">事</token>
  <token t_id="110" sentence="2" number="21">故</token>
  <token t_id="111" sentence="2" number="22">共</token>
  <token t_id="112" sentence="2" number="23">造</token>
  <token t_id="113" sentence="2" number="24">成</token>
  <token t_id="114" sentence="2" number="25">2</token>
  <token t_id="115" sentence="2" number="26">死</token>
  <token t_id="116" sentence="2" number="27">2</token>
  <token t_id="117" sentence="2" number="28">伤</token>
  <Markables>
    <ACTION m_id="21253" comment="">
      <token_anchor t_id="36" />
      <token_anchor t_id="37" />
      <token_anchor t_id="38" />
      <token_anchor t_id="39" />
    </ACTION>
    <ACTION m_id="21254" comment="">
      <token_anchor t_id="52" />
      <token_anchor t_id="53" />
    </ACTION>
    <ACTION m_id="21255" comment="">
      <token_anchor t_id="55" />
      <token_anchor t_id="56" />
    </ACTION>
    <ACTION m_id="21256" comment="">
      <token_anchor t_id="75" />
      <token_anchor t_id="76" />
    </ACTION>
    <ACTION m_id="21257" comment="">
      <token_anchor t_id="84" />
      <token_anchor t_id="85" />
    </ACTION>
    <ACTION m_id="21258" comment="">
      <token_anchor t_id="103" />
      <token_anchor t_id="104" />
    </ACTION>
    <ACTION m_id="21259" comment="">
      <token_anchor t_id="109" />
      <token_anchor t_id="110" />
    </ACTION>
    <ACTION_CAUSATIVE m_id="21260" comment="">
      <token_anchor t_id="112" />
      <token_anchor t_id="113" />
    </ACTION_CAUSATIVE>
    <ACTION m_id="21261" comment="">
      <token_anchor t_id="115" />
    </ACTION>
    <ACTION m_id="21262" comment="">
      <token_anchor t_id="117" />
    </ACTION>
  </Markables>
  <Relations>
    <PLOT_LINK r_id="758" SIGNAL="" relType="causation" CAUSES="FALSE" CAUSED_BY="FALSE">
      <source m_id="21254" />
      <target m_id="21255" />
    </PLOT_LINK>
    <PLOT_LINK r_id="760" SIGNAL="" relType="causation" CAUSES="FALSE" CAUSED_BY="FALSE">
      <source m_id="21255" />
      <target m_id="21257" />
    </PLOT_LINK>
    <PLOT_LINK r_id="761" SIGNAL="" relType="causation" CAUSES="FALSE" CAUSED_BY="FALSE">
      <source m_id="21255" />
      <target m_id="21253" />
    </PLOT_LINK>
    <PLOT_LINK r_id="762" SIGNAL="" relType="causation" CAUSES="FALSE" CAUSED_BY="FALSE">
      <source m_id="21255" />
      <target m_id="21256" />
    </PLOT_LINK>
    <PLOT_LINK r_id="763" SIGNAL="" relType="causation" CAUSES="FALSE" CAUSED_BY="FALSE">
      <source m_id="21253" />
      <target m_id="21256" />
    </PLOT_LINK>
    <PLOT_LINK r_id="764" SIGNAL="" relType="causation" CAUSES="FALSE" CAUSED_BY="FALSE">
      <source m_id="21253" />
      <target m_id="21257" />
    </PLOT_LINK>
    <PLOT_LINK r_id="765" SIGNAL="" relType="causation" CAUSES="FALSE" CAUSED_BY="FALSE">
      <source m_id="21259" />
      <target m_id="21261" />
    </PLOT_LINK>
    <PLOT_LINK r_id="766" SIGNAL="" relType="causation" CAUSES="FALSE" CAUSED_BY="FALSE">
      <source m_id="21259" />
      <target m_id="21262" />
    </PLOT_LINK>
  </Relations>
</Document>