<?xml version="1.0" encoding="UTF-8"?>
<Document doc_name="2408_ecbplus.xml.xml">
  <token t_id="1" sentence="0" number="0">近</token>
  <token t_id="2" sentence="0" number="1">日</token>
  <token t_id="3" sentence="0" number="2">，</token>
  <token t_id="4" sentence="0" number="3">云</token>
  <token t_id="5" sentence="0" number="4">南</token>
  <token t_id="6" sentence="0" number="5">部</token>
  <token t_id="7" sentence="0" number="6">分</token>
  <token t_id="8" sentence="0" number="7">州</token>
  <token t_id="9" sentence="0" number="8">市</token>
  <token t_id="10" sentence="0" number="9">迎</token>
  <token t_id="11" sentence="0" number="10">持</token>
  <token t_id="12" sentence="0" number="11">续</token>
  <token t_id="13" sentence="0" number="12">降</token>
  <token t_id="14" sentence="0" number="13">雨</token>
  <token t_id="15" sentence="0" number="14">天</token>
  <token t_id="16" sentence="0" number="15">气</token>
  <token t_id="17" sentence="0" number="16">，</token>
  <token t_id="18" sentence="0" number="17">雨</token>
  <token t_id="19" sentence="0" number="18">天</token>
  <token t_id="20" sentence="0" number="19">行</token>
  <token t_id="21" sentence="0" number="20">车</token>
  <token t_id="22" sentence="0" number="21">需</token>
  <token t_id="23" sentence="0" number="22">注</token>
  <token t_id="24" sentence="0" number="23">意</token>
  <token t_id="25" sentence="0" number="24">安</token>
  <token t_id="26" sentence="0" number="25">全</token>
  <token t_id="27" sentence="0" number="26">。</token>
  <token t_id="28" sentence="1" number="0">7</token>
  <token t_id="29" sentence="1" number="1">月</token>
  <token t_id="30" sentence="1" number="2">2</token>
  <token t_id="31" sentence="1" number="3">日</token>
  <token t_id="32" sentence="1" number="4">上</token>
  <token t_id="33" sentence="1" number="5">午</token>
  <token t_id="34" sentence="1" number="6">1</token>
  <token t_id="35" sentence="1" number="7">0</token>
  <token t_id="36" sentence="1" number="8">点</token>
  <token t_id="37" sentence="1" number="9">左</token>
  <token t_id="38" sentence="1" number="10">右</token>
  <token t_id="39" sentence="1" number="11">，</token>
  <token t_id="40" sentence="1" number="12">昆</token>
  <token t_id="41" sentence="1" number="13">曲</token>
  <token t_id="42" sentence="1" number="14">高</token>
  <token t_id="43" sentence="1" number="15">速</token>
  <token t_id="44" sentence="1" number="16">军</token>
  <token t_id="45" sentence="1" number="17">马</token>
  <token t_id="46" sentence="1" number="18">场</token>
  <token t_id="47" sentence="1" number="19">路</token>
  <token t_id="48" sentence="1" number="20">段</token>
  <token t_id="49" sentence="1" number="21">发</token>
  <token t_id="50" sentence="1" number="22">生</token>
  <token t_id="51" sentence="1" number="23">6</token>
  <token t_id="52" sentence="1" number="24">车</token>
  <token t_id="53" sentence="1" number="25">相</token>
  <token t_id="54" sentence="1" number="26">撞</token>
  <token t_id="55" sentence="1" number="27">事</token>
  <token t_id="56" sentence="1" number="28">故</token>
  <token t_id="57" sentence="1" number="29">，</token>
  <token t_id="58" sentence="1" number="30">造</token>
  <token t_id="59" sentence="1" number="31">成</token>
  <token t_id="60" sentence="1" number="32">3</token>
  <token t_id="61" sentence="1" number="33">人</token>
  <token t_id="62" sentence="1" number="34">轻</token>
  <token t_id="63" sentence="1" number="35">伤</token>
  <token t_id="64" sentence="1" number="36">。</token>
  <token t_id="65" sentence="2" number="0">随</token>
  <token t_id="66" sentence="2" number="1">后</token>
  <token t_id="67" sentence="2" number="2">，</token>
  <token t_id="68" sentence="2" number="3">昆</token>
  <token t_id="69" sentence="2" number="4">曲</token>
  <token t_id="70" sentence="2" number="5">大</token>
  <token t_id="71" sentence="2" number="6">队</token>
  <token t_id="72" sentence="2" number="7">对</token>
  <token t_id="73" sentence="2" number="8">该</token>
  <token t_id="74" sentence="2" number="9">路</token>
  <token t_id="75" sentence="2" number="10">段</token>
  <token t_id="76" sentence="2" number="11">采</token>
  <token t_id="77" sentence="2" number="12">取</token>
  <token t_id="78" sentence="2" number="13">临</token>
  <token t_id="79" sentence="2" number="14">时</token>
  <token t_id="80" sentence="2" number="15">交</token>
  <token t_id="81" sentence="2" number="16">通</token>
  <token t_id="82" sentence="2" number="17">管</token>
  <token t_id="83" sentence="2" number="18">制</token>
  <token t_id="84" sentence="2" number="19">，</token>
  <token t_id="85" sentence="2" number="20">中</token>
  <token t_id="86" sentence="2" number="21">午</token>
  <token t_id="87" sentence="2" number="22">1</token>
  <token t_id="88" sentence="2" number="23">2</token>
  <token t_id="89" sentence="2" number="24">点</token>
  <token t_id="90" sentence="2" number="25">左</token>
  <token t_id="91" sentence="2" number="26">右</token>
  <token t_id="92" sentence="2" number="27">，</token>
  <token t_id="93" sentence="2" number="28">事</token>
  <token t_id="94" sentence="2" number="29">故</token>
  <token t_id="95" sentence="2" number="30">处</token>
  <token t_id="96" sentence="2" number="31">理</token>
  <token t_id="97" sentence="2" number="32">完</token>
  <token t_id="98" sentence="2" number="33">毕</token>
  <token t_id="99" sentence="2" number="34">，</token>
  <token t_id="100" sentence="2" number="35">交</token>
  <token t_id="101" sentence="2" number="36">通</token>
  <token t_id="102" sentence="2" number="37">得</token>
  <token t_id="103" sentence="2" number="38">以</token>
  <token t_id="104" sentence="2" number="39">恢</token>
  <token t_id="105" sentence="2" number="40">复</token>
  <token t_id="106" sentence="2" number="41">。</token>
  <token t_id="107" sentence="3" number="0">云</token>
  <token t_id="108" sentence="3" number="1">南</token>
  <token t_id="109" sentence="3" number="2">网</token>
  <token t_id="110" sentence="3" number="3">（</token>
  <token t_id="111" sentence="3" number="4">微</token>
  <token t_id="112" sentence="3" number="5">信</token>
  <token t_id="113" sentence="3" number="6">公</token>
  <token t_id="114" sentence="3" number="7">号</token>
  <token t_id="115" sentence="3" number="8">：</token>
  <token t_id="116" sentence="3" number="9">y</token>
  <token t_id="117" sentence="3" number="10">u</token>
  <token t_id="118" sentence="3" number="11">n</token>
  <token t_id="119" sentence="3" number="12">n</token>
  <token t_id="120" sentence="3" number="13">a</token>
  <token t_id="121" sentence="3" number="14">n</token>
  <token t_id="122" sentence="3" number="15">c</token>
  <token t_id="123" sentence="3" number="16">n</token>
  <token t_id="124" sentence="3" number="17">）</token>
  <token t_id="125" sentence="3" number="18">从</token>
  <token t_id="126" sentence="3" number="19">云</token>
  <token t_id="127" sentence="3" number="20">南</token>
  <token t_id="128" sentence="3" number="21">省</token>
  <token t_id="129" sentence="3" number="22">公</token>
  <token t_id="130" sentence="3" number="23">安</token>
  <token t_id="131" sentence="3" number="24">厅</token>
  <token t_id="132" sentence="3" number="25">交</token>
  <token t_id="133" sentence="3" number="26">通</token>
  <token t_id="134" sentence="3" number="27">警</token>
  <token t_id="135" sentence="3" number="28">察</token>
  <token t_id="136" sentence="3" number="29">总</token>
  <token t_id="137" sentence="3" number="30">队</token>
  <token t_id="138" sentence="3" number="31">高</token>
  <token t_id="139" sentence="3" number="32">速</token>
  <token t_id="140" sentence="3" number="33">公</token>
  <token t_id="141" sentence="3" number="34">路</token>
  <token t_id="142" sentence="3" number="35">交</token>
  <token t_id="143" sentence="3" number="36">巡</token>
  <token t_id="144" sentence="3" number="37">警</token>
  <token t_id="145" sentence="3" number="38">支</token>
  <token t_id="146" sentence="3" number="39">队</token>
  <token t_id="147" sentence="3" number="40">了</token>
  <token t_id="148" sentence="3" number="41">解</token>
  <token t_id="149" sentence="3" number="42">到</token>
  <token t_id="150" sentence="3" number="43">，</token>
  <token t_id="151" sentence="3" number="44">上</token>
  <token t_id="152" sentence="3" number="45">午</token>
  <token t_id="153" sentence="3" number="46">1</token>
  <token t_id="154" sentence="3" number="47">0</token>
  <token t_id="155" sentence="3" number="48">点</token>
  <token t_id="156" sentence="3" number="49">1</token>
  <token t_id="157" sentence="3" number="50">1</token>
  <token t_id="158" sentence="3" number="51">分</token>
  <token t_id="159" sentence="3" number="52">左</token>
  <token t_id="160" sentence="3" number="53">右</token>
  <token t_id="161" sentence="3" number="54">，</token>
  <token t_id="162" sentence="3" number="55">昆</token>
  <token t_id="163" sentence="3" number="56">曲</token>
  <token t_id="164" sentence="3" number="57">高</token>
  <token t_id="165" sentence="3" number="58">速</token>
  <token t_id="166" sentence="3" number="59">小</token>
  <token t_id="167" sentence="3" number="60">龙</token>
  <token t_id="168" sentence="3" number="61">段</token>
  <token t_id="169" sentence="3" number="62">K</token>
  <token t_id="170" sentence="3" number="63">2</token>
  <token t_id="171" sentence="3" number="64">2</token>
  <token t_id="172" sentence="3" number="65">0</token>
  <token t_id="173" sentence="3" number="66">5</token>
  <token t_id="174" sentence="3" number="67">+</token>
  <token t_id="175" sentence="3" number="68">3</token>
  <token t_id="176" sentence="3" number="69">3</token>
  <token t_id="177" sentence="3" number="70">5</token>
  <token t_id="178" sentence="3" number="71">M</token>
  <token t_id="179" sentence="3" number="72">曲</token>
  <token t_id="180" sentence="3" number="73">靖</token>
  <token t_id="181" sentence="3" number="74">方</token>
  <token t_id="182" sentence="3" number="75">向</token>
  <token t_id="183" sentence="3" number="76">（</token>
  <token t_id="184" sentence="3" number="77">昆</token>
  <token t_id="185" sentence="3" number="78">曲</token>
  <token t_id="186" sentence="3" number="79">军</token>
  <token t_id="187" sentence="3" number="80">马</token>
  <token t_id="188" sentence="3" number="81">场</token>
  <token t_id="189" sentence="3" number="82">路</token>
  <token t_id="190" sentence="3" number="83">段</token>
  <token t_id="191" sentence="3" number="84">）</token>
  <token t_id="192" sentence="3" number="85">发</token>
  <token t_id="193" sentence="3" number="86">生</token>
  <token t_id="194" sentence="3" number="87">6</token>
  <token t_id="195" sentence="3" number="88">车</token>
  <token t_id="196" sentence="3" number="89">相</token>
  <token t_id="197" sentence="3" number="90">撞</token>
  <token t_id="198" sentence="3" number="91">事</token>
  <token t_id="199" sentence="3" number="92">故</token>
  <token t_id="200" sentence="3" number="93">，</token>
  <token t_id="201" sentence="3" number="94">造</token>
  <token t_id="202" sentence="3" number="95">成</token>
  <token t_id="203" sentence="3" number="96">3</token>
  <token t_id="204" sentence="3" number="97">人</token>
  <token t_id="205" sentence="3" number="98">轻</token>
  <token t_id="206" sentence="3" number="99">伤</token>
  <token t_id="207" sentence="3" number="100">。</token>
  <token t_id="208" sentence="4" number="0">因</token>
  <token t_id="209" sentence="4" number="1">部</token>
  <token t_id="210" sentence="4" number="2">分</token>
  <token t_id="211" sentence="4" number="3">肇</token>
  <token t_id="212" sentence="4" number="4">事</token>
  <token t_id="213" sentence="4" number="5">车</token>
  <token t_id="214" sentence="4" number="6">辆</token>
  <token t_id="215" sentence="4" number="7">占</token>
  <token t_id="216" sentence="4" number="8">用</token>
  <token t_id="217" sentence="4" number="9">第</token>
  <token t_id="218" sentence="4" number="10">二</token>
  <token t_id="219" sentence="4" number="11">、</token>
  <token t_id="220" sentence="4" number="12">第</token>
  <token t_id="221" sentence="4" number="13">三</token>
  <token t_id="222" sentence="4" number="14">、</token>
  <token t_id="223" sentence="4" number="15">第</token>
  <token t_id="224" sentence="4" number="16">四</token>
  <token t_id="225" sentence="4" number="17">车</token>
  <token t_id="226" sentence="4" number="18">道</token>
  <token t_id="227" sentence="4" number="19">，</token>
  <token t_id="228" sentence="4" number="20">为</token>
  <token t_id="229" sentence="4" number="21">了</token>
  <token t_id="230" sentence="4" number="22">施</token>
  <token t_id="231" sentence="4" number="23">救</token>
  <token t_id="232" sentence="4" number="24">需</token>
  <token t_id="233" sentence="4" number="25">要</token>
  <token t_id="234" sentence="4" number="26">及</token>
  <token t_id="235" sentence="4" number="27">预</token>
  <token t_id="236" sentence="4" number="28">防</token>
  <token t_id="237" sentence="4" number="29">二</token>
  <token t_id="238" sentence="4" number="30">次</token>
  <token t_id="239" sentence="4" number="31">事</token>
  <token t_id="240" sentence="4" number="32">故</token>
  <token t_id="241" sentence="4" number="33">发</token>
  <token t_id="242" sentence="4" number="34">生</token>
  <token t_id="243" sentence="4" number="35">，</token>
  <token t_id="244" sentence="4" number="36">昆</token>
  <token t_id="245" sentence="4" number="37">曲</token>
  <token t_id="246" sentence="4" number="38">大</token>
  <token t_id="247" sentence="4" number="39">队</token>
  <token t_id="248" sentence="4" number="40">在</token>
  <token t_id="249" sentence="4" number="41">曲</token>
  <token t_id="250" sentence="4" number="42">靖</token>
  <token t_id="251" sentence="4" number="43">方</token>
  <token t_id="252" sentence="4" number="44">向</token>
  <token t_id="253" sentence="4" number="45">k</token>
  <token t_id="254" sentence="4" number="46">2</token>
  <token t_id="255" sentence="4" number="47">2</token>
  <token t_id="256" sentence="4" number="48">1</token>
  <token t_id="257" sentence="4" number="49">2</token>
  <token t_id="258" sentence="4" number="50">（</token>
  <token t_id="259" sentence="4" number="51">关</token>
  <token t_id="260" sentence="4" number="52">箐</token>
  <token t_id="261" sentence="4" number="53">坡</token>
  <token t_id="262" sentence="4" number="54">坡</token>
  <token t_id="263" sentence="4" number="55">顶</token>
  <token t_id="264" sentence="4" number="56">）</token>
  <token t_id="265" sentence="4" number="57">采</token>
  <token t_id="266" sentence="4" number="58">取</token>
  <token t_id="267" sentence="4" number="59">临</token>
  <token t_id="268" sentence="4" number="60">时</token>
  <token t_id="269" sentence="4" number="61">交</token>
  <token t_id="270" sentence="4" number="62">通</token>
  <token t_id="271" sentence="4" number="63">管</token>
  <token t_id="272" sentence="4" number="64">制</token>
  <token t_id="273" sentence="4" number="65">。</token>
  <token t_id="274" sentence="5" number="0">截</token>
  <token t_id="275" sentence="5" number="1">至</token>
  <token t_id="276" sentence="5" number="2">中</token>
  <token t_id="277" sentence="5" number="3">午</token>
  <token t_id="278" sentence="5" number="4">1</token>
  <token t_id="279" sentence="5" number="5">2</token>
  <token t_id="280" sentence="5" number="6">点</token>
  <token t_id="281" sentence="5" number="7">左</token>
  <token t_id="282" sentence="5" number="8">右</token>
  <token t_id="283" sentence="5" number="9">，</token>
  <token t_id="284" sentence="5" number="10">多</token>
  <token t_id="285" sentence="5" number="11">车</token>
  <token t_id="286" sentence="5" number="12">相</token>
  <token t_id="287" sentence="5" number="13">撞</token>
  <token t_id="288" sentence="5" number="14">事</token>
  <token t_id="289" sentence="5" number="15">故</token>
  <token t_id="290" sentence="5" number="16">处</token>
  <token t_id="291" sentence="5" number="17">理</token>
  <token t_id="292" sentence="5" number="18">完</token>
  <token t_id="293" sentence="5" number="19">毕</token>
  <token t_id="294" sentence="5" number="20">，</token>
  <token t_id="295" sentence="5" number="21">k</token>
  <token t_id="296" sentence="5" number="22">2</token>
  <token t_id="297" sentence="5" number="23">2</token>
  <token t_id="298" sentence="5" number="24">1</token>
  <token t_id="299" sentence="5" number="25">3</token>
  <token t_id="300" sentence="5" number="26">(</token>
  <token t_id="301" sentence="5" number="27">关</token>
  <token t_id="302" sentence="5" number="28">箐</token>
  <token t_id="303" sentence="5" number="29">)</token>
  <token t_id="304" sentence="5" number="30">坡</token>
  <token t_id="305" sentence="5" number="31">顶</token>
  <token t_id="306" sentence="5" number="32">临</token>
  <token t_id="307" sentence="5" number="33">时</token>
  <token t_id="308" sentence="5" number="34">交</token>
  <token t_id="309" sentence="5" number="35">通</token>
  <token t_id="310" sentence="5" number="36">管</token>
  <token t_id="311" sentence="5" number="37">制</token>
  <token t_id="312" sentence="5" number="38">得</token>
  <token t_id="313" sentence="5" number="39">以</token>
  <token t_id="314" sentence="5" number="40">解</token>
  <token t_id="315" sentence="5" number="41">除</token>
  <token t_id="316" sentence="5" number="42">，</token>
  <token t_id="317" sentence="5" number="43">交</token>
  <token t_id="318" sentence="5" number="44">通</token>
  <token t_id="319" sentence="5" number="45">恢</token>
  <token t_id="320" sentence="5" number="46">复</token>
  <token t_id="321" sentence="5" number="47">。</token>
  <token t_id="322" sentence="6" number="0">昆</token>
  <token t_id="323" sentence="6" number="1">曲</token>
  <token t_id="324" sentence="6" number="2">高</token>
  <token t_id="325" sentence="6" number="3">速</token>
  <token t_id="326" sentence="6" number="4">全</token>
  <token t_id="327" sentence="6" number="5">线</token>
  <token t_id="328" sentence="6" number="6">正</token>
  <token t_id="329" sentence="6" number="7">在</token>
  <token t_id="330" sentence="6" number="8">下</token>
  <token t_id="331" sentence="6" number="9">雨</token>
  <token t_id="332" sentence="6" number="10">，</token>
  <token t_id="333" sentence="6" number="11">路</token>
  <token t_id="334" sentence="6" number="12">面</token>
  <token t_id="335" sentence="6" number="13">湿</token>
  <token t_id="336" sentence="6" number="14">滑</token>
  <token t_id="337" sentence="6" number="15">，</token>
  <token t_id="338" sentence="6" number="16">请</token>
  <token t_id="339" sentence="6" number="17">减</token>
  <token t_id="340" sentence="6" number="18">速</token>
  <token t_id="341" sentence="6" number="19">慢</token>
  <token t_id="342" sentence="6" number="20">行</token>
  <token t_id="343" sentence="6" number="21">，</token>
  <token t_id="344" sentence="6" number="22">谨</token>
  <token t_id="345" sentence="6" number="23">慎</token>
  <token t_id="346" sentence="6" number="24">驾</token>
  <token t_id="347" sentence="6" number="25">驶</token>
  <token t_id="348" sentence="6" number="26">，</token>
  <token t_id="349" sentence="6" number="27">安</token>
  <token t_id="350" sentence="6" number="28">全</token>
  <token t_id="351" sentence="6" number="29">行</token>
  <token t_id="352" sentence="6" number="30">车</token>
  <Markables>
    <ACTION m_id="23676" comment="">
      <token_anchor t_id="53" />
      <token_anchor t_id="54" />
    </ACTION>
    <ACTION_CAUSATIVE m_id="23677" comment="">
      <token_anchor t_id="58" />
      <token_anchor t_id="59" />
    </ACTION_CAUSATIVE>
    <ACTION m_id="23678" comment="">
      <token_anchor t_id="62" />
      <token_anchor t_id="63" />
    </ACTION>
    <ACTION m_id="23679" comment="">
      <token_anchor t_id="82" />
      <token_anchor t_id="83" />
    </ACTION>
    <ACTION m_id="23680" comment="">
      <token_anchor t_id="104" />
      <token_anchor t_id="105" />
    </ACTION>
    <ACTION m_id="23681" comment="">
      <token_anchor t_id="95" />
      <token_anchor t_id="96" />
    </ACTION>
    <ACTION m_id="23682" comment="">
      <token_anchor t_id="147" />
      <token_anchor t_id="148" />
    </ACTION>
    <ACTION_CAUSATIVE m_id="23684" comment="">
      <token_anchor t_id="201" />
      <token_anchor t_id="202" />
    </ACTION_CAUSATIVE>
    <ACTION m_id="23685" comment="">
      <token_anchor t_id="196" />
      <token_anchor t_id="197" />
    </ACTION>
    <ACTION m_id="23686" comment="">
      <token_anchor t_id="205" />
      <token_anchor t_id="206" />
    </ACTION>
    <ACTION m_id="23687" comment="">
      <token_anchor t_id="215" />
      <token_anchor t_id="216" />
    </ACTION>
    <ACTION m_id="23688" comment="">
      <token_anchor t_id="230" />
      <token_anchor t_id="231" />
    </ACTION>
    <ACTION m_id="23689" comment="">
      <token_anchor t_id="235" />
      <token_anchor t_id="236" />
    </ACTION>
    <ACTION m_id="23691" comment="">
      <token_anchor t_id="265" />
      <token_anchor t_id="266" />
    </ACTION>
    <ACTION m_id="23693" comment="">
      <token_anchor t_id="286" />
      <token_anchor t_id="287" />
    </ACTION>
    <ACTION m_id="23694" comment="">
      <token_anchor t_id="290" />
      <token_anchor t_id="291" />
    </ACTION>
    <ACTION m_id="23696" comment="">
      <token_anchor t_id="314" />
      <token_anchor t_id="315" />
    </ACTION>
    <ACTION m_id="23697" comment="">
      <token_anchor t_id="319" />
      <token_anchor t_id="320" />
    </ACTION>
    <ACTION m_id="23698" comment="">
      <token_anchor t_id="339" />
      <token_anchor t_id="340" />
    </ACTION>
    <ACTION m_id="23699" comment="">
      <token_anchor t_id="346" />
      <token_anchor t_id="347" />
    </ACTION>
    <ACTION_CAUSATIVE m_id="30302" comment="">
      <token_anchor t_id="228" />
      <token_anchor t_id="229" />
    </ACTION_CAUSATIVE>
    <ACTION_CAUSATIVE m_id="30303" comment="">
      <token_anchor t_id="208" />
    </ACTION_CAUSATIVE>
    <ACTION m_id="30305" comment="">
      <token_anchor t_id="335" />
      <token_anchor t_id="336" />
    </ACTION>
  </Markables>
  <Relations>
    <PLOT_LINK r_id="1198" SIGNAL="" relType="causation" CAUSES="FALSE" CAUSED_BY="FALSE">
      <source m_id="23676" />
      <target m_id="23678" />
    </PLOT_LINK>
    <PLOT_LINK r_id="1199" SIGNAL="" relType="causation" CAUSES="FALSE" CAUSED_BY="FALSE">
      <source m_id="23681" />
      <target m_id="23680" />
    </PLOT_LINK>
    <PLOT_LINK r_id="1200" SIGNAL="" relType="causation" CAUSES="FALSE" CAUSED_BY="FALSE">
      <source m_id="23685" />
      <target m_id="23686" />
    </PLOT_LINK>
    <PLOT_LINK r_id="1201" SIGNAL="" relType="causation" CAUSES="FALSE" CAUSED_BY="FALSE">
      <source m_id="23687" />
      <target m_id="23691" />
    </PLOT_LINK>
    <PLOT_LINK r_id="1202" SIGNAL="" relType="causation" CAUSES="FALSE" CAUSED_BY="FALSE">
      <source m_id="23688" />
      <target m_id="23691" />
    </PLOT_LINK>
    <PLOT_LINK r_id="1203" SIGNAL="" relType="causation" CAUSES="FALSE" CAUSED_BY="FALSE">
      <source m_id="23689" />
      <target m_id="23691" />
    </PLOT_LINK>
    <PLOT_LINK r_id="1204" SIGNAL="" relType="causation" CAUSES="FALSE" CAUSED_BY="FALSE">
      <source m_id="23694" />
      <target m_id="23696" />
    </PLOT_LINK>
    <PLOT_LINK r_id="1205" SIGNAL="" relType="causation" CAUSES="FALSE" CAUSED_BY="FALSE">
      <source m_id="30305" />
      <target m_id="23698" />
    </PLOT_LINK>
    <PLOT_LINK r_id="1206" SIGNAL="" relType="causation" CAUSES="FALSE" CAUSED_BY="FALSE">
      <source m_id="30305" />
      <target m_id="23699" />
    </PLOT_LINK>
  </Relations>
</Document>