<?xml version="1.0" encoding="UTF-8"?>
<Document doc_name="2409_ecbplus.xml.xml">
  <token t_id="1" sentence="0" number="0">一</token>
  <token t_id="2" sentence="0" number="1">架</token>
  <token t_id="3" sentence="0" number="2">小</token>
  <token t_id="4" sentence="0" number="3">型</token>
  <token t_id="5" sentence="0" number="4">飞</token>
  <token t_id="6" sentence="0" number="5">机</token>
  <token t_id="7" sentence="0" number="6">和</token>
  <token t_id="8" sentence="0" number="7">一</token>
  <token t_id="9" sentence="0" number="8">架</token>
  <token t_id="10" sentence="0" number="9">直</token>
  <token t_id="11" sentence="0" number="10">升</token>
  <token t_id="12" sentence="0" number="11">机</token>
  <token t_id="13" sentence="0" number="12">１</token>
  <token t_id="14" sentence="0" number="13">７</token>
  <token t_id="15" sentence="0" number="14">日</token>
  <token t_id="16" sentence="0" number="15">在</token>
  <token t_id="17" sentence="0" number="16">英</token>
  <token t_id="18" sentence="0" number="17">国</token>
  <token t_id="19" sentence="0" number="18">白</token>
  <token t_id="20" sentence="0" number="19">金</token>
  <token t_id="21" sentence="0" number="20">汉</token>
  <token t_id="22" sentence="0" number="21">郡</token>
  <token t_id="23" sentence="0" number="22">上</token>
  <token t_id="24" sentence="0" number="23">空</token>
  <token t_id="25" sentence="0" number="24">发</token>
  <token t_id="26" sentence="0" number="25">生</token>
  <token t_id="27" sentence="0" number="26">相</token>
  <token t_id="28" sentence="0" number="27">撞</token>
  <token t_id="29" sentence="0" number="28">事</token>
  <token t_id="30" sentence="0" number="29">故</token>
  <token t_id="31" sentence="0" number="30">，</token>
  <token t_id="32" sentence="0" number="31">造</token>
  <token t_id="33" sentence="0" number="32">成</token>
  <token t_id="34" sentence="0" number="33">４</token>
  <token t_id="35" sentence="0" number="34">人</token>
  <token t_id="36" sentence="0" number="35">死</token>
  <token t_id="37" sentence="0" number="36">亡</token>
  <token t_id="38" sentence="0" number="37">。</token>
  <token t_id="39" sentence="1" number="0">负</token>
  <token t_id="40" sentence="1" number="1">责</token>
  <token t_id="41" sentence="1" number="2">事</token>
  <token t_id="42" sentence="1" number="3">发</token>
  <token t_id="43" sentence="1" number="4">地</token>
  <token t_id="44" sentence="1" number="5">警</token>
  <token t_id="45" sentence="1" number="6">务</token>
  <token t_id="46" sentence="1" number="7">的</token>
  <token t_id="47" sentence="1" number="8">泰</token>
  <token t_id="48" sentence="1" number="9">晤</token>
  <token t_id="49" sentence="1" number="10">士</token>
  <token t_id="50" sentence="1" number="11">瓦</token>
  <token t_id="51" sentence="1" number="12">利</token>
  <token t_id="52" sentence="1" number="13">警</token>
  <token t_id="53" sentence="1" number="14">方</token>
  <token t_id="54" sentence="1" number="15">当</token>
  <token t_id="55" sentence="1" number="16">天</token>
  <token t_id="56" sentence="1" number="17">对</token>
  <token t_id="57" sentence="1" number="18">媒</token>
  <token t_id="58" sentence="1" number="19">体</token>
  <token t_id="59" sentence="1" number="20">表</token>
  <token t_id="60" sentence="1" number="21">示</token>
  <token t_id="61" sentence="1" number="22">，</token>
  <token t_id="62" sentence="1" number="23">小</token>
  <token t_id="63" sentence="1" number="24">型</token>
  <token t_id="64" sentence="1" number="25">飞</token>
  <token t_id="65" sentence="1" number="26">机</token>
  <token t_id="66" sentence="1" number="27">和</token>
  <token t_id="67" sentence="1" number="28">直</token>
  <token t_id="68" sentence="1" number="29">升</token>
  <token t_id="69" sentence="1" number="30">机</token>
  <token t_id="70" sentence="1" number="31">上</token>
  <token t_id="71" sentence="1" number="32">各</token>
  <token t_id="72" sentence="1" number="33">有</token>
  <token t_id="73" sentence="1" number="34">两</token>
  <token t_id="74" sentence="1" number="35">人</token>
  <token t_id="75" sentence="1" number="36">丧</token>
  <token t_id="76" sentence="1" number="37">生</token>
  <token t_id="77" sentence="1" number="38">。</token>
  <token t_id="78" sentence="2" number="0">英</token>
  <token t_id="79" sentence="2" number="1">国</token>
  <token t_id="80" sentence="2" number="2">警</token>
  <token t_id="81" sentence="2" number="3">方</token>
  <token t_id="82" sentence="2" number="4">和</token>
  <token t_id="83" sentence="2" number="5">英</token>
  <token t_id="84" sentence="2" number="6">国</token>
  <token t_id="85" sentence="2" number="7">航</token>
  <token t_id="86" sentence="2" number="8">空</token>
  <token t_id="87" sentence="2" number="9">事</token>
  <token t_id="88" sentence="2" number="10">故</token>
  <token t_id="89" sentence="2" number="11">调</token>
  <token t_id="90" sentence="2" number="12">查</token>
  <token t_id="91" sentence="2" number="13">局</token>
  <token t_id="92" sentence="2" number="14">表</token>
  <token t_id="93" sentence="2" number="15">示</token>
  <token t_id="94" sentence="2" number="16">，</token>
  <token t_id="95" sentence="2" number="17">已</token>
  <token t_id="96" sentence="2" number="18">对</token>
  <token t_id="97" sentence="2" number="19">事</token>
  <token t_id="98" sentence="2" number="20">故</token>
  <token t_id="99" sentence="2" number="21">原</token>
  <token t_id="100" sentence="2" number="22">因</token>
  <token t_id="101" sentence="2" number="23">展</token>
  <token t_id="102" sentence="2" number="24">开</token>
  <token t_id="103" sentence="2" number="25">联</token>
  <token t_id="104" sentence="2" number="26">合</token>
  <token t_id="105" sentence="2" number="27">调</token>
  <token t_id="106" sentence="2" number="28">查</token>
  <token t_id="107" sentence="2" number="29">。</token>
  <token t_id="108" sentence="3" number="0">中</token>
  <token t_id="109" sentence="3" number="1">国</token>
  <token t_id="110" sentence="3" number="2">驻</token>
  <token t_id="111" sentence="3" number="3">英</token>
  <token t_id="112" sentence="3" number="4">国</token>
  <token t_id="113" sentence="3" number="5">大</token>
  <token t_id="114" sentence="3" number="6">使</token>
  <token t_id="115" sentence="3" number="7">馆</token>
  <token t_id="116" sentence="3" number="8">在</token>
  <token t_id="117" sentence="3" number="9">其</token>
  <token t_id="118" sentence="3" number="10">网</token>
  <token t_id="119" sentence="3" number="11">站</token>
  <token t_id="120" sentence="3" number="12">发</token>
  <token t_id="121" sentence="3" number="13">布</token>
  <token t_id="122" sentence="3" number="14">通</token>
  <token t_id="123" sentence="3" number="15">告</token>
  <token t_id="124" sentence="3" number="16">说</token>
  <token t_id="125" sentence="3" number="17">，</token>
  <token t_id="126" sentence="3" number="18">一</token>
  <token t_id="127" sentence="3" number="19">架</token>
  <token t_id="128" sentence="3" number="20">小</token>
  <token t_id="129" sentence="3" number="21">型</token>
  <token t_id="130" sentence="3" number="22">飞</token>
  <token t_id="131" sentence="3" number="23">机</token>
  <token t_id="132" sentence="3" number="24">和</token>
  <token t_id="133" sentence="3" number="25">一</token>
  <token t_id="134" sentence="3" number="26">架</token>
  <token t_id="135" sentence="3" number="27">直</token>
  <token t_id="136" sentence="3" number="28">升</token>
  <token t_id="137" sentence="3" number="29">机</token>
  <token t_id="138" sentence="3" number="30">１</token>
  <token t_id="139" sentence="3" number="31">７</token>
  <token t_id="140" sentence="3" number="32">日</token>
  <token t_id="141" sentence="3" number="33">在</token>
  <token t_id="142" sentence="3" number="34">英</token>
  <token t_id="143" sentence="3" number="35">国</token>
  <token t_id="144" sentence="3" number="36">白</token>
  <token t_id="145" sentence="3" number="37">金</token>
  <token t_id="146" sentence="3" number="38">汉</token>
  <token t_id="147" sentence="3" number="39">郡</token>
  <token t_id="148" sentence="3" number="40">低</token>
  <token t_id="149" sentence="3" number="41">空</token>
  <token t_id="150" sentence="3" number="42">相</token>
  <token t_id="151" sentence="3" number="43">撞</token>
  <token t_id="152" sentence="3" number="44">，</token>
  <token t_id="153" sentence="3" number="45">已</token>
  <token t_id="154" sentence="3" number="46">造</token>
  <token t_id="155" sentence="3" number="47">成</token>
  <token t_id="156" sentence="3" number="48">人</token>
  <token t_id="157" sentence="3" number="49">员</token>
  <token t_id="158" sentence="3" number="50">伤</token>
  <token t_id="159" sentence="3" number="51">亡</token>
  <token t_id="160" sentence="3" number="52">。</token>
  <token t_id="161" sentence="4" number="0">目</token>
  <token t_id="162" sentence="4" number="1">前</token>
  <token t_id="163" sentence="4" number="2">没</token>
  <token t_id="164" sentence="4" number="3">有</token>
  <token t_id="165" sentence="4" number="4">中</token>
  <token t_id="166" sentence="4" number="5">国</token>
  <token t_id="167" sentence="4" number="6">公</token>
  <token t_id="168" sentence="4" number="7">民</token>
  <token t_id="169" sentence="4" number="8">伤</token>
  <token t_id="170" sentence="4" number="9">亡</token>
  <token t_id="171" sentence="4" number="10">情</token>
  <token t_id="172" sentence="4" number="11">况</token>
  <token t_id="173" sentence="4" number="12">报</token>
  <token t_id="174" sentence="4" number="13">告</token>
  <token t_id="175" sentence="4" number="14">，</token>
  <token t_id="176" sentence="4" number="15">使</token>
  <token t_id="177" sentence="4" number="16">馆</token>
  <token t_id="178" sentence="4" number="17">正</token>
  <token t_id="179" sentence="4" number="18">密</token>
  <token t_id="180" sentence="4" number="19">切</token>
  <token t_id="181" sentence="4" number="20">跟</token>
  <token t_id="182" sentence="4" number="21">踪</token>
  <token t_id="183" sentence="4" number="22">事</token>
  <token t_id="184" sentence="4" number="23">件</token>
  <token t_id="185" sentence="4" number="24">进</token>
  <token t_id="186" sentence="4" number="25">展</token>
  <Markables>
    <ACTION m_id="23668" comment="">
      <token_anchor t_id="25" />
      <token_anchor t_id="26" />
    </ACTION>
    <ACTION_CAUSATIVE m_id="23669" comment="">
      <token_anchor t_id="32" />
      <token_anchor t_id="33" />
    </ACTION_CAUSATIVE>
    <ACTION m_id="23670" comment="">
      <token_anchor t_id="36" />
      <token_anchor t_id="37" />
    </ACTION>
    <ACTION m_id="23671" comment="">
      <token_anchor t_id="105" />
      <token_anchor t_id="106" />
    </ACTION>
    <ACTION m_id="23672" comment="">
      <token_anchor t_id="150" />
      <token_anchor t_id="151" />
    </ACTION>
    <ACTION_CAUSATIVE m_id="23673" comment="">
      <token_anchor t_id="154" />
      <token_anchor t_id="155" />
    </ACTION_CAUSATIVE>
    <ACTION m_id="23674" comment="">
      <token_anchor t_id="181" />
      <token_anchor t_id="182" />
    </ACTION>
    <ACTION m_id="23700" comment="">
      <token_anchor t_id="59" />
      <token_anchor t_id="60" />
    </ACTION>
    <ACTION m_id="23701" comment="">
      <token_anchor t_id="92" />
      <token_anchor t_id="93" />
    </ACTION>
    <ACTION m_id="30300" comment="">
      <token_anchor t_id="75" />
      <token_anchor t_id="76" />
    </ACTION>
    <ACTION m_id="30301" comment="">
      <token_anchor t_id="158" />
      <token_anchor t_id="159" />
    </ACTION>
  </Markables>
  <Relations>
    <PLOT_LINK r_id="1196" SIGNAL="" relType="causation" CAUSES="FALSE" CAUSED_BY="FALSE">
      <source m_id="23668" />
      <target m_id="23670" />
    </PLOT_LINK>
    <PLOT_LINK r_id="1197" SIGNAL="" relType="causation" CAUSES="FALSE" CAUSED_BY="FALSE">
      <source m_id="23672" />
      <target m_id="30301" />
    </PLOT_LINK>
  </Relations>
</Document>