<?xml version="1.0" encoding="UTF-8"?>
<Document doc_name="2411_ecbplus.xml.xml">
  <token t_id="1" sentence="0" number="0">据</token>
  <token t_id="2" sentence="0" number="1">英</token>
  <token t_id="3" sentence="0" number="2">国</token>
  <token t_id="4" sentence="0" number="3">天</token>
  <token t_id="5" sentence="0" number="4">空</token>
  <token t_id="6" sentence="0" number="5">新</token>
  <token t_id="7" sentence="0" number="6">闻</token>
  <token t_id="8" sentence="0" number="7">网</token>
  <token t_id="9" sentence="0" number="8">6</token>
  <token t_id="10" sentence="0" number="9">月</token>
  <token t_id="11" sentence="0" number="10">2</token>
  <token t_id="12" sentence="0" number="11">8</token>
  <token t_id="13" sentence="0" number="12">日</token>
  <token t_id="14" sentence="0" number="13">报</token>
  <token t_id="15" sentence="0" number="14">道</token>
  <token t_id="16" sentence="0" number="15">，</token>
  <token t_id="17" sentence="0" number="16">当</token>
  <token t_id="18" sentence="0" number="17">地</token>
  <token t_id="19" sentence="0" number="18">时</token>
  <token t_id="20" sentence="0" number="19">间</token>
  <token t_id="21" sentence="0" number="20">2</token>
  <token t_id="22" sentence="0" number="21">8</token>
  <token t_id="23" sentence="0" number="22">日</token>
  <token t_id="24" sentence="0" number="23">早</token>
  <token t_id="25" sentence="0" number="24">晨</token>
  <token t_id="26" sentence="0" number="25">，</token>
  <token t_id="27" sentence="0" number="26">美</token>
  <token t_id="28" sentence="0" number="27">国</token>
  <token t_id="29" sentence="0" number="28">西</token>
  <token t_id="30" sentence="0" number="29">德</token>
  <token t_id="31" sentence="0" number="30">克</token>
  <token t_id="32" sentence="0" number="31">萨</token>
  <token t_id="33" sentence="0" number="32">斯</token>
  <token t_id="34" sentence="0" number="33">州</token>
  <token t_id="35" sentence="0" number="34">发</token>
  <token t_id="36" sentence="0" number="35">生</token>
  <token t_id="37" sentence="0" number="36">两</token>
  <token t_id="38" sentence="0" number="37">列</token>
  <token t_id="39" sentence="0" number="38">货</token>
  <token t_id="40" sentence="0" number="39">运</token>
  <token t_id="41" sentence="0" number="40">火</token>
  <token t_id="42" sentence="0" number="41">车</token>
  <token t_id="43" sentence="0" number="42">相</token>
  <token t_id="44" sentence="0" number="43">撞</token>
  <token t_id="45" sentence="0" number="44">事</token>
  <token t_id="46" sentence="0" number="45">故</token>
  <token t_id="47" sentence="0" number="46">，</token>
  <token t_id="48" sentence="0" number="47">造</token>
  <token t_id="49" sentence="0" number="48">成</token>
  <token t_id="50" sentence="0" number="49">3</token>
  <token t_id="51" sentence="0" number="50">名</token>
  <token t_id="52" sentence="0" number="51">员</token>
  <token t_id="53" sentence="0" number="52">工</token>
  <token t_id="54" sentence="0" number="53">失</token>
  <token t_id="55" sentence="0" number="54">踪</token>
  <token t_id="56" sentence="0" number="55">，</token>
  <token t_id="57" sentence="0" number="56">目</token>
  <token t_id="58" sentence="0" number="57">前</token>
  <token t_id="59" sentence="0" number="58">正</token>
  <token t_id="60" sentence="0" number="59">在</token>
  <token t_id="61" sentence="0" number="60">搜</token>
  <token t_id="62" sentence="0" number="61">寻</token>
  <token t_id="63" sentence="0" number="62">。</token>
  <token t_id="64" sentence="1" number="0">报</token>
  <token t_id="65" sentence="1" number="1">道</token>
  <token t_id="66" sentence="1" number="2">称</token>
  <token t_id="67" sentence="1" number="3">，</token>
  <token t_id="68" sentence="1" number="4">事</token>
  <token t_id="69" sentence="1" number="5">故</token>
  <token t_id="70" sentence="1" number="6">造</token>
  <token t_id="71" sentence="1" number="7">成</token>
  <token t_id="72" sentence="1" number="8">多</token>
  <token t_id="73" sentence="1" number="9">节</token>
  <token t_id="74" sentence="1" number="10">车</token>
  <token t_id="75" sentence="1" number="11">厢</token>
  <token t_id="76" sentence="1" number="12">出</token>
  <token t_id="77" sentence="1" number="13">轨</token>
  <token t_id="78" sentence="1" number="14">，</token>
  <token t_id="79" sentence="1" number="15">现</token>
  <token t_id="80" sentence="1" number="16">场</token>
  <token t_id="81" sentence="1" number="17">浓</token>
  <token t_id="82" sentence="1" number="18">烟</token>
  <token t_id="83" sentence="1" number="19">滚</token>
  <token t_id="84" sentence="1" number="20">滚</token>
  <token t_id="85" sentence="1" number="21">。</token>
  <token t_id="86" sentence="2" number="0">附</token>
  <token t_id="87" sentence="2" number="1">近</token>
  <token t_id="88" sentence="2" number="2">的</token>
  <token t_id="89" sentence="2" number="3">一</token>
  <token t_id="90" sentence="2" number="4">名</token>
  <token t_id="91" sentence="2" number="5">农</token>
  <token t_id="92" sentence="2" number="6">民</token>
  <token t_id="93" sentence="2" number="7">表</token>
  <token t_id="94" sentence="2" number="8">示</token>
  <token t_id="95" sentence="2" number="9">，</token>
  <token t_id="96" sentence="2" number="10">他</token>
  <token t_id="97" sentence="2" number="11">看</token>
  <token t_id="98" sentence="2" number="12">到</token>
  <token t_id="99" sentence="2" number="13">火</token>
  <token t_id="100" sentence="2" number="14">车</token>
  <token t_id="101" sentence="2" number="15">相</token>
  <token t_id="102" sentence="2" number="16">撞</token>
  <token t_id="103" sentence="2" number="17">后</token>
  <token t_id="104" sentence="2" number="18">，</token>
  <token t_id="105" sentence="2" number="19">现</token>
  <token t_id="106" sentence="2" number="20">场</token>
  <token t_id="107" sentence="2" number="21">爆</token>
  <token t_id="108" sentence="2" number="22">发</token>
  <token t_id="109" sentence="2" number="23">了</token>
  <token t_id="110" sentence="2" number="24">一</token>
  <token t_id="111" sentence="2" number="25">个</token>
  <token t_id="112" sentence="2" number="26">巨</token>
  <token t_id="113" sentence="2" number="27">大</token>
  <token t_id="114" sentence="2" number="28">的</token>
  <token t_id="115" sentence="2" number="29">火</token>
  <token t_id="116" sentence="2" number="30">球</token>
  <token t_id="117" sentence="2" number="31">。</token>
  <token t_id="118" sentence="3" number="0">铁</token>
  <token t_id="119" sentence="3" number="1">路</token>
  <token t_id="120" sentence="3" number="2">公</token>
  <token t_id="121" sentence="3" number="3">司</token>
  <token t_id="122" sentence="3" number="4">发</token>
  <token t_id="123" sentence="3" number="5">言</token>
  <token t_id="124" sentence="3" number="6">人</token>
  <token t_id="125" sentence="3" number="7">表</token>
  <token t_id="126" sentence="3" number="8">示</token>
  <token t_id="127" sentence="3" number="9">，</token>
  <token t_id="128" sentence="3" number="10">每</token>
  <token t_id="129" sentence="3" number="11">列</token>
  <token t_id="130" sentence="3" number="12">火</token>
  <token t_id="131" sentence="3" number="13">车</token>
  <token t_id="132" sentence="3" number="14">共</token>
  <token t_id="133" sentence="3" number="15">载</token>
  <token t_id="134" sentence="3" number="16">有</token>
  <token t_id="135" sentence="3" number="17">2</token>
  <token t_id="136" sentence="3" number="18">名</token>
  <token t_id="137" sentence="3" number="19">员</token>
  <token t_id="138" sentence="3" number="20">工</token>
  <token t_id="139" sentence="3" number="21">。</token>
  <token t_id="140" sentence="4" number="0">其</token>
  <token t_id="141" sentence="4" number="1">中</token>
  <token t_id="142" sentence="4" number="2">1</token>
  <token t_id="143" sentence="4" number="3">名</token>
  <token t_id="144" sentence="4" number="4">员</token>
  <token t_id="145" sentence="4" number="5">工</token>
  <token t_id="146" sentence="4" number="6">在</token>
  <token t_id="147" sentence="4" number="7">火</token>
  <token t_id="148" sentence="4" number="8">车</token>
  <token t_id="149" sentence="4" number="9">相</token>
  <token t_id="150" sentence="4" number="10">撞</token>
  <token t_id="151" sentence="4" number="11">之</token>
  <token t_id="152" sentence="4" number="12">前</token>
  <token t_id="153" sentence="4" number="13">就</token>
  <token t_id="154" sentence="4" number="14">跳</token>
  <token t_id="155" sentence="4" number="15">车</token>
  <token t_id="156" sentence="4" number="16">了</token>
  <token t_id="157" sentence="4" number="17">，</token>
  <token t_id="158" sentence="4" number="18">目</token>
  <token t_id="159" sentence="4" number="19">前</token>
  <token t_id="160" sentence="4" number="20">正</token>
  <token t_id="161" sentence="4" number="21">在</token>
  <token t_id="162" sentence="4" number="22">医</token>
  <token t_id="163" sentence="4" number="23">院</token>
  <token t_id="164" sentence="4" number="24">接</token>
  <token t_id="165" sentence="4" number="25">受</token>
  <token t_id="166" sentence="4" number="26">治</token>
  <token t_id="167" sentence="4" number="27">疗</token>
  <token t_id="168" sentence="4" number="28">。</token>
  <token t_id="169" sentence="5" number="0">其</token>
  <token t_id="170" sentence="5" number="1">他</token>
  <token t_id="171" sentence="5" number="2">3</token>
  <token t_id="172" sentence="5" number="3">名</token>
  <token t_id="173" sentence="5" number="4">员</token>
  <token t_id="174" sentence="5" number="5">工</token>
  <token t_id="175" sentence="5" number="6">下</token>
  <token t_id="176" sentence="5" number="7">落</token>
  <token t_id="177" sentence="5" number="8">不</token>
  <token t_id="178" sentence="5" number="9">明</token>
  <token t_id="179" sentence="5" number="10">，</token>
  <token t_id="180" sentence="5" number="11">目</token>
  <token t_id="181" sentence="5" number="12">前</token>
  <token t_id="182" sentence="5" number="13">正</token>
  <token t_id="183" sentence="5" number="14">在</token>
  <token t_id="184" sentence="5" number="15">搜</token>
  <token t_id="185" sentence="5" number="16">寻</token>
  <token t_id="186" sentence="5" number="17">。</token>
  <token t_id="187" sentence="6" number="0">报</token>
  <token t_id="188" sentence="6" number="1">道</token>
  <token t_id="189" sentence="6" number="2">还</token>
  <token t_id="190" sentence="6" number="3">称</token>
  <token t_id="191" sentence="6" number="4">，</token>
  <token t_id="192" sentence="6" number="5">美</token>
  <token t_id="193" sentence="6" number="6">国</token>
  <token t_id="194" sentence="6" number="7">国</token>
  <token t_id="195" sentence="6" number="8">家</token>
  <token t_id="196" sentence="6" number="9">运</token>
  <token t_id="197" sentence="6" number="10">输</token>
  <token t_id="198" sentence="6" number="11">安</token>
  <token t_id="199" sentence="6" number="12">全</token>
  <token t_id="200" sentence="6" number="13">委</token>
  <token t_id="201" sentence="6" number="14">员</token>
  <token t_id="202" sentence="6" number="15">会</token>
  <token t_id="203" sentence="6" number="16">已</token>
  <token t_id="204" sentence="6" number="17">经</token>
  <token t_id="205" sentence="6" number="18">介</token>
  <token t_id="206" sentence="6" number="19">入</token>
  <token t_id="207" sentence="6" number="20">调</token>
  <token t_id="208" sentence="6" number="21">查</token>
  <Markables>
    <ACTION m_id="23639" comment="">
      <token_anchor t_id="14" />
      <token_anchor t_id="15" />
    </ACTION>
    <ACTION m_id="23641" comment="">
      <token_anchor t_id="43" />
      <token_anchor t_id="44" />
    </ACTION>
    <ACTION_CAUSATIVE m_id="23642" comment="">
      <token_anchor t_id="48" />
      <token_anchor t_id="49" />
    </ACTION_CAUSATIVE>
    <ACTION m_id="23643" comment="">
      <token_anchor t_id="54" />
      <token_anchor t_id="55" />
    </ACTION>
    <ACTION m_id="23644" comment="">
      <token_anchor t_id="61" />
      <token_anchor t_id="62" />
    </ACTION>
    <ACTION_CAUSATIVE m_id="23646" comment="">
      <token_anchor t_id="70" />
      <token_anchor t_id="71" />
    </ACTION_CAUSATIVE>
    <ACTION m_id="23647" comment="">
      <token_anchor t_id="76" />
      <token_anchor t_id="77" />
    </ACTION>
    <ACTION m_id="23648" comment="">
      <token_anchor t_id="101" />
      <token_anchor t_id="102" />
    </ACTION>
    <ACTION m_id="23649" comment="">
      <token_anchor t_id="107" />
      <token_anchor t_id="108" />
    </ACTION>
    <ACTION m_id="23650" comment="">
      <token_anchor t_id="149" />
      <token_anchor t_id="150" />
    </ACTION>
    <ACTION m_id="23651" comment="">
      <token_anchor t_id="154" />
      <token_anchor t_id="155" />
    </ACTION>
    <ACTION m_id="23652" comment="">
      <token_anchor t_id="166" />
      <token_anchor t_id="167" />
    </ACTION>
    <ACTION m_id="23653" comment="">
      <token_anchor t_id="184" />
      <token_anchor t_id="185" />
    </ACTION>
    <ACTION m_id="23654" comment="">
      <token_anchor t_id="207" />
      <token_anchor t_id="208" />
    </ACTION>
    <ACTION m_id="30297" comment="">
      <token_anchor t_id="66" />
    </ACTION>
    <ACTION m_id="30298" comment="">
      <token_anchor t_id="68" />
      <token_anchor t_id="69" />
    </ACTION>
    <ACTION m_id="30299" comment="">
      <token_anchor t_id="81" />
      <token_anchor t_id="82" />
      <token_anchor t_id="83" />
      <token_anchor t_id="84" />
    </ACTION>
  </Markables>
  <Relations>
    <PLOT_LINK r_id="1191" SIGNAL="" relType="causation" CAUSES="FALSE" CAUSED_BY="FALSE">
      <source m_id="23641" />
      <target m_id="23643" />
    </PLOT_LINK>
    <PLOT_LINK r_id="1192" SIGNAL="" relType="causation" CAUSES="FALSE" CAUSED_BY="FALSE">
      <source m_id="30298" />
      <target m_id="23647" />
    </PLOT_LINK>
    <PLOT_LINK r_id="1193" SIGNAL="" relType="causation" CAUSES="FALSE" CAUSED_BY="FALSE">
      <source m_id="30298" />
      <target m_id="30299" />
    </PLOT_LINK>
    <PLOT_LINK r_id="1194" SIGNAL="" relType="causation" CAUSES="FALSE" CAUSED_BY="FALSE">
      <source m_id="23648" />
      <target m_id="23649" />
    </PLOT_LINK>
  </Relations>
</Document>