<?xml version="1.0" encoding="UTF-8"?>
<Document doc_name="2951_ecbplus.xml.xml">
  <token t_id="1" sentence="0" number="0">据</token>
  <token t_id="2" sentence="0" number="1">贵</token>
  <token t_id="3" sentence="0" number="2">州</token>
  <token t_id="4" sentence="0" number="3">六</token>
  <token t_id="5" sentence="0" number="4">盘</token>
  <token t_id="6" sentence="0" number="5">水</token>
  <token t_id="7" sentence="0" number="6">市</token>
  <token t_id="8" sentence="0" number="7">六</token>
  <token t_id="9" sentence="0" number="8">枝</token>
  <token t_id="10" sentence="0" number="9">特</token>
  <token t_id="11" sentence="0" number="10">区</token>
  <token t_id="12" sentence="0" number="11">公</token>
  <token t_id="13" sentence="0" number="12">安</token>
  <token t_id="14" sentence="0" number="13">局</token>
  <token t_id="15" sentence="0" number="14">交</token>
  <token t_id="16" sentence="0" number="15">通</token>
  <token t_id="17" sentence="0" number="16">警</token>
  <token t_id="18" sentence="0" number="17">察</token>
  <token t_id="19" sentence="0" number="18">大</token>
  <token t_id="20" sentence="0" number="19">队</token>
  <token t_id="21" sentence="0" number="20">官</token>
  <token t_id="22" sentence="0" number="21">方</token>
  <token t_id="23" sentence="0" number="22">微</token>
  <token t_id="24" sentence="0" number="23">博</token>
  <token t_id="25" sentence="0" number="24">消</token>
  <token t_id="26" sentence="0" number="25">息</token>
  <token t_id="27" sentence="0" number="26">：</token>
  <token t_id="28" sentence="0" number="27">2</token>
  <token t_id="29" sentence="0" number="28">0</token>
  <token t_id="30" sentence="0" number="29">2</token>
  <token t_id="31" sentence="0" number="30">1</token>
  <token t_id="32" sentence="0" number="31">年</token>
  <token t_id="33" sentence="0" number="32">7</token>
  <token t_id="34" sentence="0" number="33">月</token>
  <token t_id="35" sentence="0" number="34">5</token>
  <token t_id="36" sentence="0" number="35">日</token>
  <token t_id="37" sentence="0" number="36">8</token>
  <token t_id="38" sentence="0" number="37">时</token>
  <token t_id="39" sentence="0" number="38">2</token>
  <token t_id="40" sentence="0" number="39">0</token>
  <token t_id="41" sentence="0" number="40">分</token>
  <token t_id="42" sentence="0" number="41">，</token>
  <token t_id="43" sentence="0" number="42">六</token>
  <token t_id="44" sentence="0" number="43">枝</token>
  <token t_id="45" sentence="0" number="44">特</token>
  <token t_id="46" sentence="0" number="45">区</token>
  <token t_id="47" sentence="0" number="46">郎</token>
  <token t_id="48" sentence="0" number="47">岱</token>
  <token t_id="49" sentence="0" number="48">镇</token>
  <token t_id="50" sentence="0" number="49">群</token>
  <token t_id="51" sentence="0" number="50">锋</token>
  <token t_id="52" sentence="0" number="51">村</token>
  <token t_id="53" sentence="0" number="52">发</token>
  <token t_id="54" sentence="0" number="53">生</token>
  <token t_id="55" sentence="0" number="54">一</token>
  <token t_id="56" sentence="0" number="55">起</token>
  <token t_id="57" sentence="0" number="56">交</token>
  <token t_id="58" sentence="0" number="57">通</token>
  <token t_id="59" sentence="0" number="58">事</token>
  <token t_id="60" sentence="0" number="59">故</token>
  <token t_id="61" sentence="0" number="60">，</token>
  <token t_id="62" sentence="0" number="61">一</token>
  <token t_id="63" sentence="0" number="62">辆</token>
  <token t_id="64" sentence="0" number="63">车</token>
  <token t_id="65" sentence="0" number="64">牌</token>
  <token t_id="66" sentence="0" number="65">为</token>
  <token t_id="67" sentence="0" number="66">贵</token>
  <token t_id="68" sentence="0" number="67">B</token>
  <token t_id="69" sentence="0" number="68">8</token>
  <token t_id="70" sentence="0" number="69">L</token>
  <token t_id="71" sentence="0" number="70">3</token>
  <token t_id="72" sentence="0" number="71">6</token>
  <token t_id="73" sentence="0" number="72">2</token>
  <token t_id="74" sentence="0" number="73">的</token>
  <token t_id="75" sentence="0" number="74">小</token>
  <token t_id="76" sentence="0" number="75">型</token>
  <token t_id="77" sentence="0" number="76">汽</token>
  <token t_id="78" sentence="0" number="77">车</token>
  <token t_id="79" sentence="0" number="78">行</token>
  <token t_id="80" sentence="0" number="79">至</token>
  <token t_id="81" sentence="0" number="80">2</token>
  <token t_id="82" sentence="0" number="81">2</token>
  <token t_id="83" sentence="0" number="82">4</token>
  <token t_id="84" sentence="0" number="83">县</token>
  <token t_id="85" sentence="0" number="84">道</token>
  <token t_id="86" sentence="0" number="85">2</token>
  <token t_id="87" sentence="0" number="86">k</token>
  <token t_id="88" sentence="0" number="87">m</token>
  <token t_id="89" sentence="0" number="88">+</token>
  <token t_id="90" sentence="0" number="89">7</token>
  <token t_id="91" sentence="0" number="90">5</token>
  <token t_id="92" sentence="0" number="91">0</token>
  <token t_id="93" sentence="0" number="92">m</token>
  <token t_id="94" sentence="0" number="93">处</token>
  <token t_id="95" sentence="0" number="94">时</token>
  <token t_id="96" sentence="0" number="95">发</token>
  <token t_id="97" sentence="0" number="96">生</token>
  <token t_id="98" sentence="0" number="97">侧</token>
  <token t_id="99" sentence="0" number="98">翻</token>
  <token t_id="100" sentence="0" number="99">，</token>
  <token t_id="101" sentence="0" number="100">1</token>
  <token t_id="102" sentence="0" number="101">人</token>
  <token t_id="103" sentence="0" number="102">经</token>
  <token t_id="104" sentence="0" number="103">送</token>
  <token t_id="105" sentence="0" number="104">医</token>
  <token t_id="106" sentence="0" number="105">抢</token>
  <token t_id="107" sentence="0" number="106">救</token>
  <token t_id="108" sentence="0" number="107">无</token>
  <token t_id="109" sentence="0" number="108">效</token>
  <token t_id="110" sentence="0" number="109">于</token>
  <token t_id="111" sentence="0" number="110">9</token>
  <token t_id="112" sentence="0" number="111">时</token>
  <token t_id="113" sentence="0" number="112">许</token>
  <token t_id="114" sentence="0" number="113">死</token>
  <token t_id="115" sentence="0" number="114">亡</token>
  <token t_id="116" sentence="0" number="115">，</token>
  <token t_id="117" sentence="0" number="116">另</token>
  <token t_id="118" sentence="0" number="117">有</token>
  <token t_id="119" sentence="0" number="118">1</token>
  <token t_id="120" sentence="0" number="119">7</token>
  <token t_id="121" sentence="0" number="120">名</token>
  <token t_id="122" sentence="0" number="121">受</token>
  <token t_id="123" sentence="0" number="122">伤</token>
  <token t_id="124" sentence="0" number="123">人</token>
  <token t_id="125" sentence="0" number="124">员</token>
  <token t_id="126" sentence="0" number="125">在</token>
  <token t_id="127" sentence="0" number="126">医</token>
  <token t_id="128" sentence="0" number="127">院</token>
  <token t_id="129" sentence="0" number="128">救</token>
  <token t_id="130" sentence="0" number="129">治</token>
  <token t_id="131" sentence="0" number="130">。</token>
  <token t_id="132" sentence="1" number="0">目</token>
  <token t_id="133" sentence="1" number="1">前</token>
  <token t_id="134" sentence="1" number="2">，</token>
  <token t_id="135" sentence="1" number="3">涉</token>
  <token t_id="136" sentence="1" number="4">事</token>
  <token t_id="137" sentence="1" number="5">驾</token>
  <token t_id="138" sentence="1" number="6">驶</token>
  <token t_id="139" sentence="1" number="7">员</token>
  <token t_id="140" sentence="1" number="8">已</token>
  <token t_id="141" sentence="1" number="9">被</token>
  <token t_id="142" sentence="1" number="10">警</token>
  <token t_id="143" sentence="1" number="11">方</token>
  <token t_id="144" sentence="1" number="12">控</token>
  <token t_id="145" sentence="1" number="13">制</token>
  <token t_id="146" sentence="1" number="14">，</token>
  <token t_id="147" sentence="1" number="15">事</token>
  <token t_id="148" sentence="1" number="16">故</token>
  <token t_id="149" sentence="1" number="17">原</token>
  <token t_id="150" sentence="1" number="18">因</token>
  <token t_id="151" sentence="1" number="19">正</token>
  <token t_id="152" sentence="1" number="20">在</token>
  <token t_id="153" sentence="1" number="21">调</token>
  <token t_id="154" sentence="1" number="22">查</token>
  <token t_id="155" sentence="1" number="23">中</token>
  <Markables>
    <ACTION m_id="30324" comment="">
      <token_anchor t_id="53" />
      <token_anchor t_id="54" />
    </ACTION>
    <ACTION m_id="30325" comment="">
      <token_anchor t_id="79" />
      <token_anchor t_id="80" />
    </ACTION>
    <ACTION m_id="30326" comment="">
      <token_anchor t_id="96" />
      <token_anchor t_id="97" />
    </ACTION>
    <ACTION m_id="30327" comment="">
      <token_anchor t_id="104" />
      <token_anchor t_id="105" />
    </ACTION>
    <ACTION m_id="30328" comment="">
      <token_anchor t_id="106" />
      <token_anchor t_id="107" />
    </ACTION>
    <ACTION m_id="30329" comment="">
      <token_anchor t_id="114" />
      <token_anchor t_id="115" />
    </ACTION>
    <ACTION m_id="30330" comment="">
      <token_anchor t_id="122" />
      <token_anchor t_id="123" />
    </ACTION>
    <ACTION m_id="30331" comment="">
      <token_anchor t_id="129" />
      <token_anchor t_id="130" />
    </ACTION>
    <ACTION m_id="30332" comment="">
      <token_anchor t_id="144" />
      <token_anchor t_id="145" />
    </ACTION>
    <ACTION m_id="30333" comment="">
      <token_anchor t_id="153" />
      <token_anchor t_id="154" />
    </ACTION>
  </Markables>
  <Relations>
    <PLOT_LINK r_id="1276" SIGNAL="" relType="causation" CAUSES="FALSE" CAUSED_BY="FALSE">
      <source m_id="30326" />
      <target m_id="30329" />
    </PLOT_LINK>
    <PLOT_LINK r_id="1277" SIGNAL="" relType="causation" CAUSES="FALSE" CAUSED_BY="FALSE">
      <source m_id="30328" />
      <target m_id="30329" />
    </PLOT_LINK>
    <PLOT_LINK r_id="1278" SIGNAL="" relType="causation" CAUSES="FALSE" CAUSED_BY="FALSE">
      <source m_id="30326" />
      <target m_id="30330" />
    </PLOT_LINK>
    <PLOT_LINK r_id="1279" SIGNAL="" relType="causation" CAUSES="FALSE" CAUSED_BY="FALSE">
      <source m_id="30330" />
      <target m_id="30331" />
    </PLOT_LINK>
    <PLOT_LINK r_id="1280" SIGNAL="" relType="causation" CAUSES="FALSE" CAUSED_BY="FALSE">
      <source m_id="30326" />
      <target m_id="30324" />
    </PLOT_LINK>
    <PLOT_LINK r_id="1281" SIGNAL="" relType="causation" CAUSES="FALSE" CAUSED_BY="FALSE">
      <source m_id="30324" />
      <target m_id="30329" />
    </PLOT_LINK>
    <PLOT_LINK r_id="1282" SIGNAL="" relType="causation" CAUSES="FALSE" CAUSED_BY="FALSE">
      <source m_id="30324" />
      <target m_id="30330" />
    </PLOT_LINK>
  </Relations>
</Document>