<?xml version="1.0" encoding="UTF-8"?>
<Document doc_name="2955_ecbplus.xml.xml">
  <token t_id="1" sentence="0" number="0">1</token>
  <token t_id="2" sentence="0" number="1">月</token>
  <token t_id="3" sentence="0" number="2">5</token>
  <token t_id="4" sentence="0" number="3">日</token>
  <token t_id="5" sentence="0" number="4">上</token>
  <token t_id="6" sentence="0" number="5">午</token>
  <token t_id="7" sentence="0" number="6">8</token>
  <token t_id="8" sentence="0" number="7">时</token>
  <token t_id="9" sentence="0" number="8">5</token>
  <token t_id="10" sentence="0" number="9">9</token>
  <token t_id="11" sentence="0" number="10">分</token>
  <token t_id="12" sentence="0" number="11">，</token>
  <token t_id="13" sentence="0" number="12">受</token>
  <token t_id="14" sentence="0" number="13">到</token>
  <token t_id="15" sentence="0" number="14">大</token>
  <token t_id="16" sentence="0" number="15">雾</token>
  <token t_id="17" sentence="0" number="16">影</token>
  <token t_id="18" sentence="0" number="17">响</token>
  <token t_id="19" sentence="0" number="18">，</token>
  <token t_id="20" sentence="0" number="19">沪</token>
  <token t_id="21" sentence="0" number="20">渝</token>
  <token t_id="22" sentence="0" number="21">高</token>
  <token t_id="23" sentence="0" number="22">速</token>
  <token t_id="24" sentence="0" number="23">G</token>
  <token t_id="25" sentence="0" number="24">5</token>
  <token t_id="26" sentence="0" number="25">0</token>
  <token t_id="27" sentence="0" number="26">线</token>
  <token t_id="28" sentence="0" number="27">3</token>
  <token t_id="29" sentence="0" number="28">1</token>
  <token t_id="30" sentence="0" number="29">5</token>
  <token t_id="31" sentence="0" number="30">公</token>
  <token t_id="32" sentence="0" number="31">里</token>
  <token t_id="33" sentence="0" number="32">上</token>
  <token t_id="34" sentence="0" number="33">行</token>
  <token t_id="35" sentence="0" number="34">线</token>
  <token t_id="36" sentence="0" number="35">宣</token>
  <token t_id="37" sentence="0" number="36">城</token>
  <token t_id="38" sentence="0" number="37">至</token>
  <token t_id="39" sentence="0" number="38">芜</token>
  <token t_id="40" sentence="0" number="39">湖</token>
  <token t_id="41" sentence="0" number="40">方</token>
  <token t_id="42" sentence="0" number="41">向</token>
  <token t_id="43" sentence="0" number="42">，</token>
  <token t_id="44" sentence="0" number="43">发</token>
  <token t_id="45" sentence="0" number="44">生</token>
  <token t_id="46" sentence="0" number="45">一</token>
  <token t_id="47" sentence="0" number="46">起</token>
  <token t_id="48" sentence="0" number="47">四</token>
  <token t_id="49" sentence="0" number="48">车</token>
  <token t_id="50" sentence="0" number="49">追</token>
  <token t_id="51" sentence="0" number="50">尾</token>
  <token t_id="52" sentence="0" number="51">交</token>
  <token t_id="53" sentence="0" number="52">通</token>
  <token t_id="54" sentence="0" number="53">事</token>
  <token t_id="55" sentence="0" number="54">故</token>
  <token t_id="56" sentence="0" number="55">，</token>
  <token t_id="57" sentence="0" number="56">肇</token>
  <token t_id="58" sentence="0" number="57">事</token>
  <token t_id="59" sentence="0" number="58">车</token>
  <token t_id="60" sentence="0" number="59">辆</token>
  <token t_id="61" sentence="0" number="60">分</token>
  <token t_id="62" sentence="0" number="61">别</token>
  <token t_id="63" sentence="0" number="62">为</token>
  <token t_id="64" sentence="0" number="63">豫</token>
  <token t_id="65" sentence="0" number="64">B</token>
  <token t_id="66" sentence="0" number="65">8</token>
  <token t_id="67" sentence="0" number="66">8</token>
  <token t_id="68" sentence="0" number="67">8</token>
  <token t_id="69" sentence="0" number="68">8</token>
  <token t_id="70" sentence="0" number="69">4</token>
  <token t_id="71" sentence="0" number="70">号</token>
  <token t_id="72" sentence="0" number="71">、</token>
  <token t_id="73" sentence="0" number="72">沪</token>
  <token t_id="74" sentence="0" number="73">D</token>
  <token t_id="75" sentence="0" number="74">3</token>
  <token t_id="76" sentence="0" number="75">3</token>
  <token t_id="77" sentence="0" number="76">5</token>
  <token t_id="78" sentence="0" number="77">4</token>
  <token t_id="79" sentence="0" number="78">8</token>
  <token t_id="80" sentence="0" number="79">号</token>
  <token t_id="81" sentence="0" number="80">、</token>
  <token t_id="82" sentence="0" number="81">豫</token>
  <token t_id="83" sentence="0" number="82">D</token>
  <token t_id="84" sentence="0" number="83">G</token>
  <token t_id="85" sentence="0" number="84">2</token>
  <token t_id="86" sentence="0" number="85">5</token>
  <token t_id="87" sentence="0" number="86">2</token>
  <token t_id="88" sentence="0" number="87">3</token>
  <token t_id="89" sentence="0" number="88">号</token>
  <token t_id="90" sentence="0" number="89">大</token>
  <token t_id="91" sentence="0" number="90">型</token>
  <token t_id="92" sentence="0" number="91">货</token>
  <token t_id="93" sentence="0" number="92">车</token>
  <token t_id="94" sentence="0" number="93">和</token>
  <token t_id="95" sentence="0" number="94">皖</token>
  <token t_id="96" sentence="0" number="95">A</token>
  <token t_id="97" sentence="0" number="96">X</token>
  <token t_id="98" sentence="0" number="97">2</token>
  <token t_id="99" sentence="0" number="98">4</token>
  <token t_id="100" sentence="0" number="99">0</token>
  <token t_id="101" sentence="0" number="100">1</token>
  <token t_id="102" sentence="0" number="101">号</token>
  <token t_id="103" sentence="0" number="102">小</token>
  <token t_id="104" sentence="0" number="103">型</token>
  <token t_id="105" sentence="0" number="104">面</token>
  <token t_id="106" sentence="0" number="105">包</token>
  <token t_id="107" sentence="0" number="106">车</token>
  <token t_id="108" sentence="0" number="107">。</token>
  <token t_id="109" sentence="1" number="0">经</token>
  <token t_id="110" sentence="1" number="1">现</token>
  <token t_id="111" sentence="1" number="2">场</token>
  <token t_id="112" sentence="1" number="3">施</token>
  <token t_id="113" sentence="1" number="4">救</token>
  <token t_id="114" sentence="1" number="5">勘</token>
  <token t_id="115" sentence="1" number="6">察</token>
  <token t_id="116" sentence="1" number="7">和</token>
  <token t_id="117" sentence="1" number="8">清</token>
  <token t_id="118" sentence="1" number="9">理</token>
  <token t_id="119" sentence="1" number="10">，</token>
  <token t_id="120" sentence="1" number="11">事</token>
  <token t_id="121" sentence="1" number="12">故</token>
  <token t_id="122" sentence="1" number="13">共</token>
  <token t_id="123" sentence="1" number="14">造</token>
  <token t_id="124" sentence="1" number="15">成</token>
  <token t_id="125" sentence="1" number="16">面</token>
  <token t_id="126" sentence="1" number="17">包</token>
  <token t_id="127" sentence="1" number="18">车</token>
  <token t_id="128" sentence="1" number="19">驾</token>
  <token t_id="129" sentence="1" number="20">乘</token>
  <token t_id="130" sentence="1" number="21">人</token>
  <token t_id="131" sentence="1" number="22">员</token>
  <token t_id="132" sentence="1" number="23">7</token>
  <token t_id="133" sentence="1" number="24">人</token>
  <token t_id="134" sentence="1" number="25">死</token>
  <token t_id="135" sentence="1" number="26">亡</token>
  <token t_id="136" sentence="1" number="27">。</token>
  <token t_id="137" sentence="2" number="0">事</token>
  <token t_id="138" sentence="2" number="1">故</token>
  <token t_id="139" sentence="2" number="2">发</token>
  <token t_id="140" sentence="2" number="3">生</token>
  <token t_id="141" sentence="2" number="4">后</token>
  <token t_id="142" sentence="2" number="5">，</token>
  <token t_id="143" sentence="2" number="6">安</token>
  <token t_id="144" sentence="2" number="7">徽</token>
  <token t_id="145" sentence="2" number="8">省</token>
  <token t_id="146" sentence="2" number="9">、</token>
  <token t_id="147" sentence="2" number="10">市</token>
  <token t_id="148" sentence="2" number="11">有</token>
  <token t_id="149" sentence="2" number="12">关</token>
  <token t_id="150" sentence="2" number="13">领</token>
  <token t_id="151" sentence="2" number="14">导</token>
  <token t_id="152" sentence="2" number="15">同</token>
  <token t_id="153" sentence="2" number="16">志</token>
  <token t_id="154" sentence="2" number="17">立</token>
  <token t_id="155" sentence="2" number="18">即</token>
  <token t_id="156" sentence="2" number="19">作</token>
  <token t_id="157" sentence="2" number="20">出</token>
  <token t_id="158" sentence="2" number="21">批</token>
  <token t_id="159" sentence="2" number="22">示</token>
  <token t_id="160" sentence="2" number="23">，</token>
  <token t_id="161" sentence="2" number="24">要</token>
  <token t_id="162" sentence="2" number="25">求</token>
  <token t_id="163" sentence="2" number="26">妥</token>
  <token t_id="164" sentence="2" number="27">善</token>
  <token t_id="165" sentence="2" number="28">做</token>
  <token t_id="166" sentence="2" number="29">好</token>
  <token t_id="167" sentence="2" number="30">善</token>
  <token t_id="168" sentence="2" number="31">后</token>
  <token t_id="169" sentence="2" number="32">工</token>
  <token t_id="170" sentence="2" number="33">作</token>
  <token t_id="171" sentence="2" number="34">，</token>
  <token t_id="172" sentence="2" number="35">认</token>
  <token t_id="173" sentence="2" number="36">真</token>
  <token t_id="174" sentence="2" number="37">调</token>
  <token t_id="175" sentence="2" number="38">查</token>
  <token t_id="176" sentence="2" number="39">事</token>
  <token t_id="177" sentence="2" number="40">故</token>
  <token t_id="178" sentence="2" number="41">原</token>
  <token t_id="179" sentence="2" number="42">因</token>
  <token t_id="180" sentence="2" number="43">，</token>
  <token t_id="181" sentence="2" number="44">对</token>
  <token t_id="182" sentence="2" number="45">交</token>
  <token t_id="183" sentence="2" number="46">通</token>
  <token t_id="184" sentence="2" number="47">安</token>
  <token t_id="185" sentence="2" number="48">全</token>
  <token t_id="186" sentence="2" number="49">工</token>
  <token t_id="187" sentence="2" number="50">作</token>
  <token t_id="188" sentence="2" number="51">存</token>
  <token t_id="189" sentence="2" number="52">在</token>
  <token t_id="190" sentence="2" number="53">的</token>
  <token t_id="191" sentence="2" number="54">问</token>
  <token t_id="192" sentence="2" number="55">题</token>
  <token t_id="193" sentence="2" number="56">再</token>
  <token t_id="194" sentence="2" number="57">排</token>
  <token t_id="195" sentence="2" number="58">查</token>
  <token t_id="196" sentence="2" number="59">，</token>
  <token t_id="197" sentence="2" number="60">对</token>
  <token t_id="198" sentence="2" number="61">交</token>
  <token t_id="199" sentence="2" number="62">通</token>
  <token t_id="200" sentence="2" number="63">安</token>
  <token t_id="201" sentence="2" number="64">全</token>
  <token t_id="202" sentence="2" number="65">工</token>
  <token t_id="203" sentence="2" number="66">作</token>
  <token t_id="204" sentence="2" number="67">再</token>
  <token t_id="205" sentence="2" number="68">部</token>
  <token t_id="206" sentence="2" number="69">署</token>
  <token t_id="207" sentence="2" number="70">、</token>
  <token t_id="208" sentence="2" number="71">再</token>
  <token t_id="209" sentence="2" number="72">检</token>
  <token t_id="210" sentence="2" number="73">查</token>
  <token t_id="211" sentence="2" number="74">、</token>
  <token t_id="212" sentence="2" number="75">再</token>
  <token t_id="213" sentence="2" number="76">落</token>
  <token t_id="214" sentence="2" number="77">实</token>
  <token t_id="215" sentence="2" number="78">。</token>
  <token t_id="216" sentence="3" number="0">芜</token>
  <token t_id="217" sentence="3" number="1">湖</token>
  <token t_id="218" sentence="3" number="2">市</token>
  <token t_id="219" sentence="3" number="3">政</token>
  <token t_id="220" sentence="3" number="4">府</token>
  <token t_id="221" sentence="3" number="5">主</token>
  <token t_id="222" sentence="3" number="6">要</token>
  <token t_id="223" sentence="3" number="7">领</token>
  <token t_id="224" sentence="3" number="8">导</token>
  <token t_id="225" sentence="3" number="9">，</token>
  <token t_id="226" sentence="3" number="10">市</token>
  <token t_id="227" sentence="3" number="11">政</token>
  <token t_id="228" sentence="3" number="12">法</token>
  <token t_id="229" sentence="3" number="13">委</token>
  <token t_id="230" sentence="3" number="14">书</token>
  <token t_id="231" sentence="3" number="15">记</token>
  <token t_id="232" sentence="3" number="16">，</token>
  <token t_id="233" sentence="3" number="17">市</token>
  <token t_id="234" sentence="3" number="18">政</token>
  <token t_id="235" sentence="3" number="19">府</token>
  <token t_id="236" sentence="3" number="20">分</token>
  <token t_id="237" sentence="3" number="21">管</token>
  <token t_id="238" sentence="3" number="22">市</token>
  <token t_id="239" sentence="3" number="23">长</token>
  <token t_id="240" sentence="3" number="24">，</token>
  <token t_id="241" sentence="3" number="25">芜</token>
  <token t_id="242" sentence="3" number="26">湖</token>
  <token t_id="243" sentence="3" number="27">县</token>
  <token t_id="244" sentence="3" number="28">及</token>
  <token t_id="245" sentence="3" number="29">市</token>
  <token t_id="246" sentence="3" number="30">、</token>
  <token t_id="247" sentence="3" number="31">县</token>
  <token t_id="248" sentence="3" number="32">有</token>
  <token t_id="249" sentence="3" number="33">关</token>
  <token t_id="250" sentence="3" number="34">部</token>
  <token t_id="251" sentence="3" number="35">门</token>
  <token t_id="252" sentence="3" number="36">负</token>
  <token t_id="253" sentence="3" number="37">责</token>
  <token t_id="254" sentence="3" number="38">同</token>
  <token t_id="255" sentence="3" number="39">志</token>
  <token t_id="256" sentence="3" number="40">第</token>
  <token t_id="257" sentence="3" number="41">一</token>
  <token t_id="258" sentence="3" number="42">时</token>
  <token t_id="259" sentence="3" number="43">间</token>
  <token t_id="260" sentence="3" number="44">赶</token>
  <token t_id="261" sentence="3" number="45">到</token>
  <token t_id="262" sentence="3" number="46">现</token>
  <token t_id="263" sentence="3" number="47">场</token>
  <token t_id="264" sentence="3" number="48">，</token>
  <token t_id="265" sentence="3" number="49">指</token>
  <token t_id="266" sentence="3" number="50">挥</token>
  <token t_id="267" sentence="3" number="51">抢</token>
  <token t_id="268" sentence="3" number="52">救</token>
  <token t_id="269" sentence="3" number="53">，</token>
  <token t_id="270" sentence="3" number="54">疏</token>
  <token t_id="271" sentence="3" number="55">导</token>
  <token t_id="272" sentence="3" number="56">交</token>
  <token t_id="273" sentence="3" number="57">通</token>
  <token t_id="274" sentence="3" number="58">。</token>
  <token t_id="275" sentence="4" number="0">事</token>
  <token t_id="276" sentence="4" number="1">故</token>
  <token t_id="277" sentence="4" number="2">原</token>
  <token t_id="278" sentence="4" number="3">因</token>
  <token t_id="279" sentence="4" number="4">调</token>
  <token t_id="280" sentence="4" number="5">查</token>
  <token t_id="281" sentence="4" number="6">和</token>
  <token t_id="282" sentence="4" number="7">善</token>
  <token t_id="283" sentence="4" number="8">后</token>
  <token t_id="284" sentence="4" number="9">处</token>
  <token t_id="285" sentence="4" number="10">理</token>
  <token t_id="286" sentence="4" number="11">工</token>
  <token t_id="287" sentence="4" number="12">作</token>
  <token t_id="288" sentence="4" number="13">已</token>
  <token t_id="289" sentence="4" number="14">在</token>
  <token t_id="290" sentence="4" number="15">有</token>
  <token t_id="291" sentence="4" number="16">条</token>
  <token t_id="292" sentence="4" number="17">不</token>
  <token t_id="293" sentence="4" number="18">紊</token>
  <token t_id="294" sentence="4" number="19">地</token>
  <token t_id="295" sentence="4" number="20">展</token>
  <token t_id="296" sentence="4" number="21">开</token>
  <Markables>
    <ACTION m_id="30395" comment="">
      <token_anchor t_id="17" />
      <token_anchor t_id="18" />
    </ACTION>
    <ACTION m_id="30397" comment="">
      <token_anchor t_id="50" />
      <token_anchor t_id="51" />
    </ACTION>
    <ACTION m_id="30399" comment="">
      <token_anchor t_id="112" />
      <token_anchor t_id="113" />
    </ACTION>
    <ACTION m_id="30400" comment="">
      <token_anchor t_id="114" />
      <token_anchor t_id="115" />
    </ACTION>
    <ACTION m_id="30401" comment="">
      <token_anchor t_id="117" />
      <token_anchor t_id="118" />
    </ACTION>
    <ACTION_CAUSATIVE m_id="30402" comment="">
      <token_anchor t_id="123" />
      <token_anchor t_id="124" />
    </ACTION_CAUSATIVE>
    <ACTION m_id="30403" comment="">
      <token_anchor t_id="134" />
      <token_anchor t_id="135" />
    </ACTION>
    <ACTION m_id="30405" comment="">
      <token_anchor t_id="156" />
      <token_anchor t_id="157" />
    </ACTION>
    <ACTION m_id="30408" comment="">
      <token_anchor t_id="165" />
      <token_anchor t_id="166" />
    </ACTION>
    <ACTION m_id="30409" comment="">
      <token_anchor t_id="174" />
      <token_anchor t_id="175" />
    </ACTION>
    <ACTION m_id="30410" comment="">
      <token_anchor t_id="194" />
      <token_anchor t_id="195" />
    </ACTION>
    <ACTION m_id="30411" comment="">
      <token_anchor t_id="205" />
      <token_anchor t_id="206" />
    </ACTION>
    <ACTION m_id="30412" comment="">
      <token_anchor t_id="209" />
      <token_anchor t_id="210" />
    </ACTION>
    <ACTION m_id="30413" comment="">
      <token_anchor t_id="213" />
      <token_anchor t_id="214" />
    </ACTION>
    <ACTION m_id="30414" comment="">
      <token_anchor t_id="260" />
      <token_anchor t_id="261" />
    </ACTION>
    <ACTION m_id="30415" comment="">
      <token_anchor t_id="265" />
      <token_anchor t_id="266" />
    </ACTION>
    <ACTION m_id="30417" comment="">
      <token_anchor t_id="270" />
      <token_anchor t_id="271" />
    </ACTION>
    <ACTION m_id="30420" comment="">
      <token_anchor t_id="295" />
      <token_anchor t_id="296" />
    </ACTION>
    <ACTION m_id="51953" comment="">
      <token_anchor t_id="120" />
      <token_anchor t_id="121" />
    </ACTION>
    <ACTION m_id="51968" comment="">
      <token_anchor t_id="137" />
      <token_anchor t_id="138" />
    </ACTION>
  </Markables>
  <Relations>
    <PLOT_LINK r_id="2592" SIGNAL="" relType="causation" CAUSES="FALSE" CAUSED_BY="FALSE">
      <source m_id="30395" />
      <target m_id="30397" />
    </PLOT_LINK>
    <PLOT_LINK r_id="2593" SIGNAL="" relType="causation" CAUSES="FALSE" CAUSED_BY="FALSE">
      <source m_id="51953" />
      <target m_id="30403" />
    </PLOT_LINK>
    <PLOT_LINK r_id="2594" SIGNAL="" relType="causation" CAUSES="FALSE" CAUSED_BY="FALSE">
      <source m_id="51968" />
      <target m_id="30405" />
    </PLOT_LINK>
  </Relations>
</Document>