<?xml version="1.0" encoding="UTF-8"?>
<Document doc_name="2958_ecbplus.xml.xml">
  <token t_id="1" sentence="0" number="0">2</token>
  <token t_id="2" sentence="0" number="1">0</token>
  <token t_id="3" sentence="0" number="2">1</token>
  <token t_id="4" sentence="0" number="3">7</token>
  <token t_id="5" sentence="0" number="4">年</token>
  <token t_id="6" sentence="0" number="5">6</token>
  <token t_id="7" sentence="0" number="6">月</token>
  <token t_id="8" sentence="0" number="7">7</token>
  <token t_id="9" sentence="0" number="8">日</token>
  <token t_id="10" sentence="0" number="9">晚</token>
  <token t_id="11" sentence="0" number="10">，</token>
  <token t_id="12" sentence="0" number="11">乐</token>
  <token t_id="13" sentence="0" number="12">山</token>
  <token t_id="14" sentence="0" number="13">市</token>
  <token t_id="15" sentence="0" number="14">夹</token>
  <token t_id="16" sentence="0" number="15">江</token>
  <token t_id="17" sentence="0" number="16">县</token>
  <token t_id="18" sentence="0" number="17">黄</token>
  <token t_id="19" sentence="0" number="18">土</token>
  <token t_id="20" sentence="0" number="19">镇</token>
  <token t_id="21" sentence="0" number="20">发</token>
  <token t_id="22" sentence="0" number="21">生</token>
  <token t_id="23" sentence="0" number="22">一</token>
  <token t_id="24" sentence="0" number="23">起</token>
  <token t_id="25" sentence="0" number="24">交</token>
  <token t_id="26" sentence="0" number="25">通</token>
  <token t_id="27" sentence="0" number="26">事</token>
  <token t_id="28" sentence="0" number="27">故</token>
  <token t_id="29" sentence="0" number="28">，</token>
  <token t_id="30" sentence="0" number="29">事</token>
  <token t_id="31" sentence="0" number="30">故</token>
  <token t_id="32" sentence="0" number="31">造</token>
  <token t_id="33" sentence="0" number="32">成</token>
  <token t_id="34" sentence="0" number="33">两</token>
  <token t_id="35" sentence="0" number="34">车</token>
  <token t_id="36" sentence="0" number="35">受</token>
  <token t_id="37" sentence="0" number="36">损</token>
  <token t_id="38" sentence="0" number="37">，</token>
  <token t_id="39" sentence="0" number="38">6</token>
  <token t_id="40" sentence="0" number="39">人</token>
  <token t_id="41" sentence="0" number="40">经</token>
  <token t_id="42" sentence="0" number="41">送</token>
  <token t_id="43" sentence="0" number="42">医</token>
  <token t_id="44" sentence="0" number="43">院</token>
  <token t_id="45" sentence="0" number="44">抢</token>
  <token t_id="46" sentence="0" number="45">救</token>
  <token t_id="47" sentence="0" number="46">无</token>
  <token t_id="48" sentence="0" number="47">效</token>
  <token t_id="49" sentence="0" number="48">死</token>
  <token t_id="50" sentence="0" number="49">亡</token>
  <token t_id="51" sentence="0" number="50">。</token>
  <token t_id="52" sentence="1" number="0">经</token>
  <token t_id="53" sentence="1" number="1">初</token>
  <token t_id="54" sentence="1" number="2">步</token>
  <token t_id="55" sentence="1" number="3">调</token>
  <token t_id="56" sentence="1" number="4">查</token>
  <token t_id="57" sentence="1" number="5">，</token>
  <token t_id="58" sentence="1" number="6">当</token>
  <token t_id="59" sentence="1" number="7">日</token>
  <token t_id="60" sentence="1" number="8">晚</token>
  <token t_id="61" sentence="1" number="9">，</token>
  <token t_id="62" sentence="1" number="10">夹</token>
  <token t_id="63" sentence="1" number="11">江</token>
  <token t_id="64" sentence="1" number="12">县</token>
  <token t_id="65" sentence="1" number="13">界</token>
  <token t_id="66" sentence="1" number="14">牌</token>
  <token t_id="67" sentence="1" number="15">镇</token>
  <token t_id="68" sentence="1" number="16">蔡</token>
  <token t_id="69" sentence="1" number="17">沟</token>
  <token t_id="70" sentence="1" number="18">村</token>
  <token t_id="71" sentence="1" number="19">薛</token>
  <token t_id="72" sentence="1" number="20">某</token>
  <token t_id="73" sentence="1" number="21">驾</token>
  <token t_id="74" sentence="1" number="22">驶</token>
  <token t_id="75" sentence="1" number="23">大</token>
  <token t_id="76" sentence="1" number="24">中</token>
  <token t_id="77" sentence="1" number="25">型</token>
  <token t_id="78" sentence="1" number="26">拖</token>
  <token t_id="79" sentence="1" number="27">拉</token>
  <token t_id="80" sentence="1" number="28">机</token>
  <token t_id="81" sentence="1" number="29">经</token>
  <token t_id="82" sentence="1" number="30">省</token>
  <token t_id="83" sentence="1" number="31">道</token>
  <token t_id="84" sentence="1" number="32">3</token>
  <token t_id="85" sentence="1" number="33">0</token>
  <token t_id="86" sentence="1" number="34">5</token>
  <token t_id="87" sentence="1" number="35">线</token>
  <token t_id="88" sentence="1" number="36">由</token>
  <token t_id="89" sentence="1" number="37">洪</token>
  <token t_id="90" sentence="1" number="38">雅</token>
  <token t_id="91" sentence="1" number="39">县</token>
  <token t_id="92" sentence="1" number="40">方</token>
  <token t_id="93" sentence="1" number="41">向</token>
  <token t_id="94" sentence="1" number="42">往</token>
  <token t_id="95" sentence="1" number="43">夹</token>
  <token t_id="96" sentence="1" number="44">江</token>
  <token t_id="97" sentence="1" number="45">县</token>
  <token t_id="98" sentence="1" number="46">方</token>
  <token t_id="99" sentence="1" number="47">向</token>
  <token t_id="100" sentence="1" number="48">行</token>
  <token t_id="101" sentence="1" number="49">驶</token>
  <token t_id="102" sentence="1" number="50">，</token>
  <token t_id="103" sentence="1" number="51">2</token>
  <token t_id="104" sentence="1" number="52">3</token>
  <token t_id="105" sentence="1" number="53">时</token>
  <token t_id="106" sentence="1" number="54">5</token>
  <token t_id="107" sentence="1" number="55">0</token>
  <token t_id="108" sentence="1" number="56">分</token>
  <token t_id="109" sentence="1" number="57">许</token>
  <token t_id="110" sentence="1" number="58">，</token>
  <token t_id="111" sentence="1" number="59">该</token>
  <token t_id="112" sentence="1" number="60">车</token>
  <token t_id="113" sentence="1" number="61">行</token>
  <token t_id="114" sentence="1" number="62">驶</token>
  <token t_id="115" sentence="1" number="63">至</token>
  <token t_id="116" sentence="1" number="64">夹</token>
  <token t_id="117" sentence="1" number="65">江</token>
  <token t_id="118" sentence="1" number="66">县</token>
  <token t_id="119" sentence="1" number="67">境</token>
  <token t_id="120" sentence="1" number="68">内</token>
  <token t_id="121" sentence="1" number="69">省</token>
  <token t_id="122" sentence="1" number="70">道</token>
  <token t_id="123" sentence="1" number="71">3</token>
  <token t_id="124" sentence="1" number="72">0</token>
  <token t_id="125" sentence="1" number="73">5</token>
  <token t_id="126" sentence="1" number="74">线</token>
  <token t_id="127" sentence="1" number="75">2</token>
  <token t_id="128" sentence="1" number="76">5</token>
  <token t_id="129" sentence="1" number="77">3</token>
  <token t_id="130" sentence="1" number="78">K</token>
  <token t_id="131" sentence="1" number="79">M</token>
  <token t_id="132" sentence="1" number="80">+</token>
  <token t_id="133" sentence="1" number="81">2</token>
  <token t_id="134" sentence="1" number="82">5</token>
  <token t_id="135" sentence="1" number="83">0</token>
  <token t_id="136" sentence="1" number="84">M</token>
  <token t_id="137" sentence="1" number="85">处</token>
  <token t_id="138" sentence="1" number="86">，</token>
  <token t_id="139" sentence="1" number="87">与</token>
  <token t_id="140" sentence="1" number="88">对</token>
  <token t_id="141" sentence="1" number="89">向</token>
  <token t_id="142" sentence="1" number="90">驶</token>
  <token t_id="143" sentence="1" number="91">来</token>
  <token t_id="144" sentence="1" number="92">的</token>
  <token t_id="145" sentence="1" number="93">一</token>
  <token t_id="146" sentence="1" number="94">辆</token>
  <token t_id="147" sentence="1" number="95">小</token>
  <token t_id="148" sentence="1" number="96">型</token>
  <token t_id="149" sentence="1" number="97">轿</token>
  <token t_id="150" sentence="1" number="98">车</token>
  <token t_id="151" sentence="1" number="99">相</token>
  <token t_id="152" sentence="1" number="100">撞</token>
  <token t_id="153" sentence="1" number="101">，</token>
  <token t_id="154" sentence="1" number="102">造</token>
  <token t_id="155" sentence="1" number="103">成</token>
  <token t_id="156" sentence="1" number="104">两</token>
  <token t_id="157" sentence="1" number="105">车</token>
  <token t_id="158" sentence="1" number="106">受</token>
  <token t_id="159" sentence="1" number="107">损</token>
  <token t_id="160" sentence="1" number="108">，</token>
  <token t_id="161" sentence="1" number="109">小</token>
  <token t_id="162" sentence="1" number="110">车</token>
  <token t_id="163" sentence="1" number="111">上</token>
  <token t_id="164" sentence="1" number="112">6</token>
  <token t_id="165" sentence="1" number="113">人</token>
  <token t_id="166" sentence="1" number="114">经</token>
  <token t_id="167" sentence="1" number="115">送</token>
  <token t_id="168" sentence="1" number="116">医</token>
  <token t_id="169" sentence="1" number="117">院</token>
  <token t_id="170" sentence="1" number="118">抢</token>
  <token t_id="171" sentence="1" number="119">救</token>
  <token t_id="172" sentence="1" number="120">无</token>
  <token t_id="173" sentence="1" number="121">效</token>
  <token t_id="174" sentence="1" number="122">死</token>
  <token t_id="175" sentence="1" number="123">亡</token>
  <token t_id="176" sentence="1" number="124">(</token>
  <token t_id="177" sentence="1" number="125">其</token>
  <token t_id="178" sentence="1" number="126">中</token>
  <token t_id="179" sentence="1" number="127">有</token>
  <token t_id="180" sentence="1" number="128">一</token>
  <token t_id="181" sentence="1" number="129">名</token>
  <token t_id="182" sentence="1" number="130">婴</token>
  <token t_id="183" sentence="1" number="131">儿</token>
  <token t_id="184" sentence="1" number="132">)</token>
  <token t_id="185" sentence="1" number="133">。</token>
  <token t_id="186" sentence="2" number="0">事</token>
  <token t_id="187" sentence="2" number="1">故</token>
  <token t_id="188" sentence="2" number="2">发</token>
  <token t_id="189" sentence="2" number="3">生</token>
  <token t_id="190" sentence="2" number="4">后</token>
  <token t_id="191" sentence="2" number="5">，</token>
  <token t_id="192" sentence="2" number="6">夹</token>
  <token t_id="193" sentence="2" number="7">江</token>
  <token t_id="194" sentence="2" number="8">县</token>
  <token t_id="195" sentence="2" number="9">启</token>
  <token t_id="196" sentence="2" number="10">动</token>
  <token t_id="197" sentence="2" number="11">应</token>
  <token t_id="198" sentence="2" number="12">急</token>
  <token t_id="199" sentence="2" number="13">机</token>
  <token t_id="200" sentence="2" number="14">制</token>
  <token t_id="201" sentence="2" number="15">，</token>
  <token t_id="202" sentence="2" number="16">有</token>
  <token t_id="203" sentence="2" number="17">关</token>
  <token t_id="204" sentence="2" number="18">县</token>
  <token t_id="205" sentence="2" number="19">领</token>
  <token t_id="206" sentence="2" number="20">导</token>
  <token t_id="207" sentence="2" number="21">赶</token>
  <token t_id="208" sentence="2" number="22">赴</token>
  <token t_id="209" sentence="2" number="23">事</token>
  <token t_id="210" sentence="2" number="24">故</token>
  <token t_id="211" sentence="2" number="25">现</token>
  <token t_id="212" sentence="2" number="26">场</token>
  <token t_id="213" sentence="2" number="27">一</token>
  <token t_id="214" sentence="2" number="28">线</token>
  <token t_id="215" sentence="2" number="29">指</token>
  <token t_id="216" sentence="2" number="30">挥</token>
  <token t_id="217" sentence="2" number="31">，</token>
  <token t_id="218" sentence="2" number="32">公</token>
  <token t_id="219" sentence="2" number="33">安</token>
  <token t_id="220" sentence="2" number="34">、</token>
  <token t_id="221" sentence="2" number="35">消</token>
  <token t_id="222" sentence="2" number="36">防</token>
  <token t_id="223" sentence="2" number="37">、</token>
  <token t_id="224" sentence="2" number="38">安</token>
  <token t_id="225" sentence="2" number="39">监</token>
  <token t_id="226" sentence="2" number="40">、</token>
  <token t_id="227" sentence="2" number="41">卫</token>
  <token t_id="228" sentence="2" number="42">生</token>
  <token t_id="229" sentence="2" number="43">等</token>
  <token t_id="230" sentence="2" number="44">部</token>
  <token t_id="231" sentence="2" number="45">门</token>
  <token t_id="232" sentence="2" number="46">全</token>
  <token t_id="233" sentence="2" number="47">力</token>
  <token t_id="234" sentence="2" number="48">以</token>
  <token t_id="235" sentence="2" number="49">赴</token>
  <token t_id="236" sentence="2" number="50">救</token>
  <token t_id="237" sentence="2" number="51">援</token>
  <token t_id="238" sentence="2" number="52">。</token>
  <token t_id="239" sentence="3" number="0">目</token>
  <token t_id="240" sentence="3" number="1">前</token>
  <token t_id="241" sentence="3" number="2">，</token>
  <token t_id="242" sentence="3" number="3">事</token>
  <token t_id="243" sentence="3" number="4">故</token>
  <token t_id="244" sentence="3" number="5">原</token>
  <token t_id="245" sentence="3" number="6">因</token>
  <token t_id="246" sentence="3" number="7">正</token>
  <token t_id="247" sentence="3" number="8">在</token>
  <token t_id="248" sentence="3" number="9">进</token>
  <token t_id="249" sentence="3" number="10">一</token>
  <token t_id="250" sentence="3" number="11">步</token>
  <token t_id="251" sentence="3" number="12">调</token>
  <token t_id="252" sentence="3" number="13">查</token>
  <token t_id="253" sentence="3" number="14">之</token>
  <token t_id="254" sentence="3" number="15">中</token>
  <token t_id="255" sentence="3" number="16">，</token>
  <token t_id="256" sentence="3" number="17">善</token>
  <token t_id="257" sentence="3" number="18">后</token>
  <token t_id="258" sentence="3" number="19">工</token>
  <token t_id="259" sentence="3" number="20">作</token>
  <token t_id="260" sentence="3" number="21">正</token>
  <token t_id="261" sentence="3" number="22">在</token>
  <token t_id="262" sentence="3" number="23">有</token>
  <token t_id="263" sentence="3" number="24">序</token>
  <token t_id="264" sentence="3" number="25">开</token>
  <token t_id="265" sentence="3" number="26">展</token>
  <Markables>
    <ACTION m_id="30454" comment="">
      <token_anchor t_id="36" />
      <token_anchor t_id="37" />
    </ACTION>
    <ACTION m_id="30455" comment="">
      <token_anchor t_id="45" />
      <token_anchor t_id="46" />
    </ACTION>
    <ACTION m_id="30456" comment="">
      <token_anchor t_id="49" />
      <token_anchor t_id="50" />
    </ACTION>
    <ACTION m_id="30457" comment="">
      <token_anchor t_id="55" />
      <token_anchor t_id="56" />
    </ACTION>
    <ACTION m_id="30458" comment="">
      <token_anchor t_id="100" />
      <token_anchor t_id="101" />
    </ACTION>
    <ACTION_CAUSATIVE m_id="30459" comment="">
      <token_anchor t_id="32" />
      <token_anchor t_id="33" />
    </ACTION_CAUSATIVE>
    <ACTION m_id="30460" comment="">
      <token_anchor t_id="113" />
      <token_anchor t_id="114" />
    </ACTION>
    <ACTION m_id="30461" comment="">
      <token_anchor t_id="73" />
      <token_anchor t_id="74" />
    </ACTION>
    <ACTION m_id="30462" comment="">
      <token_anchor t_id="151" />
      <token_anchor t_id="152" />
    </ACTION>
    <ACTION m_id="30463" comment="">
      <token_anchor t_id="158" />
      <token_anchor t_id="159" />
    </ACTION>
    <ACTION_CAUSATIVE m_id="30464" comment="">
      <token_anchor t_id="154" />
      <token_anchor t_id="155" />
    </ACTION_CAUSATIVE>
    <ACTION m_id="30465" comment="">
      <token_anchor t_id="167" />
      <token_anchor t_id="168" />
      <token_anchor t_id="169" />
    </ACTION>
    <ACTION m_id="30466" comment="">
      <token_anchor t_id="170" />
      <token_anchor t_id="171" />
    </ACTION>
    <ACTION m_id="30467" comment="">
      <token_anchor t_id="174" />
      <token_anchor t_id="175" />
    </ACTION>
    <ACTION m_id="30468" comment="">
      <token_anchor t_id="188" />
      <token_anchor t_id="189" />
    </ACTION>
    <ACTION m_id="30469" comment="">
      <token_anchor t_id="195" />
      <token_anchor t_id="196" />
    </ACTION>
    <ACTION m_id="30470" comment="">
      <token_anchor t_id="207" />
      <token_anchor t_id="208" />
    </ACTION>
    <ACTION m_id="30472" comment="">
      <token_anchor t_id="236" />
      <token_anchor t_id="237" />
    </ACTION>
    <ACTION m_id="30473" comment="">
      <token_anchor t_id="251" />
      <token_anchor t_id="252" />
    </ACTION>
    <ACTION m_id="30474" comment="">
      <token_anchor t_id="256" />
      <token_anchor t_id="257" />
    </ACTION>
    <ACTION m_id="51986" comment="">
      <token_anchor t_id="25" />
      <token_anchor t_id="26" />
      <token_anchor t_id="27" />
      <token_anchor t_id="28" />
    </ACTION>
  </Markables>
  <Relations>
    <PLOT_LINK r_id="2601" SIGNAL="" relType="causation" CAUSES="FALSE" CAUSED_BY="FALSE">
      <source m_id="51986" />
      <target m_id="30454" />
    </PLOT_LINK>
    <PLOT_LINK r_id="2602" SIGNAL="" relType="causation" CAUSES="FALSE" CAUSED_BY="FALSE">
      <source m_id="51986" />
      <target m_id="30456" />
    </PLOT_LINK>
    <PLOT_LINK r_id="2603" SIGNAL="" relType="causation" CAUSES="FALSE" CAUSED_BY="FALSE">
      <source m_id="30455" />
      <target m_id="30456" />
    </PLOT_LINK>
    <PLOT_LINK r_id="2604" SIGNAL="" relType="causation" CAUSES="FALSE" CAUSED_BY="FALSE">
      <source m_id="30462" />
      <target m_id="30463" />
    </PLOT_LINK>
    <PLOT_LINK r_id="2605" SIGNAL="" relType="causation" CAUSES="FALSE" CAUSED_BY="FALSE">
      <source m_id="30465" />
      <target m_id="30467" />
    </PLOT_LINK>
    <PLOT_LINK r_id="2606" SIGNAL="" relType="causation" CAUSES="FALSE" CAUSED_BY="FALSE">
      <source m_id="30462" />
      <target m_id="30467" />
    </PLOT_LINK>
    <PLOT_LINK r_id="2607" SIGNAL="" relType="causation" CAUSES="FALSE" CAUSED_BY="FALSE">
      <source m_id="30468" />
      <target m_id="30469" />
    </PLOT_LINK>
    <PLOT_LINK r_id="2608" SIGNAL="" relType="causation" CAUSES="FALSE" CAUSED_BY="FALSE">
      <source m_id="30468" />
      <target m_id="30470" />
    </PLOT_LINK>
  </Relations>
</Document>