<?xml version="1.0" encoding="UTF-8"?>
<Document doc_name="2967_ecbplus.xml.xml">
  <token t_id="1" sentence="0" number="0">1</token>
  <token t_id="2" sentence="0" number="1">0</token>
  <token t_id="3" sentence="0" number="2">日</token>
  <token t_id="4" sentence="0" number="3">下</token>
  <token t_id="5" sentence="0" number="4">午</token>
  <token t_id="6" sentence="0" number="5">，</token>
  <token t_id="7" sentence="0" number="6">大</token>
  <token t_id="8" sentence="0" number="7">连</token>
  <token t_id="9" sentence="0" number="8">市</token>
  <token t_id="10" sentence="0" number="9">第</token>
  <token t_id="11" sentence="0" number="10">十</token>
  <token t_id="12" sentence="0" number="11">五</token>
  <token t_id="13" sentence="0" number="12">中</token>
  <token t_id="14" sentence="0" number="13">学</token>
  <token t_id="15" sentence="0" number="14">附</token>
  <token t_id="16" sentence="0" number="15">近</token>
  <token t_id="17" sentence="0" number="16">发</token>
  <token t_id="18" sentence="0" number="17">生</token>
  <token t_id="19" sentence="0" number="18">一</token>
  <token t_id="20" sentence="0" number="19">起</token>
  <token t_id="21" sentence="0" number="20">交</token>
  <token t_id="22" sentence="0" number="21">通</token>
  <token t_id="23" sentence="0" number="22">事</token>
  <token t_id="24" sentence="0" number="23">故</token>
  <token t_id="25" sentence="0" number="24">，</token>
  <token t_id="26" sentence="0" number="25">一</token>
  <token t_id="27" sentence="0" number="26">男</token>
  <token t_id="28" sentence="0" number="27">子</token>
  <token t_id="29" sentence="0" number="28">驾</token>
  <token t_id="30" sentence="0" number="29">驶</token>
  <token t_id="31" sentence="0" number="30">一</token>
  <token t_id="32" sentence="0" number="31">辆</token>
  <token t_id="33" sentence="0" number="32">越</token>
  <token t_id="34" sentence="0" number="33">野</token>
  <token t_id="35" sentence="0" number="34">车</token>
  <token t_id="36" sentence="0" number="35">连</token>
  <token t_id="37" sentence="0" number="36">续</token>
  <token t_id="38" sentence="0" number="37">撞</token>
  <token t_id="39" sentence="0" number="38">倒</token>
  <token t_id="40" sentence="0" number="39">多</token>
  <token t_id="41" sentence="0" number="40">名</token>
  <token t_id="42" sentence="0" number="41">学</token>
  <token t_id="43" sentence="0" number="42">生</token>
  <token t_id="44" sentence="0" number="43">。</token>
  <token t_id="45" sentence="1" number="0">杨</token>
  <token t_id="46" sentence="1" number="1">毅</token>
  <token t_id="47" sentence="1" number="2">摄</token>
  <token t_id="48" sentence="1" number="3">据</token>
  <token t_id="49" sentence="1" number="4">大</token>
  <token t_id="50" sentence="1" number="5">连</token>
  <token t_id="51" sentence="1" number="6">市</token>
  <token t_id="52" sentence="1" number="7">公</token>
  <token t_id="53" sentence="1" number="8">安</token>
  <token t_id="54" sentence="1" number="9">局</token>
  <token t_id="55" sentence="1" number="10">官</token>
  <token t_id="56" sentence="1" number="11">方</token>
  <token t_id="57" sentence="1" number="12">微</token>
  <token t_id="58" sentence="1" number="13">博</token>
  <token t_id="59" sentence="1" number="14">1</token>
  <token t_id="60" sentence="1" number="15">0</token>
  <token t_id="61" sentence="1" number="16">日</token>
  <token t_id="62" sentence="1" number="17">晚</token>
  <token t_id="63" sentence="1" number="18">间</token>
  <token t_id="64" sentence="1" number="19">通</token>
  <token t_id="65" sentence="1" number="20">报</token>
  <token t_id="66" sentence="1" number="21">，</token>
  <token t_id="67" sentence="1" number="22">交</token>
  <token t_id="68" sentence="1" number="23">警</token>
  <token t_id="69" sentence="1" number="24">部</token>
  <token t_id="70" sentence="1" number="25">门</token>
  <token t_id="71" sentence="1" number="26">经</token>
  <token t_id="72" sentence="1" number="27">委</token>
  <token t_id="73" sentence="1" number="28">托</token>
  <token t_id="74" sentence="1" number="29">司</token>
  <token t_id="75" sentence="1" number="30">法</token>
  <token t_id="76" sentence="1" number="31">鉴</token>
  <token t_id="77" sentence="1" number="32">定</token>
  <token t_id="78" sentence="1" number="33">机</token>
  <token t_id="79" sentence="1" number="34">构</token>
  <token t_id="80" sentence="1" number="35">，</token>
  <token t_id="81" sentence="1" number="36">对</token>
  <token t_id="82" sentence="1" number="37">驾</token>
  <token t_id="83" sentence="1" number="38">驶</token>
  <token t_id="84" sentence="1" number="39">员</token>
  <token t_id="85" sentence="1" number="40">崔</token>
  <token t_id="86" sentence="1" number="41">某</token>
  <token t_id="87" sentence="1" number="42">进</token>
  <token t_id="88" sentence="1" number="43">行</token>
  <token t_id="89" sentence="1" number="44">血</token>
  <token t_id="90" sentence="1" number="45">液</token>
  <token t_id="91" sentence="1" number="46">中</token>
  <token t_id="92" sentence="1" number="47">乙</token>
  <token t_id="93" sentence="1" number="48">醇</token>
  <token t_id="94" sentence="1" number="49">及</token>
  <token t_id="95" sentence="1" number="50">毒</token>
  <token t_id="96" sentence="1" number="51">品</token>
  <token t_id="97" sentence="1" number="52">检</token>
  <token t_id="98" sentence="1" number="53">测</token>
  <token t_id="99" sentence="1" number="54">。</token>
  <token t_id="100" sentence="2" number="0">经</token>
  <token t_id="101" sentence="2" number="1">检</token>
  <token t_id="102" sentence="2" number="2">测</token>
  <token t_id="103" sentence="2" number="3">，</token>
  <token t_id="104" sentence="2" number="4">排</token>
  <token t_id="105" sentence="2" number="5">除</token>
  <token t_id="106" sentence="2" number="6">崔</token>
  <token t_id="107" sentence="2" number="7">某</token>
  <token t_id="108" sentence="2" number="8">酒</token>
  <token t_id="109" sentence="2" number="9">驾</token>
  <token t_id="110" sentence="2" number="10">、</token>
  <token t_id="111" sentence="2" number="11">毒</token>
  <token t_id="112" sentence="2" number="12">驾</token>
  <token t_id="113" sentence="2" number="13">嫌</token>
  <token t_id="114" sentence="2" number="14">疑</token>
  <token t_id="115" sentence="2" number="15">。</token>
  <token t_id="116" sentence="3" number="0">截</token>
  <token t_id="117" sentence="3" number="1">至</token>
  <token t_id="118" sentence="3" number="2">目</token>
  <token t_id="119" sentence="3" number="3">前</token>
  <token t_id="120" sentence="3" number="4">，</token>
  <token t_id="121" sentence="3" number="5">其</token>
  <token t_id="122" sentence="3" number="6">他</token>
  <token t_id="123" sentence="3" number="7">相</token>
  <token t_id="124" sentence="3" number="8">关</token>
  <token t_id="125" sentence="3" number="9">检</token>
  <token t_id="126" sentence="3" number="10">验</token>
  <token t_id="127" sentence="3" number="11">鉴</token>
  <token t_id="128" sentence="3" number="12">定</token>
  <token t_id="129" sentence="3" number="13">及</token>
  <token t_id="130" sentence="3" number="14">调</token>
  <token t_id="131" sentence="3" number="15">查</token>
  <token t_id="132" sentence="3" number="16">工</token>
  <token t_id="133" sentence="3" number="17">作</token>
  <token t_id="134" sentence="3" number="18">正</token>
  <token t_id="135" sentence="3" number="19">在</token>
  <token t_id="136" sentence="3" number="20">全</token>
  <token t_id="137" sentence="3" number="21">力</token>
  <token t_id="138" sentence="3" number="22">进</token>
  <token t_id="139" sentence="3" number="23">行</token>
  <token t_id="140" sentence="3" number="24">中</token>
  <token t_id="141" sentence="3" number="25">。</token>
  <token t_id="142" sentence="4" number="0">1</token>
  <token t_id="143" sentence="4" number="1">0</token>
  <token t_id="144" sentence="4" number="2">日</token>
  <token t_id="145" sentence="4" number="3">下</token>
  <token t_id="146" sentence="4" number="4">午</token>
  <token t_id="147" sentence="4" number="5">，</token>
  <token t_id="148" sentence="4" number="6">辽</token>
  <token t_id="149" sentence="4" number="7">宁</token>
  <token t_id="150" sentence="4" number="8">省</token>
  <token t_id="151" sentence="4" number="9">大</token>
  <token t_id="152" sentence="4" number="10">连</token>
  <token t_id="153" sentence="4" number="11">市</token>
  <token t_id="154" sentence="4" number="12">第</token>
  <token t_id="155" sentence="4" number="13">十</token>
  <token t_id="156" sentence="4" number="14">五</token>
  <token t_id="157" sentence="4" number="15">中</token>
  <token t_id="158" sentence="4" number="16">学</token>
  <token t_id="159" sentence="4" number="17">附</token>
  <token t_id="160" sentence="4" number="18">近</token>
  <token t_id="161" sentence="4" number="19">发</token>
  <token t_id="162" sentence="4" number="20">生</token>
  <token t_id="163" sentence="4" number="21">一</token>
  <token t_id="164" sentence="4" number="22">起</token>
  <token t_id="165" sentence="4" number="23">交</token>
  <token t_id="166" sentence="4" number="24">通</token>
  <token t_id="167" sentence="4" number="25">事</token>
  <token t_id="168" sentence="4" number="26">故</token>
  <token t_id="169" sentence="4" number="27">，</token>
  <token t_id="170" sentence="4" number="28">一</token>
  <token t_id="171" sentence="4" number="29">男</token>
  <token t_id="172" sentence="4" number="30">子</token>
  <token t_id="173" sentence="4" number="31">驾</token>
  <token t_id="174" sentence="4" number="32">驶</token>
  <token t_id="175" sentence="4" number="33">一</token>
  <token t_id="176" sentence="4" number="34">辆</token>
  <token t_id="177" sentence="4" number="35">越</token>
  <token t_id="178" sentence="4" number="36">野</token>
  <token t_id="179" sentence="4" number="37">车</token>
  <token t_id="180" sentence="4" number="38">连</token>
  <token t_id="181" sentence="4" number="39">续</token>
  <token t_id="182" sentence="4" number="40">撞</token>
  <token t_id="183" sentence="4" number="41">倒</token>
  <token t_id="184" sentence="4" number="42">多</token>
  <token t_id="185" sentence="4" number="43">名</token>
  <token t_id="186" sentence="4" number="44">学</token>
  <token t_id="187" sentence="4" number="45">生</token>
  <token t_id="188" sentence="4" number="46">。</token>
  <token t_id="189" sentence="5" number="0">截</token>
  <token t_id="190" sentence="5" number="1">至</token>
  <token t_id="191" sentence="5" number="2">当</token>
  <token t_id="192" sentence="5" number="3">晚</token>
  <token t_id="193" sentence="5" number="4">2</token>
  <token t_id="194" sentence="5" number="5">1</token>
  <token t_id="195" sentence="5" number="6">时</token>
  <token t_id="196" sentence="5" number="7">，</token>
  <token t_id="197" sentence="5" number="8">撞</token>
  <token t_id="198" sentence="5" number="9">伤</token>
  <token t_id="199" sentence="5" number="10">学</token>
  <token t_id="200" sentence="5" number="11">生</token>
  <token t_id="201" sentence="5" number="12">中</token>
  <token t_id="202" sentence="5" number="13">留</token>
  <token t_id="203" sentence="5" number="14">院</token>
  <token t_id="204" sentence="5" number="15">救</token>
  <token t_id="205" sentence="5" number="16">治</token>
  <token t_id="206" sentence="5" number="17">共</token>
  <token t_id="207" sentence="5" number="18">为</token>
  <token t_id="208" sentence="5" number="19">9</token>
  <token t_id="209" sentence="5" number="20">人</token>
  <token t_id="210" sentence="5" number="21">，</token>
  <token t_id="211" sentence="5" number="22">其</token>
  <token t_id="212" sentence="5" number="23">中</token>
  <token t_id="213" sentence="5" number="24">2</token>
  <token t_id="214" sentence="5" number="25">人</token>
  <token t_id="215" sentence="5" number="26">重</token>
  <token t_id="216" sentence="5" number="27">伤</token>
  <token t_id="217" sentence="5" number="28">，</token>
  <token t_id="218" sentence="5" number="29">其</token>
  <token t_id="219" sentence="5" number="30">余</token>
  <token t_id="220" sentence="5" number="31">人</token>
  <token t_id="221" sentence="5" number="32">员</token>
  <token t_id="222" sentence="5" number="33">为</token>
  <token t_id="223" sentence="5" number="34">轻</token>
  <token t_id="224" sentence="5" number="35">伤</token>
  <token t_id="225" sentence="5" number="36">或</token>
  <token t_id="226" sentence="5" number="37">轻</token>
  <token t_id="227" sentence="5" number="38">微</token>
  <token t_id="228" sentence="5" number="39">伤</token>
  <Markables>
    <ACTION m_id="30640" comment="">
      <token_anchor t_id="29" />
      <token_anchor t_id="30" />
    </ACTION>
    <ACTION m_id="30641" comment="">
      <token_anchor t_id="38" />
      <token_anchor t_id="39" />
    </ACTION>
    <ACTION m_id="30643" comment="">
      <token_anchor t_id="64" />
      <token_anchor t_id="65" />
    </ACTION>
    <ACTION m_id="30644" comment="">
      <token_anchor t_id="72" />
      <token_anchor t_id="73" />
    </ACTION>
    <ACTION m_id="30646" comment="">
      <token_anchor t_id="97" />
      <token_anchor t_id="98" />
    </ACTION>
    <ACTION m_id="30647" comment="">
      <token_anchor t_id="101" />
      <token_anchor t_id="102" />
    </ACTION>
    <ACTION m_id="30648" comment="">
      <token_anchor t_id="104" />
      <token_anchor t_id="105" />
    </ACTION>
    <ACTION m_id="30652" comment="">
      <token_anchor t_id="125" />
      <token_anchor t_id="126" />
    </ACTION>
    <ACTION m_id="30654" comment="">
      <token_anchor t_id="130" />
      <token_anchor t_id="131" />
    </ACTION>
    <ACTION m_id="30656" comment="">
      <token_anchor t_id="173" />
      <token_anchor t_id="174" />
    </ACTION>
    <ACTION m_id="30658" comment="">
      <token_anchor t_id="182" />
      <token_anchor t_id="183" />
    </ACTION>
    <ACTION m_id="30660" comment="">
      <token_anchor t_id="202" />
      <token_anchor t_id="203" />
    </ACTION>
    <ACTION m_id="30661" comment="">
      <token_anchor t_id="204" />
      <token_anchor t_id="205" />
    </ACTION>
    <ACTION m_id="52018" comment="">
      <token_anchor t_id="21" />
      <token_anchor t_id="22" />
      <token_anchor t_id="23" />
      <token_anchor t_id="24" />
    </ACTION>
    <ACTION m_id="52019" comment="">
      <token_anchor t_id="165" />
      <token_anchor t_id="166" />
      <token_anchor t_id="167" />
      <token_anchor t_id="168" />
    </ACTION>
  </Markables>
  <Relations>
    <PLOT_LINK r_id="2655" SIGNAL="" relType="causation" CAUSES="FALSE" CAUSED_BY="FALSE">
      <source m_id="30641" />
      <target m_id="52018" />
    </PLOT_LINK>
    <PLOT_LINK r_id="2656" SIGNAL="" relType="causation" CAUSES="FALSE" CAUSED_BY="FALSE">
      <source m_id="30658" />
      <target m_id="52019" />
    </PLOT_LINK>
  </Relations>
</Document>