<?xml version="1.0" encoding="UTF-8"?>
<Document doc_name="2971_ecbplus.xml.xml">
  <token t_id="1" sentence="0" number="0">2</token>
  <token t_id="2" sentence="0" number="1">4</token>
  <token t_id="3" sentence="0" number="2">日</token>
  <token t_id="4" sentence="0" number="3">7</token>
  <token t_id="5" sentence="0" number="4">时</token>
  <token t_id="6" sentence="0" number="5">3</token>
  <token t_id="7" sentence="0" number="6">0</token>
  <token t_id="8" sentence="0" number="7">分</token>
  <token t_id="9" sentence="0" number="8">，</token>
  <token t_id="10" sentence="0" number="9">泸</token>
  <token t_id="11" sentence="0" number="10">州</token>
  <token t_id="12" sentence="0" number="11">市</token>
  <token t_id="13" sentence="0" number="12">纳</token>
  <token t_id="14" sentence="0" number="13">溪</token>
  <token t_id="15" sentence="0" number="14">区</token>
  <token t_id="16" sentence="0" number="15">护</token>
  <token t_id="17" sentence="0" number="16">国</token>
  <token t_id="18" sentence="0" number="17">镇</token>
  <token t_id="19" sentence="0" number="18">纳</token>
  <token t_id="20" sentence="0" number="19">赤</token>
  <token t_id="21" sentence="0" number="20">路</token>
  <token t_id="22" sentence="0" number="21">三</token>
  <token t_id="23" sentence="0" number="22">公</token>
  <token t_id="24" sentence="0" number="23">里</token>
  <token t_id="25" sentence="0" number="24">处</token>
  <token t_id="26" sentence="0" number="25">发</token>
  <token t_id="27" sentence="0" number="26">生</token>
  <token t_id="28" sentence="0" number="27">一</token>
  <token t_id="29" sentence="0" number="28">起</token>
  <token t_id="30" sentence="0" number="29">货</token>
  <token t_id="31" sentence="0" number="30">车</token>
  <token t_id="32" sentence="0" number="31">与</token>
  <token t_id="33" sentence="0" number="32">摩</token>
  <token t_id="34" sentence="0" number="33">托</token>
  <token t_id="35" sentence="0" number="34">车</token>
  <token t_id="36" sentence="0" number="35">碰</token>
  <token t_id="37" sentence="0" number="36">撞</token>
  <token t_id="38" sentence="0" number="37">交</token>
  <token t_id="39" sentence="0" number="38">通</token>
  <token t_id="40" sentence="0" number="39">事</token>
  <token t_id="41" sentence="0" number="40">故</token>
  <token t_id="42" sentence="0" number="41">。</token>
  <token t_id="43" sentence="1" number="0">事</token>
  <token t_id="44" sentence="1" number="1">故</token>
  <token t_id="45" sentence="1" number="2">造</token>
  <token t_id="46" sentence="1" number="3">成</token>
  <token t_id="47" sentence="1" number="4">2</token>
  <token t_id="48" sentence="1" number="5">人</token>
  <token t_id="49" sentence="1" number="6">当</token>
  <token t_id="50" sentence="1" number="7">场</token>
  <token t_id="51" sentence="1" number="8">死</token>
  <token t_id="52" sentence="1" number="9">亡</token>
  <token t_id="53" sentence="1" number="10">，</token>
  <token t_id="54" sentence="1" number="11">1</token>
  <token t_id="55" sentence="1" number="12">人</token>
  <token t_id="56" sentence="1" number="13">经</token>
  <token t_id="57" sentence="1" number="14">抢</token>
  <token t_id="58" sentence="1" number="15">救</token>
  <token t_id="59" sentence="1" number="16">无</token>
  <token t_id="60" sentence="1" number="17">效</token>
  <token t_id="61" sentence="1" number="18">死</token>
  <token t_id="62" sentence="1" number="19">亡</token>
  <token t_id="63" sentence="1" number="20">。</token>
  <token t_id="64" sentence="2" number="0">记</token>
  <token t_id="65" sentence="2" number="1">者</token>
  <token t_id="66" sentence="2" number="2">从</token>
  <token t_id="67" sentence="2" number="3">纳</token>
  <token t_id="68" sentence="2" number="4">溪</token>
  <token t_id="69" sentence="2" number="5">新</token>
  <token t_id="70" sentence="2" number="6">闻</token>
  <token t_id="71" sentence="2" number="7">获</token>
  <token t_id="72" sentence="2" number="8">悉</token>
  <token t_id="73" sentence="2" number="9">，</token>
  <token t_id="74" sentence="2" number="10">事</token>
  <token t_id="75" sentence="2" number="11">故</token>
  <token t_id="76" sentence="2" number="12">发</token>
  <token t_id="77" sentence="2" number="13">生</token>
  <token t_id="78" sentence="2" number="14">后</token>
  <token t_id="79" sentence="2" number="15">，</token>
  <token t_id="80" sentence="2" number="16">纳</token>
  <token t_id="81" sentence="2" number="17">溪</token>
  <token t_id="82" sentence="2" number="18">区</token>
  <token t_id="83" sentence="2" number="19">迅</token>
  <token t_id="84" sentence="2" number="20">速</token>
  <token t_id="85" sentence="2" number="21">启</token>
  <token t_id="86" sentence="2" number="22">动</token>
  <token t_id="87" sentence="2" number="23">应</token>
  <token t_id="88" sentence="2" number="24">急</token>
  <token t_id="89" sentence="2" number="25">预</token>
  <token t_id="90" sentence="2" number="26">案</token>
  <token t_id="91" sentence="2" number="27">，</token>
  <token t_id="92" sentence="2" number="28">成</token>
  <token t_id="93" sentence="2" number="29">立</token>
  <token t_id="94" sentence="2" number="30">“</token>
  <token t_id="95" sentence="2" number="31">9</token>
  <token t_id="96" sentence="2" number="32">·</token>
  <token t_id="97" sentence="2" number="33">2</token>
  <token t_id="98" sentence="2" number="34">4</token>
  <token t_id="99" sentence="2" number="35">”</token>
  <token t_id="100" sentence="2" number="36">交</token>
  <token t_id="101" sentence="2" number="37">通</token>
  <token t_id="102" sentence="2" number="38">事</token>
  <token t_id="103" sentence="2" number="39">故</token>
  <token t_id="104" sentence="2" number="40">应</token>
  <token t_id="105" sentence="2" number="41">急</token>
  <token t_id="106" sentence="2" number="42">处</token>
  <token t_id="107" sentence="2" number="43">置</token>
  <token t_id="108" sentence="2" number="44">工</token>
  <token t_id="109" sentence="2" number="45">作</token>
  <token t_id="110" sentence="2" number="46">组</token>
  <token t_id="111" sentence="2" number="47">，</token>
  <token t_id="112" sentence="2" number="48">做</token>
  <token t_id="113" sentence="2" number="49">好</token>
  <token t_id="114" sentence="2" number="50">死</token>
  <token t_id="115" sentence="2" number="51">者</token>
  <token t_id="116" sentence="2" number="52">家</token>
  <token t_id="117" sentence="2" number="53">属</token>
  <token t_id="118" sentence="2" number="54">安</token>
  <token t_id="119" sentence="2" number="55">抚</token>
  <token t_id="120" sentence="2" number="56">等</token>
  <token t_id="121" sentence="2" number="57">善</token>
  <token t_id="122" sentence="2" number="58">后</token>
  <token t_id="123" sentence="2" number="59">工</token>
  <token t_id="124" sentence="2" number="60">作</token>
  <token t_id="125" sentence="2" number="61">。</token>
  <token t_id="126" sentence="3" number="0">目</token>
  <token t_id="127" sentence="3" number="1">前</token>
  <token t_id="128" sentence="3" number="2">，</token>
  <token t_id="129" sentence="3" number="3">事</token>
  <token t_id="130" sentence="3" number="4">故</token>
  <token t_id="131" sentence="3" number="5">原</token>
  <token t_id="132" sentence="3" number="6">因</token>
  <token t_id="133" sentence="3" number="7">正</token>
  <token t_id="134" sentence="3" number="8">在</token>
  <token t_id="135" sentence="3" number="9">调</token>
  <token t_id="136" sentence="3" number="10">查</token>
  <token t_id="137" sentence="3" number="11">之</token>
  <token t_id="138" sentence="3" number="12">中</token>
  <Markables>
    <ACTION m_id="30730" comment="">
      <token_anchor t_id="36" />
      <token_anchor t_id="37" />
    </ACTION>
    <ACTION m_id="30732" comment="">
      <token_anchor t_id="51" />
      <token_anchor t_id="52" />
    </ACTION>
    <ACTION m_id="30733" comment="">
      <token_anchor t_id="57" />
      <token_anchor t_id="58" />
    </ACTION>
    <ACTION m_id="30734" comment="">
      <token_anchor t_id="61" />
      <token_anchor t_id="62" />
    </ACTION>
    <ACTION_CAUSATIVE m_id="30735" comment="">
      <token_anchor t_id="45" />
      <token_anchor t_id="46" />
    </ACTION_CAUSATIVE>
    <ACTION m_id="30736" comment="">
      <token_anchor t_id="71" />
      <token_anchor t_id="72" />
    </ACTION>
    <ACTION m_id="30738" comment="">
      <token_anchor t_id="85" />
      <token_anchor t_id="86" />
    </ACTION>
    <ACTION m_id="30739" comment="">
      <token_anchor t_id="92" />
      <token_anchor t_id="93" />
    </ACTION>
    <ACTION m_id="30741" comment="">
      <token_anchor t_id="112" />
      <token_anchor t_id="113" />
    </ACTION>
    <ACTION m_id="30745" comment="">
      <token_anchor t_id="135" />
      <token_anchor t_id="136" />
    </ACTION>
    <ACTION m_id="52085" comment="">
      <token_anchor t_id="74" />
      <token_anchor t_id="75" />
    </ACTION>
  </Markables>
  <Relations>
    <PLOT_LINK r_id="2675" SIGNAL="" relType="causation" CAUSES="FALSE" CAUSED_BY="FALSE">
      <source m_id="30730" />
      <target m_id="30732" />
    </PLOT_LINK>
    <PLOT_LINK r_id="2676" SIGNAL="" relType="causation" CAUSES="FALSE" CAUSED_BY="FALSE">
      <source m_id="30730" />
      <target m_id="30734" />
    </PLOT_LINK>
    <PLOT_LINK r_id="2677" SIGNAL="" relType="causation" CAUSES="FALSE" CAUSED_BY="FALSE">
      <source m_id="30733" />
      <target m_id="30734" />
    </PLOT_LINK>
    <PLOT_LINK r_id="2678" SIGNAL="" relType="causation" CAUSES="FALSE" CAUSED_BY="FALSE">
      <source m_id="52085" />
      <target m_id="30738" />
    </PLOT_LINK>
    <PLOT_LINK r_id="2679" SIGNAL="" relType="causation" CAUSES="FALSE" CAUSED_BY="FALSE">
      <source m_id="30738" />
      <target m_id="30739" />
    </PLOT_LINK>
  </Relations>
</Document>