<?xml version="1.0" encoding="UTF-8"?>
<Document doc_name="2973_ecbplus.xml.xml">
  <token t_id="1" sentence="0" number="0">贵</token>
  <token t_id="2" sentence="0" number="1">州</token>
  <token t_id="3" sentence="0" number="2">省</token>
  <token t_id="4" sentence="0" number="3">贵</token>
  <token t_id="5" sentence="0" number="4">毕</token>
  <token t_id="6" sentence="0" number="5">高</token>
  <token t_id="7" sentence="0" number="6">速</token>
  <token t_id="8" sentence="0" number="7">公</token>
  <token t_id="9" sentence="0" number="8">路</token>
  <token t_id="10" sentence="0" number="9">8</token>
  <token t_id="11" sentence="0" number="10">月</token>
  <token t_id="12" sentence="0" number="11">1</token>
  <token t_id="13" sentence="0" number="12">4</token>
  <token t_id="14" sentence="0" number="13">日</token>
  <token t_id="15" sentence="0" number="14">发</token>
  <token t_id="16" sentence="0" number="15">生</token>
  <token t_id="17" sentence="0" number="16">一</token>
  <token t_id="18" sentence="0" number="17">起</token>
  <token t_id="19" sentence="0" number="18">交</token>
  <token t_id="20" sentence="0" number="19">通</token>
  <token t_id="21" sentence="0" number="20">事</token>
  <token t_id="22" sentence="0" number="21">故</token>
  <token t_id="23" sentence="0" number="22">，</token>
  <token t_id="24" sentence="0" number="23">造</token>
  <token t_id="25" sentence="0" number="24">成</token>
  <token t_id="26" sentence="0" number="25">3</token>
  <token t_id="27" sentence="0" number="26">人</token>
  <token t_id="28" sentence="0" number="27">死</token>
  <token t_id="29" sentence="0" number="28">亡</token>
  <token t_id="30" sentence="0" number="29">，</token>
  <token t_id="31" sentence="0" number="30">5</token>
  <token t_id="32" sentence="0" number="31">人</token>
  <token t_id="33" sentence="0" number="32">受</token>
  <token t_id="34" sentence="0" number="33">伤</token>
  <token t_id="35" sentence="0" number="34">。</token>
  <token t_id="36" sentence="1" number="0">据</token>
  <token t_id="37" sentence="1" number="1">现</token>
  <token t_id="38" sentence="1" number="2">场</token>
  <token t_id="39" sentence="1" number="3">参</token>
  <token t_id="40" sentence="1" number="4">与</token>
  <token t_id="41" sentence="1" number="5">救</token>
  <token t_id="42" sentence="1" number="6">援</token>
  <token t_id="43" sentence="1" number="7">的</token>
  <token t_id="44" sentence="1" number="8">消</token>
  <token t_id="45" sentence="1" number="9">防</token>
  <token t_id="46" sentence="1" number="10">人</token>
  <token t_id="47" sentence="1" number="11">员</token>
  <token t_id="48" sentence="1" number="12">介</token>
  <token t_id="49" sentence="1" number="13">绍</token>
  <token t_id="50" sentence="1" number="14">，</token>
  <token t_id="51" sentence="1" number="15">1</token>
  <token t_id="52" sentence="1" number="16">4</token>
  <token t_id="53" sentence="1" number="17">日</token>
  <token t_id="54" sentence="1" number="18">中</token>
  <token t_id="55" sentence="1" number="19">午</token>
  <token t_id="56" sentence="1" number="20">1</token>
  <token t_id="57" sentence="1" number="21">2</token>
  <token t_id="58" sentence="1" number="22">时</token>
  <token t_id="59" sentence="1" number="23">3</token>
  <token t_id="60" sentence="1" number="24">0</token>
  <token t_id="61" sentence="1" number="25">分</token>
  <token t_id="62" sentence="1" number="26">左</token>
  <token t_id="63" sentence="1" number="27">右</token>
  <token t_id="64" sentence="1" number="28">，</token>
  <token t_id="65" sentence="1" number="29">一</token>
  <token t_id="66" sentence="1" number="30">辆</token>
  <token t_id="67" sentence="1" number="31">货</token>
  <token t_id="68" sentence="1" number="32">车</token>
  <token t_id="69" sentence="1" number="33">与</token>
  <token t_id="70" sentence="1" number="34">一</token>
  <token t_id="71" sentence="1" number="35">辆</token>
  <token t_id="72" sentence="1" number="36">面</token>
  <token t_id="73" sentence="1" number="37">包</token>
  <token t_id="74" sentence="1" number="38">车</token>
  <token t_id="75" sentence="1" number="39">在</token>
  <token t_id="76" sentence="1" number="40">贵</token>
  <token t_id="77" sentence="1" number="41">毕</token>
  <token t_id="78" sentence="1" number="42">高</token>
  <token t_id="79" sentence="1" number="43">速</token>
  <token t_id="80" sentence="1" number="44">小</token>
  <token t_id="81" sentence="1" number="45">箐</token>
  <token t_id="82" sentence="1" number="46">收</token>
  <token t_id="83" sentence="1" number="47">费</token>
  <token t_id="84" sentence="1" number="48">站</token>
  <token t_id="85" sentence="1" number="49">附</token>
  <token t_id="86" sentence="1" number="50">近</token>
  <token t_id="87" sentence="1" number="51">相</token>
  <token t_id="88" sentence="1" number="52">撞</token>
  <token t_id="89" sentence="1" number="53">，</token>
  <token t_id="90" sentence="1" number="54">导</token>
  <token t_id="91" sentence="1" number="55">致</token>
  <token t_id="92" sentence="1" number="56">面</token>
  <token t_id="93" sentence="1" number="57">包</token>
  <token t_id="94" sentence="1" number="58">车</token>
  <token t_id="95" sentence="1" number="59">内</token>
  <token t_id="96" sentence="1" number="60">3</token>
  <token t_id="97" sentence="1" number="61">人</token>
  <token t_id="98" sentence="1" number="62">死</token>
  <token t_id="99" sentence="1" number="63">亡</token>
  <token t_id="100" sentence="1" number="64">，</token>
  <token t_id="101" sentence="1" number="65">5</token>
  <token t_id="102" sentence="1" number="66">人</token>
  <token t_id="103" sentence="1" number="67">受</token>
  <token t_id="104" sentence="1" number="68">伤</token>
  <token t_id="105" sentence="1" number="69">。</token>
  <token t_id="106" sentence="2" number="0">事</token>
  <token t_id="107" sentence="2" number="1">故</token>
  <token t_id="108" sentence="2" number="2">发</token>
  <token t_id="109" sentence="2" number="3">生</token>
  <token t_id="110" sentence="2" number="4">后</token>
  <token t_id="111" sentence="2" number="5">，</token>
  <token t_id="112" sentence="2" number="6">当</token>
  <token t_id="113" sentence="2" number="7">地</token>
  <token t_id="114" sentence="2" number="8">交</token>
  <token t_id="115" sentence="2" number="9">管</token>
  <token t_id="116" sentence="2" number="10">、</token>
  <token t_id="117" sentence="2" number="11">消</token>
  <token t_id="118" sentence="2" number="12">防</token>
  <token t_id="119" sentence="2" number="13">等</token>
  <token t_id="120" sentence="2" number="14">部</token>
  <token t_id="121" sentence="2" number="15">门</token>
  <token t_id="122" sentence="2" number="16">迅</token>
  <token t_id="123" sentence="2" number="17">速</token>
  <token t_id="124" sentence="2" number="18">赶</token>
  <token t_id="125" sentence="2" number="19">到</token>
  <token t_id="126" sentence="2" number="20">现</token>
  <token t_id="127" sentence="2" number="21">场</token>
  <token t_id="128" sentence="2" number="22">处</token>
  <token t_id="129" sentence="2" number="23">置</token>
  <token t_id="130" sentence="2" number="24">，</token>
  <token t_id="131" sentence="2" number="25">伤</token>
  <token t_id="132" sentence="2" number="26">者</token>
  <token t_id="133" sentence="2" number="27">目</token>
  <token t_id="134" sentence="2" number="28">前</token>
  <token t_id="135" sentence="2" number="29">已</token>
  <token t_id="136" sentence="2" number="30">被</token>
  <token t_id="137" sentence="2" number="31">送</token>
  <token t_id="138" sentence="2" number="32">往</token>
  <token t_id="139" sentence="2" number="33">医</token>
  <token t_id="140" sentence="2" number="34">院</token>
  <token t_id="141" sentence="2" number="35">救</token>
  <token t_id="142" sentence="2" number="36">治</token>
  <token t_id="143" sentence="2" number="37">，</token>
  <token t_id="144" sentence="2" number="38">道</token>
  <token t_id="145" sentence="2" number="39">路</token>
  <token t_id="146" sentence="2" number="40">也</token>
  <token t_id="147" sentence="2" number="41">已</token>
  <token t_id="148" sentence="2" number="42">恢</token>
  <token t_id="149" sentence="2" number="43">复</token>
  <token t_id="150" sentence="2" number="44">畅</token>
  <token t_id="151" sentence="2" number="45">通</token>
  <token t_id="152" sentence="2" number="46">。</token>
  <token t_id="153" sentence="3" number="0">目</token>
  <token t_id="154" sentence="3" number="1">前</token>
  <token t_id="155" sentence="3" number="2">，</token>
  <token t_id="156" sentence="3" number="3">事</token>
  <token t_id="157" sentence="3" number="4">故</token>
  <token t_id="158" sentence="3" number="5">原</token>
  <token t_id="159" sentence="3" number="6">因</token>
  <token t_id="160" sentence="3" number="7">还</token>
  <token t_id="161" sentence="3" number="8">在</token>
  <token t_id="162" sentence="3" number="9">调</token>
  <token t_id="163" sentence="3" number="10">查</token>
  <token t_id="164" sentence="3" number="11">中</token>
  <Markables>
    <ACTION m_id="30787" comment="">
      <token_anchor t_id="28" />
      <token_anchor t_id="29" />
    </ACTION>
    <ACTION m_id="30788" comment="">
      <token_anchor t_id="33" />
      <token_anchor t_id="34" />
    </ACTION>
    <ACTION m_id="30790" comment="">
      <token_anchor t_id="48" />
      <token_anchor t_id="49" />
    </ACTION>
    <ACTION_CAUSATIVE m_id="30791" comment="">
      <token_anchor t_id="24" />
      <token_anchor t_id="25" />
    </ACTION_CAUSATIVE>
    <ACTION m_id="30792" comment="">
      <token_anchor t_id="87" />
      <token_anchor t_id="88" />
    </ACTION>
    <ACTION_CAUSATIVE m_id="30793" comment="">
      <token_anchor t_id="90" />
      <token_anchor t_id="91" />
    </ACTION_CAUSATIVE>
    <ACTION m_id="30794" comment="">
      <token_anchor t_id="98" />
      <token_anchor t_id="99" />
    </ACTION>
    <ACTION m_id="30795" comment="">
      <token_anchor t_id="103" />
      <token_anchor t_id="104" />
    </ACTION>
    <ACTION m_id="30797" comment="">
      <token_anchor t_id="124" />
      <token_anchor t_id="125" />
    </ACTION>
    <ACTION m_id="30799" comment="">
      <token_anchor t_id="137" />
      <token_anchor t_id="138" />
    </ACTION>
    <ACTION m_id="30800" comment="">
      <token_anchor t_id="141" />
      <token_anchor t_id="142" />
    </ACTION>
    <ACTION m_id="30801" comment="">
      <token_anchor t_id="148" />
      <token_anchor t_id="149" />
    </ACTION>
    <ACTION m_id="30802" comment="">
      <token_anchor t_id="156" />
      <token_anchor t_id="157" />
    </ACTION>
    <ACTION m_id="30803" comment="">
      <token_anchor t_id="162" />
      <token_anchor t_id="163" />
    </ACTION>
    <ACTION m_id="52109" comment="">
      <token_anchor t_id="19" />
      <token_anchor t_id="20" />
      <token_anchor t_id="21" />
      <token_anchor t_id="22" />
    </ACTION>
    <ACTION m_id="52112" comment="">
      <token_anchor t_id="106" />
      <token_anchor t_id="107" />
    </ACTION>
    <ACTION m_id="52119" comment="">
      <token_anchor t_id="128" />
      <token_anchor t_id="129" />
    </ACTION>
  </Markables>
  <Relations>
    <PLOT_LINK r_id="2689" SIGNAL="" relType="causation" CAUSES="FALSE" CAUSED_BY="FALSE">
      <source m_id="52109" />
      <target m_id="30787" />
    </PLOT_LINK>
    <PLOT_LINK r_id="2690" SIGNAL="" relType="causation" CAUSES="FALSE" CAUSED_BY="FALSE">
      <source m_id="52109" />
      <target m_id="30788" />
    </PLOT_LINK>
    <PLOT_LINK r_id="2691" SIGNAL="" relType="causation" CAUSES="FALSE" CAUSED_BY="FALSE">
      <source m_id="30792" />
      <target m_id="30794" />
    </PLOT_LINK>
    <PLOT_LINK r_id="2692" SIGNAL="" relType="causation" CAUSES="FALSE" CAUSED_BY="FALSE">
      <source m_id="30792" />
      <target m_id="30795" />
    </PLOT_LINK>
    <PLOT_LINK r_id="2693" SIGNAL="" relType="causation" CAUSES="FALSE" CAUSED_BY="FALSE">
      <source m_id="52112" />
      <target m_id="30797" />
    </PLOT_LINK>
    <PLOT_LINK r_id="2694" SIGNAL="" relType="causation" CAUSES="FALSE" CAUSED_BY="FALSE">
      <source m_id="52119" />
      <target m_id="30801" />
    </PLOT_LINK>
    <PLOT_LINK r_id="2695" SIGNAL="" relType="causation" CAUSES="FALSE" CAUSED_BY="FALSE">
      <source m_id="52119" />
      <target m_id="30799" />
    </PLOT_LINK>
  </Relations>
</Document>