<?xml version="1.0" encoding="UTF-8"?>
<Document doc_name="2974_ecbplus.xml.xml">
  <token t_id="1" sentence="0" number="0">6</token>
  <token t_id="2" sentence="0" number="1">月</token>
  <token t_id="3" sentence="0" number="2">7</token>
  <token t_id="4" sentence="0" number="3">日</token>
  <token t_id="5" sentence="0" number="4">1</token>
  <token t_id="6" sentence="0" number="5">3</token>
  <token t_id="7" sentence="0" number="6">时</token>
  <token t_id="8" sentence="0" number="7">1</token>
  <token t_id="9" sentence="0" number="8">0</token>
  <token t_id="10" sentence="0" number="9">分</token>
  <token t_id="11" sentence="0" number="10">左</token>
  <token t_id="12" sentence="0" number="11">右</token>
  <token t_id="13" sentence="0" number="12">，</token>
  <token t_id="14" sentence="0" number="13">黑</token>
  <token t_id="15" sentence="0" number="14">龙</token>
  <token t_id="16" sentence="0" number="15">江</token>
  <token t_id="17" sentence="0" number="16">省</token>
  <token t_id="18" sentence="0" number="17">鸡</token>
  <token t_id="19" sentence="0" number="18">西</token>
  <token t_id="20" sentence="0" number="19">市</token>
  <token t_id="21" sentence="0" number="20">梨</token>
  <token t_id="22" sentence="0" number="21">树</token>
  <token t_id="23" sentence="0" number="22">区</token>
  <token t_id="24" sentence="0" number="23">发</token>
  <token t_id="25" sentence="0" number="24">生</token>
  <token t_id="26" sentence="0" number="25">一</token>
  <token t_id="27" sentence="0" number="26">起</token>
  <token t_id="28" sentence="0" number="27">重</token>
  <token t_id="29" sentence="0" number="28">大</token>
  <token t_id="30" sentence="0" number="29">交</token>
  <token t_id="31" sentence="0" number="30">通</token>
  <token t_id="32" sentence="0" number="31">事</token>
  <token t_id="33" sentence="0" number="32">故</token>
  <token t_id="34" sentence="0" number="33">，</token>
  <token t_id="35" sentence="0" number="34">两</token>
  <token t_id="36" sentence="0" number="35">车</token>
  <token t_id="37" sentence="0" number="36">相</token>
  <token t_id="38" sentence="0" number="37">撞</token>
  <token t_id="39" sentence="0" number="38">后</token>
  <token t_id="40" sentence="0" number="39">一</token>
  <token t_id="41" sentence="0" number="40">车</token>
  <token t_id="42" sentence="0" number="41">起</token>
  <token t_id="43" sentence="0" number="42">火</token>
  <token t_id="44" sentence="0" number="43">，</token>
  <token t_id="45" sentence="0" number="44">造</token>
  <token t_id="46" sentence="0" number="45">成</token>
  <token t_id="47" sentence="0" number="46">7</token>
  <token t_id="48" sentence="0" number="47">死</token>
  <token t_id="49" sentence="0" number="48">4</token>
  <token t_id="50" sentence="0" number="49">受</token>
  <token t_id="51" sentence="0" number="50">伤</token>
  <token t_id="52" sentence="0" number="51">。</token>
  <token t_id="53" sentence="1" number="0">事</token>
  <token t_id="54" sentence="1" number="1">故</token>
  <token t_id="55" sentence="1" number="2">发</token>
  <token t_id="56" sentence="1" number="3">生</token>
  <token t_id="57" sentence="1" number="4">在</token>
  <token t_id="58" sentence="1" number="5">鸡</token>
  <token t_id="59" sentence="1" number="6">图</token>
  <token t_id="60" sentence="1" number="7">公</token>
  <token t_id="61" sentence="1" number="8">路</token>
  <token t_id="62" sentence="1" number="9">4</token>
  <token t_id="63" sentence="1" number="10">4</token>
  <token t_id="64" sentence="1" number="11">公</token>
  <token t_id="65" sentence="1" number="12">里</token>
  <token t_id="66" sentence="1" number="13">+</token>
  <token t_id="67" sentence="1" number="14">6</token>
  <token t_id="68" sentence="1" number="15">0</token>
  <token t_id="69" sentence="1" number="16">米</token>
  <token t_id="70" sentence="1" number="17">处</token>
  <token t_id="71" sentence="1" number="18">漫</token>
  <token t_id="72" sentence="1" number="19">水</token>
  <token t_id="73" sentence="1" number="20">桥</token>
  <token t_id="74" sentence="1" number="21">附</token>
  <token t_id="75" sentence="1" number="22">近</token>
  <token t_id="76" sentence="1" number="23">，</token>
  <token t_id="77" sentence="1" number="24">一</token>
  <token t_id="78" sentence="1" number="25">辆</token>
  <token t_id="79" sentence="1" number="26">金</token>
  <token t_id="80" sentence="1" number="27">杯</token>
  <token t_id="81" sentence="1" number="28">中</token>
  <token t_id="82" sentence="1" number="29">巴</token>
  <token t_id="83" sentence="1" number="30">车</token>
  <token t_id="84" sentence="1" number="31">与</token>
  <token t_id="85" sentence="1" number="32">一</token>
  <token t_id="86" sentence="1" number="33">辆</token>
  <token t_id="87" sentence="1" number="34">轿</token>
  <token t_id="88" sentence="1" number="35">车</token>
  <token t_id="89" sentence="1" number="36">相</token>
  <token t_id="90" sentence="1" number="37">撞</token>
  <token t_id="91" sentence="1" number="38">后</token>
  <token t_id="92" sentence="1" number="39">起</token>
  <token t_id="93" sentence="1" number="40">火</token>
  <token t_id="94" sentence="1" number="41">。</token>
  <token t_id="95" sentence="2" number="0">据</token>
  <token t_id="96" sentence="2" number="1">目</token>
  <token t_id="97" sentence="2" number="2">击</token>
  <token t_id="98" sentence="2" number="3">者</token>
  <token t_id="99" sentence="2" number="4">介</token>
  <token t_id="100" sentence="2" number="5">绍</token>
  <token t_id="101" sentence="2" number="6">，</token>
  <token t_id="102" sentence="2" number="7">中</token>
  <token t_id="103" sentence="2" number="8">巴</token>
  <token t_id="104" sentence="2" number="9">车</token>
  <token t_id="105" sentence="2" number="10">侧</token>
  <token t_id="106" sentence="2" number="11">翻</token>
  <token t_id="107" sentence="2" number="12">后</token>
  <token t_id="108" sentence="2" number="13">，</token>
  <token t_id="109" sentence="2" number="14">车</token>
  <token t_id="110" sentence="2" number="15">门</token>
  <token t_id="111" sentence="2" number="16">一</token>
  <token t_id="112" sentence="2" number="17">侧</token>
  <token t_id="113" sentence="2" number="18">着</token>
  <token t_id="114" sentence="2" number="19">地</token>
  <token t_id="115" sentence="2" number="20">，</token>
  <token t_id="116" sentence="2" number="21">而</token>
  <token t_id="117" sentence="2" number="22">车</token>
  <token t_id="118" sentence="2" number="23">窗</token>
  <token t_id="119" sentence="2" number="24">又</token>
  <token t_id="120" sentence="2" number="25">较</token>
  <token t_id="121" sentence="2" number="26">小</token>
  <token t_id="122" sentence="2" number="27">，</token>
  <token t_id="123" sentence="2" number="28">人</token>
  <token t_id="124" sentence="2" number="29">逃</token>
  <token t_id="125" sentence="2" number="30">不</token>
  <token t_id="126" sentence="2" number="31">出</token>
  <token t_id="127" sentence="2" number="32">来</token>
  <token t_id="128" sentence="2" number="33">，</token>
  <token t_id="129" sentence="2" number="34">死</token>
  <token t_id="130" sentence="2" number="35">伤</token>
  <token t_id="131" sentence="2" number="36">惨</token>
  <token t_id="132" sentence="2" number="37">重</token>
  <token t_id="133" sentence="2" number="38">。</token>
  <token t_id="134" sentence="3" number="0">记</token>
  <token t_id="135" sentence="3" number="1">者</token>
  <token t_id="136" sentence="3" number="2">从</token>
  <token t_id="137" sentence="3" number="3">鸡</token>
  <token t_id="138" sentence="3" number="4">西</token>
  <token t_id="139" sentence="3" number="5">市</token>
  <token t_id="140" sentence="3" number="6">委</token>
  <token t_id="141" sentence="3" number="7">宣</token>
  <token t_id="142" sentence="3" number="8">传</token>
  <token t_id="143" sentence="3" number="9">部</token>
  <token t_id="144" sentence="3" number="10">获</token>
  <token t_id="145" sentence="3" number="11">悉</token>
  <token t_id="146" sentence="3" number="12">，</token>
  <token t_id="147" sentence="3" number="13">死</token>
  <token t_id="148" sentence="3" number="14">伤</token>
  <token t_id="149" sentence="3" number="15">的</token>
  <token t_id="150" sentence="3" number="16">1</token>
  <token t_id="151" sentence="3" number="17">1</token>
  <token t_id="152" sentence="3" number="18">人</token>
  <token t_id="153" sentence="3" number="19">均</token>
  <token t_id="154" sentence="3" number="20">是</token>
  <token t_id="155" sentence="3" number="21">中</token>
  <token t_id="156" sentence="3" number="22">巴</token>
  <token t_id="157" sentence="3" number="23">车</token>
  <token t_id="158" sentence="3" number="24">里</token>
  <token t_id="159" sentence="3" number="25">的</token>
  <token t_id="160" sentence="3" number="26">人</token>
  <token t_id="161" sentence="3" number="27">员</token>
  <token t_id="162" sentence="3" number="28">，</token>
  <token t_id="163" sentence="3" number="29">目</token>
  <token t_id="164" sentence="3" number="30">前</token>
  <token t_id="165" sentence="3" number="31">，</token>
  <token t_id="166" sentence="3" number="32">伤</token>
  <token t_id="167" sentence="3" number="33">者</token>
  <token t_id="168" sentence="3" number="34">已</token>
  <token t_id="169" sentence="3" number="35">被</token>
  <token t_id="170" sentence="3" number="36">送</token>
  <token t_id="171" sentence="3" number="37">往</token>
  <token t_id="172" sentence="3" number="38">梨</token>
  <token t_id="173" sentence="3" number="39">树</token>
  <token t_id="174" sentence="3" number="40">区</token>
  <token t_id="175" sentence="3" number="41">医</token>
  <token t_id="176" sentence="3" number="42">院</token>
  <token t_id="177" sentence="3" number="43">救</token>
  <token t_id="178" sentence="3" number="44">治</token>
  <token t_id="179" sentence="3" number="45">，</token>
  <token t_id="180" sentence="3" number="46">事</token>
  <token t_id="181" sentence="3" number="47">故</token>
  <token t_id="182" sentence="3" number="48">原</token>
  <token t_id="183" sentence="3" number="49">因</token>
  <token t_id="184" sentence="3" number="50">正</token>
  <token t_id="185" sentence="3" number="51">在</token>
  <token t_id="186" sentence="3" number="52">进</token>
  <token t_id="187" sentence="3" number="53">一</token>
  <token t_id="188" sentence="3" number="54">步</token>
  <token t_id="189" sentence="3" number="55">调</token>
  <token t_id="190" sentence="3" number="56">查</token>
  <token t_id="191" sentence="3" number="57">中</token>
  <Markables>
    <ACTION m_id="30805" comment="">
      <token_anchor t_id="37" />
      <token_anchor t_id="38" />
    </ACTION>
    <ACTION m_id="30806" comment="">
      <token_anchor t_id="42" />
      <token_anchor t_id="43" />
    </ACTION>
    <ACTION m_id="30807" comment="">
      <token_anchor t_id="50" />
      <token_anchor t_id="51" />
    </ACTION>
    <ACTION m_id="30809" comment="">
      <token_anchor t_id="89" />
      <token_anchor t_id="90" />
    </ACTION>
    <ACTION m_id="30810" comment="">
      <token_anchor t_id="92" />
      <token_anchor t_id="93" />
    </ACTION>
    <ACTION_CAUSATIVE m_id="30811" comment="">
      <token_anchor t_id="45" />
      <token_anchor t_id="46" />
    </ACTION_CAUSATIVE>
    <ACTION m_id="30812" comment="">
      <token_anchor t_id="99" />
      <token_anchor t_id="100" />
    </ACTION>
    <ACTION m_id="30813" comment="">
      <token_anchor t_id="105" />
      <token_anchor t_id="106" />
    </ACTION>
    <ACTION m_id="30814" comment="">
      <token_anchor t_id="124" />
      <token_anchor t_id="125" />
      <token_anchor t_id="126" />
      <token_anchor t_id="127" />
    </ACTION>
    <ACTION m_id="30815" comment="">
      <token_anchor t_id="129" />
      <token_anchor t_id="130" />
    </ACTION>
    <ACTION m_id="30816" comment="">
      <token_anchor t_id="144" />
      <token_anchor t_id="145" />
    </ACTION>
    <ACTION m_id="30818" comment="">
      <token_anchor t_id="170" />
      <token_anchor t_id="171" />
    </ACTION>
    <ACTION m_id="30819" comment="">
      <token_anchor t_id="177" />
      <token_anchor t_id="178" />
    </ACTION>
    <ACTION m_id="30821" comment="">
      <token_anchor t_id="189" />
      <token_anchor t_id="190" />
    </ACTION>
    <ACTION m_id="52124" comment="">
      <token_anchor t_id="30" />
      <token_anchor t_id="31" />
      <token_anchor t_id="32" />
      <token_anchor t_id="33" />
    </ACTION>
    <ACTION m_id="52145" comment="">
      <token_anchor t_id="120" />
      <token_anchor t_id="121" />
    </ACTION>
    <ACTION m_id="52147" comment="">
      <token_anchor t_id="113" />
      <token_anchor t_id="114" />
    </ACTION>
  </Markables>
  <Relations>
    <PLOT_LINK r_id="2696" SIGNAL="" relType="causation" CAUSES="FALSE" CAUSED_BY="FALSE">
      <source m_id="30805" />
      <target m_id="30806" />
    </PLOT_LINK>
    <PLOT_LINK r_id="2697" SIGNAL="" relType="causation" CAUSES="FALSE" CAUSED_BY="FALSE">
      <source m_id="30805" />
      <target m_id="52124" />
    </PLOT_LINK>
    <PLOT_LINK r_id="2698" SIGNAL="" relType="causation" CAUSES="FALSE" CAUSED_BY="FALSE">
      <source m_id="30806" />
      <target m_id="30807" />
    </PLOT_LINK>
    <PLOT_LINK r_id="2699" SIGNAL="" relType="causation" CAUSES="FALSE" CAUSED_BY="FALSE">
      <source m_id="52124" />
      <target m_id="30807" />
    </PLOT_LINK>
    <PLOT_LINK r_id="2700" SIGNAL="" relType="causation" CAUSES="FALSE" CAUSED_BY="FALSE">
      <source m_id="30809" />
      <target m_id="30810" />
    </PLOT_LINK>
    <PLOT_LINK r_id="2701" SIGNAL="" relType="causation" CAUSES="FALSE" CAUSED_BY="FALSE">
      <source m_id="52147" />
      <target m_id="30814" />
    </PLOT_LINK>
    <PLOT_LINK r_id="2702" SIGNAL="" relType="causation" CAUSES="FALSE" CAUSED_BY="FALSE">
      <source m_id="52145" />
      <target m_id="30814" />
    </PLOT_LINK>
    <PLOT_LINK r_id="2703" SIGNAL="" relType="causation" CAUSES="FALSE" CAUSED_BY="FALSE">
      <source m_id="30813" />
      <target m_id="52147" />
    </PLOT_LINK>
    <PLOT_LINK r_id="2704" SIGNAL="" relType="causation" CAUSES="FALSE" CAUSED_BY="FALSE">
      <source m_id="30814" />
      <target m_id="30815" />
    </PLOT_LINK>
  </Relations>
</Document>