<?xml version="1.0" encoding="UTF-8"?>
<Document doc_name="2978_ecbplus.xml.xml">
  <token t_id="1" sentence="0" number="0">3</token>
  <token t_id="2" sentence="0" number="1">日</token>
  <token t_id="3" sentence="0" number="2">，</token>
  <token t_id="4" sentence="0" number="3">四</token>
  <token t_id="5" sentence="0" number="4">川</token>
  <token t_id="6" sentence="0" number="5">德</token>
  <token t_id="7" sentence="0" number="6">阳</token>
  <token t_id="8" sentence="0" number="7">绵</token>
  <token t_id="9" sentence="0" number="8">竹</token>
  <token t_id="10" sentence="0" number="9">市</token>
  <token t_id="11" sentence="0" number="10">广</token>
  <token t_id="12" sentence="0" number="11">济</token>
  <token t_id="13" sentence="0" number="12">镇</token>
  <token t_id="14" sentence="0" number="13">新</token>
  <token t_id="15" sentence="0" number="14">河</token>
  <token t_id="16" sentence="0" number="15">村</token>
  <token t_id="17" sentence="0" number="16">1</token>
  <token t_id="18" sentence="0" number="17">组</token>
  <token t_id="19" sentence="0" number="18">境</token>
  <token t_id="20" sentence="0" number="19">内</token>
  <token t_id="21" sentence="0" number="20">发</token>
  <token t_id="22" sentence="0" number="21">生</token>
  <token t_id="23" sentence="0" number="22">一</token>
  <token t_id="24" sentence="0" number="23">起</token>
  <token t_id="25" sentence="0" number="24">交</token>
  <token t_id="26" sentence="0" number="25">通</token>
  <token t_id="27" sentence="0" number="26">事</token>
  <token t_id="28" sentence="0" number="27">故</token>
  <token t_id="29" sentence="0" number="28">，</token>
  <token t_id="30" sentence="0" number="29">一</token>
  <token t_id="31" sentence="0" number="30">辆</token>
  <token t_id="32" sentence="0" number="31">桑</token>
  <token t_id="33" sentence="0" number="32">塔</token>
  <token t_id="34" sentence="0" number="33">纳</token>
  <token t_id="35" sentence="0" number="34">小</token>
  <token t_id="36" sentence="0" number="35">轿</token>
  <token t_id="37" sentence="0" number="36">车</token>
  <token t_id="38" sentence="0" number="37">坠</token>
  <token t_id="39" sentence="0" number="38">入</token>
  <token t_id="40" sentence="0" number="39">路</token>
  <token t_id="41" sentence="0" number="40">边</token>
  <token t_id="42" sentence="0" number="41">水</token>
  <token t_id="43" sentence="0" number="42">渠</token>
  <token t_id="44" sentence="0" number="43">内</token>
  <token t_id="45" sentence="0" number="44">，</token>
  <token t_id="46" sentence="0" number="45">导</token>
  <token t_id="47" sentence="0" number="46">致</token>
  <token t_id="48" sentence="0" number="47">车</token>
  <token t_id="49" sentence="0" number="48">上</token>
  <token t_id="50" sentence="0" number="49">6</token>
  <token t_id="51" sentence="0" number="50">人</token>
  <token t_id="52" sentence="0" number="51">遇</token>
  <token t_id="53" sentence="0" number="52">难</token>
  <token t_id="54" sentence="0" number="53">。</token>
  <token t_id="55" sentence="1" number="0">现</token>
  <token t_id="56" sentence="1" number="1">场</token>
  <token t_id="57" sentence="1" number="2">目</token>
  <token t_id="58" sentence="1" number="3">击</token>
  <token t_id="59" sentence="1" number="4">者</token>
  <token t_id="60" sentence="1" number="5">称</token>
  <token t_id="61" sentence="1" number="6">，</token>
  <token t_id="62" sentence="1" number="7">小</token>
  <token t_id="63" sentence="1" number="8">轿</token>
  <token t_id="64" sentence="1" number="9">车</token>
  <token t_id="65" sentence="1" number="10">四</token>
  <token t_id="66" sentence="1" number="11">轮</token>
  <token t_id="67" sentence="1" number="12">朝</token>
  <token t_id="68" sentence="1" number="13">天</token>
  <token t_id="69" sentence="1" number="14">翻</token>
  <token t_id="70" sentence="1" number="15">入</token>
  <token t_id="71" sentence="1" number="16">渠</token>
  <token t_id="72" sentence="1" number="17">中</token>
  <token t_id="73" sentence="1" number="18">，</token>
  <token t_id="74" sentence="1" number="19">车</token>
  <token t_id="75" sentence="1" number="20">头</token>
  <token t_id="76" sentence="1" number="21">卡</token>
  <token t_id="77" sentence="1" number="22">在</token>
  <token t_id="78" sentence="1" number="23">桥</token>
  <token t_id="79" sentence="1" number="24">洞</token>
  <token t_id="80" sentence="1" number="25">内</token>
  <token t_id="81" sentence="1" number="26">，</token>
  <token t_id="82" sentence="1" number="27">车</token>
  <token t_id="83" sentence="1" number="28">底</token>
  <token t_id="84" sentence="1" number="29">朝</token>
  <token t_id="85" sentence="1" number="30">上</token>
  <token t_id="86" sentence="1" number="31">，</token>
  <token t_id="87" sentence="1" number="32">因</token>
  <token t_id="88" sentence="1" number="33">小</token>
  <token t_id="89" sentence="1" number="34">轿</token>
  <token t_id="90" sentence="1" number="35">车</token>
  <token t_id="91" sentence="1" number="36">车</token>
  <token t_id="92" sentence="1" number="37">头</token>
  <token t_id="93" sentence="1" number="38">刚</token>
  <token t_id="94" sentence="1" number="39">好</token>
  <token t_id="95" sentence="1" number="40">卡</token>
  <token t_id="96" sentence="1" number="41">在</token>
  <token t_id="97" sentence="1" number="42">桥</token>
  <token t_id="98" sentence="1" number="43">洞</token>
  <token t_id="99" sentence="1" number="44">内</token>
  <token t_id="100" sentence="1" number="45">，</token>
  <token t_id="101" sentence="1" number="46">堵</token>
  <token t_id="102" sentence="1" number="47">塞</token>
  <token t_id="103" sentence="1" number="48">了</token>
  <token t_id="104" sentence="1" number="49">河</token>
  <token t_id="105" sentence="1" number="50">道</token>
  <token t_id="106" sentence="1" number="51">，</token>
  <token t_id="107" sentence="1" number="52">致</token>
  <token t_id="108" sentence="1" number="53">河</token>
  <token t_id="109" sentence="1" number="54">水</token>
  <token t_id="110" sentence="1" number="55">猛</token>
  <token t_id="111" sentence="1" number="56">涨</token>
  <token t_id="112" sentence="1" number="57">，</token>
  <token t_id="113" sentence="1" number="58">并</token>
  <token t_id="114" sentence="1" number="59">漫</token>
  <token t_id="115" sentence="1" number="60">过</token>
  <token t_id="116" sentence="1" number="61">了</token>
  <token t_id="117" sentence="1" number="62">石</token>
  <token t_id="118" sentence="1" number="63">桥</token>
  <token t_id="119" sentence="1" number="64">，</token>
  <token t_id="120" sentence="1" number="65">只</token>
  <token t_id="121" sentence="1" number="66">能</token>
  <token t_id="122" sentence="1" number="67">看</token>
  <token t_id="123" sentence="1" number="68">见</token>
  <token t_id="124" sentence="1" number="69">轿</token>
  <token t_id="125" sentence="1" number="70">车</token>
  <token t_id="126" sentence="1" number="71">的</token>
  <token t_id="127" sentence="1" number="72">右</token>
  <token t_id="128" sentence="1" number="73">后</token>
  <token t_id="129" sentence="1" number="74">轮</token>
  <token t_id="130" sentence="1" number="75">。</token>
  <token t_id="131" sentence="2" number="0">接</token>
  <token t_id="132" sentence="2" number="1">到</token>
  <token t_id="133" sentence="2" number="2">报</token>
  <token t_id="134" sentence="2" number="3">警</token>
  <token t_id="135" sentence="2" number="4">后</token>
  <token t_id="136" sentence="2" number="5">，</token>
  <token t_id="137" sentence="2" number="6">当</token>
  <token t_id="138" sentence="2" number="7">地</token>
  <token t_id="139" sentence="2" number="8">交</token>
  <token t_id="140" sentence="2" number="9">警</token>
  <token t_id="141" sentence="2" number="10">、</token>
  <token t_id="142" sentence="2" number="11">消</token>
  <token t_id="143" sentence="2" number="12">防</token>
  <token t_id="144" sentence="2" number="13">等</token>
  <token t_id="145" sentence="2" number="14">救</token>
  <token t_id="146" sentence="2" number="15">援</token>
  <token t_id="147" sentence="2" number="16">人</token>
  <token t_id="148" sentence="2" number="17">员</token>
  <token t_id="149" sentence="2" number="18">迅</token>
  <token t_id="150" sentence="2" number="19">速</token>
  <token t_id="151" sentence="2" number="20">赶</token>
  <token t_id="152" sentence="2" number="21">到</token>
  <token t_id="153" sentence="2" number="22">现</token>
  <token t_id="154" sentence="2" number="23">场</token>
  <token t_id="155" sentence="2" number="24">。</token>
  <token t_id="156" sentence="3" number="0">救</token>
  <token t_id="157" sentence="3" number="1">援</token>
  <token t_id="158" sentence="3" number="2">人</token>
  <token t_id="159" sentence="3" number="3">员</token>
  <token t_id="160" sentence="3" number="4">抵</token>
  <token t_id="161" sentence="3" number="5">达</token>
  <token t_id="162" sentence="3" number="6">后</token>
  <token t_id="163" sentence="3" number="7">立</token>
  <token t_id="164" sentence="3" number="8">即</token>
  <token t_id="165" sentence="3" number="9">使</token>
  <token t_id="166" sentence="3" number="10">用</token>
  <token t_id="167" sentence="3" number="11">机</token>
  <token t_id="168" sentence="3" number="12">动</token>
  <token t_id="169" sentence="3" number="13">泵</token>
  <token t_id="170" sentence="3" number="14">、</token>
  <token t_id="171" sentence="3" number="15">液</token>
  <token t_id="172" sentence="3" number="16">压</token>
  <token t_id="173" sentence="3" number="17">工</token>
  <token t_id="174" sentence="3" number="18">具</token>
  <token t_id="175" sentence="3" number="19">组</token>
  <token t_id="176" sentence="3" number="20">等</token>
  <token t_id="177" sentence="3" number="21">展</token>
  <token t_id="178" sentence="3" number="22">开</token>
  <token t_id="179" sentence="3" number="23">施</token>
  <token t_id="180" sentence="3" number="24">救</token>
  <token t_id="181" sentence="3" number="25">。</token>
  <token t_id="182" sentence="4" number="0">由</token>
  <token t_id="183" sentence="4" number="1">于</token>
  <token t_id="184" sentence="4" number="2">河</token>
  <token t_id="185" sentence="4" number="3">水</token>
  <token t_id="186" sentence="4" number="4">有</token>
  <token t_id="187" sentence="4" number="5">2</token>
  <token t_id="188" sentence="4" number="6">米</token>
  <token t_id="189" sentence="4" number="7">多</token>
  <token t_id="190" sentence="4" number="8">深</token>
  <token t_id="191" sentence="4" number="9">，</token>
  <token t_id="192" sentence="4" number="10">且</token>
  <token t_id="193" sentence="4" number="11">水</token>
  <token t_id="194" sentence="4" number="12">流</token>
  <token t_id="195" sentence="4" number="13">量</token>
  <token t_id="196" sentence="4" number="14">大</token>
  <token t_id="197" sentence="4" number="15">，</token>
  <token t_id="198" sentence="4" number="16">手</token>
  <token t_id="199" sentence="4" number="17">台</token>
  <token t_id="200" sentence="4" number="18">机</token>
  <token t_id="201" sentence="4" number="19">动</token>
  <token t_id="202" sentence="4" number="20">泵</token>
  <token t_id="203" sentence="4" number="21">抽</token>
  <token t_id="204" sentence="4" number="22">水</token>
  <token t_id="205" sentence="4" number="23">根</token>
  <token t_id="206" sentence="4" number="24">本</token>
  <token t_id="207" sentence="4" number="25">不</token>
  <token t_id="208" sentence="4" number="26">起</token>
  <token t_id="209" sentence="4" number="27">作</token>
  <token t_id="210" sentence="4" number="28">用</token>
  <token t_id="211" sentence="4" number="29">，</token>
  <token t_id="212" sentence="4" number="30">当</token>
  <token t_id="213" sentence="4" number="31">地</token>
  <token t_id="214" sentence="4" number="32">政</token>
  <token t_id="215" sentence="4" number="33">府</token>
  <token t_id="216" sentence="4" number="34">迅</token>
  <token t_id="217" sentence="4" number="35">速</token>
  <token t_id="218" sentence="4" number="36">联</token>
  <token t_id="219" sentence="4" number="37">系</token>
  <token t_id="220" sentence="4" number="38">相</token>
  <token t_id="221" sentence="4" number="39">关</token>
  <token t_id="222" sentence="4" number="40">部</token>
  <token t_id="223" sentence="4" number="41">门</token>
  <token t_id="224" sentence="4" number="42">关</token>
  <token t_id="225" sentence="4" number="43">闭</token>
  <token t_id="226" sentence="4" number="44">支</token>
  <token t_id="227" sentence="4" number="45">渠</token>
  <token t_id="228" sentence="4" number="46">上</token>
  <token t_id="229" sentence="4" number="47">游</token>
  <token t_id="230" sentence="4" number="48">的</token>
  <token t_id="231" sentence="4" number="49">闸</token>
  <token t_id="232" sentence="4" number="50">门</token>
  <token t_id="233" sentence="4" number="51">。</token>
  <token t_id="234" sentence="5" number="0">随</token>
  <token t_id="235" sentence="5" number="1">后</token>
  <token t_id="236" sentence="5" number="2">，</token>
  <token t_id="237" sentence="5" number="3">一</token>
  <token t_id="238" sentence="5" number="4">辆</token>
  <token t_id="239" sentence="5" number="5">装</token>
  <token t_id="240" sentence="5" number="6">载</token>
  <token t_id="241" sentence="5" number="7">机</token>
  <token t_id="242" sentence="5" number="8">到</token>
  <token t_id="243" sentence="5" number="9">达</token>
  <token t_id="244" sentence="5" number="10">现</token>
  <token t_id="245" sentence="5" number="11">场</token>
  <token t_id="246" sentence="5" number="12">参</token>
  <token t_id="247" sentence="5" number="13">与</token>
  <token t_id="248" sentence="5" number="14">救</token>
  <token t_id="249" sentence="5" number="15">援</token>
  <token t_id="250" sentence="5" number="16">，</token>
  <token t_id="251" sentence="5" number="17">消</token>
  <token t_id="252" sentence="5" number="18">防</token>
  <token t_id="253" sentence="5" number="19">官</token>
  <token t_id="254" sentence="5" number="20">兵</token>
  <token t_id="255" sentence="5" number="21">将</token>
  <token t_id="256" sentence="5" number="22">钢</token>
  <token t_id="257" sentence="5" number="23">绳</token>
  <token t_id="258" sentence="5" number="24">套</token>
  <token t_id="259" sentence="5" number="25">住</token>
  <token t_id="260" sentence="5" number="26">轿</token>
  <token t_id="261" sentence="5" number="27">车</token>
  <token t_id="262" sentence="5" number="28">右</token>
  <token t_id="263" sentence="5" number="29">后</token>
  <token t_id="264" sentence="5" number="30">轮</token>
  <token t_id="265" sentence="5" number="31">胎</token>
  <token t_id="266" sentence="5" number="32">，</token>
  <token t_id="267" sentence="5" number="33">慢</token>
  <token t_id="268" sentence="5" number="34">慢</token>
  <token t_id="269" sentence="5" number="35">将</token>
  <token t_id="270" sentence="5" number="36">轿</token>
  <token t_id="271" sentence="5" number="37">车</token>
  <token t_id="272" sentence="5" number="38">拉</token>
  <token t_id="273" sentence="5" number="39">出</token>
  <token t_id="274" sentence="5" number="40">桥</token>
  <token t_id="275" sentence="5" number="41">洞</token>
  <token t_id="276" sentence="5" number="42">。</token>
  <token t_id="277" sentence="6" number="0">河</token>
  <token t_id="278" sentence="6" number="1">水</token>
  <token t_id="279" sentence="6" number="2">降</token>
  <token t_id="280" sentence="6" number="3">低</token>
  <token t_id="281" sentence="6" number="4">后</token>
  <token t_id="282" sentence="6" number="5">消</token>
  <token t_id="283" sentence="6" number="6">防</token>
  <token t_id="284" sentence="6" number="7">官</token>
  <token t_id="285" sentence="6" number="8">兵</token>
  <token t_id="286" sentence="6" number="9">跳</token>
  <token t_id="287" sentence="6" number="10">入</token>
  <token t_id="288" sentence="6" number="11">河</token>
  <token t_id="289" sentence="6" number="12">中</token>
  <token t_id="290" sentence="6" number="13">，</token>
  <token t_id="291" sentence="6" number="14">利</token>
  <token t_id="292" sentence="6" number="15">用</token>
  <token t_id="293" sentence="6" number="16">液</token>
  <token t_id="294" sentence="6" number="17">压</token>
  <token t_id="295" sentence="6" number="18">破</token>
  <token t_id="296" sentence="6" number="19">拆</token>
  <token t_id="297" sentence="6" number="20">工</token>
  <token t_id="298" sentence="6" number="21">具</token>
  <token t_id="299" sentence="6" number="22">展</token>
  <token t_id="300" sentence="6" number="23">开</token>
  <token t_id="301" sentence="6" number="24">救</token>
  <token t_id="302" sentence="6" number="25">援</token>
  <token t_id="303" sentence="6" number="26">，</token>
  <token t_id="304" sentence="6" number="27">先</token>
  <token t_id="305" sentence="6" number="28">后</token>
  <token t_id="306" sentence="6" number="29">救</token>
  <token t_id="307" sentence="6" number="30">出</token>
  <token t_id="308" sentence="6" number="31">5</token>
  <token t_id="309" sentence="6" number="32">名</token>
  <token t_id="310" sentence="6" number="33">被</token>
  <token t_id="311" sentence="6" number="34">困</token>
  <token t_id="312" sentence="6" number="35">者</token>
  <token t_id="313" sentence="6" number="36">。</token>
  <token t_id="314" sentence="7" number="0">驾</token>
  <token t_id="315" sentence="7" number="1">驶</token>
  <token t_id="316" sentence="7" number="2">员</token>
  <token t_id="317" sentence="7" number="3">因</token>
  <token t_id="318" sentence="7" number="4">被</token>
  <token t_id="319" sentence="7" number="5">变</token>
  <token t_id="320" sentence="7" number="6">形</token>
  <token t_id="321" sentence="7" number="7">的</token>
  <token t_id="322" sentence="7" number="8">车</token>
  <token t_id="323" sentence="7" number="9">头</token>
  <token t_id="324" sentence="7" number="10">卡</token>
  <token t_id="325" sentence="7" number="11">住</token>
  <token t_id="326" sentence="7" number="12">无</token>
  <token t_id="327" sentence="7" number="13">法</token>
  <token t_id="328" sentence="7" number="14">实</token>
  <token t_id="329" sentence="7" number="15">施</token>
  <token t_id="330" sentence="7" number="16">营</token>
  <token t_id="331" sentence="7" number="17">救</token>
  <token t_id="332" sentence="7" number="18">，</token>
  <token t_id="333" sentence="7" number="19">针</token>
  <token t_id="334" sentence="7" number="20">对</token>
  <token t_id="335" sentence="7" number="21">这</token>
  <token t_id="336" sentence="7" number="22">情</token>
  <token t_id="337" sentence="7" number="23">况</token>
  <token t_id="338" sentence="7" number="24">消</token>
  <token t_id="339" sentence="7" number="25">防</token>
  <token t_id="340" sentence="7" number="26">官</token>
  <token t_id="341" sentence="7" number="27">兵</token>
  <token t_id="342" sentence="7" number="28">用</token>
  <token t_id="343" sentence="7" number="29">钢</token>
  <token t_id="344" sentence="7" number="30">绳</token>
  <token t_id="345" sentence="7" number="31">捆</token>
  <token t_id="346" sentence="7" number="32">住</token>
  <token t_id="347" sentence="7" number="33">轿</token>
  <token t_id="348" sentence="7" number="34">车</token>
  <token t_id="349" sentence="7" number="35">，</token>
  <token t_id="350" sentence="7" number="36">通</token>
  <token t_id="351" sentence="7" number="37">过</token>
  <token t_id="352" sentence="7" number="38">吊</token>
  <token t_id="353" sentence="7" number="39">车</token>
  <token t_id="354" sentence="7" number="40">将</token>
  <token t_id="355" sentence="7" number="41">其</token>
  <token t_id="356" sentence="7" number="42">吊</token>
  <token t_id="357" sentence="7" number="43">上</token>
  <token t_id="358" sentence="7" number="44">岸</token>
  <token t_id="359" sentence="7" number="45">后</token>
  <token t_id="360" sentence="7" number="46">，</token>
  <token t_id="361" sentence="7" number="47">将</token>
  <token t_id="362" sentence="7" number="48">卡</token>
  <token t_id="363" sentence="7" number="49">在</token>
  <token t_id="364" sentence="7" number="50">驾</token>
  <token t_id="365" sentence="7" number="51">驶</token>
  <token t_id="366" sentence="7" number="52">室</token>
  <token t_id="367" sentence="7" number="53">的</token>
  <token t_id="368" sentence="7" number="54">被</token>
  <token t_id="369" sentence="7" number="55">困</token>
  <token t_id="370" sentence="7" number="56">者</token>
  <token t_id="371" sentence="7" number="57">救</token>
  <token t_id="372" sentence="7" number="58">出</token>
  <token t_id="373" sentence="7" number="59">。</token>
  <token t_id="374" sentence="8" number="0">据</token>
  <token t_id="375" sentence="8" number="1">悉</token>
  <token t_id="376" sentence="8" number="2">，</token>
  <token t_id="377" sentence="8" number="3">事</token>
  <token t_id="378" sentence="8" number="4">故</token>
  <token t_id="379" sentence="8" number="5">现</token>
  <token t_id="380" sentence="8" number="6">场</token>
  <token t_id="381" sentence="8" number="7">先</token>
  <token t_id="382" sentence="8" number="8">后</token>
  <token t_id="383" sentence="8" number="9">救</token>
  <token t_id="384" sentence="8" number="10">出</token>
  <token t_id="385" sentence="8" number="11">6</token>
  <token t_id="386" sentence="8" number="12">名</token>
  <token t_id="387" sentence="8" number="13">被</token>
  <token t_id="388" sentence="8" number="14">困</token>
  <token t_id="389" sentence="8" number="15">者</token>
  <token t_id="390" sentence="8" number="16">，</token>
  <token t_id="391" sentence="8" number="17">其</token>
  <token t_id="392" sentence="8" number="18">中</token>
  <token t_id="393" sentence="8" number="19">有</token>
  <token t_id="394" sentence="8" number="20">2</token>
  <token t_id="395" sentence="8" number="21">名</token>
  <token t_id="396" sentence="8" number="22">还</token>
  <token t_id="397" sentence="8" number="23">是</token>
  <token t_id="398" sentence="8" number="24">一</token>
  <token t_id="399" sentence="8" number="25">岁</token>
  <token t_id="400" sentence="8" number="26">多</token>
  <token t_id="401" sentence="8" number="27">的</token>
  <token t_id="402" sentence="8" number="28">孩</token>
  <token t_id="403" sentence="8" number="29">子</token>
  <token t_id="404" sentence="8" number="30">。</token>
  <token t_id="405" sentence="9" number="0">1</token>
  <token t_id="406" sentence="9" number="1">2</token>
  <token t_id="407" sentence="9" number="2">0</token>
  <token t_id="408" sentence="9" number="3">医</token>
  <token t_id="409" sentence="9" number="4">护</token>
  <token t_id="410" sentence="9" number="5">人</token>
  <token t_id="411" sentence="9" number="6">员</token>
  <token t_id="412" sentence="9" number="7">现</token>
  <token t_id="413" sentence="9" number="8">场</token>
  <token t_id="414" sentence="9" number="9">抢</token>
  <token t_id="415" sentence="9" number="10">救</token>
  <token t_id="416" sentence="9" number="11">并</token>
  <token t_id="417" sentence="9" number="12">确</token>
  <token t_id="418" sentence="9" number="13">认</token>
  <token t_id="419" sentence="9" number="14">6</token>
  <token t_id="420" sentence="9" number="15">名</token>
  <token t_id="421" sentence="9" number="16">被</token>
  <token t_id="422" sentence="9" number="17">困</token>
  <token t_id="423" sentence="9" number="18">者</token>
  <token t_id="424" sentence="9" number="19">因</token>
  <token t_id="425" sentence="9" number="20">溺</token>
  <token t_id="426" sentence="9" number="21">水</token>
  <token t_id="427" sentence="9" number="22">太</token>
  <token t_id="428" sentence="9" number="23">久</token>
  <token t_id="429" sentence="9" number="24">，</token>
  <token t_id="430" sentence="9" number="25">全</token>
  <token t_id="431" sentence="9" number="26">部</token>
  <token t_id="432" sentence="9" number="27">没</token>
  <token t_id="433" sentence="9" number="28">有</token>
  <token t_id="434" sentence="9" number="29">了</token>
  <token t_id="435" sentence="9" number="30">生</token>
  <token t_id="436" sentence="9" number="31">命</token>
  <token t_id="437" sentence="9" number="32">迹</token>
  <token t_id="438" sentence="9" number="33">象</token>
  <token t_id="439" sentence="9" number="34">。</token>
  <token t_id="440" sentence="10" number="0">目</token>
  <token t_id="441" sentence="10" number="1">前</token>
  <token t_id="442" sentence="10" number="2">，</token>
  <token t_id="443" sentence="10" number="3">事</token>
  <token t_id="444" sentence="10" number="4">故</token>
  <token t_id="445" sentence="10" number="5">发</token>
  <token t_id="446" sentence="10" number="6">生</token>
  <token t_id="447" sentence="10" number="7">具</token>
  <token t_id="448" sentence="10" number="8">体</token>
  <token t_id="449" sentence="10" number="9">原</token>
  <token t_id="450" sentence="10" number="10">因</token>
  <token t_id="451" sentence="10" number="11">当</token>
  <token t_id="452" sentence="10" number="12">地</token>
  <token t_id="453" sentence="10" number="13">交</token>
  <token t_id="454" sentence="10" number="14">警</token>
  <token t_id="455" sentence="10" number="15">正</token>
  <token t_id="456" sentence="10" number="16">在</token>
  <token t_id="457" sentence="10" number="17">调</token>
  <token t_id="458" sentence="10" number="18">查</token>
  <token t_id="459" sentence="10" number="19">中</token>
  <Markables>
    <ACTION m_id="30892" comment="">
      <token_anchor t_id="21" />
      <token_anchor t_id="22" />
    </ACTION>
    <ACTION m_id="30893" comment="">
      <token_anchor t_id="38" />
      <token_anchor t_id="39" />
    </ACTION>
    <ACTION m_id="30894" comment="">
      <token_anchor t_id="52" />
      <token_anchor t_id="53" />
    </ACTION>
    <ACTION m_id="30895" comment="">
      <token_anchor t_id="69" />
      <token_anchor t_id="70" />
    </ACTION>
    <ACTION m_id="30896" comment="">
      <token_anchor t_id="76" />
      <token_anchor t_id="77" />
    </ACTION>
    <ACTION_CAUSATIVE m_id="30897" comment="">
      <token_anchor t_id="46" />
      <token_anchor t_id="47" />
    </ACTION_CAUSATIVE>
    <ACTION_CAUSATIVE m_id="30898" comment="">
      <token_anchor t_id="87" />
    </ACTION_CAUSATIVE>
    <ACTION m_id="30899" comment="">
      <token_anchor t_id="95" />
      <token_anchor t_id="96" />
    </ACTION>
    <ACTION m_id="30900" comment="">
      <token_anchor t_id="101" />
      <token_anchor t_id="102" />
    </ACTION>
    <ACTION_CAUSATIVE m_id="30901" comment="">
      <token_anchor t_id="107" />
    </ACTION_CAUSATIVE>
    <ACTION m_id="30902" comment="">
      <token_anchor t_id="110" />
      <token_anchor t_id="111" />
    </ACTION>
    <ACTION m_id="30903" comment="">
      <token_anchor t_id="114" />
      <token_anchor t_id="115" />
    </ACTION>
    <ACTION m_id="30904" comment="">
      <token_anchor t_id="160" />
      <token_anchor t_id="161" />
    </ACTION>
    <ACTION m_id="30905" comment="">
      <token_anchor t_id="151" />
      <token_anchor t_id="152" />
    </ACTION>
    <ACTION m_id="30906" comment="">
      <token_anchor t_id="165" />
      <token_anchor t_id="166" />
    </ACTION>
    <ACTION m_id="30909" comment="">
      <token_anchor t_id="131" />
      <token_anchor t_id="132" />
    </ACTION>
    <ACTION m_id="30910" comment="">
      <token_anchor t_id="122" />
      <token_anchor t_id="123" />
    </ACTION>
    <ACTION m_id="30911" comment="">
      <token_anchor t_id="179" />
      <token_anchor t_id="180" />
    </ACTION>
    <ACTION m_id="30914" comment="">
      <token_anchor t_id="224" />
      <token_anchor t_id="225" />
    </ACTION>
    <ACTION m_id="30915" comment="">
      <token_anchor t_id="242" />
      <token_anchor t_id="243" />
    </ACTION>
    <ACTION m_id="30917" comment="">
      <token_anchor t_id="248" />
      <token_anchor t_id="249" />
    </ACTION>
    <ACTION m_id="30918" comment="">
      <token_anchor t_id="258" />
      <token_anchor t_id="259" />
    </ACTION>
    <ACTION m_id="30919" comment="">
      <token_anchor t_id="272" />
      <token_anchor t_id="273" />
    </ACTION>
    <ACTION m_id="30920" comment="">
      <token_anchor t_id="279" />
      <token_anchor t_id="280" />
    </ACTION>
    <ACTION m_id="30921" comment="">
      <token_anchor t_id="286" />
      <token_anchor t_id="287" />
    </ACTION>
    <ACTION m_id="30922" comment="">
      <token_anchor t_id="291" />
      <token_anchor t_id="292" />
    </ACTION>
    <ACTION m_id="30925" comment="">
      <token_anchor t_id="301" />
      <token_anchor t_id="302" />
    </ACTION>
    <ACTION m_id="30926" comment="">
      <token_anchor t_id="306" />
      <token_anchor t_id="307" />
    </ACTION>
    <ACTION_CAUSATIVE m_id="30928" comment="">
      <token_anchor t_id="317" />
    </ACTION_CAUSATIVE>
    <ACTION m_id="30929" comment="">
      <token_anchor t_id="324" />
      <token_anchor t_id="325" />
    </ACTION>
    <ACTION m_id="30930" comment="">
      <token_anchor t_id="330" />
      <token_anchor t_id="331" />
    </ACTION>
    <ACTION m_id="30931" comment="">
      <token_anchor t_id="345" />
      <token_anchor t_id="346" />
    </ACTION>
    <ACTION m_id="30933" comment="">
      <token_anchor t_id="356" />
      <token_anchor t_id="357" />
    </ACTION>
    <ACTION m_id="30936" comment="">
      <token_anchor t_id="371" />
      <token_anchor t_id="372" />
    </ACTION>
    <ACTION m_id="30937" comment="">
      <token_anchor t_id="374" />
      <token_anchor t_id="375" />
    </ACTION>
    <ACTION m_id="30939" comment="">
      <token_anchor t_id="383" />
      <token_anchor t_id="384" />
    </ACTION>
    <ACTION m_id="30941" comment="">
      <token_anchor t_id="414" />
      <token_anchor t_id="415" />
    </ACTION>
    <ACTION m_id="30942" comment="">
      <token_anchor t_id="417" />
      <token_anchor t_id="418" />
    </ACTION>
    <ACTION_CAUSATIVE m_id="30944" comment="">
      <token_anchor t_id="424" />
    </ACTION_CAUSATIVE>
    <ACTION m_id="30947" comment="">
      <token_anchor t_id="457" />
      <token_anchor t_id="458" />
    </ACTION>
    <ACTION_CAUSATIVE m_id="52344" comment="">
      <token_anchor t_id="182" />
      <token_anchor t_id="183" />
    </ACTION_CAUSATIVE>
    <ACTION m_id="52345" comment="">
      <token_anchor t_id="190" />
    </ACTION>
    <ACTION m_id="52346" comment="">
      <token_anchor t_id="196" />
    </ACTION>
    <ACTION m_id="52347" comment="">
      <token_anchor t_id="207" />
      <token_anchor t_id="208" />
      <token_anchor t_id="209" />
      <token_anchor t_id="210" />
    </ACTION>
    <ACTION m_id="52348" comment="">
      <token_anchor t_id="427" />
      <token_anchor t_id="428" />
    </ACTION>
    <ACTION m_id="52349" comment="">
      <token_anchor t_id="432" />
      <token_anchor t_id="433" />
    </ACTION>
  </Markables>
  <Relations>
    <PLOT_LINK r_id="2724" SIGNAL="" relType="causation" CAUSES="FALSE" CAUSED_BY="FALSE">
      <source m_id="30893" />
      <target m_id="30894" />
    </PLOT_LINK>
    <PLOT_LINK r_id="2725" SIGNAL="" relType="causation" CAUSES="FALSE" CAUSED_BY="FALSE">
      <source m_id="30893" />
      <target m_id="30892" />
    </PLOT_LINK>
    <PLOT_LINK r_id="2726" SIGNAL="" relType="causation" CAUSES="FALSE" CAUSED_BY="FALSE">
      <source m_id="30892" />
      <target m_id="30894" />
    </PLOT_LINK>
    <PLOT_LINK r_id="2727" SIGNAL="" relType="causation" CAUSES="FALSE" CAUSED_BY="FALSE">
      <source m_id="30899" />
      <target m_id="30900" />
    </PLOT_LINK>
    <PLOT_LINK r_id="2728" SIGNAL="" relType="causation" CAUSES="FALSE" CAUSED_BY="FALSE">
      <source m_id="30900" />
      <target m_id="30902" />
    </PLOT_LINK>
    <PLOT_LINK r_id="2729" SIGNAL="" relType="causation" CAUSES="FALSE" CAUSED_BY="FALSE">
      <source m_id="30902" />
      <target m_id="30903" />
    </PLOT_LINK>
    <PLOT_LINK r_id="2730" SIGNAL="" relType="causation" CAUSES="FALSE" CAUSED_BY="FALSE">
      <source m_id="30903" />
      <target m_id="30910" />
    </PLOT_LINK>
    <PLOT_LINK r_id="2731" SIGNAL="" relType="causation" CAUSES="FALSE" CAUSED_BY="FALSE">
      <source m_id="30909" />
      <target m_id="30905" />
    </PLOT_LINK>
    <PLOT_LINK r_id="2732" SIGNAL="" relType="causation" CAUSES="FALSE" CAUSED_BY="FALSE">
      <source m_id="52345" />
      <target m_id="52347" />
    </PLOT_LINK>
    <PLOT_LINK r_id="2733" SIGNAL="" relType="causation" CAUSES="FALSE" CAUSED_BY="FALSE">
      <source m_id="52346" />
      <target m_id="52347" />
    </PLOT_LINK>
    <PLOT_LINK r_id="2734" SIGNAL="" relType="causation" CAUSES="FALSE" CAUSED_BY="FALSE">
      <source m_id="52347" />
      <target m_id="30914" />
    </PLOT_LINK>
    <PLOT_LINK r_id="2735" SIGNAL="" relType="causation" CAUSES="FALSE" CAUSED_BY="FALSE">
      <source m_id="30929" />
      <target m_id="30930" />
    </PLOT_LINK>
    <PLOT_LINK r_id="2736" SIGNAL="" relType="causation" CAUSES="FALSE" CAUSED_BY="FALSE">
      <source m_id="30933" />
      <target m_id="30936" />
    </PLOT_LINK>
    <PLOT_LINK r_id="2737" SIGNAL="" relType="causation" CAUSES="FALSE" CAUSED_BY="FALSE">
      <source m_id="52348" />
      <target m_id="52349" />
    </PLOT_LINK>
  </Relations>
</Document>