<?xml version="1.0" encoding="UTF-8"?>
<Document doc_name="2980_ecbplus.xml.xml">
  <token t_id="1" sentence="0" number="0">记</token>
  <token t_id="2" sentence="0" number="1">者</token>
  <token t_id="3" sentence="0" number="2">从</token>
  <token t_id="4" sentence="0" number="3">环</token>
  <token t_id="5" sentence="0" number="4">县</token>
  <token t_id="6" sentence="0" number="5">交</token>
  <token t_id="7" sentence="0" number="6">警</token>
  <token t_id="8" sentence="0" number="7">部</token>
  <token t_id="9" sentence="0" number="8">门</token>
  <token t_id="10" sentence="0" number="9">了</token>
  <token t_id="11" sentence="0" number="10">解</token>
  <token t_id="12" sentence="0" number="11">到</token>
  <token t_id="13" sentence="0" number="12">，</token>
  <token t_id="14" sentence="0" number="13">4</token>
  <token t_id="15" sentence="0" number="14">月</token>
  <token t_id="16" sentence="0" number="15">1</token>
  <token t_id="17" sentence="0" number="16">5</token>
  <token t_id="18" sentence="0" number="17">日</token>
  <token t_id="19" sentence="0" number="18">1</token>
  <token t_id="20" sentence="0" number="19">4</token>
  <token t_id="21" sentence="0" number="20">时</token>
  <token t_id="22" sentence="0" number="21">左</token>
  <token t_id="23" sentence="0" number="22">右</token>
  <token t_id="24" sentence="0" number="23">，</token>
  <token t_id="25" sentence="0" number="24">在</token>
  <token t_id="26" sentence="0" number="25">2</token>
  <token t_id="27" sentence="0" number="26">1</token>
  <token t_id="28" sentence="0" number="27">1</token>
  <token t_id="29" sentence="0" number="28">国</token>
  <token t_id="30" sentence="0" number="29">道</token>
  <token t_id="31" sentence="0" number="30">环</token>
  <token t_id="32" sentence="0" number="31">县</token>
  <token t_id="33" sentence="0" number="32">山</token>
  <token t_id="34" sentence="0" number="33">城</token>
  <token t_id="35" sentence="0" number="34">乡</token>
  <token t_id="36" sentence="0" number="35">赵</token>
  <token t_id="37" sentence="0" number="36">庄</token>
  <token t_id="38" sentence="0" number="37">路</token>
  <token t_id="39" sentence="0" number="38">段</token>
  <token t_id="40" sentence="0" number="39">，</token>
  <token t_id="41" sentence="0" number="40">发</token>
  <token t_id="42" sentence="0" number="41">生</token>
  <token t_id="43" sentence="0" number="42">一</token>
  <token t_id="44" sentence="0" number="43">起</token>
  <token t_id="45" sentence="0" number="44">一</token>
  <token t_id="46" sentence="0" number="45">辆</token>
  <token t_id="47" sentence="0" number="46">重</token>
  <token t_id="48" sentence="0" number="47">型</token>
  <token t_id="49" sentence="0" number="48">自</token>
  <token t_id="50" sentence="0" number="49">卸</token>
  <token t_id="51" sentence="0" number="50">货</token>
  <token t_id="52" sentence="0" number="51">车</token>
  <token t_id="53" sentence="0" number="52">与</token>
  <token t_id="54" sentence="0" number="53">一</token>
  <token t_id="55" sentence="0" number="54">辆</token>
  <token t_id="56" sentence="0" number="55">1</token>
  <token t_id="57" sentence="0" number="56">2</token>
  <token t_id="58" sentence="0" number="57">0</token>
  <token t_id="59" sentence="0" number="58">急</token>
  <token t_id="60" sentence="0" number="59">救</token>
  <token t_id="61" sentence="0" number="60">车</token>
  <token t_id="62" sentence="0" number="61">相</token>
  <token t_id="63" sentence="0" number="62">撞</token>
  <token t_id="64" sentence="0" number="63">的</token>
  <token t_id="65" sentence="0" number="64">重</token>
  <token t_id="66" sentence="0" number="65">大</token>
  <token t_id="67" sentence="0" number="66">道</token>
  <token t_id="68" sentence="0" number="67">路</token>
  <token t_id="69" sentence="0" number="68">交</token>
  <token t_id="70" sentence="0" number="69">通</token>
  <token t_id="71" sentence="0" number="70">事</token>
  <token t_id="72" sentence="0" number="71">故</token>
  <token t_id="73" sentence="0" number="72">，</token>
  <token t_id="74" sentence="0" number="73">造</token>
  <token t_id="75" sentence="0" number="74">成</token>
  <token t_id="76" sentence="0" number="75">1</token>
  <token t_id="77" sentence="0" number="76">人</token>
  <token t_id="78" sentence="0" number="77">当</token>
  <token t_id="79" sentence="0" number="78">场</token>
  <token t_id="80" sentence="0" number="79">死</token>
  <token t_id="81" sentence="0" number="80">亡</token>
  <token t_id="82" sentence="0" number="81">，</token>
  <token t_id="83" sentence="0" number="82">2</token>
  <token t_id="84" sentence="0" number="83">人</token>
  <token t_id="85" sentence="0" number="84">经</token>
  <token t_id="86" sentence="0" number="85">送</token>
  <token t_id="87" sentence="0" number="86">医</token>
  <token t_id="88" sentence="0" number="87">院</token>
  <token t_id="89" sentence="0" number="88">抢</token>
  <token t_id="90" sentence="0" number="89">救</token>
  <token t_id="91" sentence="0" number="90">无</token>
  <token t_id="92" sentence="0" number="91">效</token>
  <token t_id="93" sentence="0" number="92">死</token>
  <token t_id="94" sentence="0" number="93">亡</token>
  <token t_id="95" sentence="0" number="94">，</token>
  <token t_id="96" sentence="0" number="95">4</token>
  <token t_id="97" sentence="0" number="96">人</token>
  <token t_id="98" sentence="0" number="97">不</token>
  <token t_id="99" sentence="0" number="98">同</token>
  <token t_id="100" sentence="0" number="99">程</token>
  <token t_id="101" sentence="0" number="100">度</token>
  <token t_id="102" sentence="0" number="101">受</token>
  <token t_id="103" sentence="0" number="102">伤</token>
  <token t_id="104" sentence="0" number="103">，</token>
  <token t_id="105" sentence="0" number="104">车</token>
  <token t_id="106" sentence="0" number="105">辆</token>
  <token t_id="107" sentence="0" number="106">受</token>
  <token t_id="108" sentence="0" number="107">损</token>
  <token t_id="109" sentence="0" number="108">严</token>
  <token t_id="110" sentence="0" number="109">重</token>
  <token t_id="111" sentence="0" number="110">。</token>
  <token t_id="112" sentence="1" number="0">目</token>
  <token t_id="113" sentence="1" number="1">前</token>
  <token t_id="114" sentence="1" number="2">，</token>
  <token t_id="115" sentence="1" number="3">自</token>
  <token t_id="116" sentence="1" number="4">卸</token>
  <token t_id="117" sentence="1" number="5">货</token>
  <token t_id="118" sentence="1" number="6">车</token>
  <token t_id="119" sentence="1" number="7">司</token>
  <token t_id="120" sentence="1" number="8">机</token>
  <token t_id="121" sentence="1" number="9">因</token>
  <token t_id="122" sentence="1" number="10">涉</token>
  <token t_id="123" sentence="1" number="11">嫌</token>
  <token t_id="124" sentence="1" number="12">交</token>
  <token t_id="125" sentence="1" number="13">通</token>
  <token t_id="126" sentence="1" number="14">肇</token>
  <token t_id="127" sentence="1" number="15">事</token>
  <token t_id="128" sentence="1" number="16">罪</token>
  <token t_id="129" sentence="1" number="17">已</token>
  <token t_id="130" sentence="1" number="18">被</token>
  <token t_id="131" sentence="1" number="19">警</token>
  <token t_id="132" sentence="1" number="20">方</token>
  <token t_id="133" sentence="1" number="21">刑</token>
  <token t_id="134" sentence="1" number="22">拘</token>
  <token t_id="135" sentence="1" number="23">，</token>
  <token t_id="136" sentence="1" number="24">事</token>
  <token t_id="137" sentence="1" number="25">故</token>
  <token t_id="138" sentence="1" number="26">原</token>
  <token t_id="139" sentence="1" number="27">因</token>
  <token t_id="140" sentence="1" number="28">正</token>
  <token t_id="141" sentence="1" number="29">在</token>
  <token t_id="142" sentence="1" number="30">进</token>
  <token t_id="143" sentence="1" number="31">一</token>
  <token t_id="144" sentence="1" number="32">步</token>
  <token t_id="145" sentence="1" number="33">调</token>
  <token t_id="146" sentence="1" number="34">查</token>
  <token t_id="147" sentence="1" number="35">中</token>
  <Markables>
    <ACTION m_id="30972" comment="">
      <token_anchor t_id="10" />
      <token_anchor t_id="11" />
    </ACTION>
    <ACTION m_id="30974" comment="">
      <token_anchor t_id="62" />
      <token_anchor t_id="63" />
    </ACTION>
    <ACTION m_id="30976" comment="">
      <token_anchor t_id="80" />
      <token_anchor t_id="81" />
    </ACTION>
    <ACTION m_id="30977" comment="">
      <token_anchor t_id="86" />
      <token_anchor t_id="87" />
      <token_anchor t_id="88" />
    </ACTION>
    <ACTION m_id="30978" comment="">
      <token_anchor t_id="89" />
      <token_anchor t_id="90" />
    </ACTION>
    <ACTION m_id="30979" comment="">
      <token_anchor t_id="93" />
      <token_anchor t_id="94" />
    </ACTION>
    <ACTION m_id="30980" comment="">
      <token_anchor t_id="102" />
      <token_anchor t_id="103" />
    </ACTION>
    <ACTION m_id="30981" comment="">
      <token_anchor t_id="107" />
      <token_anchor t_id="108" />
    </ACTION>
    <ACTION_CAUSATIVE m_id="30982" comment="">
      <token_anchor t_id="74" />
      <token_anchor t_id="75" />
    </ACTION_CAUSATIVE>
    <ACTION_CAUSATIVE m_id="30983" comment="">
      <token_anchor t_id="121" />
    </ACTION_CAUSATIVE>
    <ACTION m_id="30984" comment="">
      <token_anchor t_id="122" />
      <token_anchor t_id="123" />
    </ACTION>
    <ACTION m_id="30985" comment="">
      <token_anchor t_id="133" />
      <token_anchor t_id="134" />
    </ACTION>
    <ACTION m_id="30986" comment="">
      <token_anchor t_id="136" />
      <token_anchor t_id="137" />
    </ACTION>
    <ACTION m_id="30987" comment="">
      <token_anchor t_id="145" />
      <token_anchor t_id="146" />
    </ACTION>
  </Markables>
  <Relations>
    <PLOT_LINK r_id="2742" SIGNAL="" relType="causation" CAUSES="FALSE" CAUSED_BY="FALSE">
      <source m_id="30974" />
      <target m_id="30976" />
    </PLOT_LINK>
    <PLOT_LINK r_id="2743" SIGNAL="" relType="causation" CAUSES="FALSE" CAUSED_BY="FALSE">
      <source m_id="30974" />
      <target m_id="30979" />
    </PLOT_LINK>
    <PLOT_LINK r_id="2744" SIGNAL="" relType="causation" CAUSES="FALSE" CAUSED_BY="FALSE">
      <source m_id="30974" />
      <target m_id="30980" />
    </PLOT_LINK>
    <PLOT_LINK r_id="2745" SIGNAL="" relType="causation" CAUSES="FALSE" CAUSED_BY="FALSE">
      <source m_id="30974" />
      <target m_id="30981" />
    </PLOT_LINK>
    <PLOT_LINK r_id="2746" SIGNAL="" relType="causation" CAUSES="FALSE" CAUSED_BY="FALSE">
      <source m_id="30978" />
      <target m_id="30979" />
    </PLOT_LINK>
    <PLOT_LINK r_id="2747" SIGNAL="" relType="causation" CAUSES="FALSE" CAUSED_BY="FALSE">
      <source m_id="30984" />
      <target m_id="30985" />
    </PLOT_LINK>
  </Relations>
</Document>