<?xml version="1.0" encoding="UTF-8"?>
<Document doc_name="2982_ecbplus.xml.xml">
  <token t_id="1" sentence="0" number="0">新</token>
  <token t_id="2" sentence="0" number="1">华</token>
  <token t_id="3" sentence="0" number="2">社</token>
  <token t_id="4" sentence="0" number="3">重</token>
  <token t_id="5" sentence="0" number="4">庆</token>
  <token t_id="6" sentence="0" number="5">1</token>
  <token t_id="7" sentence="0" number="6">1</token>
  <token t_id="8" sentence="0" number="7">月</token>
  <token t_id="9" sentence="0" number="8">2</token>
  <token t_id="10" sentence="0" number="9">0</token>
  <token t_id="11" sentence="0" number="10">日</token>
  <token t_id="12" sentence="0" number="11">电</token>
  <token t_id="13" sentence="0" number="12">（</token>
  <token t_id="14" sentence="0" number="13">记</token>
  <token t_id="15" sentence="0" number="14">者</token>
  <token t_id="16" sentence="0" number="15">赵</token>
  <token t_id="17" sentence="0" number="16">宇</token>
  <token t_id="18" sentence="0" number="17">飞</token>
  <token t_id="19" sentence="0" number="18">）</token>
  <token t_id="20" sentence="0" number="19">记</token>
  <token t_id="21" sentence="0" number="20">者</token>
  <token t_id="22" sentence="0" number="21">从</token>
  <token t_id="23" sentence="0" number="22">重</token>
  <token t_id="24" sentence="0" number="23">庆</token>
  <token t_id="25" sentence="0" number="24">垫</token>
  <token t_id="26" sentence="0" number="25">江</token>
  <token t_id="27" sentence="0" number="26">县</token>
  <token t_id="28" sentence="0" number="27">公</token>
  <token t_id="29" sentence="0" number="28">安</token>
  <token t_id="30" sentence="0" number="29">局</token>
  <token t_id="31" sentence="0" number="30">获</token>
  <token t_id="32" sentence="0" number="31">悉</token>
  <token t_id="33" sentence="0" number="32">，</token>
  <token t_id="34" sentence="0" number="33">2</token>
  <token t_id="35" sentence="0" number="34">0</token>
  <token t_id="36" sentence="0" number="35">日</token>
  <token t_id="37" sentence="0" number="36">1</token>
  <token t_id="38" sentence="0" number="37">4</token>
  <token t_id="39" sentence="0" number="38">时</token>
  <token t_id="40" sentence="0" number="39">许</token>
  <token t_id="41" sentence="0" number="40">，</token>
  <token t_id="42" sentence="0" number="41">垫</token>
  <token t_id="43" sentence="0" number="42">江</token>
  <token t_id="44" sentence="0" number="43">县</token>
  <token t_id="45" sentence="0" number="44">发</token>
  <token t_id="46" sentence="0" number="45">生</token>
  <token t_id="47" sentence="0" number="46">一</token>
  <token t_id="48" sentence="0" number="47">起</token>
  <token t_id="49" sentence="0" number="48">交</token>
  <token t_id="50" sentence="0" number="49">通</token>
  <token t_id="51" sentence="0" number="50">事</token>
  <token t_id="52" sentence="0" number="51">故</token>
  <token t_id="53" sentence="0" number="52">，</token>
  <token t_id="54" sentence="0" number="53">导</token>
  <token t_id="55" sentence="0" number="54">致</token>
  <token t_id="56" sentence="0" number="55">4</token>
  <token t_id="57" sentence="0" number="56">人</token>
  <token t_id="58" sentence="0" number="57">死</token>
  <token t_id="59" sentence="0" number="58">亡</token>
  <token t_id="60" sentence="0" number="59">，</token>
  <token t_id="61" sentence="0" number="60">1</token>
  <token t_id="62" sentence="0" number="61">人</token>
  <token t_id="63" sentence="0" number="62">受</token>
  <token t_id="64" sentence="0" number="63">伤</token>
  <token t_id="65" sentence="0" number="64">。</token>
  <token t_id="66" sentence="1" number="0">据</token>
  <token t_id="67" sentence="1" number="1">了</token>
  <token t_id="68" sentence="1" number="2">解</token>
  <token t_id="69" sentence="1" number="3">，</token>
  <token t_id="70" sentence="1" number="4">司</token>
  <token t_id="71" sentence="1" number="5">机</token>
  <token t_id="72" sentence="1" number="6">邓</token>
  <token t_id="73" sentence="1" number="7">某</token>
  <token t_id="74" sentence="1" number="8">驾</token>
  <token t_id="75" sentence="1" number="9">驶</token>
  <token t_id="76" sentence="1" number="10">轿</token>
  <token t_id="77" sentence="1" number="11">车</token>
  <token t_id="78" sentence="1" number="12">从</token>
  <token t_id="79" sentence="1" number="13">垫</token>
  <token t_id="80" sentence="1" number="14">江</token>
  <token t_id="81" sentence="1" number="15">县</token>
  <token t_id="82" sentence="1" number="16">城</token>
  <token t_id="83" sentence="1" number="17">沿</token>
  <token t_id="84" sentence="1" number="18">S</token>
  <token t_id="85" sentence="1" number="19">1</token>
  <token t_id="86" sentence="1" number="20">0</token>
  <token t_id="87" sentence="1" number="21">2</token>
  <token t_id="88" sentence="1" number="22">省</token>
  <token t_id="89" sentence="1" number="23">道</token>
  <token t_id="90" sentence="1" number="24">向</token>
  <token t_id="91" sentence="1" number="25">新</token>
  <token t_id="92" sentence="1" number="26">民</token>
  <token t_id="93" sentence="1" number="27">镇</token>
  <token t_id="94" sentence="1" number="28">方</token>
  <token t_id="95" sentence="1" number="29">向</token>
  <token t_id="96" sentence="1" number="30">行</token>
  <token t_id="97" sentence="1" number="31">驶</token>
  <token t_id="98" sentence="1" number="32">，</token>
  <token t_id="99" sentence="1" number="33">当</token>
  <token t_id="100" sentence="1" number="34">行</token>
  <token t_id="101" sentence="1" number="35">驶</token>
  <token t_id="102" sentence="1" number="36">至</token>
  <token t_id="103" sentence="1" number="37">白</token>
  <token t_id="104" sentence="1" number="38">马</token>
  <token t_id="105" sentence="1" number="39">庙</token>
  <token t_id="106" sentence="1" number="40">附</token>
  <token t_id="107" sentence="1" number="41">近</token>
  <token t_id="108" sentence="1" number="42">路</token>
  <token t_id="109" sentence="1" number="43">段</token>
  <token t_id="110" sentence="1" number="44">时</token>
  <token t_id="111" sentence="1" number="45">，</token>
  <token t_id="112" sentence="1" number="46">因</token>
  <token t_id="113" sentence="1" number="47">操</token>
  <token t_id="114" sentence="1" number="48">作</token>
  <token t_id="115" sentence="1" number="49">不</token>
  <token t_id="116" sentence="1" number="50">当</token>
  <token t_id="117" sentence="1" number="51">撞</token>
  <token t_id="118" sentence="1" number="52">上</token>
  <token t_id="119" sentence="1" number="53">路</token>
  <token t_id="120" sentence="1" number="54">边</token>
  <token t_id="121" sentence="1" number="55">行</token>
  <token t_id="122" sentence="1" number="56">人</token>
  <token t_id="123" sentence="1" number="57">。</token>
  <token t_id="124" sentence="2" number="0">接</token>
  <token t_id="125" sentence="2" number="1">警</token>
  <token t_id="126" sentence="2" number="2">后</token>
  <token t_id="127" sentence="2" number="3">，</token>
  <token t_id="128" sentence="2" number="4">垫</token>
  <token t_id="129" sentence="2" number="5">江</token>
  <token t_id="130" sentence="2" number="6">县</token>
  <token t_id="131" sentence="2" number="7">警</token>
  <token t_id="132" sentence="2" number="8">方</token>
  <token t_id="133" sentence="2" number="9">立</token>
  <token t_id="134" sentence="2" number="10">即</token>
  <token t_id="135" sentence="2" number="11">赶</token>
  <token t_id="136" sentence="2" number="12">到</token>
  <token t_id="137" sentence="2" number="13">现</token>
  <token t_id="138" sentence="2" number="14">场</token>
  <token t_id="139" sentence="2" number="15">处</token>
  <token t_id="140" sentence="2" number="16">置</token>
  <token t_id="141" sentence="2" number="17">，</token>
  <token t_id="142" sentence="2" number="18">将</token>
  <token t_id="143" sentence="2" number="19">伤</token>
  <token t_id="144" sentence="2" number="20">者</token>
  <token t_id="145" sentence="2" number="21">送</token>
  <token t_id="146" sentence="2" number="22">医</token>
  <token t_id="147" sentence="2" number="23">救</token>
  <token t_id="148" sentence="2" number="24">治</token>
  <token t_id="149" sentence="2" number="25">，</token>
  <token t_id="150" sentence="2" number="26">并</token>
  <token t_id="151" sentence="2" number="27">将</token>
  <token t_id="152" sentence="2" number="28">肇</token>
  <token t_id="153" sentence="2" number="29">事</token>
  <token t_id="154" sentence="2" number="30">司</token>
  <token t_id="155" sentence="2" number="31">机</token>
  <token t_id="156" sentence="2" number="32">邓</token>
  <token t_id="157" sentence="2" number="33">某</token>
  <token t_id="158" sentence="2" number="34">控</token>
  <token t_id="159" sentence="2" number="35">制</token>
  <token t_id="160" sentence="2" number="36">。</token>
  <token t_id="161" sentence="3" number="0">目</token>
  <token t_id="162" sentence="3" number="1">前</token>
  <token t_id="163" sentence="3" number="2">，</token>
  <token t_id="164" sentence="3" number="3">伤</token>
  <token t_id="165" sentence="3" number="4">者</token>
  <token t_id="166" sentence="3" number="5">正</token>
  <token t_id="167" sentence="3" number="6">在</token>
  <token t_id="168" sentence="3" number="7">医</token>
  <token t_id="169" sentence="3" number="8">院</token>
  <token t_id="170" sentence="3" number="9">接</token>
  <token t_id="171" sentence="3" number="10">受</token>
  <token t_id="172" sentence="3" number="11">治</token>
  <token t_id="173" sentence="3" number="12">疗</token>
  <token t_id="174" sentence="3" number="13">，</token>
  <token t_id="175" sentence="3" number="14">无</token>
  <token t_id="176" sentence="3" number="15">生</token>
  <token t_id="177" sentence="3" number="16">命</token>
  <token t_id="178" sentence="3" number="17">危</token>
  <token t_id="179" sentence="3" number="18">险</token>
  <token t_id="180" sentence="3" number="19">，</token>
  <token t_id="181" sentence="3" number="20">事</token>
  <token t_id="182" sentence="3" number="21">故</token>
  <token t_id="183" sentence="3" number="22">正</token>
  <token t_id="184" sentence="3" number="23">在</token>
  <token t_id="185" sentence="3" number="24">进</token>
  <token t_id="186" sentence="3" number="25">一</token>
  <token t_id="187" sentence="3" number="26">步</token>
  <token t_id="188" sentence="3" number="27">调</token>
  <token t_id="189" sentence="3" number="28">查</token>
  <token t_id="190" sentence="3" number="29">处</token>
  <token t_id="191" sentence="3" number="30">理</token>
  <token t_id="192" sentence="3" number="31">中</token>
  <Markables>
    <ACTION m_id="31014" comment="">
      <token_anchor t_id="31" />
      <token_anchor t_id="32" />
    </ACTION>
    <ACTION m_id="31015" comment="">
      <token_anchor t_id="45" />
      <token_anchor t_id="46" />
    </ACTION>
    <ACTION m_id="31016" comment="">
      <token_anchor t_id="58" />
      <token_anchor t_id="59" />
    </ACTION>
    <ACTION m_id="31017" comment="">
      <token_anchor t_id="63" />
      <token_anchor t_id="64" />
    </ACTION>
    <ACTION_CAUSATIVE m_id="31018" comment="">
      <token_anchor t_id="54" />
      <token_anchor t_id="55" />
    </ACTION_CAUSATIVE>
    <ACTION m_id="31019" comment="">
      <token_anchor t_id="67" />
      <token_anchor t_id="68" />
    </ACTION>
    <ACTION m_id="31020" comment="">
      <token_anchor t_id="74" />
      <token_anchor t_id="75" />
    </ACTION>
    <ACTION m_id="31021" comment="">
      <token_anchor t_id="96" />
      <token_anchor t_id="97" />
    </ACTION>
    <ACTION m_id="31022" comment="">
      <token_anchor t_id="100" />
      <token_anchor t_id="101" />
    </ACTION>
    <ACTION m_id="31023" comment="">
      <token_anchor t_id="113" />
      <token_anchor t_id="114" />
    </ACTION>
    <ACTION m_id="31024" comment="">
      <token_anchor t_id="117" />
      <token_anchor t_id="118" />
    </ACTION>
    <ACTION_CAUSATIVE m_id="31025" comment="">
      <token_anchor t_id="112" />
    </ACTION_CAUSATIVE>
    <ACTION m_id="31026" comment="">
      <token_anchor t_id="124" />
      <token_anchor t_id="125" />
    </ACTION>
    <ACTION m_id="31027" comment="">
      <token_anchor t_id="135" />
      <token_anchor t_id="136" />
    </ACTION>
    <ACTION m_id="31029" comment="">
      <token_anchor t_id="145" />
      <token_anchor t_id="146" />
    </ACTION>
    <ACTION m_id="31030" comment="">
      <token_anchor t_id="147" />
      <token_anchor t_id="148" />
    </ACTION>
    <ACTION m_id="31032" comment="">
      <token_anchor t_id="158" />
      <token_anchor t_id="159" />
    </ACTION>
    <ACTION m_id="31034" comment="">
      <token_anchor t_id="172" />
      <token_anchor t_id="173" />
    </ACTION>
    <ACTION m_id="31036" comment="">
      <token_anchor t_id="188" />
      <token_anchor t_id="189" />
    </ACTION>
  </Markables>
  <Relations>
    <PLOT_LINK r_id="2756" SIGNAL="" relType="causation" CAUSES="FALSE" CAUSED_BY="FALSE">
      <source m_id="31015" />
      <target m_id="31016" />
    </PLOT_LINK>
    <PLOT_LINK r_id="2757" SIGNAL="" relType="causation" CAUSES="FALSE" CAUSED_BY="FALSE">
      <source m_id="31015" />
      <target m_id="31017" />
    </PLOT_LINK>
    <PLOT_LINK r_id="2758" SIGNAL="" relType="causation" CAUSES="FALSE" CAUSED_BY="FALSE">
      <source m_id="31023" />
      <target m_id="31024" />
    </PLOT_LINK>
    <PLOT_LINK r_id="2759" SIGNAL="" relType="causation" CAUSES="FALSE" CAUSED_BY="FALSE">
      <source m_id="31026" />
      <target m_id="31027" />
    </PLOT_LINK>
  </Relations>
</Document>