<?xml version="1.0" encoding="UTF-8"?>
<Document doc_name="2986_ecbplus.xml.xml">
  <token t_id="1" sentence="0" number="0">2</token>
  <token t_id="2" sentence="0" number="1">8</token>
  <token t_id="3" sentence="0" number="2">日</token>
  <token t_id="4" sentence="0" number="3">下</token>
  <token t_id="5" sentence="0" number="4">午</token>
  <token t_id="6" sentence="0" number="5">1</token>
  <token t_id="7" sentence="0" number="6">2</token>
  <token t_id="8" sentence="0" number="7">时</token>
  <token t_id="9" sentence="0" number="8">5</token>
  <token t_id="10" sentence="0" number="9">0</token>
  <token t_id="11" sentence="0" number="10">分</token>
  <token t_id="12" sentence="0" number="11">许</token>
  <token t_id="13" sentence="0" number="12">，</token>
  <token t_id="14" sentence="0" number="13">江</token>
  <token t_id="15" sentence="0" number="14">苏</token>
  <token t_id="16" sentence="0" number="15">高</token>
  <token t_id="17" sentence="0" number="16">邮</token>
  <token t_id="18" sentence="0" number="17">淮</token>
  <token t_id="19" sentence="0" number="18">江</token>
  <token t_id="20" sentence="0" number="19">公</token>
  <token t_id="21" sentence="0" number="20">路</token>
  <token t_id="22" sentence="0" number="21">发</token>
  <token t_id="23" sentence="0" number="22">生</token>
  <token t_id="24" sentence="0" number="23">一</token>
  <token t_id="25" sentence="0" number="24">起</token>
  <token t_id="26" sentence="0" number="25">三</token>
  <token t_id="27" sentence="0" number="26">车</token>
  <token t_id="28" sentence="0" number="27">相</token>
  <token t_id="29" sentence="0" number="28">撞</token>
  <token t_id="30" sentence="0" number="29">重</token>
  <token t_id="31" sentence="0" number="30">大</token>
  <token t_id="32" sentence="0" number="31">交</token>
  <token t_id="33" sentence="0" number="32">通</token>
  <token t_id="34" sentence="0" number="33">事</token>
  <token t_id="35" sentence="0" number="34">故</token>
  <token t_id="36" sentence="0" number="35">，</token>
  <token t_id="37" sentence="0" number="36">一</token>
  <token t_id="38" sentence="0" number="37">辆</token>
  <token t_id="39" sentence="0" number="38">大</token>
  <token t_id="40" sentence="0" number="39">货</token>
  <token t_id="41" sentence="0" number="40">车</token>
  <token t_id="42" sentence="0" number="41">由</token>
  <token t_id="43" sentence="0" number="42">南</token>
  <token t_id="44" sentence="0" number="43">向</token>
  <token t_id="45" sentence="0" number="44">北</token>
  <token t_id="46" sentence="0" number="45">行</token>
  <token t_id="47" sentence="0" number="46">驶</token>
  <token t_id="48" sentence="0" number="47">至</token>
  <token t_id="49" sentence="0" number="48">高</token>
  <token t_id="50" sentence="0" number="49">邮</token>
  <token t_id="51" sentence="0" number="50">市</token>
  <token t_id="52" sentence="0" number="51">淮</token>
  <token t_id="53" sentence="0" number="52">江</token>
  <token t_id="54" sentence="0" number="53">公</token>
  <token t_id="55" sentence="0" number="54">路</token>
  <token t_id="56" sentence="0" number="55">界</token>
  <token t_id="57" sentence="0" number="56">首</token>
  <token t_id="58" sentence="0" number="57">六</token>
  <token t_id="59" sentence="0" number="58">安</token>
  <token t_id="60" sentence="0" number="59">段</token>
  <token t_id="61" sentence="0" number="60">（</token>
  <token t_id="62" sentence="0" number="61">公</token>
  <token t_id="63" sentence="0" number="62">里</token>
  <token t_id="64" sentence="0" number="63">数</token>
  <token t_id="65" sentence="0" number="64">8</token>
  <token t_id="66" sentence="0" number="65">9</token>
  <token t_id="67" sentence="0" number="66">.</token>
  <token t_id="68" sentence="0" number="67">8</token>
  <token t_id="69" sentence="0" number="68">K</token>
  <token t_id="70" sentence="0" number="69">M</token>
  <token t_id="71" sentence="0" number="70">+</token>
  <token t_id="72" sentence="0" number="71">8</token>
  <token t_id="73" sentence="0" number="72">0</token>
  <token t_id="74" sentence="0" number="73">0</token>
  <token t_id="75" sentence="0" number="74">米</token>
  <token t_id="76" sentence="0" number="75">处</token>
  <token t_id="77" sentence="0" number="76">）</token>
  <token t_id="78" sentence="0" number="77">时</token>
  <token t_id="79" sentence="0" number="78">，</token>
  <token t_id="80" sentence="0" number="79">与</token>
  <token t_id="81" sentence="0" number="80">一</token>
  <token t_id="82" sentence="0" number="81">辆</token>
  <token t_id="83" sentence="0" number="82">由</token>
  <token t_id="84" sentence="0" number="83">北</token>
  <token t_id="85" sentence="0" number="84">向</token>
  <token t_id="86" sentence="0" number="85">南</token>
  <token t_id="87" sentence="0" number="86">行</token>
  <token t_id="88" sentence="0" number="87">驶</token>
  <token t_id="89" sentence="0" number="88">的</token>
  <token t_id="90" sentence="0" number="89">小</token>
  <token t_id="91" sentence="0" number="90">轿</token>
  <token t_id="92" sentence="0" number="91">车</token>
  <token t_id="93" sentence="0" number="92">相</token>
  <token t_id="94" sentence="0" number="93">撞</token>
  <token t_id="95" sentence="0" number="94">，</token>
  <token t_id="96" sentence="0" number="95">后</token>
  <token t_id="97" sentence="0" number="96">该</token>
  <token t_id="98" sentence="0" number="97">大</token>
  <token t_id="99" sentence="0" number="98">货</token>
  <token t_id="100" sentence="0" number="99">车</token>
  <token t_id="101" sentence="0" number="100">又</token>
  <token t_id="102" sentence="0" number="101">与</token>
  <token t_id="103" sentence="0" number="102">一</token>
  <token t_id="104" sentence="0" number="103">辆</token>
  <token t_id="105" sentence="0" number="104">由</token>
  <token t_id="106" sentence="0" number="105">南</token>
  <token t_id="107" sentence="0" number="106">向</token>
  <token t_id="108" sentence="0" number="107">北</token>
  <token t_id="109" sentence="0" number="108">行</token>
  <token t_id="110" sentence="0" number="109">驶</token>
  <token t_id="111" sentence="0" number="110">的</token>
  <token t_id="112" sentence="0" number="111">大</token>
  <token t_id="113" sentence="0" number="112">型</token>
  <token t_id="114" sentence="0" number="113">槽</token>
  <token t_id="115" sentence="0" number="114">罐</token>
  <token t_id="116" sentence="0" number="115">车</token>
  <token t_id="117" sentence="0" number="116">（</token>
  <token t_id="118" sentence="0" number="117">运</token>
  <token t_id="119" sentence="0" number="118">输</token>
  <token t_id="120" sentence="0" number="119">水</token>
  <token t_id="121" sentence="0" number="120">泥</token>
  <token t_id="122" sentence="0" number="121">）</token>
  <token t_id="123" sentence="0" number="122">相</token>
  <token t_id="124" sentence="0" number="123">撞</token>
  <token t_id="125" sentence="0" number="124">，</token>
  <token t_id="126" sentence="0" number="125">致</token>
  <token t_id="127" sentence="0" number="126">小</token>
  <token t_id="128" sentence="0" number="127">轿</token>
  <token t_id="129" sentence="0" number="128">车</token>
  <token t_id="130" sentence="0" number="129">中</token>
  <token t_id="131" sentence="0" number="130">驾</token>
  <token t_id="132" sentence="0" number="131">驶</token>
  <token t_id="133" sentence="0" number="132">员</token>
  <token t_id="134" sentence="0" number="133">单</token>
  <token t_id="135" sentence="0" number="134">某</token>
  <token t_id="136" sentence="0" number="135">（</token>
  <token t_id="137" sentence="0" number="136">男</token>
  <token t_id="138" sentence="0" number="137">，</token>
  <token t_id="139" sentence="0" number="138">4</token>
  <token t_id="140" sentence="0" number="139">4</token>
  <token t_id="141" sentence="0" number="140">岁</token>
  <token t_id="142" sentence="0" number="141">，</token>
  <token t_id="143" sentence="0" number="142">江</token>
  <token t_id="144" sentence="0" number="143">苏</token>
  <token t_id="145" sentence="0" number="144">宿</token>
  <token t_id="146" sentence="0" number="145">迁</token>
  <token t_id="147" sentence="0" number="146">人</token>
  <token t_id="148" sentence="0" number="147">）</token>
  <token t_id="149" sentence="0" number="148">及</token>
  <token t_id="150" sentence="0" number="149">妻</token>
  <token t_id="151" sentence="0" number="150">子</token>
  <token t_id="152" sentence="0" number="151">周</token>
  <token t_id="153" sentence="0" number="152">某</token>
  <token t_id="154" sentence="0" number="153">（</token>
  <token t_id="155" sentence="0" number="154">4</token>
  <token t_id="156" sentence="0" number="155">1</token>
  <token t_id="157" sentence="0" number="156">岁</token>
  <token t_id="158" sentence="0" number="157">）</token>
  <token t_id="159" sentence="0" number="158">死</token>
  <token t_id="160" sentence="0" number="159">亡</token>
  <token t_id="161" sentence="0" number="160">，</token>
  <token t_id="162" sentence="0" number="161">单</token>
  <token t_id="163" sentence="0" number="162">某</token>
  <token t_id="164" sentence="0" number="163">的</token>
  <token t_id="165" sentence="0" number="164">儿</token>
  <token t_id="166" sentence="0" number="165">子</token>
  <token t_id="167" sentence="0" number="166">（</token>
  <token t_id="168" sentence="0" number="167">1</token>
  <token t_id="169" sentence="0" number="168">9</token>
  <token t_id="170" sentence="0" number="169">岁</token>
  <token t_id="171" sentence="0" number="170">）</token>
  <token t_id="172" sentence="0" number="171">受</token>
  <token t_id="173" sentence="0" number="172">伤</token>
  <token t_id="174" sentence="0" number="173">。</token>
  <token t_id="175" sentence="1" number="0">事</token>
  <token t_id="176" sentence="1" number="1">故</token>
  <token t_id="177" sentence="1" number="2">发</token>
  <token t_id="178" sentence="1" number="3">生</token>
  <token t_id="179" sentence="1" number="4">后</token>
  <token t_id="180" sentence="1" number="5">，</token>
  <token t_id="181" sentence="1" number="6">当</token>
  <token t_id="182" sentence="1" number="7">地</token>
  <token t_id="183" sentence="1" number="8">警</token>
  <token t_id="184" sentence="1" number="9">方</token>
  <token t_id="185" sentence="1" number="10">迅</token>
  <token t_id="186" sentence="1" number="11">速</token>
  <token t_id="187" sentence="1" number="12">启</token>
  <token t_id="188" sentence="1" number="13">动</token>
  <token t_id="189" sentence="1" number="14">重</token>
  <token t_id="190" sentence="1" number="15">大</token>
  <token t_id="191" sentence="1" number="16">事</token>
  <token t_id="192" sentence="1" number="17">故</token>
  <token t_id="193" sentence="1" number="18">应</token>
  <token t_id="194" sentence="1" number="19">急</token>
  <token t_id="195" sentence="1" number="20">处</token>
  <token t_id="196" sentence="1" number="21">置</token>
  <token t_id="197" sentence="1" number="22">预</token>
  <token t_id="198" sentence="1" number="23">案</token>
  <token t_id="199" sentence="1" number="24">，</token>
  <token t_id="200" sentence="1" number="25">立</token>
  <token t_id="201" sentence="1" number="26">即</token>
  <token t_id="202" sentence="1" number="27">派</token>
  <token t_id="203" sentence="1" number="28">员</token>
  <token t_id="204" sentence="1" number="29">会</token>
  <token t_id="205" sentence="1" number="30">同</token>
  <token t_id="206" sentence="1" number="31">卫</token>
  <token t_id="207" sentence="1" number="32">生</token>
  <token t_id="208" sentence="1" number="33">、</token>
  <token t_id="209" sentence="1" number="34">消</token>
  <token t_id="210" sentence="1" number="35">防</token>
  <token t_id="211" sentence="1" number="36">等</token>
  <token t_id="212" sentence="1" number="37">部</token>
  <token t_id="213" sentence="1" number="38">门</token>
  <token t_id="214" sentence="1" number="39">赶</token>
  <token t_id="215" sentence="1" number="40">赴</token>
  <token t_id="216" sentence="1" number="41">现</token>
  <token t_id="217" sentence="1" number="42">场</token>
  <token t_id="218" sentence="1" number="43">处</token>
  <token t_id="219" sentence="1" number="44">置</token>
  <token t_id="220" sentence="1" number="45">，</token>
  <token t_id="221" sentence="1" number="46">目</token>
  <token t_id="222" sentence="1" number="47">前</token>
  <token t_id="223" sentence="1" number="48">，</token>
  <token t_id="224" sentence="1" number="49">伤</token>
  <token t_id="225" sentence="1" number="50">员</token>
  <token t_id="226" sentence="1" number="51">抢</token>
  <token t_id="227" sentence="1" number="52">救</token>
  <token t_id="228" sentence="1" number="53">、</token>
  <token t_id="229" sentence="1" number="54">事</token>
  <token t_id="230" sentence="1" number="55">故</token>
  <token t_id="231" sentence="1" number="56">调</token>
  <token t_id="232" sentence="1" number="57">查</token>
  <token t_id="233" sentence="1" number="58">等</token>
  <token t_id="234" sentence="1" number="59">工</token>
  <token t_id="235" sentence="1" number="60">作</token>
  <token t_id="236" sentence="1" number="61">正</token>
  <token t_id="237" sentence="1" number="62">在</token>
  <token t_id="238" sentence="1" number="63">进</token>
  <token t_id="239" sentence="1" number="64">行</token>
  <token t_id="240" sentence="1" number="65">中</token>
  <Markables>
    <ACTION m_id="31117" comment="">
      <token_anchor t_id="28" />
      <token_anchor t_id="29" />
    </ACTION>
    <ACTION m_id="31118" comment="">
      <token_anchor t_id="46" />
      <token_anchor t_id="47" />
    </ACTION>
    <ACTION m_id="31120" comment="">
      <token_anchor t_id="93" />
      <token_anchor t_id="94" />
    </ACTION>
    <ACTION m_id="31122" comment="">
      <token_anchor t_id="123" />
      <token_anchor t_id="124" />
    </ACTION>
    <ACTION_CAUSATIVE m_id="31123" comment="">
      <token_anchor t_id="126" />
    </ACTION_CAUSATIVE>
    <ACTION m_id="31124" comment="">
      <token_anchor t_id="159" />
      <token_anchor t_id="160" />
    </ACTION>
    <ACTION m_id="31125" comment="">
      <token_anchor t_id="172" />
      <token_anchor t_id="173" />
    </ACTION>
    <ACTION m_id="31126" comment="">
      <token_anchor t_id="177" />
      <token_anchor t_id="178" />
    </ACTION>
    <ACTION m_id="31127" comment="">
      <token_anchor t_id="187" />
      <token_anchor t_id="188" />
    </ACTION>
    <ACTION m_id="31129" comment="">
      <token_anchor t_id="202" />
      <token_anchor t_id="203" />
    </ACTION>
    <ACTION m_id="31130" comment="">
      <token_anchor t_id="214" />
      <token_anchor t_id="215" />
    </ACTION>
    <ACTION m_id="31132" comment="">
      <token_anchor t_id="226" />
      <token_anchor t_id="227" />
    </ACTION>
    <ACTION m_id="31134" comment="">
      <token_anchor t_id="231" />
      <token_anchor t_id="232" />
    </ACTION>
  </Markables>
  <Relations>
    <PLOT_LINK r_id="2777" SIGNAL="" relType="causation" CAUSES="FALSE" CAUSED_BY="FALSE">
      <source m_id="31120" />
      <target m_id="31124" />
    </PLOT_LINK>
    <PLOT_LINK r_id="2778" SIGNAL="" relType="causation" CAUSES="FALSE" CAUSED_BY="FALSE">
      <source m_id="31120" />
      <target m_id="31125" />
    </PLOT_LINK>
    <PLOT_LINK r_id="2779" SIGNAL="" relType="causation" CAUSES="FALSE" CAUSED_BY="FALSE">
      <source m_id="31126" />
      <target m_id="31127" />
    </PLOT_LINK>
    <PLOT_LINK r_id="2780" SIGNAL="" relType="causation" CAUSES="FALSE" CAUSED_BY="FALSE">
      <source m_id="31126" />
      <target m_id="31130" />
    </PLOT_LINK>
  </Relations>
</Document>