<?xml version="1.0" encoding="UTF-8"?>
<Document doc_name="2992_ecbplus.xml.xml">
  <token t_id="1" sentence="0" number="0">新</token>
  <token t_id="2" sentence="0" number="1">华</token>
  <token t_id="3" sentence="0" number="2">社</token>
  <token t_id="4" sentence="0" number="3">伊</token>
  <token t_id="5" sentence="0" number="4">斯</token>
  <token t_id="6" sentence="0" number="5">坦</token>
  <token t_id="7" sentence="0" number="6">布</token>
  <token t_id="8" sentence="0" number="7">尔</token>
  <token t_id="9" sentence="0" number="8">8</token>
  <token t_id="10" sentence="0" number="9">月</token>
  <token t_id="11" sentence="0" number="10">6</token>
  <token t_id="12" sentence="0" number="11">日</token>
  <token t_id="13" sentence="0" number="12">电</token>
  <token t_id="14" sentence="0" number="13">(</token>
  <token t_id="15" sentence="0" number="14">记</token>
  <token t_id="16" sentence="0" number="15">者</token>
  <token t_id="17" sentence="0" number="16">王</token>
  <token t_id="18" sentence="0" number="17">峰</token>
  <token t_id="19" sentence="0" number="18">)</token>
  <token t_id="20" sentence="0" number="19">据</token>
  <token t_id="21" sentence="0" number="20">土</token>
  <token t_id="22" sentence="0" number="21">耳</token>
  <token t_id="23" sentence="0" number="22">其</token>
  <token t_id="24" sentence="0" number="23">国</token>
  <token t_id="25" sentence="0" number="24">家</token>
  <token t_id="26" sentence="0" number="25">电</token>
  <token t_id="27" sentence="0" number="26">视</token>
  <token t_id="28" sentence="0" number="27">台</token>
  <token t_id="29" sentence="0" number="28">报</token>
  <token t_id="30" sentence="0" number="29">道</token>
  <token t_id="31" sentence="0" number="30">，</token>
  <token t_id="32" sentence="0" number="31">土</token>
  <token t_id="33" sentence="0" number="32">耳</token>
  <token t_id="34" sentence="0" number="33">其</token>
  <token t_id="35" sentence="0" number="34">西</token>
  <token t_id="36" sentence="0" number="35">部</token>
  <token t_id="37" sentence="0" number="36">省</token>
  <token t_id="38" sentence="0" number="37">份</token>
  <token t_id="39" sentence="0" number="38">马</token>
  <token t_id="40" sentence="0" number="39">尼</token>
  <token t_id="41" sentence="0" number="40">萨</token>
  <token t_id="42" sentence="0" number="41">6</token>
  <token t_id="43" sentence="0" number="42">日</token>
  <token t_id="44" sentence="0" number="43">晨</token>
  <token t_id="45" sentence="0" number="44">发</token>
  <token t_id="46" sentence="0" number="45">生</token>
  <token t_id="47" sentence="0" number="46">一</token>
  <token t_id="48" sentence="0" number="47">起</token>
  <token t_id="49" sentence="0" number="48">严</token>
  <token t_id="50" sentence="0" number="49">重</token>
  <token t_id="51" sentence="0" number="50">交</token>
  <token t_id="52" sentence="0" number="51">通</token>
  <token t_id="53" sentence="0" number="52">事</token>
  <token t_id="54" sentence="0" number="53">故</token>
  <token t_id="55" sentence="0" number="54">，</token>
  <token t_id="56" sentence="0" number="55">已</token>
  <token t_id="57" sentence="0" number="56">造</token>
  <token t_id="58" sentence="0" number="57">成</token>
  <token t_id="59" sentence="0" number="58">9</token>
  <token t_id="60" sentence="0" number="59">人</token>
  <token t_id="61" sentence="0" number="60">死</token>
  <token t_id="62" sentence="0" number="61">亡</token>
  <token t_id="63" sentence="0" number="62">、</token>
  <token t_id="64" sentence="0" number="63">3</token>
  <token t_id="65" sentence="0" number="64">0</token>
  <token t_id="66" sentence="0" number="65">人</token>
  <token t_id="67" sentence="0" number="66">受</token>
  <token t_id="68" sentence="0" number="67">伤</token>
  <token t_id="69" sentence="0" number="68">。</token>
  <token t_id="70" sentence="1" number="0">报</token>
  <token t_id="71" sentence="1" number="1">道</token>
  <token t_id="72" sentence="1" number="2">说</token>
  <token t_id="73" sentence="1" number="3">，</token>
  <token t_id="74" sentence="1" number="4">这</token>
  <token t_id="75" sentence="1" number="5">起</token>
  <token t_id="76" sentence="1" number="6">交</token>
  <token t_id="77" sentence="1" number="7">通</token>
  <token t_id="78" sentence="1" number="8">事</token>
  <token t_id="79" sentence="1" number="9">故</token>
  <token t_id="80" sentence="1" number="10">发</token>
  <token t_id="81" sentence="1" number="11">生</token>
  <token t_id="82" sentence="1" number="12">在</token>
  <token t_id="83" sentence="1" number="13">伊</token>
  <token t_id="84" sentence="1" number="14">斯</token>
  <token t_id="85" sentence="1" number="15">坦</token>
  <token t_id="86" sentence="1" number="16">布</token>
  <token t_id="87" sentence="1" number="17">尔</token>
  <token t_id="88" sentence="1" number="18">和</token>
  <token t_id="89" sentence="1" number="19">伊</token>
  <token t_id="90" sentence="1" number="20">兹</token>
  <token t_id="91" sentence="1" number="21">密</token>
  <token t_id="92" sentence="1" number="22">尔</token>
  <token t_id="93" sentence="1" number="23">之</token>
  <token t_id="94" sentence="1" number="24">间</token>
  <token t_id="95" sentence="1" number="25">的</token>
  <token t_id="96" sentence="1" number="26">省</token>
  <token t_id="97" sentence="1" number="27">级</token>
  <token t_id="98" sentence="1" number="28">高</token>
  <token t_id="99" sentence="1" number="29">速</token>
  <token t_id="100" sentence="1" number="30">公</token>
  <token t_id="101" sentence="1" number="31">路</token>
  <token t_id="102" sentence="1" number="32">上</token>
  <token t_id="103" sentence="1" number="33">。</token>
  <token t_id="104" sentence="2" number="0">一</token>
  <token t_id="105" sentence="2" number="1">辆</token>
  <token t_id="106" sentence="2" number="2">载</token>
  <token t_id="107" sentence="2" number="3">有</token>
  <token t_id="108" sentence="2" number="4">5</token>
  <token t_id="109" sentence="2" number="5">0</token>
  <token t_id="110" sentence="2" number="6">人</token>
  <token t_id="111" sentence="2" number="7">的</token>
  <token t_id="112" sentence="2" number="8">大</token>
  <token t_id="113" sentence="2" number="9">巴</token>
  <token t_id="114" sentence="2" number="10">车</token>
  <token t_id="115" sentence="2" number="11">从</token>
  <token t_id="116" sentence="2" number="12">后</token>
  <token t_id="117" sentence="2" number="13">方</token>
  <token t_id="118" sentence="2" number="14">撞</token>
  <token t_id="119" sentence="2" number="15">上</token>
  <token t_id="120" sentence="2" number="16">了</token>
  <token t_id="121" sentence="2" number="17">停</token>
  <token t_id="122" sentence="2" number="18">在</token>
  <token t_id="123" sentence="2" number="19">高</token>
  <token t_id="124" sentence="2" number="20">速</token>
  <token t_id="125" sentence="2" number="21">路</token>
  <token t_id="126" sentence="2" number="22">最</token>
  <token t_id="127" sentence="2" number="23">右</token>
  <token t_id="128" sentence="2" number="24">侧</token>
  <token t_id="129" sentence="2" number="25">车</token>
  <token t_id="130" sentence="2" number="26">道</token>
  <token t_id="131" sentence="2" number="27">上</token>
  <token t_id="132" sentence="2" number="28">的</token>
  <token t_id="133" sentence="2" number="29">一</token>
  <token t_id="134" sentence="2" number="30">辆</token>
  <token t_id="135" sentence="2" number="31">卡</token>
  <token t_id="136" sentence="2" number="32">车</token>
  <token t_id="137" sentence="2" number="33">，</token>
  <token t_id="138" sentence="2" number="34">造</token>
  <token t_id="139" sentence="2" number="35">成</token>
  <token t_id="140" sentence="2" number="36">上</token>
  <token t_id="141" sentence="2" number="37">述</token>
  <token t_id="142" sentence="2" number="38">人</token>
  <token t_id="143" sentence="2" number="39">员</token>
  <token t_id="144" sentence="2" number="40">伤</token>
  <token t_id="145" sentence="2" number="41">亡</token>
  <token t_id="146" sentence="2" number="42">。</token>
  <token t_id="147" sentence="3" number="0">伤</token>
  <token t_id="148" sentence="3" number="1">者</token>
  <token t_id="149" sentence="3" number="2">已</token>
  <token t_id="150" sentence="3" number="3">被</token>
  <token t_id="151" sentence="3" number="4">送</token>
  <token t_id="152" sentence="3" number="5">往</token>
  <token t_id="153" sentence="3" number="6">附</token>
  <token t_id="154" sentence="3" number="7">近</token>
  <token t_id="155" sentence="3" number="8">医</token>
  <token t_id="156" sentence="3" number="9">院</token>
  <token t_id="157" sentence="3" number="10">接</token>
  <token t_id="158" sentence="3" number="11">受</token>
  <token t_id="159" sentence="3" number="12">治</token>
  <token t_id="160" sentence="3" number="13">疗</token>
  <token t_id="161" sentence="3" number="14">。</token>
  <token t_id="162" sentence="4" number="0">土</token>
  <token t_id="163" sentence="4" number="1">耳</token>
  <token t_id="164" sentence="4" number="2">其</token>
  <token t_id="165" sentence="4" number="3">有</token>
  <token t_id="166" sentence="4" number="4">关</token>
  <token t_id="167" sentence="4" number="5">部</token>
  <token t_id="168" sentence="4" number="6">门</token>
  <token t_id="169" sentence="4" number="7">已</token>
  <token t_id="170" sentence="4" number="8">开</token>
  <token t_id="171" sentence="4" number="9">始</token>
  <token t_id="172" sentence="4" number="10">调</token>
  <token t_id="173" sentence="4" number="11">查</token>
  <token t_id="174" sentence="4" number="12">这</token>
  <token t_id="175" sentence="4" number="13">起</token>
  <token t_id="176" sentence="4" number="14">交</token>
  <token t_id="177" sentence="4" number="15">通</token>
  <token t_id="178" sentence="4" number="16">事</token>
  <token t_id="179" sentence="4" number="17">故</token>
  <Markables>
    <ACTION m_id="31274" comment="">
      <token_anchor t_id="29" />
      <token_anchor t_id="30" />
    </ACTION>
    <ACTION m_id="31275" comment="">
      <token_anchor t_id="45" />
      <token_anchor t_id="46" />
    </ACTION>
    <ACTION m_id="31276" comment="">
      <token_anchor t_id="61" />
      <token_anchor t_id="62" />
    </ACTION>
    <ACTION m_id="31277" comment="">
      <token_anchor t_id="67" />
      <token_anchor t_id="68" />
    </ACTION>
    <ACTION m_id="31278" comment="">
      <token_anchor t_id="70" />
      <token_anchor t_id="71" />
      <token_anchor t_id="72" />
    </ACTION>
    <ACTION m_id="31279" comment="">
      <token_anchor t_id="80" />
      <token_anchor t_id="81" />
    </ACTION>
    <ACTION m_id="31280" comment="">
      <token_anchor t_id="118" />
      <token_anchor t_id="119" />
    </ACTION>
    <ACTION_CAUSATIVE m_id="31282" comment="">
      <token_anchor t_id="138" />
      <token_anchor t_id="139" />
    </ACTION_CAUSATIVE>
    <ACTION m_id="31283" comment="">
      <token_anchor t_id="144" />
      <token_anchor t_id="145" />
    </ACTION>
    <ACTION m_id="31284" comment="">
      <token_anchor t_id="151" />
      <token_anchor t_id="152" />
    </ACTION>
    <ACTION m_id="31285" comment="">
      <token_anchor t_id="157" />
      <token_anchor t_id="158" />
    </ACTION>
    <ACTION m_id="31286" comment="">
      <token_anchor t_id="159" />
      <token_anchor t_id="160" />
    </ACTION>
    <ACTION m_id="31288" comment="">
      <token_anchor t_id="172" />
      <token_anchor t_id="173" />
    </ACTION>
    <ACTION_CAUSATIVE m_id="52356" comment="">
      <token_anchor t_id="57" />
      <token_anchor t_id="58" />
    </ACTION_CAUSATIVE>
  </Markables>
  <Relations>
    <PLOT_LINK r_id="2813" SIGNAL="" relType="causation" CAUSES="FALSE" CAUSED_BY="FALSE">
      <source m_id="31275" />
      <target m_id="31276" />
    </PLOT_LINK>
    <PLOT_LINK r_id="2814" SIGNAL="" relType="causation" CAUSES="FALSE" CAUSED_BY="FALSE">
      <source m_id="31275" />
      <target m_id="31277" />
    </PLOT_LINK>
    <PLOT_LINK r_id="2815" SIGNAL="" relType="causation" CAUSES="FALSE" CAUSED_BY="FALSE">
      <source m_id="31280" />
      <target m_id="31283" />
    </PLOT_LINK>
  </Relations>
</Document>