<?xml version="1.0" encoding="UTF-8"?>
<Document doc_name="3000_ecbplus.xml.xml">
  <token t_id="1" sentence="0" number="0">新</token>
  <token t_id="2" sentence="0" number="1">华</token>
  <token t_id="3" sentence="0" number="2">社</token>
  <token t_id="4" sentence="0" number="3">突</token>
  <token t_id="5" sentence="0" number="4">尼</token>
  <token t_id="6" sentence="0" number="5">斯</token>
  <token t_id="7" sentence="0" number="6">9</token>
  <token t_id="8" sentence="0" number="7">月</token>
  <token t_id="9" sentence="0" number="8">1</token>
  <token t_id="10" sentence="0" number="9">2</token>
  <token t_id="11" sentence="0" number="10">日</token>
  <token t_id="12" sentence="0" number="11">电</token>
  <token t_id="13" sentence="0" number="12">（</token>
  <token t_id="14" sentence="0" number="13">记</token>
  <token t_id="15" sentence="0" number="14">者</token>
  <token t_id="16" sentence="0" number="15">黄</token>
  <token t_id="17" sentence="0" number="16">灵</token>
  <token t_id="18" sentence="0" number="17">）</token>
  <token t_id="19" sentence="0" number="18">阿</token>
  <token t_id="20" sentence="0" number="19">尔</token>
  <token t_id="21" sentence="0" number="20">及</token>
  <token t_id="22" sentence="0" number="21">尔</token>
  <token t_id="23" sentence="0" number="22">消</token>
  <token t_id="24" sentence="0" number="23">息</token>
  <token t_id="25" sentence="0" number="24">：</token>
  <token t_id="26" sentence="0" number="25">阿</token>
  <token t_id="27" sentence="0" number="26">尔</token>
  <token t_id="28" sentence="0" number="27">及</token>
  <token t_id="29" sentence="0" number="28">利</token>
  <token t_id="30" sentence="0" number="29">亚</token>
  <token t_id="31" sentence="0" number="30">西</token>
  <token t_id="32" sentence="0" number="31">北</token>
  <token t_id="33" sentence="0" number="32">部</token>
  <token t_id="34" sentence="0" number="33">纳</token>
  <token t_id="35" sentence="0" number="34">马</token>
  <token t_id="36" sentence="0" number="35">省</token>
  <token t_id="37" sentence="0" number="36">1</token>
  <token t_id="38" sentence="0" number="37">2</token>
  <token t_id="39" sentence="0" number="38">日</token>
  <token t_id="40" sentence="0" number="39">发</token>
  <token t_id="41" sentence="0" number="40">生</token>
  <token t_id="42" sentence="0" number="41">一</token>
  <token t_id="43" sentence="0" number="42">起</token>
  <token t_id="44" sentence="0" number="43">重</token>
  <token t_id="45" sentence="0" number="44">大</token>
  <token t_id="46" sentence="0" number="45">交</token>
  <token t_id="47" sentence="0" number="46">通</token>
  <token t_id="48" sentence="0" number="47">事</token>
  <token t_id="49" sentence="0" number="48">故</token>
  <token t_id="50" sentence="0" number="49">，</token>
  <token t_id="51" sentence="0" number="50">目</token>
  <token t_id="52" sentence="0" number="51">前</token>
  <token t_id="53" sentence="0" number="52">已</token>
  <token t_id="54" sentence="0" number="53">造</token>
  <token t_id="55" sentence="0" number="54">成</token>
  <token t_id="56" sentence="0" number="55">1</token>
  <token t_id="57" sentence="0" number="56">2</token>
  <token t_id="58" sentence="0" number="57">人</token>
  <token t_id="59" sentence="0" number="58">死</token>
  <token t_id="60" sentence="0" number="59">亡</token>
  <token t_id="61" sentence="0" number="60">。</token>
  <token t_id="62" sentence="1" number="0">据</token>
  <token t_id="63" sentence="1" number="1">阿</token>
  <token t_id="64" sentence="1" number="2">尔</token>
  <token t_id="65" sentence="1" number="3">及</token>
  <token t_id="66" sentence="1" number="4">利</token>
  <token t_id="67" sentence="1" number="5">亚</token>
  <token t_id="68" sentence="1" number="6">官</token>
  <token t_id="69" sentence="1" number="7">方</token>
  <token t_id="70" sentence="1" number="8">通</token>
  <token t_id="71" sentence="1" number="9">讯</token>
  <token t_id="72" sentence="1" number="10">社</token>
  <token t_id="73" sentence="1" number="11">报</token>
  <token t_id="74" sentence="1" number="12">道</token>
  <token t_id="75" sentence="1" number="13">，</token>
  <token t_id="76" sentence="1" number="14">一</token>
  <token t_id="77" sentence="1" number="15">辆</token>
  <token t_id="78" sentence="1" number="16">客</token>
  <token t_id="79" sentence="1" number="17">运</token>
  <token t_id="80" sentence="1" number="18">汽</token>
  <token t_id="81" sentence="1" number="19">车</token>
  <token t_id="82" sentence="1" number="20">当</token>
  <token t_id="83" sentence="1" number="21">天</token>
  <token t_id="84" sentence="1" number="22">在</token>
  <token t_id="85" sentence="1" number="23">纳</token>
  <token t_id="86" sentence="1" number="24">马</token>
  <token t_id="87" sentence="1" number="25">省</token>
  <token t_id="88" sentence="1" number="26">与</token>
  <token t_id="89" sentence="1" number="27">一</token>
  <token t_id="90" sentence="1" number="28">辆</token>
  <token t_id="91" sentence="1" number="29">半</token>
  <token t_id="92" sentence="1" number="30">挂</token>
  <token t_id="93" sentence="1" number="31">货</token>
  <token t_id="94" sentence="1" number="32">车</token>
  <token t_id="95" sentence="1" number="33">相</token>
  <token t_id="96" sentence="1" number="34">撞</token>
  <token t_id="97" sentence="1" number="35">，</token>
  <token t_id="98" sentence="1" number="36">造</token>
  <token t_id="99" sentence="1" number="37">成</token>
  <token t_id="100" sentence="1" number="38">1</token>
  <token t_id="101" sentence="1" number="39">2</token>
  <token t_id="102" sentence="1" number="40">人</token>
  <token t_id="103" sentence="1" number="41">死</token>
  <token t_id="104" sentence="1" number="42">亡</token>
  <token t_id="105" sentence="1" number="43">、</token>
  <token t_id="106" sentence="1" number="44">7</token>
  <token t_id="107" sentence="1" number="45">人</token>
  <token t_id="108" sentence="1" number="46">受</token>
  <token t_id="109" sentence="1" number="47">伤</token>
  <token t_id="110" sentence="1" number="48">。</token>
  <token t_id="111" sentence="2" number="0">阿</token>
  <token t_id="112" sentence="2" number="1">尔</token>
  <token t_id="113" sentence="2" number="2">及</token>
  <token t_id="114" sentence="2" number="3">利</token>
  <token t_id="115" sentence="2" number="4">亚</token>
  <token t_id="116" sentence="2" number="5">总</token>
  <token t_id="117" sentence="2" number="6">统</token>
  <token t_id="118" sentence="2" number="7">特</token>
  <token t_id="119" sentence="2" number="8">本</token>
  <token t_id="120" sentence="2" number="9">已</token>
  <token t_id="121" sentence="2" number="10">向</token>
  <token t_id="122" sentence="2" number="11">遇</token>
  <token t_id="123" sentence="2" number="12">难</token>
  <token t_id="124" sentence="2" number="13">者</token>
  <token t_id="125" sentence="2" number="14">家</token>
  <token t_id="126" sentence="2" number="15">属</token>
  <token t_id="127" sentence="2" number="16">表</token>
  <token t_id="128" sentence="2" number="17">示</token>
  <token t_id="129" sentence="2" number="18">慰</token>
  <token t_id="130" sentence="2" number="19">问</token>
  <token t_id="131" sentence="2" number="20">，</token>
  <token t_id="132" sentence="2" number="21">并</token>
  <token t_id="133" sentence="2" number="22">指</token>
  <token t_id="134" sentence="2" number="23">示</token>
  <token t_id="135" sentence="2" number="24">全</token>
  <token t_id="136" sentence="2" number="25">力</token>
  <token t_id="137" sentence="2" number="26">抢</token>
  <token t_id="138" sentence="2" number="27">救</token>
  <token t_id="139" sentence="2" number="28">伤</token>
  <token t_id="140" sentence="2" number="29">员</token>
  <token t_id="141" sentence="2" number="30">。</token>
  <token t_id="142" sentence="3" number="0">阿</token>
  <token t_id="143" sentence="3" number="1">交</token>
  <token t_id="144" sentence="3" number="2">通</token>
  <token t_id="145" sentence="3" number="3">部</token>
  <token t_id="146" sentence="3" number="4">门</token>
  <token t_id="147" sentence="3" number="5">表</token>
  <token t_id="148" sentence="3" number="6">示</token>
  <token t_id="149" sentence="3" number="7">，</token>
  <token t_id="150" sentence="3" number="8">事</token>
  <token t_id="151" sentence="3" number="9">故</token>
  <token t_id="152" sentence="3" number="10">原</token>
  <token t_id="153" sentence="3" number="11">因</token>
  <token t_id="154" sentence="3" number="12">正</token>
  <token t_id="155" sentence="3" number="13">在</token>
  <token t_id="156" sentence="3" number="14">调</token>
  <token t_id="157" sentence="3" number="15">查</token>
  <token t_id="158" sentence="3" number="16">中</token>
  <Markables>
    <ACTION m_id="31492" comment="">
      <token_anchor t_id="40" />
      <token_anchor t_id="41" />
    </ACTION>
    <ACTION m_id="31493" comment="">
      <token_anchor t_id="59" />
      <token_anchor t_id="60" />
    </ACTION>
    <ACTION m_id="31494" comment="">
      <token_anchor t_id="73" />
      <token_anchor t_id="74" />
    </ACTION>
    <ACTION m_id="31495" comment="">
      <token_anchor t_id="95" />
      <token_anchor t_id="96" />
    </ACTION>
    <ACTION m_id="31496" comment="">
      <token_anchor t_id="103" />
      <token_anchor t_id="104" />
    </ACTION>
    <ACTION m_id="31497" comment="">
      <token_anchor t_id="108" />
      <token_anchor t_id="109" />
    </ACTION>
    <ACTION_CAUSATIVE m_id="31498" comment="">
      <token_anchor t_id="54" />
      <token_anchor t_id="55" />
    </ACTION_CAUSATIVE>
    <ACTION_CAUSATIVE m_id="31499" comment="">
      <token_anchor t_id="98" />
      <token_anchor t_id="99" />
    </ACTION_CAUSATIVE>
    <ACTION m_id="31501" comment="">
      <token_anchor t_id="129" />
      <token_anchor t_id="130" />
    </ACTION>
    <ACTION m_id="31502" comment="">
      <token_anchor t_id="133" />
      <token_anchor t_id="134" />
    </ACTION>
    <ACTION m_id="31504" comment="">
      <token_anchor t_id="147" />
      <token_anchor t_id="148" />
    </ACTION>
    <ACTION m_id="31506" comment="">
      <token_anchor t_id="156" />
      <token_anchor t_id="157" />
    </ACTION>
  </Markables>
  <Relations>
    <PLOT_LINK r_id="2863" SIGNAL="" relType="causation" CAUSES="FALSE" CAUSED_BY="FALSE">
      <source m_id="31492" />
      <target m_id="31493" />
    </PLOT_LINK>
    <PLOT_LINK r_id="2864" SIGNAL="" relType="causation" CAUSES="FALSE" CAUSED_BY="FALSE">
      <source m_id="31495" />
      <target m_id="31496" />
    </PLOT_LINK>
    <PLOT_LINK r_id="2865" SIGNAL="" relType="causation" CAUSES="FALSE" CAUSED_BY="FALSE">
      <source m_id="31495" />
      <target m_id="31497" />
    </PLOT_LINK>
  </Relations>
</Document>