<?xml version="1.0" encoding="UTF-8"?>
<Document doc_name="3006_ecbplus.xml.xml">
  <token t_id="1" sentence="0" number="0">2</token>
  <token t_id="2" sentence="0" number="1">9</token>
  <token t_id="3" sentence="0" number="2">日</token>
  <token t_id="4" sentence="0" number="3">，</token>
  <token t_id="5" sentence="0" number="4">昭</token>
  <token t_id="6" sentence="0" number="5">阳</token>
  <token t_id="7" sentence="0" number="6">区</token>
  <token t_id="8" sentence="0" number="7">发</token>
  <token t_id="9" sentence="0" number="8">生</token>
  <token t_id="10" sentence="0" number="9">一</token>
  <token t_id="11" sentence="0" number="10">起</token>
  <token t_id="12" sentence="0" number="11">道</token>
  <token t_id="13" sentence="0" number="12">路</token>
  <token t_id="14" sentence="0" number="13">交</token>
  <token t_id="15" sentence="0" number="14">通</token>
  <token t_id="16" sentence="0" number="15">事</token>
  <token t_id="17" sentence="0" number="16">故</token>
  <token t_id="18" sentence="0" number="17">，</token>
  <token t_id="19" sentence="0" number="18">造</token>
  <token t_id="20" sentence="0" number="19">成</token>
  <token t_id="21" sentence="0" number="20">3</token>
  <token t_id="22" sentence="0" number="21">人</token>
  <token t_id="23" sentence="0" number="22">遇</token>
  <token t_id="24" sentence="0" number="23">难</token>
  <token t_id="25" sentence="0" number="24">、</token>
  <token t_id="26" sentence="0" number="25">1</token>
  <token t_id="27" sentence="0" number="26">人</token>
  <token t_id="28" sentence="0" number="27">受</token>
  <token t_id="29" sentence="0" number="28">伤</token>
  <token t_id="30" sentence="0" number="29">。</token>
  <token t_id="31" sentence="1" number="0">昨</token>
  <token t_id="32" sentence="1" number="1">日</token>
  <token t_id="33" sentence="1" number="2">1</token>
  <token t_id="34" sentence="1" number="3">2</token>
  <token t_id="35" sentence="1" number="4">时</token>
  <token t_id="36" sentence="1" number="5">2</token>
  <token t_id="37" sentence="1" number="6">0</token>
  <token t_id="38" sentence="1" number="7">分</token>
  <token t_id="39" sentence="1" number="8">左</token>
  <token t_id="40" sentence="1" number="9">右</token>
  <token t_id="41" sentence="1" number="10">，</token>
  <token t_id="42" sentence="1" number="11">驾</token>
  <token t_id="43" sentence="1" number="12">驶</token>
  <token t_id="44" sentence="1" number="13">人</token>
  <token t_id="45" sentence="1" number="14">张</token>
  <token t_id="46" sentence="1" number="15">进</token>
  <token t_id="47" sentence="1" number="16">驾</token>
  <token t_id="48" sentence="1" number="17">驶</token>
  <token t_id="49" sentence="1" number="18">车</token>
  <token t_id="50" sentence="1" number="19">牌</token>
  <token t_id="51" sentence="1" number="20">号</token>
  <token t_id="52" sentence="1" number="21">为</token>
  <token t_id="53" sentence="1" number="22">云</token>
  <token t_id="54" sentence="1" number="23">A</token>
  <token t_id="55" sentence="1" number="24">5</token>
  <token t_id="56" sentence="1" number="25">7</token>
  <token t_id="57" sentence="1" number="26">0</token>
  <token t_id="58" sentence="1" number="27">3</token>
  <token t_id="59" sentence="1" number="28">M</token>
  <token t_id="60" sentence="1" number="29">的</token>
  <token t_id="61" sentence="1" number="30">夏</token>
  <token t_id="62" sentence="1" number="31">利</token>
  <token t_id="63" sentence="1" number="32">牌</token>
  <token t_id="64" sentence="1" number="33">小</token>
  <token t_id="65" sentence="1" number="34">型</token>
  <token t_id="66" sentence="1" number="35">汽</token>
  <token t_id="67" sentence="1" number="36">车</token>
  <token t_id="68" sentence="1" number="37">，</token>
  <token t_id="69" sentence="1" number="38">载</token>
  <token t_id="70" sentence="1" number="39">客</token>
  <token t_id="71" sentence="1" number="40">3</token>
  <token t_id="72" sentence="1" number="41">人</token>
  <token t_id="73" sentence="1" number="42">，</token>
  <token t_id="74" sentence="1" number="43">由</token>
  <token t_id="75" sentence="1" number="44">昆</token>
  <token t_id="76" sentence="1" number="45">明</token>
  <token t_id="77" sentence="1" number="46">市</token>
  <token t_id="78" sentence="1" number="47">往</token>
  <token t_id="79" sentence="1" number="48">昭</token>
  <token t_id="80" sentence="1" number="49">通</token>
  <token t_id="81" sentence="1" number="50">市</token>
  <token t_id="82" sentence="1" number="51">永</token>
  <token t_id="83" sentence="1" number="52">善</token>
  <token t_id="84" sentence="1" number="53">县</token>
  <token t_id="85" sentence="1" number="54">方</token>
  <token t_id="86" sentence="1" number="55">向</token>
  <token t_id="87" sentence="1" number="56">行</token>
  <token t_id="88" sentence="1" number="57">驶</token>
  <token t_id="89" sentence="1" number="58">，</token>
  <token t_id="90" sentence="1" number="59">当</token>
  <token t_id="91" sentence="1" number="60">该</token>
  <token t_id="92" sentence="1" number="61">车</token>
  <token t_id="93" sentence="1" number="62">行</token>
  <token t_id="94" sentence="1" number="63">驶</token>
  <token t_id="95" sentence="1" number="64">至</token>
  <token t_id="96" sentence="1" number="65">昭</token>
  <token t_id="97" sentence="1" number="66">阳</token>
  <token t_id="98" sentence="1" number="67">区</token>
  <token t_id="99" sentence="1" number="68">洒</token>
  <token t_id="100" sentence="1" number="69">渔</token>
  <token t_id="101" sentence="1" number="70">镇</token>
  <token t_id="102" sentence="1" number="71">洒</token>
  <token t_id="103" sentence="1" number="72">茂</token>
  <token t_id="104" sentence="1" number="73">线</token>
  <token t_id="105" sentence="1" number="74">K</token>
  <token t_id="106" sentence="1" number="75">5</token>
  <token t_id="107" sentence="1" number="76">+</token>
  <token t_id="108" sentence="1" number="77">3</token>
  <token t_id="109" sentence="1" number="78">0</token>
  <token t_id="110" sentence="1" number="79">0</token>
  <token t_id="111" sentence="1" number="80">米</token>
  <token t_id="112" sentence="1" number="81">处</token>
  <token t_id="113" sentence="1" number="82">时</token>
  <token t_id="114" sentence="1" number="83">，</token>
  <token t_id="115" sentence="1" number="84">车</token>
  <token t_id="116" sentence="1" number="85">辆</token>
  <token t_id="117" sentence="1" number="86">向</token>
  <token t_id="118" sentence="1" number="87">左</token>
  <token t_id="119" sentence="1" number="88">驶</token>
  <token t_id="120" sentence="1" number="89">离</token>
  <token t_id="121" sentence="1" number="90">路</token>
  <token t_id="122" sentence="1" number="91">面</token>
  <token t_id="123" sentence="1" number="92">，</token>
  <token t_id="124" sentence="1" number="93">坠</token>
  <token t_id="125" sentence="1" number="94">入</token>
  <token t_id="126" sentence="1" number="95">山</token>
  <token t_id="127" sentence="1" number="96">沟</token>
  <token t_id="128" sentence="1" number="97">，</token>
  <token t_id="129" sentence="1" number="98">造</token>
  <token t_id="130" sentence="1" number="99">成</token>
  <token t_id="131" sentence="1" number="100">3</token>
  <token t_id="132" sentence="1" number="101">人</token>
  <token t_id="133" sentence="1" number="102">当</token>
  <token t_id="134" sentence="1" number="103">场</token>
  <token t_id="135" sentence="1" number="104">遇</token>
  <token t_id="136" sentence="1" number="105">难</token>
  <token t_id="137" sentence="1" number="106">、</token>
  <token t_id="138" sentence="1" number="107">1</token>
  <token t_id="139" sentence="1" number="108">人</token>
  <token t_id="140" sentence="1" number="109">受</token>
  <token t_id="141" sentence="1" number="110">伤</token>
  <token t_id="142" sentence="1" number="111">及</token>
  <token t_id="143" sentence="1" number="112">车</token>
  <token t_id="144" sentence="1" number="113">辆</token>
  <token t_id="145" sentence="1" number="114">严</token>
  <token t_id="146" sentence="1" number="115">重</token>
  <token t_id="147" sentence="1" number="116">受</token>
  <token t_id="148" sentence="1" number="117">损</token>
  <token t_id="149" sentence="1" number="118">。</token>
  <token t_id="150" sentence="2" number="0">目</token>
  <token t_id="151" sentence="2" number="1">前</token>
  <token t_id="152" sentence="2" number="2">，</token>
  <token t_id="153" sentence="2" number="3">伤</token>
  <token t_id="154" sentence="2" number="4">者</token>
  <token t_id="155" sentence="2" number="5">张</token>
  <token t_id="156" sentence="2" number="6">进</token>
  <token t_id="157" sentence="2" number="7">已</token>
  <token t_id="158" sentence="2" number="8">送</token>
  <token t_id="159" sentence="2" number="9">往</token>
  <token t_id="160" sentence="2" number="10">医</token>
  <token t_id="161" sentence="2" number="11">院</token>
  <token t_id="162" sentence="2" number="12">救</token>
  <token t_id="163" sentence="2" number="13">治</token>
  <token t_id="164" sentence="2" number="14">，</token>
  <token t_id="165" sentence="2" number="15">无</token>
  <token t_id="166" sentence="2" number="16">生</token>
  <token t_id="167" sentence="2" number="17">命</token>
  <token t_id="168" sentence="2" number="18">危</token>
  <token t_id="169" sentence="2" number="19">险</token>
  <token t_id="170" sentence="2" number="20">。</token>
  <token t_id="171" sentence="3" number="0">死</token>
  <token t_id="172" sentence="3" number="1">者</token>
  <token t_id="173" sentence="3" number="2">善</token>
  <token t_id="174" sentence="3" number="3">后</token>
  <token t_id="175" sentence="3" number="4">、</token>
  <token t_id="176" sentence="3" number="5">伤</token>
  <token t_id="177" sentence="3" number="6">者</token>
  <token t_id="178" sentence="3" number="7">救</token>
  <token t_id="179" sentence="3" number="8">治</token>
  <token t_id="180" sentence="3" number="9">及</token>
  <token t_id="181" sentence="3" number="10">事</token>
  <token t_id="182" sentence="3" number="11">故</token>
  <token t_id="183" sentence="3" number="12">原</token>
  <token t_id="184" sentence="3" number="13">因</token>
  <token t_id="185" sentence="3" number="14">调</token>
  <token t_id="186" sentence="3" number="15">查</token>
  <token t_id="187" sentence="3" number="16">等</token>
  <token t_id="188" sentence="3" number="17">工</token>
  <token t_id="189" sentence="3" number="18">作</token>
  <token t_id="190" sentence="3" number="19">正</token>
  <token t_id="191" sentence="3" number="20">有</token>
  <token t_id="192" sentence="3" number="21">序</token>
  <token t_id="193" sentence="3" number="22">开</token>
  <token t_id="194" sentence="3" number="23">展</token>
  <Markables>
    <ACTION m_id="31624" comment="">
      <token_anchor t_id="8" />
      <token_anchor t_id="9" />
    </ACTION>
    <ACTION m_id="31625" comment="">
      <token_anchor t_id="23" />
      <token_anchor t_id="24" />
    </ACTION>
    <ACTION m_id="31626" comment="">
      <token_anchor t_id="28" />
      <token_anchor t_id="29" />
    </ACTION>
    <ACTION m_id="31627" comment="">
      <token_anchor t_id="47" />
      <token_anchor t_id="48" />
    </ACTION>
    <ACTION m_id="31628" comment="">
      <token_anchor t_id="87" />
      <token_anchor t_id="88" />
    </ACTION>
    <ACTION m_id="31629" comment="">
      <token_anchor t_id="93" />
      <token_anchor t_id="94" />
    </ACTION>
    <ACTION m_id="31631" comment="">
      <token_anchor t_id="119" />
      <token_anchor t_id="120" />
    </ACTION>
    <ACTION m_id="31632" comment="">
      <token_anchor t_id="124" />
      <token_anchor t_id="125" />
    </ACTION>
    <ACTION m_id="31633" comment="">
      <token_anchor t_id="135" />
      <token_anchor t_id="136" />
    </ACTION>
    <ACTION m_id="31634" comment="">
      <token_anchor t_id="140" />
      <token_anchor t_id="141" />
    </ACTION>
    <ACTION_CAUSATIVE m_id="31635" comment="">
      <token_anchor t_id="129" />
      <token_anchor t_id="130" />
    </ACTION_CAUSATIVE>
    <ACTION m_id="31636" comment="">
      <token_anchor t_id="147" />
      <token_anchor t_id="148" />
    </ACTION>
    <ACTION m_id="31637" comment="">
      <token_anchor t_id="158" />
      <token_anchor t_id="159" />
    </ACTION>
    <ACTION m_id="31638" comment="">
      <token_anchor t_id="162" />
      <token_anchor t_id="163" />
    </ACTION>
    <ACTION m_id="31639" comment="">
      <token_anchor t_id="173" />
      <token_anchor t_id="174" />
    </ACTION>
    <ACTION m_id="31642" comment="">
      <token_anchor t_id="185" />
      <token_anchor t_id="186" />
    </ACTION>
  </Markables>
  <Relations>
    <PLOT_LINK r_id="2901" SIGNAL="" relType="causation" CAUSES="FALSE" CAUSED_BY="FALSE">
      <source m_id="31624" />
      <target m_id="31625" />
    </PLOT_LINK>
    <PLOT_LINK r_id="2902" SIGNAL="" relType="causation" CAUSES="FALSE" CAUSED_BY="FALSE">
      <source m_id="31624" />
      <target m_id="31626" />
    </PLOT_LINK>
    <PLOT_LINK r_id="2903" SIGNAL="" relType="causation" CAUSES="FALSE" CAUSED_BY="FALSE">
      <source m_id="31631" />
      <target m_id="31632" />
    </PLOT_LINK>
    <PLOT_LINK r_id="2904" SIGNAL="" relType="causation" CAUSES="FALSE" CAUSED_BY="FALSE">
      <source m_id="31632" />
      <target m_id="31633" />
    </PLOT_LINK>
    <PLOT_LINK r_id="2905" SIGNAL="" relType="causation" CAUSES="FALSE" CAUSED_BY="FALSE">
      <source m_id="31632" />
      <target m_id="31634" />
    </PLOT_LINK>
    <PLOT_LINK r_id="2906" SIGNAL="" relType="causation" CAUSES="FALSE" CAUSED_BY="FALSE">
      <source m_id="31632" />
      <target m_id="31636" />
    </PLOT_LINK>
  </Relations>
</Document>