<?xml version="1.0" encoding="UTF-8"?>
<Document doc_name="3009_ecbplus.xml.xml">
  <token t_id="1" sentence="0" number="0">俄</token>
  <token t_id="2" sentence="0" number="1">罗</token>
  <token t_id="3" sentence="0" number="2">斯</token>
  <token t_id="4" sentence="0" number="3">西</token>
  <token t_id="5" sentence="0" number="4">南</token>
  <token t_id="6" sentence="0" number="5">部</token>
  <token t_id="7" sentence="0" number="6">发</token>
  <token t_id="8" sentence="0" number="7">生</token>
  <token t_id="9" sentence="0" number="8">一</token>
  <token t_id="10" sentence="0" number="9">起</token>
  <token t_id="11" sentence="0" number="10">交</token>
  <token t_id="12" sentence="0" number="11">通</token>
  <token t_id="13" sentence="0" number="12">事</token>
  <token t_id="14" sentence="0" number="13">故</token>
  <token t_id="15" sentence="0" number="14">1</token>
  <token t_id="16" sentence="0" number="15">0</token>
  <token t_id="17" sentence="0" number="16">人</token>
  <token t_id="18" sentence="0" number="17">死</token>
  <token t_id="19" sentence="0" number="18">亡</token>
  <token t_id="20" sentence="0" number="19">新</token>
  <token t_id="21" sentence="0" number="20">华</token>
  <token t_id="22" sentence="0" number="21">社</token>
  <token t_id="23" sentence="0" number="22">莫</token>
  <token t_id="24" sentence="0" number="23">斯</token>
  <token t_id="25" sentence="0" number="24">科</token>
  <token t_id="26" sentence="0" number="25">1</token>
  <token t_id="27" sentence="0" number="26">月</token>
  <token t_id="28" sentence="0" number="27">2</token>
  <token t_id="29" sentence="0" number="28">9</token>
  <token t_id="30" sentence="0" number="29">日</token>
  <token t_id="31" sentence="0" number="30">电</token>
  <token t_id="32" sentence="0" number="31">（</token>
  <token t_id="33" sentence="0" number="32">记</token>
  <token t_id="34" sentence="0" number="33">者</token>
  <token t_id="35" sentence="0" number="34">吴</token>
  <token t_id="36" sentence="0" number="35">刚</token>
  <token t_id="37" sentence="0" number="36">）</token>
  <token t_id="38" sentence="0" number="37">俄</token>
  <token t_id="39" sentence="0" number="38">罗</token>
  <token t_id="40" sentence="0" number="39">斯</token>
  <token t_id="41" sentence="0" number="40">西</token>
  <token t_id="42" sentence="0" number="41">南</token>
  <token t_id="43" sentence="0" number="42">部</token>
  <token t_id="44" sentence="0" number="43">萨</token>
  <token t_id="45" sentence="0" number="44">马</token>
  <token t_id="46" sentence="0" number="45">拉</token>
  <token t_id="47" sentence="0" number="46">州</token>
  <token t_id="48" sentence="0" number="47">2</token>
  <token t_id="49" sentence="0" number="48">9</token>
  <token t_id="50" sentence="0" number="49">日</token>
  <token t_id="51" sentence="0" number="50">发</token>
  <token t_id="52" sentence="0" number="51">生</token>
  <token t_id="53" sentence="0" number="52">一</token>
  <token t_id="54" sentence="0" number="53">起</token>
  <token t_id="55" sentence="0" number="54">交</token>
  <token t_id="56" sentence="0" number="55">通</token>
  <token t_id="57" sentence="0" number="56">事</token>
  <token t_id="58" sentence="0" number="57">故</token>
  <token t_id="59" sentence="0" number="58">，</token>
  <token t_id="60" sentence="0" number="59">造</token>
  <token t_id="61" sentence="0" number="60">成</token>
  <token t_id="62" sentence="0" number="61">1</token>
  <token t_id="63" sentence="0" number="62">0</token>
  <token t_id="64" sentence="0" number="63">人</token>
  <token t_id="65" sentence="0" number="64">死</token>
  <token t_id="66" sentence="0" number="65">亡</token>
  <token t_id="67" sentence="0" number="66">、</token>
  <token t_id="68" sentence="0" number="67">1</token>
  <token t_id="69" sentence="0" number="68">4</token>
  <token t_id="70" sentence="0" number="69">人</token>
  <token t_id="71" sentence="0" number="70">受</token>
  <token t_id="72" sentence="0" number="71">伤</token>
  <token t_id="73" sentence="0" number="72">。</token>
  <token t_id="74" sentence="1" number="0">据</token>
  <token t_id="75" sentence="1" number="1">萨</token>
  <token t_id="76" sentence="1" number="2">马</token>
  <token t_id="77" sentence="1" number="3">拉</token>
  <token t_id="78" sentence="1" number="4">州</token>
  <token t_id="79" sentence="1" number="5">侦</token>
  <token t_id="80" sentence="1" number="6">查</token>
  <token t_id="81" sentence="1" number="7">局</token>
  <token t_id="82" sentence="1" number="8">网</token>
  <token t_id="83" sentence="1" number="9">站</token>
  <token t_id="84" sentence="1" number="10">发</token>
  <token t_id="85" sentence="1" number="11">布</token>
  <token t_id="86" sentence="1" number="12">的</token>
  <token t_id="87" sentence="1" number="13">消</token>
  <token t_id="88" sentence="1" number="14">息</token>
  <token t_id="89" sentence="1" number="15">，</token>
  <token t_id="90" sentence="1" number="16">该</token>
  <token t_id="91" sentence="1" number="17">州</token>
  <token t_id="92" sentence="1" number="18">境</token>
  <token t_id="93" sentence="1" number="19">内</token>
  <token t_id="94" sentence="1" number="20">M</token>
  <token t_id="95" sentence="1" number="21">5</token>
  <token t_id="96" sentence="1" number="22">号</token>
  <token t_id="97" sentence="1" number="23">联</token>
  <token t_id="98" sentence="1" number="24">邦</token>
  <token t_id="99" sentence="1" number="25">公</token>
  <token t_id="100" sentence="1" number="26">路</token>
  <token t_id="101" sentence="1" number="27">8</token>
  <token t_id="102" sentence="1" number="28">7</token>
  <token t_id="103" sentence="1" number="29">3</token>
  <token t_id="104" sentence="1" number="30">公</token>
  <token t_id="105" sentence="1" number="31">里</token>
  <token t_id="106" sentence="1" number="32">处</token>
  <token t_id="107" sentence="1" number="33">2</token>
  <token t_id="108" sentence="1" number="34">9</token>
  <token t_id="109" sentence="1" number="35">日</token>
  <token t_id="110" sentence="1" number="36">晚</token>
  <token t_id="111" sentence="1" number="37">发</token>
  <token t_id="112" sentence="1" number="38">生</token>
  <token t_id="113" sentence="1" number="39">一</token>
  <token t_id="114" sentence="1" number="40">起</token>
  <token t_id="115" sentence="1" number="41">货</token>
  <token t_id="116" sentence="1" number="42">车</token>
  <token t_id="117" sentence="1" number="43">、</token>
  <token t_id="118" sentence="1" number="44">小</token>
  <token t_id="119" sentence="1" number="45">客</token>
  <token t_id="120" sentence="1" number="46">车</token>
  <token t_id="121" sentence="1" number="47">、</token>
  <token t_id="122" sentence="1" number="48">小</token>
  <token t_id="123" sentence="1" number="49">型</token>
  <token t_id="124" sentence="1" number="50">公</token>
  <token t_id="125" sentence="1" number="51">交</token>
  <token t_id="126" sentence="1" number="52">车</token>
  <token t_id="127" sentence="1" number="53">三</token>
  <token t_id="128" sentence="1" number="54">车</token>
  <token t_id="129" sentence="1" number="55">相</token>
  <token t_id="130" sentence="1" number="56">撞</token>
  <token t_id="131" sentence="1" number="57">事</token>
  <token t_id="132" sentence="1" number="58">件</token>
  <token t_id="133" sentence="1" number="59">，</token>
  <token t_id="134" sentence="1" number="60">造</token>
  <token t_id="135" sentence="1" number="61">成</token>
  <token t_id="136" sentence="1" number="62">1</token>
  <token t_id="137" sentence="1" number="63">0</token>
  <token t_id="138" sentence="1" number="64">人</token>
  <token t_id="139" sentence="1" number="65">死</token>
  <token t_id="140" sentence="1" number="66">亡</token>
  <token t_id="141" sentence="1" number="67">、</token>
  <token t_id="142" sentence="1" number="68">1</token>
  <token t_id="143" sentence="1" number="69">4</token>
  <token t_id="144" sentence="1" number="70">人</token>
  <token t_id="145" sentence="1" number="71">受</token>
  <token t_id="146" sentence="1" number="72">伤</token>
  <token t_id="147" sentence="1" number="73">。</token>
  <token t_id="148" sentence="2" number="0">当</token>
  <token t_id="149" sentence="2" number="1">地</token>
  <token t_id="150" sentence="2" number="2">相</token>
  <token t_id="151" sentence="2" number="3">关</token>
  <token t_id="152" sentence="2" number="4">部</token>
  <token t_id="153" sentence="2" number="5">门</token>
  <token t_id="154" sentence="2" number="6">已</token>
  <token t_id="155" sentence="2" number="7">对</token>
  <token t_id="156" sentence="2" number="8">事</token>
  <token t_id="157" sentence="2" number="9">故</token>
  <token t_id="158" sentence="2" number="10">现</token>
  <token t_id="159" sentence="2" number="11">场</token>
  <token t_id="160" sentence="2" number="12">附</token>
  <token t_id="161" sentence="2" number="13">近</token>
  <token t_id="162" sentence="2" number="14">道</token>
  <token t_id="163" sentence="2" number="15">路</token>
  <token t_id="164" sentence="2" number="16">实</token>
  <token t_id="165" sentence="2" number="17">施</token>
  <token t_id="166" sentence="2" number="18">交</token>
  <token t_id="167" sentence="2" number="19">通</token>
  <token t_id="168" sentence="2" number="20">管</token>
  <token t_id="169" sentence="2" number="21">制</token>
  <token t_id="170" sentence="2" number="22">。</token>
  <token t_id="171" sentence="3" number="0">据</token>
  <token t_id="172" sentence="3" number="1">报</token>
  <token t_id="173" sentence="3" number="2">道</token>
  <token t_id="174" sentence="3" number="3">，</token>
  <token t_id="175" sentence="3" number="4">萨</token>
  <token t_id="176" sentence="3" number="5">马</token>
  <token t_id="177" sentence="3" number="6">拉</token>
  <token t_id="178" sentence="3" number="7">州</token>
  <token t_id="179" sentence="3" number="8">侦</token>
  <token t_id="180" sentence="3" number="9">查</token>
  <token t_id="181" sentence="3" number="10">局</token>
  <token t_id="182" sentence="3" number="11">相</token>
  <token t_id="183" sentence="3" number="12">关</token>
  <token t_id="184" sentence="3" number="13">人</token>
  <token t_id="185" sentence="3" number="14">员</token>
  <token t_id="186" sentence="3" number="15">正</token>
  <token t_id="187" sentence="3" number="16">协</token>
  <token t_id="188" sentence="3" number="17">同</token>
  <token t_id="189" sentence="3" number="18">当</token>
  <token t_id="190" sentence="3" number="19">地</token>
  <token t_id="191" sentence="3" number="20">交</token>
  <token t_id="192" sentence="3" number="21">警</token>
  <token t_id="193" sentence="3" number="22">在</token>
  <token t_id="194" sentence="3" number="23">事</token>
  <token t_id="195" sentence="3" number="24">故</token>
  <token t_id="196" sentence="3" number="25">现</token>
  <token t_id="197" sentence="3" number="26">场</token>
  <token t_id="198" sentence="3" number="27">进</token>
  <token t_id="199" sentence="3" number="28">行</token>
  <token t_id="200" sentence="3" number="29">调</token>
  <token t_id="201" sentence="3" number="30">查</token>
  <token t_id="202" sentence="3" number="31">，</token>
  <token t_id="203" sentence="3" number="32">以</token>
  <token t_id="204" sentence="3" number="33">查</token>
  <token t_id="205" sentence="3" number="34">清</token>
  <token t_id="206" sentence="3" number="35">事</token>
  <token t_id="207" sentence="3" number="36">故</token>
  <token t_id="208" sentence="3" number="37">发</token>
  <token t_id="209" sentence="3" number="38">生</token>
  <token t_id="210" sentence="3" number="39">的</token>
  <token t_id="211" sentence="3" number="40">具</token>
  <token t_id="212" sentence="3" number="41">体</token>
  <token t_id="213" sentence="3" number="42">原</token>
  <token t_id="214" sentence="3" number="43">因</token>
  <Markables>
    <ACTION m_id="31708" comment="">
      <token_anchor t_id="51" />
      <token_anchor t_id="52" />
    </ACTION>
    <ACTION m_id="31709" comment="">
      <token_anchor t_id="65" />
      <token_anchor t_id="66" />
    </ACTION>
    <ACTION m_id="31710" comment="">
      <token_anchor t_id="71" />
      <token_anchor t_id="72" />
    </ACTION>
    <ACTION_CAUSATIVE m_id="31711" comment="">
      <token_anchor t_id="60" />
      <token_anchor t_id="61" />
    </ACTION_CAUSATIVE>
    <ACTION m_id="31713" comment="">
      <token_anchor t_id="129" />
      <token_anchor t_id="130" />
    </ACTION>
    <ACTION_CAUSATIVE m_id="31714" comment="">
      <token_anchor t_id="134" />
      <token_anchor t_id="135" />
    </ACTION_CAUSATIVE>
    <ACTION m_id="31715" comment="">
      <token_anchor t_id="139" />
      <token_anchor t_id="140" />
    </ACTION>
    <ACTION m_id="31716" comment="">
      <token_anchor t_id="145" />
      <token_anchor t_id="146" />
    </ACTION>
    <ACTION m_id="31717" comment="">
      <token_anchor t_id="156" />
      <token_anchor t_id="157" />
    </ACTION>
    <ACTION m_id="31719" comment="">
      <token_anchor t_id="168" />
      <token_anchor t_id="169" />
    </ACTION>
    <ACTION m_id="31720" comment="">
      <token_anchor t_id="172" />
      <token_anchor t_id="173" />
    </ACTION>
    <ACTION m_id="31724" comment="">
      <token_anchor t_id="200" />
      <token_anchor t_id="201" />
    </ACTION>
    <ACTION m_id="31725" comment="">
      <token_anchor t_id="204" />
      <token_anchor t_id="205" />
    </ACTION>
  </Markables>
  <Relations>
    <PLOT_LINK r_id="2920" SIGNAL="" relType="causation" CAUSES="FALSE" CAUSED_BY="FALSE">
      <source m_id="31708" />
      <target m_id="31709" />
    </PLOT_LINK>
    <PLOT_LINK r_id="2921" SIGNAL="" relType="causation" CAUSES="FALSE" CAUSED_BY="FALSE">
      <source m_id="31708" />
      <target m_id="31710" />
    </PLOT_LINK>
    <PLOT_LINK r_id="2922" SIGNAL="" relType="causation" CAUSES="FALSE" CAUSED_BY="FALSE">
      <source m_id="31713" />
      <target m_id="31715" />
    </PLOT_LINK>
    <PLOT_LINK r_id="2923" SIGNAL="" relType="causation" CAUSES="FALSE" CAUSED_BY="FALSE">
      <source m_id="31713" />
      <target m_id="31716" />
    </PLOT_LINK>
    <PLOT_LINK r_id="2924" SIGNAL="" relType="causation" CAUSES="FALSE" CAUSED_BY="FALSE">
      <source m_id="31725" />
      <target m_id="31724" />
    </PLOT_LINK>
  </Relations>
</Document>