<?xml version="1.0" encoding="UTF-8"?>
<Document doc_name="3013_ecbplus.xml.xml">
  <token t_id="1" sentence="0" number="0">中</token>
  <token t_id="2" sentence="0" number="1">国</token>
  <token t_id="3" sentence="0" number="2">日</token>
  <token t_id="4" sentence="0" number="3">报</token>
  <token t_id="5" sentence="0" number="4">福</token>
  <token t_id="6" sentence="0" number="5">州</token>
  <token t_id="7" sentence="0" number="6">3</token>
  <token t_id="8" sentence="0" number="7">月</token>
  <token t_id="9" sentence="0" number="8">2</token>
  <token t_id="10" sentence="0" number="9">2</token>
  <token t_id="11" sentence="0" number="10">日</token>
  <token t_id="12" sentence="0" number="11">电</token>
  <token t_id="13" sentence="0" number="12">2</token>
  <token t_id="14" sentence="0" number="13">0</token>
  <token t_id="15" sentence="0" number="14">日</token>
  <token t_id="16" sentence="0" number="15">中</token>
  <token t_id="17" sentence="0" number="16">午</token>
  <token t_id="18" sentence="0" number="17">1</token>
  <token t_id="19" sentence="0" number="18">2</token>
  <token t_id="20" sentence="0" number="19">时</token>
  <token t_id="21" sentence="0" number="20">1</token>
  <token t_id="22" sentence="0" number="21">9</token>
  <token t_id="23" sentence="0" number="22">分</token>
  <token t_id="24" sentence="0" number="23">，</token>
  <token t_id="25" sentence="0" number="24">在</token>
  <token t_id="26" sentence="0" number="25">福</token>
  <token t_id="27" sentence="0" number="26">建</token>
  <token t_id="28" sentence="0" number="27">省</token>
  <token t_id="29" sentence="0" number="28">龙</token>
  <token t_id="30" sentence="0" number="29">岩</token>
  <token t_id="31" sentence="0" number="30">市</token>
  <token t_id="32" sentence="0" number="31">适</token>
  <token t_id="33" sentence="0" number="32">中</token>
  <token t_id="34" sentence="0" number="33">镇</token>
  <token t_id="35" sentence="0" number="34">吉</token>
  <token t_id="36" sentence="0" number="35">州</token>
  <token t_id="37" sentence="0" number="36">村</token>
  <token t_id="38" sentence="0" number="37">上</token>
  <token t_id="39" sentence="0" number="38">溪</token>
  <token t_id="40" sentence="0" number="39">板</token>
  <token t_id="41" sentence="0" number="40">路</token>
  <token t_id="42" sentence="0" number="41">发</token>
  <token t_id="43" sentence="0" number="42">生</token>
  <token t_id="44" sentence="0" number="43">一</token>
  <token t_id="45" sentence="0" number="44">起</token>
  <token t_id="46" sentence="0" number="45">追</token>
  <token t_id="47" sentence="0" number="46">尾</token>
  <token t_id="48" sentence="0" number="47">交</token>
  <token t_id="49" sentence="0" number="48">通</token>
  <token t_id="50" sentence="0" number="49">事</token>
  <token t_id="51" sentence="0" number="50">故</token>
  <token t_id="52" sentence="0" number="51">，</token>
  <token t_id="53" sentence="0" number="52">导</token>
  <token t_id="54" sentence="0" number="53">致</token>
  <token t_id="55" sentence="0" number="54">两</token>
  <token t_id="56" sentence="0" number="55">人</token>
  <token t_id="57" sentence="0" number="56">被</token>
  <token t_id="58" sentence="0" number="57">困</token>
  <token t_id="59" sentence="0" number="58">。</token>
  <token t_id="60" sentence="1" number="0">龙</token>
  <token t_id="61" sentence="1" number="1">岩</token>
  <token t_id="62" sentence="1" number="2">市</token>
  <token t_id="63" sentence="1" number="3">消</token>
  <token t_id="64" sentence="1" number="4">防</token>
  <token t_id="65" sentence="1" number="5">救</token>
  <token t_id="66" sentence="1" number="6">援</token>
  <token t_id="67" sentence="1" number="7">支</token>
  <token t_id="68" sentence="1" number="8">队</token>
  <token t_id="69" sentence="1" number="9">接</token>
  <token t_id="70" sentence="1" number="10">到</token>
  <token t_id="71" sentence="1" number="11">报</token>
  <token t_id="72" sentence="1" number="12">警</token>
  <token t_id="73" sentence="1" number="13">后</token>
  <token t_id="74" sentence="1" number="14">，</token>
  <token t_id="75" sentence="1" number="15">立</token>
  <token t_id="76" sentence="1" number="16">即</token>
  <token t_id="77" sentence="1" number="17">调</token>
  <token t_id="78" sentence="1" number="18">派</token>
  <token t_id="79" sentence="1" number="19">曹</token>
  <token t_id="80" sentence="1" number="20">溪</token>
  <token t_id="81" sentence="1" number="21">路</token>
  <token t_id="82" sentence="1" number="22">特</token>
  <token t_id="83" sentence="1" number="23">勤</token>
  <token t_id="84" sentence="1" number="24">站</token>
  <token t_id="85" sentence="1" number="25">赶</token>
  <token t_id="86" sentence="1" number="26">赴</token>
  <token t_id="87" sentence="1" number="27">现</token>
  <token t_id="88" sentence="1" number="28">场</token>
  <token t_id="89" sentence="1" number="29">救</token>
  <token t_id="90" sentence="1" number="30">援</token>
  <token t_id="91" sentence="1" number="31">。</token>
  <token t_id="92" sentence="2" number="0">消</token>
  <token t_id="93" sentence="2" number="1">防</token>
  <token t_id="94" sentence="2" number="2">救</token>
  <token t_id="95" sentence="2" number="3">援</token>
  <token t_id="96" sentence="2" number="4">人</token>
  <token t_id="97" sentence="2" number="5">员</token>
  <token t_id="98" sentence="2" number="6">到</token>
  <token t_id="99" sentence="2" number="7">达</token>
  <token t_id="100" sentence="2" number="8">现</token>
  <token t_id="101" sentence="2" number="9">场</token>
  <token t_id="102" sentence="2" number="10">后</token>
  <token t_id="103" sentence="2" number="11">发</token>
  <token t_id="104" sentence="2" number="12">现</token>
  <token t_id="105" sentence="2" number="13">，</token>
  <token t_id="106" sentence="2" number="14">现</token>
  <token t_id="107" sentence="2" number="15">场</token>
  <token t_id="108" sentence="2" number="16">为</token>
  <token t_id="109" sentence="2" number="17">两</token>
  <token t_id="110" sentence="2" number="18">辆</token>
  <token t_id="111" sentence="2" number="19">大</token>
  <token t_id="112" sentence="2" number="20">货</token>
  <token t_id="113" sentence="2" number="21">车</token>
  <token t_id="114" sentence="2" number="22">追</token>
  <token t_id="115" sentence="2" number="23">尾</token>
  <token t_id="116" sentence="2" number="24">，</token>
  <token t_id="117" sentence="2" number="25">后</token>
  <token t_id="118" sentence="2" number="26">方</token>
  <token t_id="119" sentence="2" number="27">货</token>
  <token t_id="120" sentence="2" number="28">车</token>
  <token t_id="121" sentence="2" number="29">驾</token>
  <token t_id="122" sentence="2" number="30">驶</token>
  <token t_id="123" sentence="2" number="31">室</token>
  <token t_id="124" sentence="2" number="32">严</token>
  <token t_id="125" sentence="2" number="33">重</token>
  <token t_id="126" sentence="2" number="34">挤</token>
  <token t_id="127" sentence="2" number="35">压</token>
  <token t_id="128" sentence="2" number="36">变</token>
  <token t_id="129" sentence="2" number="37">形</token>
  <token t_id="130" sentence="2" number="38">，</token>
  <token t_id="131" sentence="2" number="39">车</token>
  <token t_id="132" sentence="2" number="40">辆</token>
  <token t_id="133" sentence="2" number="41">碎</token>
  <token t_id="134" sentence="2" number="42">片</token>
  <token t_id="135" sentence="2" number="43">散</token>
  <token t_id="136" sentence="2" number="44">落</token>
  <token t_id="137" sentence="2" number="45">一</token>
  <token t_id="138" sentence="2" number="46">地</token>
  <token t_id="139" sentence="2" number="47">，</token>
  <token t_id="140" sentence="2" number="48">驾</token>
  <token t_id="141" sentence="2" number="49">驶</token>
  <token t_id="142" sentence="2" number="50">员</token>
  <token t_id="143" sentence="2" number="51">受</token>
  <token t_id="144" sentence="2" number="52">伤</token>
  <token t_id="145" sentence="2" number="53">后</token>
  <token t_id="146" sentence="2" number="54">被</token>
  <token t_id="147" sentence="2" number="55">卡</token>
  <token t_id="148" sentence="2" number="56">在</token>
  <token t_id="149" sentence="2" number="57">驾</token>
  <token t_id="150" sentence="2" number="58">驶</token>
  <token t_id="151" sentence="2" number="59">室</token>
  <token t_id="152" sentence="2" number="60">不</token>
  <token t_id="153" sentence="2" number="61">能</token>
  <token t_id="154" sentence="2" number="62">动</token>
  <token t_id="155" sentence="2" number="63">弹</token>
  <token t_id="156" sentence="2" number="64">，</token>
  <token t_id="157" sentence="2" number="65">表</token>
  <token t_id="158" sentence="2" number="66">情</token>
  <token t_id="159" sentence="2" number="67">痛</token>
  <token t_id="160" sentence="2" number="68">苦</token>
  <token t_id="161" sentence="2" number="69">；</token>
  <token t_id="162" sentence="2" number="70">副</token>
  <token t_id="163" sentence="2" number="71">驾</token>
  <token t_id="164" sentence="2" number="72">驶</token>
  <token t_id="165" sentence="2" number="73">乘</token>
  <token t_id="166" sentence="2" number="74">员</token>
  <token t_id="167" sentence="2" number="75">因</token>
  <token t_id="168" sentence="2" number="76">车</token>
  <token t_id="169" sentence="2" number="77">门</token>
  <token t_id="170" sentence="2" number="78">变</token>
  <token t_id="171" sentence="2" number="79">形</token>
  <token t_id="172" sentence="2" number="80">损</token>
  <token t_id="173" sentence="2" number="81">坏</token>
  <token t_id="174" sentence="2" number="82">无</token>
  <token t_id="175" sentence="2" number="83">法</token>
  <token t_id="176" sentence="2" number="84">脱</token>
  <token t_id="177" sentence="2" number="85">困</token>
  <token t_id="178" sentence="2" number="86">，</token>
  <token t_id="179" sentence="2" number="87">情</token>
  <token t_id="180" sentence="2" number="88">况</token>
  <token t_id="181" sentence="2" number="89">十</token>
  <token t_id="182" sentence="2" number="90">分</token>
  <token t_id="183" sentence="2" number="91">危</token>
  <token t_id="184" sentence="2" number="92">急</token>
  <token t_id="185" sentence="2" number="93">。</token>
  <token t_id="186" sentence="3" number="0">根</token>
  <token t_id="187" sentence="3" number="1">据</token>
  <token t_id="188" sentence="3" number="2">现</token>
  <token t_id="189" sentence="3" number="3">场</token>
  <token t_id="190" sentence="3" number="4">情</token>
  <token t_id="191" sentence="3" number="5">况</token>
  <token t_id="192" sentence="3" number="6">，</token>
  <token t_id="193" sentence="3" number="7">指</token>
  <token t_id="194" sentence="3" number="8">挥</token>
  <token t_id="195" sentence="3" number="9">员</token>
  <token t_id="196" sentence="3" number="10">当</token>
  <token t_id="197" sentence="3" number="11">即</token>
  <token t_id="198" sentence="3" number="12">下</token>
  <token t_id="199" sentence="3" number="13">令</token>
  <token t_id="200" sentence="3" number="14">展</token>
  <token t_id="201" sentence="3" number="15">开</token>
  <token t_id="202" sentence="3" number="16">救</token>
  <token t_id="203" sentence="3" number="17">援</token>
  <token t_id="204" sentence="3" number="18">，</token>
  <token t_id="205" sentence="3" number="19">一</token>
  <token t_id="206" sentence="3" number="20">组</token>
  <token t_id="207" sentence="3" number="21">消</token>
  <token t_id="208" sentence="3" number="22">防</token>
  <token t_id="209" sentence="3" number="23">救</token>
  <token t_id="210" sentence="3" number="24">援</token>
  <token t_id="211" sentence="3" number="25">人</token>
  <token t_id="212" sentence="3" number="26">员</token>
  <token t_id="213" sentence="3" number="27">使</token>
  <token t_id="214" sentence="3" number="28">用</token>
  <token t_id="215" sentence="3" number="29">液</token>
  <token t_id="216" sentence="3" number="30">压</token>
  <token t_id="217" sentence="3" number="31">扩</token>
  <token t_id="218" sentence="3" number="32">张</token>
  <token t_id="219" sentence="3" number="33">器</token>
  <token t_id="220" sentence="3" number="34">和</token>
  <token t_id="221" sentence="3" number="35">液</token>
  <token t_id="222" sentence="3" number="36">压</token>
  <token t_id="223" sentence="3" number="37">顶</token>
  <token t_id="224" sentence="3" number="38">杆</token>
  <token t_id="225" sentence="3" number="39">等</token>
  <token t_id="226" sentence="3" number="40">救</token>
  <token t_id="227" sentence="3" number="41">援</token>
  <token t_id="228" sentence="3" number="42">工</token>
  <token t_id="229" sentence="3" number="43">具</token>
  <token t_id="230" sentence="3" number="44">对</token>
  <token t_id="231" sentence="3" number="45">司</token>
  <token t_id="232" sentence="3" number="46">机</token>
  <token t_id="233" sentence="3" number="47">被</token>
  <token t_id="234" sentence="3" number="48">卡</token>
  <token t_id="235" sentence="3" number="49">位</token>
  <token t_id="236" sentence="3" number="50">置</token>
  <token t_id="237" sentence="3" number="51">进</token>
  <token t_id="238" sentence="3" number="52">行</token>
  <token t_id="239" sentence="3" number="53">扩</token>
  <token t_id="240" sentence="3" number="54">张</token>
  <token t_id="241" sentence="3" number="55">，</token>
  <token t_id="242" sentence="3" number="56">打</token>
  <token t_id="243" sentence="3" number="57">开</token>
  <token t_id="244" sentence="3" number="58">救</token>
  <token t_id="245" sentence="3" number="59">援</token>
  <token t_id="246" sentence="3" number="60">空</token>
  <token t_id="247" sentence="3" number="61">间</token>
  <token t_id="248" sentence="3" number="62">；</token>
  <token t_id="249" sentence="3" number="63">同</token>
  <token t_id="250" sentence="3" number="64">时</token>
  <token t_id="251" sentence="3" number="65">另</token>
  <token t_id="252" sentence="3" number="66">一</token>
  <token t_id="253" sentence="3" number="67">组</token>
  <token t_id="254" sentence="3" number="68">从</token>
  <token t_id="255" sentence="3" number="69">车</token>
  <token t_id="256" sentence="3" number="70">挡</token>
  <token t_id="257" sentence="3" number="71">风</token>
  <token t_id="258" sentence="3" number="72">玻</token>
  <token t_id="259" sentence="3" number="73">璃</token>
  <token t_id="260" sentence="3" number="74">着</token>
  <token t_id="261" sentence="3" number="75">手</token>
  <token t_id="262" sentence="3" number="76">，</token>
  <token t_id="263" sentence="3" number="77">利</token>
  <token t_id="264" sentence="3" number="78">用</token>
  <token t_id="265" sentence="3" number="79">玻</token>
  <token t_id="266" sentence="3" number="80">璃</token>
  <token t_id="267" sentence="3" number="81">破</token>
  <token t_id="268" sentence="3" number="82">拆</token>
  <token t_id="269" sentence="3" number="83">器</token>
  <token t_id="270" sentence="3" number="84">将</token>
  <token t_id="271" sentence="3" number="85">挡</token>
  <token t_id="272" sentence="3" number="86">风</token>
  <token t_id="273" sentence="3" number="87">玻</token>
  <token t_id="274" sentence="3" number="88">璃</token>
  <token t_id="275" sentence="3" number="89">拆</token>
  <token t_id="276" sentence="3" number="90">除</token>
  <token t_id="277" sentence="3" number="91">。</token>
  <token t_id="278" sentence="4" number="0">经</token>
  <token t_id="279" sentence="4" number="1">过</token>
  <token t_id="280" sentence="4" number="2">2</token>
  <token t_id="281" sentence="4" number="3">0</token>
  <token t_id="282" sentence="4" number="4">分</token>
  <token t_id="283" sentence="4" number="5">钟</token>
  <token t_id="284" sentence="4" number="6">左</token>
  <token t_id="285" sentence="4" number="7">右</token>
  <token t_id="286" sentence="4" number="8">的</token>
  <token t_id="287" sentence="4" number="9">救</token>
  <token t_id="288" sentence="4" number="10">援</token>
  <token t_id="289" sentence="4" number="11">，</token>
  <token t_id="290" sentence="4" number="12">成</token>
  <token t_id="291" sentence="4" number="13">功</token>
  <token t_id="292" sentence="4" number="14">将</token>
  <token t_id="293" sentence="4" number="15">被</token>
  <token t_id="294" sentence="4" number="16">困</token>
  <token t_id="295" sentence="4" number="17">驾</token>
  <token t_id="296" sentence="4" number="18">驶</token>
  <token t_id="297" sentence="4" number="19">员</token>
  <token t_id="298" sentence="4" number="20">和</token>
  <token t_id="299" sentence="4" number="21">副</token>
  <token t_id="300" sentence="4" number="22">驾</token>
  <token t_id="301" sentence="4" number="23">乘</token>
  <token t_id="302" sentence="4" number="24">员</token>
  <token t_id="303" sentence="4" number="25">救</token>
  <token t_id="304" sentence="4" number="26">出</token>
  <token t_id="305" sentence="4" number="27">，</token>
  <token t_id="306" sentence="4" number="28">并</token>
  <token t_id="307" sentence="4" number="29">交</token>
  <token t_id="308" sentence="4" number="30">由</token>
  <token t_id="309" sentence="4" number="31">医</token>
  <token t_id="310" sentence="4" number="32">护</token>
  <token t_id="311" sentence="4" number="33">人</token>
  <token t_id="312" sentence="4" number="34">员</token>
  <token t_id="313" sentence="4" number="35">送</token>
  <token t_id="314" sentence="4" number="36">往</token>
  <token t_id="315" sentence="4" number="37">医</token>
  <token t_id="316" sentence="4" number="38">院</token>
  <token t_id="317" sentence="4" number="39">救</token>
  <token t_id="318" sentence="4" number="40">治</token>
  <token t_id="319" sentence="4" number="41">。</token>
  <token t_id="320" sentence="5" number="0">目</token>
  <token t_id="321" sentence="5" number="1">前</token>
  <token t_id="322" sentence="5" number="2">，</token>
  <token t_id="323" sentence="5" number="3">事</token>
  <token t_id="324" sentence="5" number="4">故</token>
  <token t_id="325" sentence="5" number="5">原</token>
  <token t_id="326" sentence="5" number="6">因</token>
  <token t_id="327" sentence="5" number="7">正</token>
  <token t_id="328" sentence="5" number="8">在</token>
  <token t_id="329" sentence="5" number="9">进</token>
  <token t_id="330" sentence="5" number="10">一</token>
  <token t_id="331" sentence="5" number="11">步</token>
  <token t_id="332" sentence="5" number="12">调</token>
  <token t_id="333" sentence="5" number="13">查</token>
  <token t_id="334" sentence="5" number="14">当</token>
  <token t_id="335" sentence="5" number="15">中</token>
  <token t_id="336" sentence="5" number="16">。</token>
  <token t_id="337" sentence="6" number="0">被</token>
  <token t_id="338" sentence="6" number="1">困</token>
  <token t_id="339" sentence="6" number="2">人</token>
  <token t_id="340" sentence="6" number="3">员</token>
  <token t_id="341" sentence="6" number="4">送</token>
  <token t_id="342" sentence="6" number="5">往</token>
  <token t_id="343" sentence="6" number="6">医</token>
  <token t_id="344" sentence="6" number="7">院</token>
  <token t_id="345" sentence="6" number="8">救</token>
  <token t_id="346" sentence="6" number="9">治</token>
  <Markables>
    <ACTION m_id="31824" comment="">
      <token_anchor t_id="46" />
      <token_anchor t_id="47" />
    </ACTION>
    <ACTION m_id="31825" comment="">
      <token_anchor t_id="57" />
      <token_anchor t_id="58" />
    </ACTION>
    <ACTION m_id="31826" comment="">
      <token_anchor t_id="69" />
      <token_anchor t_id="70" />
    </ACTION>
    <ACTION m_id="31828" comment="">
      <token_anchor t_id="77" />
      <token_anchor t_id="78" />
    </ACTION>
    <ACTION m_id="31829" comment="">
      <token_anchor t_id="85" />
      <token_anchor t_id="86" />
    </ACTION>
    <ACTION m_id="31830" comment="">
      <token_anchor t_id="89" />
      <token_anchor t_id="90" />
    </ACTION>
    <ACTION_CAUSATIVE m_id="31831" comment="">
      <token_anchor t_id="53" />
      <token_anchor t_id="54" />
    </ACTION_CAUSATIVE>
    <ACTION m_id="31832" comment="">
      <token_anchor t_id="98" />
      <token_anchor t_id="99" />
    </ACTION>
    <ACTION m_id="31833" comment="">
      <token_anchor t_id="103" />
      <token_anchor t_id="104" />
    </ACTION>
    <ACTION m_id="31834" comment="">
      <token_anchor t_id="114" />
      <token_anchor t_id="115" />
    </ACTION>
    <ACTION m_id="31835" comment="">
      <token_anchor t_id="126" />
      <token_anchor t_id="127" />
    </ACTION>
    <ACTION m_id="31836" comment="">
      <token_anchor t_id="128" />
      <token_anchor t_id="129" />
    </ACTION>
    <ACTION m_id="31837" comment="">
      <token_anchor t_id="135" />
      <token_anchor t_id="136" />
    </ACTION>
    <ACTION m_id="31839" comment="">
      <token_anchor t_id="146" />
      <token_anchor t_id="147" />
    </ACTION>
    <ACTION m_id="31840" comment="">
      <token_anchor t_id="154" />
      <token_anchor t_id="155" />
    </ACTION>
    <ACTION_CAUSATIVE m_id="31842" comment="">
      <token_anchor t_id="167" />
    </ACTION_CAUSATIVE>
    <ACTION m_id="31843" comment="">
      <token_anchor t_id="170" />
      <token_anchor t_id="171" />
    </ACTION>
    <ACTION m_id="31845" comment="">
      <token_anchor t_id="176" />
      <token_anchor t_id="177" />
    </ACTION>
    <ACTION m_id="31847" comment="">
      <token_anchor t_id="198" />
      <token_anchor t_id="199" />
    </ACTION>
    <ACTION m_id="31850" comment="">
      <token_anchor t_id="213" />
      <token_anchor t_id="214" />
    </ACTION>
    <ACTION m_id="31851" comment="">
      <token_anchor t_id="239" />
      <token_anchor t_id="240" />
    </ACTION>
    <ACTION m_id="31852" comment="">
      <token_anchor t_id="242" />
      <token_anchor t_id="243" />
    </ACTION>
    <ACTION m_id="31855" comment="">
      <token_anchor t_id="263" />
      <token_anchor t_id="264" />
    </ACTION>
    <ACTION m_id="31856" comment="">
      <token_anchor t_id="275" />
      <token_anchor t_id="276" />
    </ACTION>
    <ACTION m_id="31857" comment="">
      <token_anchor t_id="287" />
      <token_anchor t_id="288" />
    </ACTION>
    <ACTION m_id="31859" comment="">
      <token_anchor t_id="303" />
      <token_anchor t_id="304" />
    </ACTION>
    <ACTION m_id="31861" comment="">
      <token_anchor t_id="313" />
      <token_anchor t_id="314" />
    </ACTION>
    <ACTION m_id="31862" comment="">
      <token_anchor t_id="317" />
      <token_anchor t_id="318" />
    </ACTION>
    <ACTION m_id="31864" comment="">
      <token_anchor t_id="332" />
      <token_anchor t_id="333" />
    </ACTION>
    <ACTION m_id="31866" comment="">
      <token_anchor t_id="341" />
      <token_anchor t_id="342" />
    </ACTION>
    <ACTION m_id="31867" comment="">
      <token_anchor t_id="345" />
      <token_anchor t_id="346" />
    </ACTION>
  </Markables>
  <Relations>
    <PLOT_LINK r_id="2952" SIGNAL="" relType="causation" CAUSES="FALSE" CAUSED_BY="FALSE">
      <source m_id="31824" />
      <target m_id="31825" />
    </PLOT_LINK>
    <PLOT_LINK r_id="2953" SIGNAL="" relType="causation" CAUSES="FALSE" CAUSED_BY="FALSE">
      <source m_id="31826" />
      <target m_id="31828" />
    </PLOT_LINK>
    <PLOT_LINK r_id="2954" SIGNAL="" relType="causation" CAUSES="FALSE" CAUSED_BY="FALSE">
      <source m_id="31826" />
      <target m_id="31829" />
    </PLOT_LINK>
    <PLOT_LINK r_id="2955" SIGNAL="" relType="causation" CAUSES="FALSE" CAUSED_BY="FALSE">
      <source m_id="31834" />
      <target m_id="31835" />
    </PLOT_LINK>
    <PLOT_LINK r_id="2956" SIGNAL="" relType="causation" CAUSES="FALSE" CAUSED_BY="FALSE">
      <source m_id="31835" />
      <target m_id="31836" />
    </PLOT_LINK>
    <PLOT_LINK r_id="2957" SIGNAL="" relType="causation" CAUSES="FALSE" CAUSED_BY="FALSE">
      <source m_id="31834" />
      <target m_id="31837" />
    </PLOT_LINK>
    <PLOT_LINK r_id="2958" SIGNAL="" relType="causation" CAUSES="FALSE" CAUSED_BY="FALSE">
      <source m_id="31839" />
      <target m_id="31840" />
    </PLOT_LINK>
    <PLOT_LINK r_id="2959" SIGNAL="" relType="causation" CAUSES="FALSE" CAUSED_BY="FALSE">
      <source m_id="31843" />
      <target m_id="31845" />
    </PLOT_LINK>
    <PLOT_LINK r_id="2960" SIGNAL="" relType="causation" CAUSES="FALSE" CAUSED_BY="FALSE">
      <source m_id="31851" />
      <target m_id="31852" />
    </PLOT_LINK>
    <PLOT_LINK r_id="2961" SIGNAL="" relType="causation" CAUSES="FALSE" CAUSED_BY="FALSE">
      <source m_id="31850" />
      <target m_id="31851" />
    </PLOT_LINK>
    <PLOT_LINK r_id="2962" SIGNAL="" relType="causation" CAUSES="FALSE" CAUSED_BY="FALSE">
      <source m_id="31855" />
      <target m_id="31856" />
    </PLOT_LINK>
    <PLOT_LINK r_id="2963" SIGNAL="" relType="causation" CAUSES="FALSE" CAUSED_BY="FALSE">
      <source m_id="31857" />
      <target m_id="31859" />
    </PLOT_LINK>
  </Relations>
</Document>