<?xml version="1.0" encoding="UTF-8"?>
<Document doc_name="3014_ecbplus.xml.xml">
  <token t_id="1" sentence="0" number="0">记</token>
  <token t_id="2" sentence="0" number="1">者</token>
  <token t_id="3" sentence="0" number="2">从</token>
  <token t_id="4" sentence="0" number="3">青</token>
  <token t_id="5" sentence="0" number="4">海</token>
  <token t_id="6" sentence="0" number="5">省</token>
  <token t_id="7" sentence="0" number="6">公</token>
  <token t_id="8" sentence="0" number="7">安</token>
  <token t_id="9" sentence="0" number="8">厅</token>
  <token t_id="10" sentence="0" number="9">交</token>
  <token t_id="11" sentence="0" number="10">警</token>
  <token t_id="12" sentence="0" number="11">总</token>
  <token t_id="13" sentence="0" number="12">队</token>
  <token t_id="14" sentence="0" number="13">了</token>
  <token t_id="15" sentence="0" number="14">解</token>
  <token t_id="16" sentence="0" number="15">到</token>
  <token t_id="17" sentence="0" number="16">，</token>
  <token t_id="18" sentence="0" number="17">2</token>
  <token t_id="19" sentence="0" number="18">8</token>
  <token t_id="20" sentence="0" number="19">日</token>
  <token t_id="21" sentence="0" number="20">傍</token>
  <token t_id="22" sentence="0" number="21">晚</token>
  <token t_id="23" sentence="0" number="22">，</token>
  <token t_id="24" sentence="0" number="23">青</token>
  <token t_id="25" sentence="0" number="24">海</token>
  <token t_id="26" sentence="0" number="25">省</token>
  <token t_id="27" sentence="0" number="26">西</token>
  <token t_id="28" sentence="0" number="27">宁</token>
  <token t_id="29" sentence="0" number="28">市</token>
  <token t_id="30" sentence="0" number="29">湟</token>
  <token t_id="31" sentence="0" number="30">源</token>
  <token t_id="32" sentence="0" number="31">县</token>
  <token t_id="33" sentence="0" number="32">境</token>
  <token t_id="34" sentence="0" number="33">内</token>
  <token t_id="35" sentence="0" number="34">发</token>
  <token t_id="36" sentence="0" number="35">生</token>
  <token t_id="37" sentence="0" number="36">一</token>
  <token t_id="38" sentence="0" number="37">起</token>
  <token t_id="39" sentence="0" number="38">较</token>
  <token t_id="40" sentence="0" number="39">大</token>
  <token t_id="41" sentence="0" number="40">交</token>
  <token t_id="42" sentence="0" number="41">通</token>
  <token t_id="43" sentence="0" number="42">事</token>
  <token t_id="44" sentence="0" number="43">故</token>
  <token t_id="45" sentence="0" number="44">，</token>
  <token t_id="46" sentence="0" number="45">造</token>
  <token t_id="47" sentence="0" number="46">成</token>
  <token t_id="48" sentence="0" number="47">5</token>
  <token t_id="49" sentence="0" number="48">人</token>
  <token t_id="50" sentence="0" number="49">死</token>
  <token t_id="51" sentence="0" number="50">亡</token>
  <token t_id="52" sentence="0" number="51">6</token>
  <token t_id="53" sentence="0" number="52">人</token>
  <token t_id="54" sentence="0" number="53">受</token>
  <token t_id="55" sentence="0" number="54">伤</token>
  <token t_id="56" sentence="0" number="55">。</token>
  <token t_id="57" sentence="1" number="0">据</token>
  <token t_id="58" sentence="1" number="1">悉</token>
  <token t_id="59" sentence="1" number="2">，</token>
  <token t_id="60" sentence="1" number="3">2</token>
  <token t_id="61" sentence="1" number="4">8</token>
  <token t_id="62" sentence="1" number="5">日</token>
  <token t_id="63" sentence="1" number="6">1</token>
  <token t_id="64" sentence="1" number="7">8</token>
  <token t_id="65" sentence="1" number="8">时</token>
  <token t_id="66" sentence="1" number="9">4</token>
  <token t_id="67" sentence="1" number="10">0</token>
  <token t_id="68" sentence="1" number="11">分</token>
  <token t_id="69" sentence="1" number="12">许</token>
  <token t_id="70" sentence="1" number="13">，</token>
  <token t_id="71" sentence="1" number="14">一</token>
  <token t_id="72" sentence="1" number="15">台</token>
  <token t_id="73" sentence="1" number="16">牌</token>
  <token t_id="74" sentence="1" number="17">照</token>
  <token t_id="75" sentence="1" number="18">为</token>
  <token t_id="76" sentence="1" number="19">鲁</token>
  <token t_id="77" sentence="1" number="20">N</token>
  <token t_id="78" sentence="1" number="21">9</token>
  <token t_id="79" sentence="1" number="22">6</token>
  <token t_id="80" sentence="1" number="23">6</token>
  <token t_id="81" sentence="1" number="24">2</token>
  <token t_id="82" sentence="1" number="25">0</token>
  <token t_id="83" sentence="1" number="26">的</token>
  <token t_id="84" sentence="1" number="27">重</token>
  <token t_id="85" sentence="1" number="28">型</token>
  <token t_id="86" sentence="1" number="29">半</token>
  <token t_id="87" sentence="1" number="30">挂</token>
  <token t_id="88" sentence="1" number="31">牵</token>
  <token t_id="89" sentence="1" number="32">引</token>
  <token t_id="90" sentence="1" number="33">车</token>
  <token t_id="91" sentence="1" number="34">由</token>
  <token t_id="92" sentence="1" number="35">倒</token>
  <token t_id="93" sentence="1" number="36">淌</token>
  <token t_id="94" sentence="1" number="37">河</token>
  <token t_id="95" sentence="1" number="38">驶</token>
  <token t_id="96" sentence="1" number="39">往</token>
  <token t_id="97" sentence="1" number="40">西</token>
  <token t_id="98" sentence="1" number="41">宁</token>
  <token t_id="99" sentence="1" number="42">，</token>
  <token t_id="100" sentence="1" number="43">行</token>
  <token t_id="101" sentence="1" number="44">至</token>
  <token t_id="102" sentence="1" number="45">西</token>
  <token t_id="103" sentence="1" number="46">倒</token>
  <token t_id="104" sentence="1" number="47">一</token>
  <token t_id="105" sentence="1" number="48">级</token>
  <token t_id="106" sentence="1" number="49">公</token>
  <token t_id="107" sentence="1" number="50">路</token>
  <token t_id="108" sentence="1" number="51">约</token>
  <token t_id="109" sentence="1" number="52">7</token>
  <token t_id="110" sentence="1" number="53">2</token>
  <token t_id="111" sentence="1" number="54">公</token>
  <token t_id="112" sentence="1" number="55">里</token>
  <token t_id="113" sentence="1" number="56">处</token>
  <token t_id="114" sentence="1" number="57">的</token>
  <token t_id="115" sentence="1" number="58">长</token>
  <token t_id="116" sentence="1" number="59">下</token>
  <token t_id="117" sentence="1" number="60">坡</token>
  <token t_id="118" sentence="1" number="61">路</token>
  <token t_id="119" sentence="1" number="62">段</token>
  <token t_id="120" sentence="1" number="63">时</token>
  <token t_id="121" sentence="1" number="64">，</token>
  <token t_id="122" sentence="1" number="65">由</token>
  <token t_id="123" sentence="1" number="66">于</token>
  <token t_id="124" sentence="1" number="67">制</token>
  <token t_id="125" sentence="1" number="68">动</token>
  <token t_id="126" sentence="1" number="69">失</token>
  <token t_id="127" sentence="1" number="70">效</token>
  <token t_id="128" sentence="1" number="71">，</token>
  <token t_id="129" sentence="1" number="72">连</token>
  <token t_id="130" sentence="1" number="73">续</token>
  <token t_id="131" sentence="1" number="74">撞</token>
  <token t_id="132" sentence="1" number="75">击</token>
  <token t_id="133" sentence="1" number="76">同</token>
  <token t_id="134" sentence="1" number="77">向</token>
  <token t_id="135" sentence="1" number="78">行</token>
  <token t_id="136" sentence="1" number="79">驶</token>
  <token t_id="137" sentence="1" number="80">的</token>
  <token t_id="138" sentence="1" number="81">京</token>
  <token t_id="139" sentence="1" number="82">N</token>
  <token t_id="140" sentence="1" number="83">J</token>
  <token t_id="141" sentence="1" number="84">U</token>
  <token t_id="142" sentence="1" number="85">9</token>
  <token t_id="143" sentence="1" number="86">5</token>
  <token t_id="144" sentence="1" number="87">5</token>
  <token t_id="145" sentence="1" number="88">奔</token>
  <token t_id="146" sentence="1" number="89">驰</token>
  <token t_id="147" sentence="1" number="90">牌</token>
  <token t_id="148" sentence="1" number="91">小</token>
  <token t_id="149" sentence="1" number="92">型</token>
  <token t_id="150" sentence="1" number="93">越</token>
  <token t_id="151" sentence="1" number="94">野</token>
  <token t_id="152" sentence="1" number="95">车</token>
  <token t_id="153" sentence="1" number="96">、</token>
  <token t_id="154" sentence="1" number="97">鲁</token>
  <token t_id="155" sentence="1" number="98">H</token>
  <token t_id="156" sentence="1" number="99">W</token>
  <token t_id="157" sentence="1" number="100">Q</token>
  <token t_id="158" sentence="1" number="101">1</token>
  <token t_id="159" sentence="1" number="102">5</token>
  <token t_id="160" sentence="1" number="103">5</token>
  <token t_id="161" sentence="1" number="104">起</token>
  <token t_id="162" sentence="1" number="105">亚</token>
  <token t_id="163" sentence="1" number="106">牌</token>
  <token t_id="164" sentence="1" number="107">小</token>
  <token t_id="165" sentence="1" number="108">型</token>
  <token t_id="166" sentence="1" number="109">普</token>
  <token t_id="167" sentence="1" number="110">通</token>
  <token t_id="168" sentence="1" number="111">客</token>
  <token t_id="169" sentence="1" number="112">车</token>
  <token t_id="170" sentence="1" number="113">和</token>
  <token t_id="171" sentence="1" number="114">青</token>
  <token t_id="172" sentence="1" number="115">A</token>
  <token t_id="173" sentence="1" number="116">S</token>
  <token t_id="174" sentence="1" number="117">M</token>
  <token t_id="175" sentence="1" number="118">9</token>
  <token t_id="176" sentence="1" number="119">1</token>
  <token t_id="177" sentence="1" number="120">8</token>
  <token t_id="178" sentence="1" number="121">五</token>
  <token t_id="179" sentence="1" number="122">菱</token>
  <token t_id="180" sentence="1" number="123">牌</token>
  <token t_id="181" sentence="1" number="124">小</token>
  <token t_id="182" sentence="1" number="125">型</token>
  <token t_id="183" sentence="1" number="126">普</token>
  <token t_id="184" sentence="1" number="127">通</token>
  <token t_id="185" sentence="1" number="128">客</token>
  <token t_id="186" sentence="1" number="129">车</token>
  <token t_id="187" sentence="1" number="130">，</token>
  <token t_id="188" sentence="1" number="131">事</token>
  <token t_id="189" sentence="1" number="132">故</token>
  <token t_id="190" sentence="1" number="133">造</token>
  <token t_id="191" sentence="1" number="134">成</token>
  <token t_id="192" sentence="1" number="135">青</token>
  <token t_id="193" sentence="1" number="136">A</token>
  <token t_id="194" sentence="1" number="137">S</token>
  <token t_id="195" sentence="1" number="138">M</token>
  <token t_id="196" sentence="1" number="139">9</token>
  <token t_id="197" sentence="1" number="140">1</token>
  <token t_id="198" sentence="1" number="141">8</token>
  <token t_id="199" sentence="1" number="142">车</token>
  <token t_id="200" sentence="1" number="143">内</token>
  <token t_id="201" sentence="1" number="144">5</token>
  <token t_id="202" sentence="1" number="145">人</token>
  <token t_id="203" sentence="1" number="146">死</token>
  <token t_id="204" sentence="1" number="147">亡</token>
  <token t_id="205" sentence="1" number="148">，</token>
  <token t_id="206" sentence="1" number="149">一</token>
  <token t_id="207" sentence="1" number="150">共</token>
  <token t_id="208" sentence="1" number="151">有</token>
  <token t_id="209" sentence="1" number="152">6</token>
  <token t_id="210" sentence="1" number="153">人</token>
  <token t_id="211" sentence="1" number="154">受</token>
  <token t_id="212" sentence="1" number="155">伤</token>
  <token t_id="213" sentence="1" number="156">。</token>
  <token t_id="214" sentence="2" number="0">事</token>
  <token t_id="215" sentence="2" number="1">故</token>
  <token t_id="216" sentence="2" number="2">发</token>
  <token t_id="217" sentence="2" number="3">生</token>
  <token t_id="218" sentence="2" number="4">后</token>
  <token t_id="219" sentence="2" number="5">，</token>
  <token t_id="220" sentence="2" number="6">交</token>
  <token t_id="221" sentence="2" number="7">警</token>
  <token t_id="222" sentence="2" number="8">和</token>
  <token t_id="223" sentence="2" number="9">医</token>
  <token t_id="224" sentence="2" number="10">护</token>
  <token t_id="225" sentence="2" number="11">人</token>
  <token t_id="226" sentence="2" number="12">员</token>
  <token t_id="227" sentence="2" number="13">迅</token>
  <token t_id="228" sentence="2" number="14">速</token>
  <token t_id="229" sentence="2" number="15">赶</token>
  <token t_id="230" sentence="2" number="16">赴</token>
  <token t_id="231" sentence="2" number="17">现</token>
  <token t_id="232" sentence="2" number="18">场</token>
  <token t_id="233" sentence="2" number="19">进</token>
  <token t_id="234" sentence="2" number="20">行</token>
  <token t_id="235" sentence="2" number="21">处</token>
  <token t_id="236" sentence="2" number="22">理</token>
  <token t_id="237" sentence="2" number="23">。</token>
  <token t_id="238" sentence="3" number="0">目</token>
  <token t_id="239" sentence="3" number="1">前</token>
  <token t_id="240" sentence="3" number="2">，</token>
  <token t_id="241" sentence="3" number="3">6</token>
  <token t_id="242" sentence="3" number="4">名</token>
  <token t_id="243" sentence="3" number="5">伤</token>
  <token t_id="244" sentence="3" number="6">员</token>
  <token t_id="245" sentence="3" number="7">正</token>
  <token t_id="246" sentence="3" number="8">在</token>
  <token t_id="247" sentence="3" number="9">医</token>
  <token t_id="248" sentence="3" number="10">院</token>
  <token t_id="249" sentence="3" number="11">接</token>
  <token t_id="250" sentence="3" number="12">受</token>
  <token t_id="251" sentence="3" number="13">救</token>
  <token t_id="252" sentence="3" number="14">治</token>
  <token t_id="253" sentence="3" number="15">，</token>
  <token t_id="254" sentence="3" number="16">生</token>
  <token t_id="255" sentence="3" number="17">命</token>
  <token t_id="256" sentence="3" number="18">体</token>
  <token t_id="257" sentence="3" number="19">征</token>
  <token t_id="258" sentence="3" number="20">基</token>
  <token t_id="259" sentence="3" number="21">本</token>
  <token t_id="260" sentence="3" number="22">平</token>
  <token t_id="261" sentence="3" number="23">稳</token>
  <token t_id="262" sentence="3" number="24">。</token>
  <token t_id="263" sentence="4" number="0">现</token>
  <token t_id="264" sentence="4" number="1">场</token>
  <token t_id="265" sentence="4" number="2">勘</token>
  <token t_id="266" sentence="4" number="3">查</token>
  <token t_id="267" sentence="4" number="4">及</token>
  <token t_id="268" sentence="4" number="5">调</token>
  <token t_id="269" sentence="4" number="6">查</token>
  <token t_id="270" sentence="4" number="7">取</token>
  <token t_id="271" sentence="4" number="8">证</token>
  <token t_id="272" sentence="4" number="9">工</token>
  <token t_id="273" sentence="4" number="10">作</token>
  <token t_id="274" sentence="4" number="11">正</token>
  <token t_id="275" sentence="4" number="12">在</token>
  <token t_id="276" sentence="4" number="13">进</token>
  <token t_id="277" sentence="4" number="14">行</token>
  <token t_id="278" sentence="4" number="15">中</token>
  <Markables>
    <ACTION m_id="31868" comment="">
      <token_anchor t_id="14" />
      <token_anchor t_id="15" />
    </ACTION>
    <ACTION m_id="31869" comment="">
      <token_anchor t_id="35" />
      <token_anchor t_id="36" />
    </ACTION>
    <ACTION m_id="31870" comment="">
      <token_anchor t_id="50" />
      <token_anchor t_id="51" />
    </ACTION>
    <ACTION m_id="31871" comment="">
      <token_anchor t_id="54" />
      <token_anchor t_id="55" />
    </ACTION>
    <ACTION m_id="31872" comment="">
      <token_anchor t_id="57" />
      <token_anchor t_id="58" />
    </ACTION>
    <ACTION_CAUSATIVE m_id="31873" comment="">
      <token_anchor t_id="46" />
      <token_anchor t_id="47" />
    </ACTION_CAUSATIVE>
    <ACTION m_id="31874" comment="">
      <token_anchor t_id="95" />
      <token_anchor t_id="96" />
    </ACTION>
    <ACTION m_id="31876" comment="">
      <token_anchor t_id="126" />
      <token_anchor t_id="127" />
    </ACTION>
    <ACTION m_id="31878" comment="">
      <token_anchor t_id="131" />
      <token_anchor t_id="132" />
    </ACTION>
    <ACTION m_id="31880" comment="">
      <token_anchor t_id="190" />
      <token_anchor t_id="191" />
    </ACTION>
    <ACTION m_id="31881" comment="">
      <token_anchor t_id="203" />
      <token_anchor t_id="204" />
    </ACTION>
    <ACTION m_id="31882" comment="">
      <token_anchor t_id="211" />
      <token_anchor t_id="212" />
    </ACTION>
    <ACTION m_id="31883" comment="">
      <token_anchor t_id="216" />
      <token_anchor t_id="217" />
    </ACTION>
    <ACTION m_id="31884" comment="">
      <token_anchor t_id="229" />
      <token_anchor t_id="230" />
    </ACTION>
    <ACTION m_id="31885" comment="">
      <token_anchor t_id="235" />
      <token_anchor t_id="236" />
    </ACTION>
    <ACTION m_id="31887" comment="">
      <token_anchor t_id="251" />
      <token_anchor t_id="252" />
    </ACTION>
    <ACTION m_id="31888" comment="">
      <token_anchor t_id="265" />
      <token_anchor t_id="266" />
    </ACTION>
    <ACTION m_id="31889" comment="">
      <token_anchor t_id="268" />
      <token_anchor t_id="269" />
    </ACTION>
    <ACTION_CAUSATIVE m_id="52703" comment="">
      <token_anchor t_id="122" />
      <token_anchor t_id="123" />
    </ACTION_CAUSATIVE>
  </Markables>
  <Relations>
    <PLOT_LINK r_id="2964" SIGNAL="" relType="causation" CAUSES="FALSE" CAUSED_BY="FALSE">
      <source m_id="31869" />
      <target m_id="31870" />
    </PLOT_LINK>
    <PLOT_LINK r_id="2965" SIGNAL="" relType="causation" CAUSES="FALSE" CAUSED_BY="FALSE">
      <source m_id="31869" />
      <target m_id="31871" />
    </PLOT_LINK>
    <PLOT_LINK r_id="2966" SIGNAL="" relType="causation" CAUSES="FALSE" CAUSED_BY="FALSE">
      <source m_id="31876" />
      <target m_id="31878" />
    </PLOT_LINK>
    <PLOT_LINK r_id="2967" SIGNAL="" relType="causation" CAUSES="FALSE" CAUSED_BY="FALSE">
      <source m_id="31878" />
      <target m_id="31881" />
    </PLOT_LINK>
    <PLOT_LINK r_id="2968" SIGNAL="" relType="causation" CAUSES="FALSE" CAUSED_BY="FALSE">
      <source m_id="31878" />
      <target m_id="31882" />
    </PLOT_LINK>
    <PLOT_LINK r_id="2969" SIGNAL="" relType="causation" CAUSES="FALSE" CAUSED_BY="FALSE">
      <source m_id="31883" />
      <target m_id="31884" />
    </PLOT_LINK>
  </Relations>
</Document>