<?xml version="1.0" encoding="UTF-8"?>
<Document doc_name="3027_ecbplus.xml.xml">
  <token t_id="1" sentence="0" number="0">2</token>
  <token t_id="2" sentence="0" number="1">8</token>
  <token t_id="3" sentence="0" number="2">日</token>
  <token t_id="4" sentence="0" number="3">晚</token>
  <token t_id="5" sentence="0" number="4">，</token>
  <token t_id="6" sentence="0" number="5">四</token>
  <token t_id="7" sentence="0" number="6">川</token>
  <token t_id="8" sentence="0" number="7">省</token>
  <token t_id="9" sentence="0" number="8">内</token>
  <token t_id="10" sentence="0" number="9">江</token>
  <token t_id="11" sentence="0" number="10">市</token>
  <token t_id="12" sentence="0" number="11">资</token>
  <token t_id="13" sentence="0" number="12">中</token>
  <token t_id="14" sentence="0" number="13">县</token>
  <token t_id="15" sentence="0" number="14">公</token>
  <token t_id="16" sentence="0" number="15">安</token>
  <token t_id="17" sentence="0" number="16">局</token>
  <token t_id="18" sentence="0" number="17">交</token>
  <token t_id="19" sentence="0" number="18">通</token>
  <token t_id="20" sentence="0" number="19">警</token>
  <token t_id="21" sentence="0" number="20">察</token>
  <token t_id="22" sentence="0" number="21">大</token>
  <token t_id="23" sentence="0" number="22">队</token>
  <token t_id="24" sentence="0" number="23">官</token>
  <token t_id="25" sentence="0" number="24">方</token>
  <token t_id="26" sentence="0" number="25">微</token>
  <token t_id="27" sentence="0" number="26">博</token>
  <token t_id="28" sentence="0" number="27">@</token>
  <token t_id="29" sentence="0" number="28">资</token>
  <token t_id="30" sentence="0" number="29">中</token>
  <token t_id="31" sentence="0" number="30">交</token>
  <token t_id="32" sentence="0" number="31">警</token>
  <token t_id="33" sentence="0" number="32">发</token>
  <token t_id="34" sentence="0" number="33">布</token>
  <token t_id="35" sentence="0" number="34">警</token>
  <token t_id="36" sentence="0" number="35">情</token>
  <token t_id="37" sentence="0" number="36">通</token>
  <token t_id="38" sentence="0" number="37">报</token>
  <token t_id="39" sentence="0" number="38">：</token>
  <token t_id="40" sentence="0" number="39">2</token>
  <token t_id="41" sentence="0" number="40">0</token>
  <token t_id="42" sentence="0" number="41">2</token>
  <token t_id="43" sentence="0" number="42">1</token>
  <token t_id="44" sentence="0" number="43">年</token>
  <token t_id="45" sentence="0" number="44">1</token>
  <token t_id="46" sentence="0" number="45">月</token>
  <token t_id="47" sentence="0" number="46">2</token>
  <token t_id="48" sentence="0" number="47">8</token>
  <token t_id="49" sentence="0" number="48">日</token>
  <token t_id="50" sentence="0" number="49">1</token>
  <token t_id="51" sentence="0" number="50">1</token>
  <token t_id="52" sentence="0" number="51">时</token>
  <token t_id="53" sentence="0" number="52">1</token>
  <token t_id="54" sentence="0" number="53">5</token>
  <token t_id="55" sentence="0" number="54">分</token>
  <token t_id="56" sentence="0" number="55">许</token>
  <token t_id="57" sentence="0" number="56">，</token>
  <token t_id="58" sentence="0" number="57">资</token>
  <token t_id="59" sentence="0" number="58">中</token>
  <token t_id="60" sentence="0" number="59">县</token>
  <token t_id="61" sentence="0" number="60">发</token>
  <token t_id="62" sentence="0" number="61">生</token>
  <token t_id="63" sentence="0" number="62">一</token>
  <token t_id="64" sentence="0" number="63">起</token>
  <token t_id="65" sentence="0" number="64">交</token>
  <token t_id="66" sentence="0" number="65">通</token>
  <token t_id="67" sentence="0" number="66">事</token>
  <token t_id="68" sentence="0" number="67">故</token>
  <token t_id="69" sentence="0" number="68">，</token>
  <token t_id="70" sentence="0" number="69">事</token>
  <token t_id="71" sentence="0" number="70">故</token>
  <token t_id="72" sentence="0" number="71">发</token>
  <token t_id="73" sentence="0" number="72">生</token>
  <token t_id="74" sentence="0" number="73">后</token>
  <token t_id="75" sentence="0" number="74">，</token>
  <token t_id="76" sentence="0" number="75">资</token>
  <token t_id="77" sentence="0" number="76">中</token>
  <token t_id="78" sentence="0" number="77">县</token>
  <token t_id="79" sentence="0" number="78">公</token>
  <token t_id="80" sentence="0" number="79">安</token>
  <token t_id="81" sentence="0" number="80">、</token>
  <token t_id="82" sentence="0" number="81">交</token>
  <token t_id="83" sentence="0" number="82">通</token>
  <token t_id="84" sentence="0" number="83">、</token>
  <token t_id="85" sentence="0" number="84">1</token>
  <token t_id="86" sentence="0" number="85">2</token>
  <token t_id="87" sentence="0" number="86">0</token>
  <token t_id="88" sentence="0" number="87">等</token>
  <token t_id="89" sentence="0" number="88">立</token>
  <token t_id="90" sentence="0" number="89">即</token>
  <token t_id="91" sentence="0" number="90">前</token>
  <token t_id="92" sentence="0" number="91">往</token>
  <token t_id="93" sentence="0" number="92">处</token>
  <token t_id="94" sentence="0" number="93">置</token>
  <token t_id="95" sentence="0" number="94">，</token>
  <token t_id="96" sentence="0" number="95">开</token>
  <token t_id="97" sentence="0" number="96">展</token>
  <token t_id="98" sentence="0" number="97">相</token>
  <token t_id="99" sentence="0" number="98">关</token>
  <token t_id="100" sentence="0" number="99">工</token>
  <token t_id="101" sentence="0" number="100">作</token>
  <token t_id="102" sentence="0" number="101">。</token>
  <token t_id="103" sentence="1" number="0">经</token>
  <token t_id="104" sentence="1" number="1">初</token>
  <token t_id="105" sentence="1" number="2">查</token>
  <token t_id="106" sentence="1" number="3">，</token>
  <token t_id="107" sentence="1" number="4">事</token>
  <token t_id="108" sentence="1" number="5">发</token>
  <token t_id="109" sentence="1" number="6">时</token>
  <token t_id="110" sentence="1" number="7">，</token>
  <token t_id="111" sentence="1" number="8">兰</token>
  <token t_id="112" sentence="1" number="9">某</token>
  <token t_id="113" sentence="1" number="10">驾</token>
  <token t_id="114" sentence="1" number="11">驶</token>
  <token t_id="115" sentence="1" number="12">川</token>
  <token t_id="116" sentence="1" number="13">A</token>
  <token t_id="117" sentence="1" number="14">3</token>
  <token t_id="118" sentence="1" number="15">1</token>
  <token t_id="119" sentence="1" number="16">*</token>
  <token t_id="120" sentence="1" number="17">*</token>
  <token t_id="121" sentence="1" number="18">号</token>
  <token t_id="122" sentence="1" number="19">丰</token>
  <token t_id="123" sentence="1" number="20">田</token>
  <token t_id="124" sentence="1" number="21">牌</token>
  <token t_id="125" sentence="1" number="22">小</token>
  <token t_id="126" sentence="1" number="23">型</token>
  <token t_id="127" sentence="1" number="24">汽</token>
  <token t_id="128" sentence="1" number="25">车</token>
  <token t_id="129" sentence="1" number="26">行</token>
  <token t_id="130" sentence="1" number="27">至</token>
  <token t_id="131" sentence="1" number="28">高</token>
  <token t_id="132" sentence="1" number="29">楼</token>
  <token t_id="133" sentence="1" number="30">镇</token>
  <token t_id="134" sentence="1" number="31">桥</token>
  <token t_id="135" sentence="1" number="32">梁</token>
  <token t_id="136" sentence="1" number="33">村</token>
  <token t_id="137" sentence="1" number="34">7</token>
  <token t_id="138" sentence="1" number="35">组</token>
  <token t_id="139" sentence="1" number="36">时</token>
  <token t_id="140" sentence="1" number="37">，</token>
  <token t_id="141" sentence="1" number="38">小</token>
  <token t_id="142" sentence="1" number="39">型</token>
  <token t_id="143" sentence="1" number="40">汽</token>
  <token t_id="144" sentence="1" number="41">车</token>
  <token t_id="145" sentence="1" number="42">冲</token>
  <token t_id="146" sentence="1" number="43">出</token>
  <token t_id="147" sentence="1" number="44">公</token>
  <token t_id="148" sentence="1" number="45">路</token>
  <token t_id="149" sentence="1" number="46">，</token>
  <token t_id="150" sentence="1" number="47">坠</token>
  <token t_id="151" sentence="1" number="48">落</token>
  <token t_id="152" sentence="1" number="49">于</token>
  <token t_id="153" sentence="1" number="50">公</token>
  <token t_id="154" sentence="1" number="51">路</token>
  <token t_id="155" sentence="1" number="52">外</token>
  <token t_id="156" sentence="1" number="53">水</token>
  <token t_id="157" sentence="1" number="54">塘</token>
  <token t_id="158" sentence="1" number="55">内</token>
  <token t_id="159" sentence="1" number="56">，</token>
  <token t_id="160" sentence="1" number="57">造</token>
  <token t_id="161" sentence="1" number="58">成</token>
  <token t_id="162" sentence="1" number="59">车</token>
  <token t_id="163" sentence="1" number="60">上</token>
  <token t_id="164" sentence="1" number="61">人</token>
  <token t_id="165" sentence="1" number="62">员</token>
  <token t_id="166" sentence="1" number="63">兰</token>
  <token t_id="167" sentence="1" number="64">某</token>
  <token t_id="168" sentence="1" number="65">、</token>
  <token t_id="169" sentence="1" number="66">曾</token>
  <token t_id="170" sentence="1" number="67">某</token>
  <token t_id="171" sentence="1" number="68">某</token>
  <token t_id="172" sentence="1" number="69">当</token>
  <token t_id="173" sentence="1" number="70">场</token>
  <token t_id="174" sentence="1" number="71">死</token>
  <token t_id="175" sentence="1" number="72">亡</token>
  <token t_id="176" sentence="1" number="73">，</token>
  <token t_id="177" sentence="1" number="74">其</token>
  <token t_id="178" sentence="1" number="75">余</token>
  <token t_id="179" sentence="1" number="76">4</token>
  <token t_id="180" sentence="1" number="77">人</token>
  <token t_id="181" sentence="1" number="78">受</token>
  <token t_id="182" sentence="1" number="79">伤</token>
  <token t_id="183" sentence="1" number="80">。</token>
  <token t_id="184" sentence="2" number="0">目</token>
  <token t_id="185" sentence="2" number="1">前</token>
  <token t_id="186" sentence="2" number="2">，</token>
  <token t_id="187" sentence="2" number="3">4</token>
  <token t_id="188" sentence="2" number="4">名</token>
  <token t_id="189" sentence="2" number="5">伤</token>
  <token t_id="190" sentence="2" number="6">者</token>
  <token t_id="191" sentence="2" number="7">情</token>
  <token t_id="192" sentence="2" number="8">况</token>
  <token t_id="193" sentence="2" number="9">稳</token>
  <token t_id="194" sentence="2" number="10">定</token>
  <token t_id="195" sentence="2" number="11">，</token>
  <token t_id="196" sentence="2" number="12">无</token>
  <token t_id="197" sentence="2" number="13">生</token>
  <token t_id="198" sentence="2" number="14">命</token>
  <token t_id="199" sentence="2" number="15">危</token>
  <token t_id="200" sentence="2" number="16">险</token>
  <token t_id="201" sentence="2" number="17">，</token>
  <token t_id="202" sentence="2" number="18">事</token>
  <token t_id="203" sentence="2" number="19">故</token>
  <token t_id="204" sentence="2" number="20">情</token>
  <token t_id="205" sentence="2" number="21">况</token>
  <token t_id="206" sentence="2" number="22">正</token>
  <token t_id="207" sentence="2" number="23">进</token>
  <token t_id="208" sentence="2" number="24">一</token>
  <token t_id="209" sentence="2" number="25">步</token>
  <token t_id="210" sentence="2" number="26">调</token>
  <token t_id="211" sentence="2" number="27">查</token>
  <token t_id="212" sentence="2" number="28">处</token>
  <token t_id="213" sentence="2" number="29">理</token>
  <token t_id="214" sentence="2" number="30">中</token>
  <Markables>
    <ACTION m_id="32215" comment="">
      <token_anchor t_id="61" />
      <token_anchor t_id="62" />
    </ACTION>
    <ACTION m_id="32216" comment="">
      <token_anchor t_id="72" />
      <token_anchor t_id="73" />
    </ACTION>
    <ACTION m_id="32217" comment="">
      <token_anchor t_id="93" />
      <token_anchor t_id="94" />
    </ACTION>
    <ACTION m_id="32218" comment="">
      <token_anchor t_id="96" />
      <token_anchor t_id="97" />
    </ACTION>
    <ACTION m_id="32219" comment="">
      <token_anchor t_id="104" />
      <token_anchor t_id="105" />
    </ACTION>
    <ACTION m_id="32220" comment="">
      <token_anchor t_id="145" />
      <token_anchor t_id="146" />
    </ACTION>
    <ACTION m_id="32221" comment="">
      <token_anchor t_id="150" />
      <token_anchor t_id="151" />
    </ACTION>
    <ACTION_CAUSATIVE m_id="32222" comment="">
      <token_anchor t_id="160" />
      <token_anchor t_id="161" />
    </ACTION_CAUSATIVE>
    <ACTION m_id="32223" comment="">
      <token_anchor t_id="174" />
      <token_anchor t_id="175" />
    </ACTION>
    <ACTION m_id="32224" comment="">
      <token_anchor t_id="181" />
      <token_anchor t_id="182" />
    </ACTION>
    <ACTION m_id="32226" comment="">
      <token_anchor t_id="210" />
      <token_anchor t_id="211" />
    </ACTION>
  </Markables>
  <Relations>
    <PLOT_LINK r_id="3061" SIGNAL="" relType="causation" CAUSES="FALSE" CAUSED_BY="FALSE">
      <source m_id="32220" />
      <target m_id="32221" />
    </PLOT_LINK>
    <PLOT_LINK r_id="3062" SIGNAL="" relType="causation" CAUSES="FALSE" CAUSED_BY="FALSE">
      <source m_id="32221" />
      <target m_id="32223" />
    </PLOT_LINK>
    <PLOT_LINK r_id="3063" SIGNAL="" relType="causation" CAUSES="FALSE" CAUSED_BY="FALSE">
      <source m_id="32221" />
      <target m_id="32224" />
    </PLOT_LINK>
  </Relations>
</Document>