<?xml version="1.0" encoding="UTF-8"?>
<Document doc_name="3031_ecbplus.xml.xml">
  <token t_id="1" sentence="0" number="0">8</token>
  <token t_id="2" sentence="0" number="1">月</token>
  <token t_id="3" sentence="0" number="2">2</token>
  <token t_id="4" sentence="0" number="3">0</token>
  <token t_id="5" sentence="0" number="4">日</token>
  <token t_id="6" sentence="0" number="5">，</token>
  <token t_id="7" sentence="0" number="6">在</token>
  <token t_id="8" sentence="0" number="7">黑</token>
  <token t_id="9" sentence="0" number="8">龙</token>
  <token t_id="10" sentence="0" number="9">江</token>
  <token t_id="11" sentence="0" number="10">省</token>
  <token t_id="12" sentence="0" number="11">尚</token>
  <token t_id="13" sentence="0" number="12">志</token>
  <token t_id="14" sentence="0" number="13">市</token>
  <token t_id="15" sentence="0" number="14">尚</token>
  <token t_id="16" sentence="0" number="15">宾</token>
  <token t_id="17" sentence="0" number="16">公</token>
  <token t_id="18" sentence="0" number="17">路</token>
  <token t_id="19" sentence="0" number="18">发</token>
  <token t_id="20" sentence="0" number="19">生</token>
  <token t_id="21" sentence="0" number="20">一</token>
  <token t_id="22" sentence="0" number="21">起</token>
  <token t_id="23" sentence="0" number="22">特</token>
  <token t_id="24" sentence="0" number="23">大</token>
  <token t_id="25" sentence="0" number="24">交</token>
  <token t_id="26" sentence="0" number="25">通</token>
  <token t_id="27" sentence="0" number="26">事</token>
  <token t_id="28" sentence="0" number="27">故</token>
  <token t_id="29" sentence="0" number="28">，</token>
  <token t_id="30" sentence="0" number="29">造</token>
  <token t_id="31" sentence="0" number="30">成</token>
  <token t_id="32" sentence="0" number="31">8</token>
  <token t_id="33" sentence="0" number="32">人</token>
  <token t_id="34" sentence="0" number="33">死</token>
  <token t_id="35" sentence="0" number="34">亡</token>
  <token t_id="36" sentence="0" number="35">，</token>
  <token t_id="37" sentence="0" number="36">2</token>
  <token t_id="38" sentence="0" number="37">人</token>
  <token t_id="39" sentence="0" number="38">受</token>
  <token t_id="40" sentence="0" number="39">伤</token>
  <token t_id="41" sentence="0" number="40">。</token>
  <token t_id="42" sentence="1" number="0">当</token>
  <token t_id="43" sentence="1" number="1">日</token>
  <token t_id="44" sentence="1" number="2">上</token>
  <token t_id="45" sentence="1" number="3">午</token>
  <token t_id="46" sentence="1" number="4">1</token>
  <token t_id="47" sentence="1" number="5">0</token>
  <token t_id="48" sentence="1" number="6">时</token>
  <token t_id="49" sentence="1" number="7">许</token>
  <token t_id="50" sentence="1" number="8">，</token>
  <token t_id="51" sentence="1" number="9">尚</token>
  <token t_id="52" sentence="1" number="10">志</token>
  <token t_id="53" sentence="1" number="11">市</token>
  <token t_id="54" sentence="1" number="12">公</token>
  <token t_id="55" sentence="1" number="13">安</token>
  <token t_id="56" sentence="1" number="14">局</token>
  <token t_id="57" sentence="1" number="15">接</token>
  <token t_id="58" sentence="1" number="16">到</token>
  <token t_id="59" sentence="1" number="17">群</token>
  <token t_id="60" sentence="1" number="18">众</token>
  <token t_id="61" sentence="1" number="19">报</token>
  <token t_id="62" sentence="1" number="20">警</token>
  <token t_id="63" sentence="1" number="21">：</token>
  <token t_id="64" sentence="1" number="22">尚</token>
  <token t_id="65" sentence="1" number="23">宾</token>
  <token t_id="66" sentence="1" number="24">公</token>
  <token t_id="67" sentence="1" number="25">路</token>
  <token t_id="68" sentence="1" number="26">建</token>
  <token t_id="69" sentence="1" number="27">国</token>
  <token t_id="70" sentence="1" number="28">屯</token>
  <token t_id="71" sentence="1" number="29">附</token>
  <token t_id="72" sentence="1" number="30">近</token>
  <token t_id="73" sentence="1" number="31">一</token>
  <token t_id="74" sentence="1" number="32">辆</token>
  <token t_id="75" sentence="1" number="33">黑</token>
  <token t_id="76" sentence="1" number="34">L</token>
  <token t_id="77" sentence="1" number="35">5</token>
  <token t_id="78" sentence="1" number="36">6</token>
  <token t_id="79" sentence="1" number="37">0</token>
  <token t_id="80" sentence="1" number="38">1</token>
  <token t_id="81" sentence="1" number="39">8</token>
  <token t_id="82" sentence="1" number="40">号</token>
  <token t_id="83" sentence="1" number="41">翻</token>
  <token t_id="84" sentence="1" number="42">斗</token>
  <token t_id="85" sentence="1" number="43">车</token>
  <token t_id="86" sentence="1" number="44">发</token>
  <token t_id="87" sentence="1" number="45">生</token>
  <token t_id="88" sentence="1" number="46">交</token>
  <token t_id="89" sentence="1" number="47">通</token>
  <token t_id="90" sentence="1" number="48">事</token>
  <token t_id="91" sentence="1" number="49">故</token>
  <token t_id="92" sentence="1" number="50">，</token>
  <token t_id="93" sentence="1" number="51">有</token>
  <token t_id="94" sentence="1" number="52">人</token>
  <token t_id="95" sentence="1" number="53">死</token>
  <token t_id="96" sentence="1" number="54">亡</token>
  <token t_id="97" sentence="1" number="55">。</token>
  <token t_id="98" sentence="2" number="0">接</token>
  <token t_id="99" sentence="2" number="1">警</token>
  <token t_id="100" sentence="2" number="2">后</token>
  <token t_id="101" sentence="2" number="3">，</token>
  <token t_id="102" sentence="2" number="4">重</token>
  <token t_id="103" sentence="2" number="5">特</token>
  <token t_id="104" sentence="2" number="6">大</token>
  <token t_id="105" sentence="2" number="7">交</token>
  <token t_id="106" sentence="2" number="8">通</token>
  <token t_id="107" sentence="2" number="9">事</token>
  <token t_id="108" sentence="2" number="10">故</token>
  <token t_id="109" sentence="2" number="11">紧</token>
  <token t_id="110" sentence="2" number="12">急</token>
  <token t_id="111" sentence="2" number="13">处</token>
  <token t_id="112" sentence="2" number="14">理</token>
  <token t_id="113" sentence="2" number="15">预</token>
  <token t_id="114" sentence="2" number="16">案</token>
  <token t_id="115" sentence="2" number="17">随</token>
  <token t_id="116" sentence="2" number="18">即</token>
  <token t_id="117" sentence="2" number="19">启</token>
  <token t_id="118" sentence="2" number="20">动</token>
  <token t_id="119" sentence="2" number="21">。</token>
  <token t_id="120" sentence="3" number="0">经</token>
  <token t_id="121" sentence="3" number="1">警</token>
  <token t_id="122" sentence="3" number="2">方</token>
  <token t_id="123" sentence="3" number="3">和</token>
  <token t_id="124" sentence="3" number="4">消</token>
  <token t_id="125" sentence="3" number="5">防</token>
  <token t_id="126" sentence="3" number="6">部</token>
  <token t_id="127" sentence="3" number="7">门</token>
  <token t_id="128" sentence="3" number="8">联</token>
  <token t_id="129" sentence="3" number="9">合</token>
  <token t_id="130" sentence="3" number="10">救</token>
  <token t_id="131" sentence="3" number="11">援</token>
  <token t_id="132" sentence="3" number="12">，</token>
  <token t_id="133" sentence="3" number="13">2</token>
  <token t_id="134" sentence="3" number="14">名</token>
  <token t_id="135" sentence="3" number="15">受</token>
  <token t_id="136" sentence="3" number="16">伤</token>
  <token t_id="137" sentence="3" number="17">人</token>
  <token t_id="138" sentence="3" number="18">员</token>
  <token t_id="139" sentence="3" number="19">被</token>
  <token t_id="140" sentence="3" number="20">成</token>
  <token t_id="141" sentence="3" number="21">功</token>
  <token t_id="142" sentence="3" number="22">救</token>
  <token t_id="143" sentence="3" number="23">出</token>
  <token t_id="144" sentence="3" number="24">并</token>
  <token t_id="145" sentence="3" number="25">送</token>
  <token t_id="146" sentence="3" number="26">医</token>
  <token t_id="147" sentence="3" number="27">急</token>
  <token t_id="148" sentence="3" number="28">救</token>
  <token t_id="149" sentence="3" number="29">。</token>
  <token t_id="150" sentence="4" number="0">经</token>
  <token t_id="151" sentence="4" number="1">了</token>
  <token t_id="152" sentence="4" number="2">解</token>
  <token t_id="153" sentence="4" number="3">，</token>
  <token t_id="154" sentence="4" number="4">尚</token>
  <token t_id="155" sentence="4" number="5">志</token>
  <token t_id="156" sentence="4" number="6">镇</token>
  <token t_id="157" sentence="4" number="7">驾</token>
  <token t_id="158" sentence="4" number="8">驶</token>
  <token t_id="159" sentence="4" number="9">人</token>
  <token t_id="160" sentence="4" number="10">包</token>
  <token t_id="161" sentence="4" number="11">双</token>
  <token t_id="162" sentence="4" number="12">卿</token>
  <token t_id="163" sentence="4" number="13">驾</token>
  <token t_id="164" sentence="4" number="14">驶</token>
  <token t_id="165" sentence="4" number="15">解</token>
  <token t_id="166" sentence="4" number="16">放</token>
  <token t_id="167" sentence="4" number="17">牌</token>
  <token t_id="168" sentence="4" number="18">重</token>
  <token t_id="169" sentence="4" number="19">型</token>
  <token t_id="170" sentence="4" number="20">自</token>
  <token t_id="171" sentence="4" number="21">卸</token>
  <token t_id="172" sentence="4" number="22">货</token>
  <token t_id="173" sentence="4" number="23">车</token>
  <token t_id="174" sentence="4" number="24">装</token>
  <token t_id="175" sentence="4" number="25">载</token>
  <token t_id="176" sentence="4" number="26">一</token>
  <token t_id="177" sentence="4" number="27">车</token>
  <token t_id="178" sentence="4" number="28">石</token>
  <token t_id="179" sentence="4" number="29">料</token>
  <token t_id="180" sentence="4" number="30">，</token>
  <token t_id="181" sentence="4" number="31">由</token>
  <token t_id="182" sentence="4" number="32">南</token>
  <token t_id="183" sentence="4" number="33">向</token>
  <token t_id="184" sentence="4" number="34">北</token>
  <token t_id="185" sentence="4" number="35">行</token>
  <token t_id="186" sentence="4" number="36">驶</token>
  <token t_id="187" sentence="4" number="37">至</token>
  <token t_id="188" sentence="4" number="38">尚</token>
  <token t_id="189" sentence="4" number="39">宾</token>
  <token t_id="190" sentence="4" number="40">公</token>
  <token t_id="191" sentence="4" number="41">路</token>
  <token t_id="192" sentence="4" number="42">X</token>
  <token t_id="193" sentence="4" number="43">0</token>
  <token t_id="194" sentence="4" number="44">1</token>
  <token t_id="195" sentence="4" number="45">0</token>
  <token t_id="196" sentence="4" number="46">线</token>
  <token t_id="197" sentence="4" number="47">1</token>
  <token t_id="198" sentence="4" number="48">8</token>
  <token t_id="199" sentence="4" number="49">公</token>
  <token t_id="200" sentence="4" number="50">里</token>
  <token t_id="201" sentence="4" number="51">＋</token>
  <token t_id="202" sentence="4" number="52">5</token>
  <token t_id="203" sentence="4" number="53">6</token>
  <token t_id="204" sentence="4" number="54">0</token>
  <token t_id="205" sentence="4" number="55">米</token>
  <token t_id="206" sentence="4" number="56">处</token>
  <token t_id="207" sentence="4" number="57">时</token>
  <token t_id="208" sentence="4" number="58">，</token>
  <token t_id="209" sentence="4" number="59">追</token>
  <token t_id="210" sentence="4" number="60">尾</token>
  <token t_id="211" sentence="4" number="61">前</token>
  <token t_id="212" sentence="4" number="62">方</token>
  <token t_id="213" sentence="4" number="63">同</token>
  <token t_id="214" sentence="4" number="64">向</token>
  <token t_id="215" sentence="4" number="65">行</token>
  <token t_id="216" sentence="4" number="66">驶</token>
  <token t_id="217" sentence="4" number="67">的</token>
  <token t_id="218" sentence="4" number="68">手</token>
  <token t_id="219" sentence="4" number="69">扶</token>
  <token t_id="220" sentence="4" number="70">拖</token>
  <token t_id="221" sentence="4" number="71">拉</token>
  <token t_id="222" sentence="4" number="72">机</token>
  <token t_id="223" sentence="4" number="73">，</token>
  <token t_id="224" sentence="4" number="74">造</token>
  <token t_id="225" sentence="4" number="75">成</token>
  <token t_id="226" sentence="4" number="76">自</token>
  <token t_id="227" sentence="4" number="77">卸</token>
  <token t_id="228" sentence="4" number="78">货</token>
  <token t_id="229" sentence="4" number="79">车</token>
  <token t_id="230" sentence="4" number="80">右</token>
  <token t_id="231" sentence="4" number="81">翻</token>
  <token t_id="232" sentence="4" number="82">倒</token>
  <token t_id="233" sentence="4" number="83">在</token>
  <token t_id="234" sentence="4" number="84">路</token>
  <token t_id="235" sentence="4" number="85">边</token>
  <token t_id="236" sentence="4" number="86">农</token>
  <token t_id="237" sentence="4" number="87">田</token>
  <token t_id="238" sentence="4" number="88">里</token>
  <token t_id="239" sentence="4" number="89">，</token>
  <token t_id="240" sentence="4" number="90">当</token>
  <token t_id="241" sentence="4" number="91">场</token>
  <token t_id="242" sentence="4" number="92">造</token>
  <token t_id="243" sentence="4" number="93">成</token>
  <token t_id="244" sentence="4" number="94">8</token>
  <token t_id="245" sentence="4" number="95">人</token>
  <token t_id="246" sentence="4" number="96">死</token>
  <token t_id="247" sentence="4" number="97">亡</token>
  <token t_id="248" sentence="4" number="98">、</token>
  <token t_id="249" sentence="4" number="99">2</token>
  <token t_id="250" sentence="4" number="100">人</token>
  <token t_id="251" sentence="4" number="101">受</token>
  <token t_id="252" sentence="4" number="102">伤</token>
  <token t_id="253" sentence="4" number="103">。</token>
  <token t_id="254" sentence="5" number="0">目</token>
  <token t_id="255" sentence="5" number="1">前</token>
  <token t_id="256" sentence="5" number="2">，</token>
  <token t_id="257" sentence="5" number="3">由</token>
  <token t_id="258" sentence="5" number="4">安</token>
  <token t_id="259" sentence="5" number="5">监</token>
  <token t_id="260" sentence="5" number="6">部</token>
  <token t_id="261" sentence="5" number="7">门</token>
  <token t_id="262" sentence="5" number="8">、</token>
  <token t_id="263" sentence="5" number="9">警</token>
  <token t_id="264" sentence="5" number="10">方</token>
  <token t_id="265" sentence="5" number="11">等</token>
  <token t_id="266" sentence="5" number="12">相</token>
  <token t_id="267" sentence="5" number="13">关</token>
  <token t_id="268" sentence="5" number="14">部</token>
  <token t_id="269" sentence="5" number="15">门</token>
  <token t_id="270" sentence="5" number="16">着</token>
  <token t_id="271" sentence="5" number="17">手</token>
  <token t_id="272" sentence="5" number="18">组</token>
  <token t_id="273" sentence="5" number="19">成</token>
  <token t_id="274" sentence="5" number="20">的</token>
  <token t_id="275" sentence="5" number="21">“</token>
  <token t_id="276" sentence="5" number="22">8</token>
  <token t_id="277" sentence="5" number="23">.</token>
  <token t_id="278" sentence="5" number="24">2</token>
  <token t_id="279" sentence="5" number="25">0</token>
  <token t_id="280" sentence="5" number="26">”</token>
  <token t_id="281" sentence="5" number="27">事</token>
  <token t_id="282" sentence="5" number="28">故</token>
  <token t_id="283" sentence="5" number="29">处</token>
  <token t_id="284" sentence="5" number="30">理</token>
  <token t_id="285" sentence="5" number="31">小</token>
  <token t_id="286" sentence="5" number="32">组</token>
  <token t_id="287" sentence="5" number="33">，</token>
  <token t_id="288" sentence="5" number="34">妥</token>
  <token t_id="289" sentence="5" number="35">善</token>
  <token t_id="290" sentence="5" number="36">做</token>
  <token t_id="291" sentence="5" number="37">好</token>
  <token t_id="292" sentence="5" number="38">善</token>
  <token t_id="293" sentence="5" number="39">后</token>
  <token t_id="294" sentence="5" number="40">处</token>
  <token t_id="295" sentence="5" number="41">理</token>
  <token t_id="296" sentence="5" number="42">工</token>
  <token t_id="297" sentence="5" number="43">作</token>
  <token t_id="298" sentence="5" number="44">。</token>
  <token t_id="299" sentence="6" number="0">事</token>
  <token t_id="300" sentence="6" number="1">故</token>
  <token t_id="301" sentence="6" number="2">正</token>
  <token t_id="302" sentence="6" number="3">在</token>
  <token t_id="303" sentence="6" number="4">进</token>
  <token t_id="304" sentence="6" number="5">一</token>
  <token t_id="305" sentence="6" number="6">步</token>
  <token t_id="306" sentence="6" number="7">调</token>
  <token t_id="307" sentence="6" number="8">查</token>
  <token t_id="308" sentence="6" number="9">处</token>
  <token t_id="309" sentence="6" number="10">理</token>
  <token t_id="310" sentence="6" number="11">中</token>
  <Markables>
    <ACTION m_id="32306" comment="">
      <token_anchor t_id="19" />
      <token_anchor t_id="20" />
    </ACTION>
    <ACTION m_id="32307" comment="">
      <token_anchor t_id="34" />
      <token_anchor t_id="35" />
    </ACTION>
    <ACTION m_id="32308" comment="">
      <token_anchor t_id="39" />
      <token_anchor t_id="40" />
    </ACTION>
    <ACTION m_id="32309" comment="">
      <token_anchor t_id="57" />
      <token_anchor t_id="58" />
    </ACTION>
    <ACTION_CAUSATIVE m_id="32311" comment="">
      <token_anchor t_id="30" />
      <token_anchor t_id="31" />
    </ACTION_CAUSATIVE>
    <ACTION m_id="32312" comment="">
      <token_anchor t_id="86" />
      <token_anchor t_id="87" />
    </ACTION>
    <ACTION m_id="32313" comment="">
      <token_anchor t_id="95" />
      <token_anchor t_id="96" />
    </ACTION>
    <ACTION m_id="32314" comment="">
      <token_anchor t_id="98" />
      <token_anchor t_id="99" />
    </ACTION>
    <ACTION m_id="32315" comment="">
      <token_anchor t_id="117" />
      <token_anchor t_id="118" />
    </ACTION>
    <ACTION m_id="32317" comment="">
      <token_anchor t_id="130" />
      <token_anchor t_id="131" />
    </ACTION>
    <ACTION m_id="32320" comment="">
      <token_anchor t_id="142" />
      <token_anchor t_id="143" />
    </ACTION>
    <ACTION m_id="32321" comment="">
      <token_anchor t_id="145" />
      <token_anchor t_id="146" />
    </ACTION>
    <ACTION m_id="32322" comment="">
      <token_anchor t_id="147" />
      <token_anchor t_id="148" />
    </ACTION>
    <ACTION m_id="32323" comment="">
      <token_anchor t_id="151" />
      <token_anchor t_id="152" />
    </ACTION>
    <ACTION m_id="32324" comment="">
      <token_anchor t_id="174" />
      <token_anchor t_id="175" />
    </ACTION>
    <ACTION m_id="32325" comment="">
      <token_anchor t_id="186" />
      <token_anchor t_id="187" />
    </ACTION>
    <ACTION m_id="32326" comment="">
      <token_anchor t_id="209" />
      <token_anchor t_id="210" />
    </ACTION>
    <ACTION_CAUSATIVE m_id="32329" comment="">
      <token_anchor t_id="224" />
      <token_anchor t_id="225" />
    </ACTION_CAUSATIVE>
    <ACTION m_id="32330" comment="">
      <token_anchor t_id="231" />
      <token_anchor t_id="232" />
    </ACTION>
    <ACTION_CAUSATIVE m_id="32331" comment="">
      <token_anchor t_id="242" />
      <token_anchor t_id="243" />
    </ACTION_CAUSATIVE>
    <ACTION m_id="32332" comment="">
      <token_anchor t_id="246" />
      <token_anchor t_id="247" />
    </ACTION>
    <ACTION m_id="32333" comment="">
      <token_anchor t_id="251" />
      <token_anchor t_id="252" />
    </ACTION>
    <ACTION m_id="32334" comment="">
      <token_anchor t_id="272" />
      <token_anchor t_id="273" />
    </ACTION>
    <ACTION m_id="32335" comment="">
      <token_anchor t_id="283" />
      <token_anchor t_id="284" />
    </ACTION>
    <ACTION m_id="32336" comment="">
      <token_anchor t_id="290" />
      <token_anchor t_id="291" />
    </ACTION>
    <ACTION m_id="32337" comment="">
      <token_anchor t_id="292" />
      <token_anchor t_id="293" />
    </ACTION>
    <ACTION m_id="32338" comment="">
      <token_anchor t_id="294" />
      <token_anchor t_id="295" />
    </ACTION>
    <ACTION m_id="32340" comment="">
      <token_anchor t_id="306" />
      <token_anchor t_id="307" />
    </ACTION>
  </Markables>
  <Relations>
    <PLOT_LINK r_id="3089" SIGNAL="" relType="causation" CAUSES="FALSE" CAUSED_BY="FALSE">
      <source m_id="32306" />
      <target m_id="32307" />
    </PLOT_LINK>
    <PLOT_LINK r_id="3090" SIGNAL="" relType="causation" CAUSES="FALSE" CAUSED_BY="FALSE">
      <source m_id="32306" />
      <target m_id="32308" />
    </PLOT_LINK>
    <PLOT_LINK r_id="3091" SIGNAL="" relType="causation" CAUSES="FALSE" CAUSED_BY="FALSE">
      <source m_id="32312" />
      <target m_id="32313" />
    </PLOT_LINK>
    <PLOT_LINK r_id="3092" SIGNAL="" relType="causation" CAUSES="FALSE" CAUSED_BY="FALSE">
      <source m_id="32314" />
      <target m_id="32315" />
    </PLOT_LINK>
    <PLOT_LINK r_id="3093" SIGNAL="" relType="causation" CAUSES="FALSE" CAUSED_BY="FALSE">
      <source m_id="32317" />
      <target m_id="32320" />
    </PLOT_LINK>
    <PLOT_LINK r_id="3094" SIGNAL="" relType="causation" CAUSES="FALSE" CAUSED_BY="FALSE">
      <source m_id="32326" />
      <target m_id="32330" />
    </PLOT_LINK>
    <PLOT_LINK r_id="3095" SIGNAL="" relType="causation" CAUSES="FALSE" CAUSED_BY="FALSE">
      <source m_id="32330" />
      <target m_id="32332" />
    </PLOT_LINK>
    <PLOT_LINK r_id="3096" SIGNAL="" relType="causation" CAUSES="FALSE" CAUSED_BY="FALSE">
      <source m_id="32330" />
      <target m_id="32333" />
    </PLOT_LINK>
    <PLOT_LINK r_id="3097" SIGNAL="" relType="causation" CAUSES="FALSE" CAUSED_BY="FALSE">
      <source m_id="32326" />
      <target m_id="32332" />
    </PLOT_LINK>
    <PLOT_LINK r_id="3098" SIGNAL="" relType="causation" CAUSES="FALSE" CAUSED_BY="FALSE">
      <source m_id="32326" />
      <target m_id="32333" />
    </PLOT_LINK>
  </Relations>
</Document>