<?xml version="1.0" encoding="UTF-8"?>
<Document doc_name="3033_ecbplus.xml.xml">
  <token t_id="1" sentence="0" number="0">现</token>
  <token t_id="2" sentence="0" number="1">场</token>
  <token t_id="3" sentence="0" number="2">图</token>
  <token t_id="4" sentence="0" number="3">现</token>
  <token t_id="5" sentence="0" number="4">场</token>
  <token t_id="6" sentence="0" number="5">图</token>
  <token t_id="7" sentence="0" number="6">现</token>
  <token t_id="8" sentence="0" number="7">场</token>
  <token t_id="9" sentence="0" number="8">图</token>
  <token t_id="10" sentence="0" number="9">9</token>
  <token t_id="11" sentence="0" number="10">月</token>
  <token t_id="12" sentence="0" number="11">3</token>
  <token t_id="13" sentence="0" number="12">日</token>
  <token t_id="14" sentence="0" number="13">凌</token>
  <token t_id="15" sentence="0" number="14">晨</token>
  <token t_id="16" sentence="0" number="15">4</token>
  <token t_id="17" sentence="0" number="16">时</token>
  <token t_id="18" sentence="0" number="17">5</token>
  <token t_id="19" sentence="0" number="18">4</token>
  <token t_id="20" sentence="0" number="19">分</token>
  <token t_id="21" sentence="0" number="20">，</token>
  <token t_id="22" sentence="0" number="21">一</token>
  <token t_id="23" sentence="0" number="22">辆</token>
  <token t_id="24" sentence="0" number="23">车</token>
  <token t_id="25" sentence="0" number="24">牌</token>
  <token t_id="26" sentence="0" number="25">号</token>
  <token t_id="27" sentence="0" number="26">为</token>
  <token t_id="28" sentence="0" number="27">豫</token>
  <token t_id="29" sentence="0" number="28">D</token>
  <token t_id="30" sentence="0" number="29">5</token>
  <token t_id="31" sentence="0" number="30">0</token>
  <token t_id="32" sentence="0" number="31">9</token>
  <token t_id="33" sentence="0" number="32">9</token>
  <token t_id="34" sentence="0" number="33">9</token>
  <token t_id="35" sentence="0" number="34">的</token>
  <token t_id="36" sentence="0" number="35">宇</token>
  <token t_id="37" sentence="0" number="36">通</token>
  <token t_id="38" sentence="0" number="37">牌</token>
  <token t_id="39" sentence="0" number="38">客</token>
  <token t_id="40" sentence="0" number="39">车</token>
  <token t_id="41" sentence="0" number="40">行</token>
  <token t_id="42" sentence="0" number="41">至</token>
  <token t_id="43" sentence="0" number="42">S</token>
  <token t_id="44" sentence="0" number="43">2</token>
  <token t_id="45" sentence="0" number="44">4</token>
  <token t_id="46" sentence="0" number="45">1</token>
  <token t_id="47" sentence="0" number="46">线</token>
  <token t_id="48" sentence="0" number="47">宝</token>
  <token t_id="49" sentence="0" number="48">丰</token>
  <token t_id="50" sentence="0" number="49">县</token>
  <token t_id="51" sentence="0" number="50">肖</token>
  <token t_id="52" sentence="0" number="51">旗</token>
  <token t_id="53" sentence="0" number="52">乡</token>
  <token t_id="54" sentence="0" number="53">小</token>
  <token t_id="55" sentence="0" number="54">李</token>
  <token t_id="56" sentence="0" number="55">庄</token>
  <token t_id="57" sentence="0" number="56">路</token>
  <token t_id="58" sentence="0" number="57">段</token>
  <token t_id="59" sentence="0" number="58">时</token>
  <token t_id="60" sentence="0" number="59">发</token>
  <token t_id="61" sentence="0" number="60">生</token>
  <token t_id="62" sentence="0" number="61">事</token>
  <token t_id="63" sentence="0" number="62">故</token>
  <token t_id="64" sentence="0" number="63">，</token>
  <token t_id="65" sentence="0" number="64">事</token>
  <token t_id="66" sentence="0" number="65">故</token>
  <token t_id="67" sentence="0" number="66">造</token>
  <token t_id="68" sentence="0" number="67">成</token>
  <token t_id="69" sentence="0" number="68">2</token>
  <token t_id="70" sentence="0" number="69">人</token>
  <token t_id="71" sentence="0" number="70">死</token>
  <token t_id="72" sentence="0" number="71">亡</token>
  <token t_id="73" sentence="0" number="72">，</token>
  <token t_id="74" sentence="0" number="73">1</token>
  <token t_id="75" sentence="0" number="74">5</token>
  <token t_id="76" sentence="0" number="75">人</token>
  <token t_id="77" sentence="0" number="76">受</token>
  <token t_id="78" sentence="0" number="77">伤</token>
  <token t_id="79" sentence="0" number="78">。</token>
  <token t_id="80" sentence="1" number="0">经</token>
  <token t_id="81" sentence="1" number="1">调</token>
  <token t_id="82" sentence="1" number="2">查</token>
  <token t_id="83" sentence="1" number="3">了</token>
  <token t_id="84" sentence="1" number="4">解</token>
  <token t_id="85" sentence="1" number="5">，</token>
  <token t_id="86" sentence="1" number="6">该</token>
  <token t_id="87" sentence="1" number="7">车</token>
  <token t_id="88" sentence="1" number="8">是</token>
  <token t_id="89" sentence="1" number="9">汝</token>
  <token t_id="90" sentence="1" number="10">州</token>
  <token t_id="91" sentence="1" number="11">市</token>
  <token t_id="92" sentence="1" number="12">汽</token>
  <token t_id="93" sentence="1" number="13">车</token>
  <token t_id="94" sentence="1" number="14">客</token>
  <token t_id="95" sentence="1" number="15">运</token>
  <token t_id="96" sentence="1" number="16">公</token>
  <token t_id="97" sentence="1" number="17">司</token>
  <token t_id="98" sentence="1" number="18">的</token>
  <token t_id="99" sentence="1" number="19">班</token>
  <token t_id="100" sentence="1" number="20">车</token>
  <token t_id="101" sentence="1" number="21">，</token>
  <token t_id="102" sentence="1" number="22">当</token>
  <token t_id="103" sentence="1" number="23">时</token>
  <token t_id="104" sentence="1" number="24">由</token>
  <token t_id="105" sentence="1" number="25">驾</token>
  <token t_id="106" sentence="1" number="26">驶</token>
  <token t_id="107" sentence="1" number="27">员</token>
  <token t_id="108" sentence="1" number="28">许</token>
  <token t_id="109" sentence="1" number="29">某</token>
  <token t_id="110" sentence="1" number="30">驾</token>
  <token t_id="111" sentence="1" number="31">驶</token>
  <token t_id="112" sentence="1" number="32">从</token>
  <token t_id="113" sentence="1" number="33">汝</token>
  <token t_id="114" sentence="1" number="34">州</token>
  <token t_id="115" sentence="1" number="35">出</token>
  <token t_id="116" sentence="1" number="36">发</token>
  <token t_id="117" sentence="1" number="37">驶</token>
  <token t_id="118" sentence="1" number="38">往</token>
  <token t_id="119" sentence="1" number="39">商</token>
  <token t_id="120" sentence="1" number="40">丘</token>
  <token t_id="121" sentence="1" number="41">。</token>
  <token t_id="122" sentence="2" number="0">该</token>
  <token t_id="123" sentence="2" number="1">车</token>
  <token t_id="124" sentence="2" number="2">核</token>
  <token t_id="125" sentence="2" number="3">载</token>
  <token t_id="126" sentence="2" number="4">3</token>
  <token t_id="127" sentence="2" number="5">5</token>
  <token t_id="128" sentence="2" number="6">人</token>
  <token t_id="129" sentence="2" number="7">，</token>
  <token t_id="130" sentence="2" number="8">实</token>
  <token t_id="131" sentence="2" number="9">载</token>
  <token t_id="132" sentence="2" number="10">1</token>
  <token t_id="133" sentence="2" number="11">7</token>
  <token t_id="134" sentence="2" number="12">人</token>
  <token t_id="135" sentence="2" number="13">，</token>
  <token t_id="136" sentence="2" number="14">其</token>
  <token t_id="137" sentence="2" number="15">中</token>
  <token t_id="138" sentence="2" number="16">有</token>
  <token t_id="139" sentence="2" number="17">1</token>
  <token t_id="140" sentence="2" number="18">1</token>
  <token t_id="141" sentence="2" number="19">人</token>
  <token t_id="142" sentence="2" number="20">为</token>
  <token t_id="143" sentence="2" number="21">按</token>
  <token t_id="144" sentence="2" number="22">要</token>
  <token t_id="145" sentence="2" number="23">求</token>
  <token t_id="146" sentence="2" number="24">自</token>
  <token t_id="147" sentence="2" number="25">行</token>
  <token t_id="148" sentence="2" number="26">到</token>
  <token t_id="149" sentence="2" number="27">商</token>
  <token t_id="150" sentence="2" number="28">丘</token>
  <token t_id="151" sentence="2" number="29">师</token>
  <token t_id="152" sentence="2" number="30">院</token>
  <token t_id="153" sentence="2" number="31">参</token>
  <token t_id="154" sentence="2" number="32">加</token>
  <token t_id="155" sentence="2" number="33">国</token>
  <token t_id="156" sentence="2" number="34">培</token>
  <token t_id="157" sentence="2" number="35">的</token>
  <token t_id="158" sentence="2" number="36">汝</token>
  <token t_id="159" sentence="2" number="37">州</token>
  <token t_id="160" sentence="2" number="38">市</token>
  <token t_id="161" sentence="2" number="39">各</token>
  <token t_id="162" sentence="2" number="40">乡</token>
  <token t_id="163" sentence="2" number="41">镇</token>
  <token t_id="164" sentence="2" number="42">骨</token>
  <token t_id="165" sentence="2" number="43">干</token>
  <token t_id="166" sentence="2" number="44">教</token>
  <token t_id="167" sentence="2" number="45">师</token>
  <token t_id="168" sentence="2" number="46">。</token>
  <token t_id="169" sentence="3" number="0">9</token>
  <token t_id="170" sentence="3" number="1">月</token>
  <token t_id="171" sentence="3" number="2">3</token>
  <token t_id="172" sentence="3" number="3">日</token>
  <token t_id="173" sentence="3" number="4">凌</token>
  <token t_id="174" sentence="3" number="5">晨</token>
  <token t_id="175" sentence="3" number="6">4</token>
  <token t_id="176" sentence="3" number="7">时</token>
  <token t_id="177" sentence="3" number="8">5</token>
  <token t_id="178" sentence="3" number="9">4</token>
  <token t_id="179" sentence="3" number="10">分</token>
  <token t_id="180" sentence="3" number="11">，</token>
  <token t_id="181" sentence="3" number="12">该</token>
  <token t_id="182" sentence="3" number="13">车</token>
  <token t_id="183" sentence="3" number="14">行</token>
  <token t_id="184" sentence="3" number="15">驶</token>
  <token t_id="185" sentence="3" number="16">至</token>
  <token t_id="186" sentence="3" number="17">S</token>
  <token t_id="187" sentence="3" number="18">2</token>
  <token t_id="188" sentence="3" number="19">4</token>
  <token t_id="189" sentence="3" number="20">1</token>
  <token t_id="190" sentence="3" number="21">线</token>
  <token t_id="191" sentence="3" number="22">宝</token>
  <token t_id="192" sentence="3" number="23">丰</token>
  <token t_id="193" sentence="3" number="24">县</token>
  <token t_id="194" sentence="3" number="25">肖</token>
  <token t_id="195" sentence="3" number="26">旗</token>
  <token t_id="196" sentence="3" number="27">乡</token>
  <token t_id="197" sentence="3" number="28">小</token>
  <token t_id="198" sentence="3" number="29">李</token>
  <token t_id="199" sentence="3" number="30">庄</token>
  <token t_id="200" sentence="3" number="31">路</token>
  <token t_id="201" sentence="3" number="32">段</token>
  <token t_id="202" sentence="3" number="33">时</token>
  <token t_id="203" sentence="3" number="34">，</token>
  <token t_id="204" sentence="3" number="35">发</token>
  <token t_id="205" sentence="3" number="36">生</token>
  <token t_id="206" sentence="3" number="37">车</token>
  <token t_id="207" sentence="3" number="38">辆</token>
  <token t_id="208" sentence="3" number="39">侧</token>
  <token t_id="209" sentence="3" number="40">翻</token>
  <token t_id="210" sentence="3" number="41">的</token>
  <token t_id="211" sentence="3" number="42">单</token>
  <token t_id="212" sentence="3" number="43">方</token>
  <token t_id="213" sentence="3" number="44">交</token>
  <token t_id="214" sentence="3" number="45">通</token>
  <token t_id="215" sentence="3" number="46">事</token>
  <token t_id="216" sentence="3" number="47">故</token>
  <token t_id="217" sentence="3" number="48">，</token>
  <token t_id="218" sentence="3" number="49">造</token>
  <token t_id="219" sentence="3" number="50">成</token>
  <token t_id="220" sentence="3" number="51">1</token>
  <token t_id="221" sentence="3" number="52">人</token>
  <token t_id="222" sentence="3" number="53">当</token>
  <token t_id="223" sentence="3" number="54">场</token>
  <token t_id="224" sentence="3" number="55">死</token>
  <token t_id="225" sentence="3" number="56">亡</token>
  <token t_id="226" sentence="3" number="57">，</token>
  <token t_id="227" sentence="3" number="58">1</token>
  <token t_id="228" sentence="3" number="59">人</token>
  <token t_id="229" sentence="3" number="60">经</token>
  <token t_id="230" sentence="3" number="61">抢</token>
  <token t_id="231" sentence="3" number="62">救</token>
  <token t_id="232" sentence="3" number="63">无</token>
  <token t_id="233" sentence="3" number="64">效</token>
  <token t_id="234" sentence="3" number="65">死</token>
  <token t_id="235" sentence="3" number="66">亡</token>
  <token t_id="236" sentence="3" number="67">，</token>
  <token t_id="237" sentence="3" number="68">1</token>
  <token t_id="238" sentence="3" number="69">5</token>
  <token t_id="239" sentence="3" number="70">人</token>
  <token t_id="240" sentence="3" number="71">不</token>
  <token t_id="241" sentence="3" number="72">同</token>
  <token t_id="242" sentence="3" number="73">程</token>
  <token t_id="243" sentence="3" number="74">度</token>
  <token t_id="244" sentence="3" number="75">受</token>
  <token t_id="245" sentence="3" number="76">伤</token>
  <token t_id="246" sentence="3" number="77">。</token>
  <token t_id="247" sentence="4" number="0">事</token>
  <token t_id="248" sentence="4" number="1">故</token>
  <token t_id="249" sentence="4" number="2">发</token>
  <token t_id="250" sentence="4" number="3">生</token>
  <token t_id="251" sentence="4" number="4">后</token>
  <token t_id="252" sentence="4" number="5">，</token>
  <token t_id="253" sentence="4" number="6">汝</token>
  <token t_id="254" sentence="4" number="7">州</token>
  <token t_id="255" sentence="4" number="8">市</token>
  <token t_id="256" sentence="4" number="9">委</token>
  <token t_id="257" sentence="4" number="10">书</token>
  <token t_id="258" sentence="4" number="11">记</token>
  <token t_id="259" sentence="4" number="12">高</token>
  <token t_id="260" sentence="4" number="13">建</token>
  <token t_id="261" sentence="4" number="14">军</token>
  <token t_id="262" sentence="4" number="15">高</token>
  <token t_id="263" sentence="4" number="16">度</token>
  <token t_id="264" sentence="4" number="17">重</token>
  <token t_id="265" sentence="4" number="18">视</token>
  <token t_id="266" sentence="4" number="19">，</token>
  <token t_id="267" sentence="4" number="20">要</token>
  <token t_id="268" sentence="4" number="21">求</token>
  <token t_id="269" sentence="4" number="22">有</token>
  <token t_id="270" sentence="4" number="23">关</token>
  <token t_id="271" sentence="4" number="24">部</token>
  <token t_id="272" sentence="4" number="25">门</token>
  <token t_id="273" sentence="4" number="26">全</token>
  <token t_id="274" sentence="4" number="27">力</token>
  <token t_id="275" sentence="4" number="28">以</token>
  <token t_id="276" sentence="4" number="29">赴</token>
  <token t_id="277" sentence="4" number="30">抢</token>
  <token t_id="278" sentence="4" number="31">救</token>
  <token t_id="279" sentence="4" number="32">伤</token>
  <token t_id="280" sentence="4" number="33">员</token>
  <token t_id="281" sentence="4" number="34">，</token>
  <token t_id="282" sentence="4" number="35">积</token>
  <token t_id="283" sentence="4" number="36">极</token>
  <token t_id="284" sentence="4" number="37">稳</token>
  <token t_id="285" sentence="4" number="38">妥</token>
  <token t_id="286" sentence="4" number="39">做</token>
  <token t_id="287" sentence="4" number="40">好</token>
  <token t_id="288" sentence="4" number="41">善</token>
  <token t_id="289" sentence="4" number="42">后</token>
  <token t_id="290" sentence="4" number="43">工</token>
  <token t_id="291" sentence="4" number="44">作</token>
  <token t_id="292" sentence="4" number="45">。</token>
  <token t_id="293" sentence="5" number="0">汝</token>
  <token t_id="294" sentence="5" number="1">州</token>
  <token t_id="295" sentence="5" number="2">市</token>
  <token t_id="296" sentence="5" number="3">教</token>
  <token t_id="297" sentence="5" number="4">育</token>
  <token t_id="298" sentence="5" number="5">、</token>
  <token t_id="299" sentence="5" number="6">交</token>
  <token t_id="300" sentence="5" number="7">通</token>
  <token t_id="301" sentence="5" number="8">、</token>
  <token t_id="302" sentence="5" number="9">公</token>
  <token t_id="303" sentence="5" number="10">安</token>
  <token t_id="304" sentence="5" number="11">、</token>
  <token t_id="305" sentence="5" number="12">卫</token>
  <token t_id="306" sentence="5" number="13">生</token>
  <token t_id="307" sentence="5" number="14">等</token>
  <token t_id="308" sentence="5" number="15">相</token>
  <token t_id="309" sentence="5" number="16">关</token>
  <token t_id="310" sentence="5" number="17">部</token>
  <token t_id="311" sentence="5" number="18">门</token>
  <token t_id="312" sentence="5" number="19">人</token>
  <token t_id="313" sentence="5" number="20">员</token>
  <token t_id="314" sentence="5" number="21">，</token>
  <token t_id="315" sentence="5" number="22">在</token>
  <token t_id="316" sentence="5" number="23">汝</token>
  <token t_id="317" sentence="5" number="24">州</token>
  <token t_id="318" sentence="5" number="25">和</token>
  <token t_id="319" sentence="5" number="26">宝</token>
  <token t_id="320" sentence="5" number="27">丰</token>
  <token t_id="321" sentence="5" number="28">两</token>
  <token t_id="322" sentence="5" number="29">地</token>
  <token t_id="323" sentence="5" number="30">全</token>
  <token t_id="324" sentence="5" number="31">力</token>
  <token t_id="325" sentence="5" number="32">开</token>
  <token t_id="326" sentence="5" number="33">展</token>
  <token t_id="327" sentence="5" number="34">救</token>
  <token t_id="328" sentence="5" number="35">援</token>
  <token t_id="329" sentence="5" number="36">、</token>
  <token t_id="330" sentence="5" number="37">做</token>
  <token t_id="331" sentence="5" number="38">好</token>
  <token t_id="332" sentence="5" number="39">善</token>
  <token t_id="333" sentence="5" number="40">后</token>
  <token t_id="334" sentence="5" number="41">工</token>
  <token t_id="335" sentence="5" number="42">作</token>
  <token t_id="336" sentence="5" number="43">;</token>
  <token t_id="337" sentence="5" number="44">同</token>
  <token t_id="338" sentence="5" number="45">时</token>
  <token t_id="339" sentence="5" number="46">，</token>
  <token t_id="340" sentence="5" number="47">汝</token>
  <token t_id="341" sentence="5" number="48">州</token>
  <token t_id="342" sentence="5" number="49">市</token>
  <token t_id="343" sentence="5" number="50">组</token>
  <token t_id="344" sentence="5" number="51">织</token>
  <token t_id="345" sentence="5" number="52">召</token>
  <token t_id="346" sentence="5" number="53">开</token>
  <token t_id="347" sentence="5" number="54">专</token>
  <token t_id="348" sentence="5" number="55">题</token>
  <token t_id="349" sentence="5" number="56">会</token>
  <token t_id="350" sentence="5" number="57">议</token>
  <token t_id="351" sentence="5" number="58">，</token>
  <token t_id="352" sentence="5" number="59">要</token>
  <token t_id="353" sentence="5" number="60">求</token>
  <token t_id="354" sentence="5" number="61">全</token>
  <token t_id="355" sentence="5" number="62">市</token>
  <token t_id="356" sentence="5" number="63">各</token>
  <token t_id="357" sentence="5" number="64">单</token>
  <token t_id="358" sentence="5" number="65">位</token>
  <token t_id="359" sentence="5" number="66">以</token>
  <token t_id="360" sentence="5" number="67">此</token>
  <token t_id="361" sentence="5" number="68">次</token>
  <token t_id="362" sentence="5" number="69">事</token>
  <token t_id="363" sentence="5" number="70">件</token>
  <token t_id="364" sentence="5" number="71">为</token>
  <token t_id="365" sentence="5" number="72">契</token>
  <token t_id="366" sentence="5" number="73">机</token>
  <token t_id="367" sentence="5" number="74">，</token>
  <token t_id="368" sentence="5" number="75">举</token>
  <token t_id="369" sentence="5" number="76">一</token>
  <token t_id="370" sentence="5" number="77">反</token>
  <token t_id="371" sentence="5" number="78">三</token>
  <token t_id="372" sentence="5" number="79">，</token>
  <token t_id="373" sentence="5" number="80">对</token>
  <token t_id="374" sentence="5" number="81">全</token>
  <token t_id="375" sentence="5" number="82">市</token>
  <token t_id="376" sentence="5" number="83">的</token>
  <token t_id="377" sentence="5" number="84">安</token>
  <token t_id="378" sentence="5" number="85">全</token>
  <token t_id="379" sentence="5" number="86">工</token>
  <token t_id="380" sentence="5" number="87">作</token>
  <token t_id="381" sentence="5" number="88">开</token>
  <token t_id="382" sentence="5" number="89">展</token>
  <token t_id="383" sentence="5" number="90">大</token>
  <token t_id="384" sentence="5" number="91">排</token>
  <token t_id="385" sentence="5" number="92">查</token>
  <token t_id="386" sentence="5" number="93">，</token>
  <token t_id="387" sentence="5" number="94">消</token>
  <token t_id="388" sentence="5" number="95">除</token>
  <token t_id="389" sentence="5" number="96">隐</token>
  <token t_id="390" sentence="5" number="97">患</token>
  <token t_id="391" sentence="5" number="98">，</token>
  <token t_id="392" sentence="5" number="99">特</token>
  <token t_id="393" sentence="5" number="100">别</token>
  <token t_id="394" sentence="5" number="101">是</token>
  <token t_id="395" sentence="5" number="102">对</token>
  <token t_id="396" sentence="5" number="103">交</token>
  <token t_id="397" sentence="5" number="104">通</token>
  <token t_id="398" sentence="5" number="105">运</token>
  <token t_id="399" sentence="5" number="106">输</token>
  <token t_id="400" sentence="5" number="107">工</token>
  <token t_id="401" sentence="5" number="108">作</token>
  <token t_id="402" sentence="5" number="109">进</token>
  <token t_id="403" sentence="5" number="110">一</token>
  <token t_id="404" sentence="5" number="111">步</token>
  <token t_id="405" sentence="5" number="112">加</token>
  <token t_id="406" sentence="5" number="113">强</token>
  <token t_id="407" sentence="5" number="114">监</token>
  <token t_id="408" sentence="5" number="115">管</token>
  <token t_id="409" sentence="5" number="116">，</token>
  <token t_id="410" sentence="5" number="117">对</token>
  <token t_id="411" sentence="5" number="118">相</token>
  <token t_id="412" sentence="5" number="119">关</token>
  <token t_id="413" sentence="5" number="120">从</token>
  <token t_id="414" sentence="5" number="121">业</token>
  <token t_id="415" sentence="5" number="122">人</token>
  <token t_id="416" sentence="5" number="123">员</token>
  <token t_id="417" sentence="5" number="124">加</token>
  <token t_id="418" sentence="5" number="125">强</token>
  <token t_id="419" sentence="5" number="126">培</token>
  <token t_id="420" sentence="5" number="127">训</token>
  <token t_id="421" sentence="5" number="128">教</token>
  <token t_id="422" sentence="5" number="129">育</token>
  <token t_id="423" sentence="5" number="130">，</token>
  <token t_id="424" sentence="5" number="131">杜</token>
  <token t_id="425" sentence="5" number="132">绝</token>
  <token t_id="426" sentence="5" number="133">此</token>
  <token t_id="427" sentence="5" number="134">类</token>
  <token t_id="428" sentence="5" number="135">事</token>
  <token t_id="429" sentence="5" number="136">件</token>
  <token t_id="430" sentence="5" number="137">再</token>
  <token t_id="431" sentence="5" number="138">次</token>
  <token t_id="432" sentence="5" number="139">发</token>
  <token t_id="433" sentence="5" number="140">生</token>
  <Markables>
    <ACTION m_id="32388" comment="">
      <token_anchor t_id="60" />
      <token_anchor t_id="61" />
    </ACTION>
    <ACTION m_id="32390" comment="">
      <token_anchor t_id="71" />
      <token_anchor t_id="72" />
    </ACTION>
    <ACTION m_id="32391" comment="">
      <token_anchor t_id="77" />
      <token_anchor t_id="78" />
    </ACTION>
    <ACTION m_id="32393" comment="">
      <token_anchor t_id="83" />
      <token_anchor t_id="84" />
    </ACTION>
    <ACTION_CAUSATIVE m_id="32394" comment="">
      <token_anchor t_id="67" />
      <token_anchor t_id="68" />
    </ACTION_CAUSATIVE>
    <ACTION m_id="32397" comment="">
      <token_anchor t_id="117" />
      <token_anchor t_id="118" />
    </ACTION>
    <ACTION m_id="32398" comment="">
      <token_anchor t_id="153" />
      <token_anchor t_id="154" />
    </ACTION>
    <ACTION m_id="32399" comment="">
      <token_anchor t_id="183" />
      <token_anchor t_id="184" />
    </ACTION>
    <ACTION m_id="32401" comment="">
      <token_anchor t_id="208" />
      <token_anchor t_id="209" />
    </ACTION>
    <ACTION m_id="32402" comment="">
      <token_anchor t_id="224" />
      <token_anchor t_id="225" />
    </ACTION>
    <ACTION m_id="32403" comment="">
      <token_anchor t_id="230" />
      <token_anchor t_id="231" />
    </ACTION>
    <ACTION_CAUSATIVE m_id="32404" comment="">
      <token_anchor t_id="218" />
      <token_anchor t_id="219" />
    </ACTION_CAUSATIVE>
    <ACTION m_id="32405" comment="">
      <token_anchor t_id="234" />
      <token_anchor t_id="235" />
    </ACTION>
    <ACTION m_id="32406" comment="">
      <token_anchor t_id="244" />
      <token_anchor t_id="245" />
    </ACTION>
    <ACTION m_id="32407" comment="">
      <token_anchor t_id="249" />
      <token_anchor t_id="250" />
    </ACTION>
    <ACTION m_id="32408" comment="">
      <token_anchor t_id="264" />
      <token_anchor t_id="265" />
    </ACTION>
    <ACTION m_id="32409" comment="">
      <token_anchor t_id="277" />
      <token_anchor t_id="278" />
    </ACTION>
    <ACTION m_id="32410" comment="">
      <token_anchor t_id="288" />
      <token_anchor t_id="289" />
    </ACTION>
    <ACTION m_id="32412" comment="">
      <token_anchor t_id="327" />
      <token_anchor t_id="328" />
    </ACTION>
    <ACTION m_id="32415" comment="">
      <token_anchor t_id="345" />
      <token_anchor t_id="346" />
    </ACTION>
    <ACTION m_id="32417" comment="">
      <token_anchor t_id="384" />
      <token_anchor t_id="385" />
    </ACTION>
    <ACTION m_id="32418" comment="">
      <token_anchor t_id="387" />
      <token_anchor t_id="388" />
    </ACTION>
    <ACTION m_id="52885" comment="">
      <token_anchor t_id="405" />
      <token_anchor t_id="406" />
    </ACTION>
  </Markables>
  <Relations>
    <PLOT_LINK r_id="3109" SIGNAL="" relType="causation" CAUSES="FALSE" CAUSED_BY="FALSE">
      <source m_id="32388" />
      <target m_id="32390" />
    </PLOT_LINK>
    <PLOT_LINK r_id="3110" SIGNAL="" relType="causation" CAUSES="FALSE" CAUSED_BY="FALSE">
      <source m_id="32388" />
      <target m_id="32391" />
    </PLOT_LINK>
    <PLOT_LINK r_id="3111" SIGNAL="" relType="causation" CAUSES="FALSE" CAUSED_BY="FALSE">
      <source m_id="32401" />
      <target m_id="32402" />
    </PLOT_LINK>
    <PLOT_LINK r_id="3112" SIGNAL="" relType="causation" CAUSES="FALSE" CAUSED_BY="FALSE">
      <source m_id="32401" />
      <target m_id="32405" />
    </PLOT_LINK>
    <PLOT_LINK r_id="3113" SIGNAL="" relType="causation" CAUSES="FALSE" CAUSED_BY="FALSE">
      <source m_id="32401" />
      <target m_id="32406" />
    </PLOT_LINK>
    <PLOT_LINK r_id="3114" SIGNAL="" relType="causation" CAUSES="FALSE" CAUSED_BY="FALSE">
      <source m_id="32403" />
      <target m_id="32405" />
    </PLOT_LINK>
  </Relations>
</Document>