<?xml version="1.0" encoding="UTF-8"?>
<Document doc_name="3034_ecbplus.xml.xml">
  <token t_id="1" sentence="0" number="0">新</token>
  <token t_id="2" sentence="0" number="1">华</token>
  <token t_id="3" sentence="0" number="2">社</token>
  <token t_id="4" sentence="0" number="3">阿</token>
  <token t_id="5" sentence="0" number="4">布</token>
  <token t_id="6" sentence="0" number="5">贾</token>
  <token t_id="7" sentence="0" number="6">3</token>
  <token t_id="8" sentence="0" number="7">月</token>
  <token t_id="9" sentence="0" number="8">1</token>
  <token t_id="10" sentence="0" number="9">8</token>
  <token t_id="11" sentence="0" number="10">日</token>
  <token t_id="12" sentence="0" number="11">电</token>
  <token t_id="13" sentence="0" number="12">(</token>
  <token t_id="14" sentence="0" number="13">记</token>
  <token t_id="15" sentence="0" number="14">者</token>
  <token t_id="16" sentence="0" number="15">郭</token>
  <token t_id="17" sentence="0" number="16">骏</token>
  <token t_id="18" sentence="0" number="17">)</token>
  <token t_id="19" sentence="0" number="18">尼</token>
  <token t_id="20" sentence="0" number="19">日</token>
  <token t_id="21" sentence="0" number="20">利</token>
  <token t_id="22" sentence="0" number="21">亚</token>
  <token t_id="23" sentence="0" number="22">路</token>
  <token t_id="24" sentence="0" number="23">政</token>
  <token t_id="25" sentence="0" number="24">管</token>
  <token t_id="26" sentence="0" number="25">理</token>
  <token t_id="27" sentence="0" number="26">部</token>
  <token t_id="28" sentence="0" number="27">门</token>
  <token t_id="29" sentence="0" number="28">1</token>
  <token t_id="30" sentence="0" number="29">8</token>
  <token t_id="31" sentence="0" number="30">日</token>
  <token t_id="32" sentence="0" number="31">证</token>
  <token t_id="33" sentence="0" number="32">实</token>
  <token t_id="34" sentence="0" number="33">，</token>
  <token t_id="35" sentence="0" number="34">尼</token>
  <token t_id="36" sentence="0" number="35">东</token>
  <token t_id="37" sentence="0" number="36">北</token>
  <token t_id="38" sentence="0" number="37">部</token>
  <token t_id="39" sentence="0" number="38">包</token>
  <token t_id="40" sentence="0" number="39">奇</token>
  <token t_id="41" sentence="0" number="40">州</token>
  <token t_id="42" sentence="0" number="41">1</token>
  <token t_id="43" sentence="0" number="42">7</token>
  <token t_id="44" sentence="0" number="43">日</token>
  <token t_id="45" sentence="0" number="44">发</token>
  <token t_id="46" sentence="0" number="45">生</token>
  <token t_id="47" sentence="0" number="46">一</token>
  <token t_id="48" sentence="0" number="47">起</token>
  <token t_id="49" sentence="0" number="48">重</token>
  <token t_id="50" sentence="0" number="49">大</token>
  <token t_id="51" sentence="0" number="50">交</token>
  <token t_id="52" sentence="0" number="51">通</token>
  <token t_id="53" sentence="0" number="52">事</token>
  <token t_id="54" sentence="0" number="53">故</token>
  <token t_id="55" sentence="0" number="54">，</token>
  <token t_id="56" sentence="0" number="55">造</token>
  <token t_id="57" sentence="0" number="56">成</token>
  <token t_id="58" sentence="0" number="57">6</token>
  <token t_id="59" sentence="0" number="58">人</token>
  <token t_id="60" sentence="0" number="59">死</token>
  <token t_id="61" sentence="0" number="60">亡</token>
  <token t_id="62" sentence="0" number="61">、</token>
  <token t_id="63" sentence="0" number="62">5</token>
  <token t_id="64" sentence="0" number="63">4</token>
  <token t_id="65" sentence="0" number="64">人</token>
  <token t_id="66" sentence="0" number="65">严</token>
  <token t_id="67" sentence="0" number="66">重</token>
  <token t_id="68" sentence="0" number="67">受</token>
  <token t_id="69" sentence="0" number="68">伤</token>
  <token t_id="70" sentence="0" number="69">。</token>
  <token t_id="71" sentence="1" number="0">包</token>
  <token t_id="72" sentence="1" number="1">奇</token>
  <token t_id="73" sentence="1" number="2">州</token>
  <token t_id="74" sentence="1" number="3">路</token>
  <token t_id="75" sentence="1" number="4">政</token>
  <token t_id="76" sentence="1" number="5">管</token>
  <token t_id="77" sentence="1" number="6">理</token>
  <token t_id="78" sentence="1" number="7">部</token>
  <token t_id="79" sentence="1" number="8">门</token>
  <token t_id="80" sentence="1" number="9">负</token>
  <token t_id="81" sentence="1" number="10">责</token>
  <token t_id="82" sentence="1" number="11">人</token>
  <token t_id="83" sentence="1" number="12">优</token>
  <token t_id="84" sentence="1" number="13">素</token>
  <token t_id="85" sentence="1" number="14">福</token>
  <token t_id="86" sentence="1" number="15">·</token>
  <token t_id="87" sentence="1" number="16">阿</token>
  <token t_id="88" sentence="1" number="17">卜</token>
  <token t_id="89" sentence="1" number="18">杜</token>
  <token t_id="90" sentence="1" number="19">拉</token>
  <token t_id="91" sentence="1" number="20">希</token>
  <token t_id="92" sentence="1" number="21">在</token>
  <token t_id="93" sentence="1" number="22">电</token>
  <token t_id="94" sentence="1" number="23">话</token>
  <token t_id="95" sentence="1" number="24">中</token>
  <token t_id="96" sentence="1" number="25">告</token>
  <token t_id="97" sentence="1" number="26">诉</token>
  <token t_id="98" sentence="1" number="27">新</token>
  <token t_id="99" sentence="1" number="28">华</token>
  <token t_id="100" sentence="1" number="29">社</token>
  <token t_id="101" sentence="1" number="30">记</token>
  <token t_id="102" sentence="1" number="31">者</token>
  <token t_id="103" sentence="1" number="32">，</token>
  <token t_id="104" sentence="1" number="33">一</token>
  <token t_id="105" sentence="1" number="34">辆</token>
  <token t_id="106" sentence="1" number="35">搭</token>
  <token t_id="107" sentence="1" number="36">载</token>
  <token t_id="108" sentence="1" number="37">7</token>
  <token t_id="109" sentence="1" number="38">2</token>
  <token t_id="110" sentence="1" number="39">人</token>
  <token t_id="111" sentence="1" number="40">的</token>
  <token t_id="112" sentence="1" number="41">卡</token>
  <token t_id="113" sentence="1" number="42">车</token>
  <token t_id="114" sentence="1" number="43">1</token>
  <token t_id="115" sentence="1" number="44">7</token>
  <token t_id="116" sentence="1" number="45">日</token>
  <token t_id="117" sentence="1" number="46">从</token>
  <token t_id="118" sentence="1" number="47">包</token>
  <token t_id="119" sentence="1" number="48">奇</token>
  <token t_id="120" sentence="1" number="49">州</token>
  <token t_id="121" sentence="1" number="50">前</token>
  <token t_id="122" sentence="1" number="51">往</token>
  <token t_id="123" sentence="1" number="52">邻</token>
  <token t_id="124" sentence="1" number="53">近</token>
  <token t_id="125" sentence="1" number="54">贡</token>
  <token t_id="126" sentence="1" number="55">贝</token>
  <token t_id="127" sentence="1" number="56">州</token>
  <token t_id="128" sentence="1" number="57">一</token>
  <token t_id="129" sentence="1" number="58">个</token>
  <token t_id="130" sentence="1" number="59">市</token>
  <token t_id="131" sentence="1" number="60">场</token>
  <token t_id="132" sentence="1" number="61">，</token>
  <token t_id="133" sentence="1" number="62">途</token>
  <token t_id="134" sentence="1" number="63">中</token>
  <token t_id="135" sentence="1" number="64">发</token>
  <token t_id="136" sentence="1" number="65">生</token>
  <token t_id="137" sentence="1" number="66">翻</token>
  <token t_id="138" sentence="1" number="67">车</token>
  <token t_id="139" sentence="1" number="68">事</token>
  <token t_id="140" sentence="1" number="69">故</token>
  <token t_id="141" sentence="1" number="70">，</token>
  <token t_id="142" sentence="1" number="71">6</token>
  <token t_id="143" sentence="1" number="72">人</token>
  <token t_id="144" sentence="1" number="73">当</token>
  <token t_id="145" sentence="1" number="74">场</token>
  <token t_id="146" sentence="1" number="75">死</token>
  <token t_id="147" sentence="1" number="76">亡</token>
  <token t_id="148" sentence="1" number="77">、</token>
  <token t_id="149" sentence="1" number="78">5</token>
  <token t_id="150" sentence="1" number="79">4</token>
  <token t_id="151" sentence="1" number="80">人</token>
  <token t_id="152" sentence="1" number="81">伤</token>
  <token t_id="153" sentence="1" number="82">势</token>
  <token t_id="154" sentence="1" number="83">严</token>
  <token t_id="155" sentence="1" number="84">重</token>
  <token t_id="156" sentence="1" number="85">。</token>
  <token t_id="157" sentence="2" number="0">阿</token>
  <token t_id="158" sentence="2" number="1">卜</token>
  <token t_id="159" sentence="2" number="2">杜</token>
  <token t_id="160" sentence="2" number="3">拉</token>
  <token t_id="161" sentence="2" number="4">希</token>
  <token t_id="162" sentence="2" number="5">说</token>
  <token t_id="163" sentence="2" number="6">，</token>
  <token t_id="164" sentence="2" number="7">初</token>
  <token t_id="165" sentence="2" number="8">步</token>
  <token t_id="166" sentence="2" number="9">调</token>
  <token t_id="167" sentence="2" number="10">查</token>
  <token t_id="168" sentence="2" number="11">显</token>
  <token t_id="169" sentence="2" number="12">示</token>
  <token t_id="170" sentence="2" number="13">这</token>
  <token t_id="171" sentence="2" number="14">起</token>
  <token t_id="172" sentence="2" number="15">事</token>
  <token t_id="173" sentence="2" number="16">故</token>
  <token t_id="174" sentence="2" number="17">是</token>
  <token t_id="175" sentence="2" number="18">危</token>
  <token t_id="176" sentence="2" number="19">险</token>
  <token t_id="177" sentence="2" number="20">超</token>
  <token t_id="178" sentence="2" number="21">车</token>
  <token t_id="179" sentence="2" number="22">和</token>
  <token t_id="180" sentence="2" number="23">超</token>
  <token t_id="181" sentence="2" number="24">载</token>
  <token t_id="182" sentence="2" number="25">所</token>
  <token t_id="183" sentence="2" number="26">致</token>
  <token t_id="184" sentence="2" number="27">，</token>
  <token t_id="185" sentence="2" number="28">事</token>
  <token t_id="186" sentence="2" number="29">发</token>
  <token t_id="187" sentence="2" number="30">前</token>
  <token t_id="188" sentence="2" number="31">还</token>
  <token t_id="189" sentence="2" number="32">有</token>
  <token t_id="190" sentence="2" number="33">一</token>
  <token t_id="191" sentence="2" number="34">些</token>
  <token t_id="192" sentence="2" number="35">人</token>
  <token t_id="193" sentence="2" number="36">攀</token>
  <token t_id="194" sentence="2" number="37">挂</token>
  <token t_id="195" sentence="2" number="38">在</token>
  <token t_id="196" sentence="2" number="39">卡</token>
  <token t_id="197" sentence="2" number="40">车</token>
  <token t_id="198" sentence="2" number="41">上</token>
  <token t_id="199" sentence="2" number="42">。</token>
  <token t_id="200" sentence="3" number="0">相</token>
  <token t_id="201" sentence="3" number="1">关</token>
  <token t_id="202" sentence="3" number="2">部</token>
  <token t_id="203" sentence="3" number="3">门</token>
  <token t_id="204" sentence="3" number="4">正</token>
  <token t_id="205" sentence="3" number="5">就</token>
  <token t_id="206" sentence="3" number="6">事</token>
  <token t_id="207" sentence="3" number="7">故</token>
  <token t_id="208" sentence="3" number="8">原</token>
  <token t_id="209" sentence="3" number="9">因</token>
  <token t_id="210" sentence="3" number="10">展</token>
  <token t_id="211" sentence="3" number="11">开</token>
  <token t_id="212" sentence="3" number="12">进</token>
  <token t_id="213" sentence="3" number="13">一</token>
  <token t_id="214" sentence="3" number="14">步</token>
  <token t_id="215" sentence="3" number="15">调</token>
  <token t_id="216" sentence="3" number="16">查</token>
  <token t_id="217" sentence="3" number="17">。</token>
  <token t_id="218" sentence="4" number="0">由</token>
  <token t_id="219" sentence="4" number="1">于</token>
  <token t_id="220" sentence="4" number="2">路</token>
  <token t_id="221" sentence="4" number="3">况</token>
  <token t_id="222" sentence="4" number="4">较</token>
  <token t_id="223" sentence="4" number="5">差</token>
  <token t_id="224" sentence="4" number="6">以</token>
  <token t_id="225" sentence="4" number="7">及</token>
  <token t_id="226" sentence="4" number="8">超</token>
  <token t_id="227" sentence="4" number="9">载</token>
  <token t_id="228" sentence="4" number="10">和</token>
  <token t_id="229" sentence="4" number="11">超</token>
  <token t_id="230" sentence="4" number="12">速</token>
  <token t_id="231" sentence="4" number="13">行</token>
  <token t_id="232" sentence="4" number="14">驶</token>
  <token t_id="233" sentence="4" number="15">等</token>
  <token t_id="234" sentence="4" number="16">原</token>
  <token t_id="235" sentence="4" number="17">因</token>
  <token t_id="236" sentence="4" number="18">，</token>
  <token t_id="237" sentence="4" number="19">尼</token>
  <token t_id="238" sentence="4" number="20">日</token>
  <token t_id="239" sentence="4" number="21">利</token>
  <token t_id="240" sentence="4" number="22">亚</token>
  <token t_id="241" sentence="4" number="23">交</token>
  <token t_id="242" sentence="4" number="24">通</token>
  <token t_id="243" sentence="4" number="25">事</token>
  <token t_id="244" sentence="4" number="26">故</token>
  <token t_id="245" sentence="4" number="27">频</token>
  <token t_id="246" sentence="4" number="28">发</token>
  <Markables>
    <ACTION m_id="32422" comment="">
      <token_anchor t_id="32" />
      <token_anchor t_id="33" />
    </ACTION>
    <ACTION m_id="32423" comment="">
      <token_anchor t_id="45" />
      <token_anchor t_id="46" />
    </ACTION>
    <ACTION m_id="32424" comment="">
      <token_anchor t_id="60" />
      <token_anchor t_id="61" />
    </ACTION>
    <ACTION m_id="32425" comment="">
      <token_anchor t_id="68" />
      <token_anchor t_id="69" />
    </ACTION>
    <ACTION_CAUSATIVE m_id="32426" comment="">
      <token_anchor t_id="56" />
      <token_anchor t_id="57" />
    </ACTION_CAUSATIVE>
    <ACTION m_id="32427" comment="">
      <token_anchor t_id="96" />
      <token_anchor t_id="97" />
    </ACTION>
    <ACTION m_id="32428" comment="">
      <token_anchor t_id="106" />
      <token_anchor t_id="107" />
    </ACTION>
    <ACTION m_id="32429" comment="">
      <token_anchor t_id="121" />
      <token_anchor t_id="122" />
    </ACTION>
    <ACTION m_id="32430" comment="">
      <token_anchor t_id="135" />
      <token_anchor t_id="136" />
    </ACTION>
    <ACTION m_id="32431" comment="">
      <token_anchor t_id="146" />
      <token_anchor t_id="147" />
    </ACTION>
    <ACTION m_id="32434" comment="">
      <token_anchor t_id="168" />
      <token_anchor t_id="169" />
    </ACTION>
    <ACTION m_id="32436" comment="">
      <token_anchor t_id="177" />
      <token_anchor t_id="178" />
    </ACTION>
    <ACTION m_id="32437" comment="">
      <token_anchor t_id="180" />
      <token_anchor t_id="181" />
    </ACTION>
    <ACTION m_id="32439" comment="">
      <token_anchor t_id="193" />
      <token_anchor t_id="194" />
    </ACTION>
    <ACTION m_id="32442" comment="">
      <token_anchor t_id="215" />
      <token_anchor t_id="216" />
    </ACTION>
    <ACTION m_id="32443" comment="">
      <token_anchor t_id="226" />
      <token_anchor t_id="227" />
    </ACTION>
    <ACTION m_id="32444" comment="">
      <token_anchor t_id="229" />
      <token_anchor t_id="230" />
    </ACTION>
    <ACTION m_id="32446" comment="">
      <token_anchor t_id="245" />
      <token_anchor t_id="246" />
    </ACTION>
    <ACTION m_id="52890" comment="">
      <token_anchor t_id="154" />
      <token_anchor t_id="155" />
    </ACTION>
    <ACTION m_id="52891" comment="">
      <token_anchor t_id="172" />
      <token_anchor t_id="173" />
    </ACTION>
  </Markables>
  <Relations>
    <PLOT_LINK r_id="3115" SIGNAL="" relType="causation" CAUSES="FALSE" CAUSED_BY="FALSE">
      <source m_id="32423" />
      <target m_id="32424" />
    </PLOT_LINK>
    <PLOT_LINK r_id="3116" SIGNAL="" relType="causation" CAUSES="FALSE" CAUSED_BY="FALSE">
      <source m_id="32423" />
      <target m_id="32425" />
    </PLOT_LINK>
    <PLOT_LINK r_id="3117" SIGNAL="" relType="causation" CAUSES="FALSE" CAUSED_BY="FALSE">
      <source m_id="32430" />
      <target m_id="32431" />
    </PLOT_LINK>
    <PLOT_LINK r_id="3118" SIGNAL="" relType="causation" CAUSES="FALSE" CAUSED_BY="FALSE">
      <source m_id="32430" />
      <target m_id="52890" />
    </PLOT_LINK>
    <PLOT_LINK r_id="3119" SIGNAL="" relType="causation" CAUSES="FALSE" CAUSED_BY="FALSE">
      <source m_id="32436" />
      <target m_id="52891" />
    </PLOT_LINK>
    <PLOT_LINK r_id="3120" SIGNAL="" relType="causation" CAUSES="FALSE" CAUSED_BY="FALSE">
      <source m_id="32437" />
      <target m_id="52891" />
    </PLOT_LINK>
    <PLOT_LINK r_id="3121" SIGNAL="" relType="causation" CAUSES="FALSE" CAUSED_BY="FALSE">
      <source m_id="32444" />
      <target m_id="32446" />
    </PLOT_LINK>
    <PLOT_LINK r_id="3122" SIGNAL="" relType="causation" CAUSES="FALSE" CAUSED_BY="FALSE">
      <source m_id="32443" />
      <target m_id="32446" />
    </PLOT_LINK>
  </Relations>
</Document>