<?xml version="1.0" encoding="UTF-8"?>
<Document doc_name="3041_ecbplus.xml.xml">
  <token t_id="1" sentence="0" number="0">7</token>
  <token t_id="2" sentence="0" number="1">月</token>
  <token t_id="3" sentence="0" number="2">3</token>
  <token t_id="4" sentence="0" number="3">0</token>
  <token t_id="5" sentence="0" number="4">日</token>
  <token t_id="6" sentence="0" number="5">1</token>
  <token t_id="7" sentence="0" number="6">9</token>
  <token t_id="8" sentence="0" number="7">时</token>
  <token t_id="9" sentence="0" number="8">许</token>
  <token t_id="10" sentence="0" number="9">，</token>
  <token t_id="11" sentence="0" number="10">浙</token>
  <token t_id="12" sentence="0" number="11">江</token>
  <token t_id="13" sentence="0" number="12">省</token>
  <token t_id="14" sentence="0" number="13">杭</token>
  <token t_id="15" sentence="0" number="14">州</token>
  <token t_id="16" sentence="0" number="15">市</token>
  <token t_id="17" sentence="0" number="16">西</token>
  <token t_id="18" sentence="0" number="17">湖</token>
  <token t_id="19" sentence="0" number="18">区</token>
  <token t_id="20" sentence="0" number="19">竞</token>
  <token t_id="21" sentence="0" number="20">舟</token>
  <token t_id="22" sentence="0" number="21">路</token>
  <token t_id="23" sentence="0" number="22">文</token>
  <token t_id="24" sentence="0" number="23">二</token>
  <token t_id="25" sentence="0" number="24">西</token>
  <token t_id="26" sentence="0" number="25">路</token>
  <token t_id="27" sentence="0" number="26">口</token>
  <token t_id="28" sentence="0" number="27">发</token>
  <token t_id="29" sentence="0" number="28">生</token>
  <token t_id="30" sentence="0" number="29">一</token>
  <token t_id="31" sentence="0" number="30">起</token>
  <token t_id="32" sentence="0" number="31">重</token>
  <token t_id="33" sentence="0" number="32">大</token>
  <token t_id="34" sentence="0" number="33">道</token>
  <token t_id="35" sentence="0" number="34">路</token>
  <token t_id="36" sentence="0" number="35">交</token>
  <token t_id="37" sentence="0" number="36">通</token>
  <token t_id="38" sentence="0" number="37">事</token>
  <token t_id="39" sentence="0" number="38">故</token>
  <token t_id="40" sentence="0" number="39">，</token>
  <token t_id="41" sentence="0" number="40">一</token>
  <token t_id="42" sentence="0" number="41">小</token>
  <token t_id="43" sentence="0" number="42">型</token>
  <token t_id="44" sentence="0" number="43">客</token>
  <token t_id="45" sentence="0" number="44">车</token>
  <token t_id="46" sentence="0" number="45">失</token>
  <token t_id="47" sentence="0" number="46">控</token>
  <token t_id="48" sentence="0" number="47">后</token>
  <token t_id="49" sentence="0" number="48">冲</token>
  <token t_id="50" sentence="0" number="49">撞</token>
  <token t_id="51" sentence="0" number="50">在</token>
  <token t_id="52" sentence="0" number="51">路</token>
  <token t_id="53" sentence="0" number="52">口</token>
  <token t_id="54" sentence="0" number="53">的</token>
  <token t_id="55" sentence="0" number="54">车</token>
  <token t_id="56" sentence="0" number="55">辆</token>
  <token t_id="57" sentence="0" number="56">和</token>
  <token t_id="58" sentence="0" number="57">行</token>
  <token t_id="59" sentence="0" number="58">人</token>
  <token t_id="60" sentence="0" number="59">，</token>
  <token t_id="61" sentence="0" number="60">截</token>
  <token t_id="62" sentence="0" number="61">至</token>
  <token t_id="63" sentence="0" number="62">目</token>
  <token t_id="64" sentence="0" number="63">前</token>
  <token t_id="65" sentence="0" number="64">已</token>
  <token t_id="66" sentence="0" number="65">致</token>
  <token t_id="67" sentence="0" number="66">3</token>
  <token t_id="68" sentence="0" number="67">人</token>
  <token t_id="69" sentence="0" number="68">死</token>
  <token t_id="70" sentence="0" number="69">亡</token>
  <token t_id="71" sentence="0" number="70">、</token>
  <token t_id="72" sentence="0" number="71">1</token>
  <token t_id="73" sentence="0" number="72">4</token>
  <token t_id="74" sentence="0" number="73">人</token>
  <token t_id="75" sentence="0" number="74">受</token>
  <token t_id="76" sentence="0" number="75">伤</token>
  <token t_id="77" sentence="0" number="76">，</token>
  <token t_id="78" sentence="0" number="77">伤</token>
  <token t_id="79" sentence="0" number="78">员</token>
  <token t_id="80" sentence="0" number="79">仍</token>
  <token t_id="81" sentence="0" number="80">在</token>
  <token t_id="82" sentence="0" number="81">全</token>
  <token t_id="83" sentence="0" number="82">力</token>
  <token t_id="84" sentence="0" number="83">救</token>
  <token t_id="85" sentence="0" number="84">治</token>
  <token t_id="86" sentence="0" number="85">。</token>
  <token t_id="87" sentence="1" number="0">公</token>
  <token t_id="88" sentence="1" number="1">安</token>
  <token t_id="89" sentence="1" number="2">机</token>
  <token t_id="90" sentence="1" number="3">关</token>
  <token t_id="91" sentence="1" number="4">已</token>
  <token t_id="92" sentence="1" number="5">对</token>
  <token t_id="93" sentence="1" number="6">肇</token>
  <token t_id="94" sentence="1" number="7">事</token>
  <token t_id="95" sentence="1" number="8">驾</token>
  <token t_id="96" sentence="1" number="9">驶</token>
  <token t_id="97" sentence="1" number="10">人</token>
  <token t_id="98" sentence="1" number="11">陈</token>
  <token t_id="99" sentence="1" number="12">某</token>
  <token t_id="100" sentence="1" number="13">某</token>
  <token t_id="101" sentence="1" number="14">作</token>
  <token t_id="102" sentence="1" number="15">酒</token>
  <token t_id="103" sentence="1" number="16">精</token>
  <token t_id="104" sentence="1" number="17">测</token>
  <token t_id="105" sentence="1" number="18">试</token>
  <token t_id="106" sentence="1" number="19">和</token>
  <token t_id="107" sentence="1" number="20">尿</token>
  <token t_id="108" sentence="1" number="21">样</token>
  <token t_id="109" sentence="1" number="22">检</token>
  <token t_id="110" sentence="1" number="23">测</token>
  <token t_id="111" sentence="1" number="24">，</token>
  <token t_id="112" sentence="1" number="25">初</token>
  <token t_id="113" sentence="1" number="26">步</token>
  <token t_id="114" sentence="1" number="27">排</token>
  <token t_id="115" sentence="1" number="28">除</token>
  <token t_id="116" sentence="1" number="29">其</token>
  <token t_id="117" sentence="1" number="30">酒</token>
  <token t_id="118" sentence="1" number="31">驾</token>
  <token t_id="119" sentence="1" number="32">、</token>
  <token t_id="120" sentence="1" number="33">毒</token>
  <token t_id="121" sentence="1" number="34">驾</token>
  <token t_id="122" sentence="1" number="35">嫌</token>
  <token t_id="123" sentence="1" number="36">疑</token>
  <token t_id="124" sentence="1" number="37">。</token>
  <token t_id="125" sentence="2" number="0">事</token>
  <token t_id="126" sentence="2" number="1">故</token>
  <token t_id="127" sentence="2" number="2">原</token>
  <token t_id="128" sentence="2" number="3">因</token>
  <token t_id="129" sentence="2" number="4">目</token>
  <token t_id="130" sentence="2" number="5">前</token>
  <token t_id="131" sentence="2" number="6">仍</token>
  <token t_id="132" sentence="2" number="7">在</token>
  <token t_id="133" sentence="2" number="8">调</token>
  <token t_id="134" sentence="2" number="9">查</token>
  <Markables>
    <ACTION m_id="32582" comment="">
      <token_anchor t_id="28" />
      <token_anchor t_id="29" />
    </ACTION>
    <ACTION m_id="32583" comment="">
      <token_anchor t_id="49" />
      <token_anchor t_id="50" />
    </ACTION>
    <ACTION m_id="32584" comment="">
      <token_anchor t_id="69" />
      <token_anchor t_id="70" />
    </ACTION>
    <ACTION m_id="32585" comment="">
      <token_anchor t_id="75" />
      <token_anchor t_id="76" />
    </ACTION>
    <ACTION m_id="32586" comment="">
      <token_anchor t_id="84" />
      <token_anchor t_id="85" />
    </ACTION>
    <ACTION_CAUSATIVE m_id="32587" comment="">
      <token_anchor t_id="66" />
    </ACTION_CAUSATIVE>
    <ACTION m_id="32589" comment="">
      <token_anchor t_id="104" />
      <token_anchor t_id="105" />
    </ACTION>
    <ACTION m_id="32590" comment="">
      <token_anchor t_id="109" />
      <token_anchor t_id="110" />
    </ACTION>
    <ACTION m_id="32591" comment="">
      <token_anchor t_id="114" />
      <token_anchor t_id="115" />
    </ACTION>
    <ACTION m_id="32595" comment="">
      <token_anchor t_id="133" />
      <token_anchor t_id="134" />
    </ACTION>
  </Markables>
  <Relations>
    <PLOT_LINK r_id="3169" SIGNAL="" relType="causation" CAUSES="FALSE" CAUSED_BY="FALSE">
      <source m_id="32583" />
      <target m_id="32582" />
    </PLOT_LINK>
    <PLOT_LINK r_id="3170" SIGNAL="" relType="causation" CAUSES="FALSE" CAUSED_BY="FALSE">
      <source m_id="32583" />
      <target m_id="32584" />
    </PLOT_LINK>
    <PLOT_LINK r_id="3171" SIGNAL="" relType="causation" CAUSES="FALSE" CAUSED_BY="FALSE">
      <source m_id="32583" />
      <target m_id="32585" />
    </PLOT_LINK>
    <PLOT_LINK r_id="3172" SIGNAL="" relType="causation" CAUSES="FALSE" CAUSED_BY="FALSE">
      <source m_id="32582" />
      <target m_id="32584" />
    </PLOT_LINK>
    <PLOT_LINK r_id="3173" SIGNAL="" relType="causation" CAUSES="FALSE" CAUSED_BY="FALSE">
      <source m_id="32582" />
      <target m_id="32585" />
    </PLOT_LINK>
    <PLOT_LINK r_id="3174" SIGNAL="" relType="causation" CAUSES="FALSE" CAUSED_BY="FALSE">
      <source m_id="32585" />
      <target m_id="32586" />
    </PLOT_LINK>
    <PLOT_LINK r_id="3175" SIGNAL="" relType="causation" CAUSES="FALSE" CAUSED_BY="FALSE">
      <source m_id="32589" />
      <target m_id="32591" />
    </PLOT_LINK>
    <PLOT_LINK r_id="3176" SIGNAL="" relType="causation" CAUSES="FALSE" CAUSED_BY="FALSE">
      <source m_id="32590" />
      <target m_id="32591" />
    </PLOT_LINK>
  </Relations>
</Document>