<?xml version="1.0" encoding="UTF-8"?>
<Document doc_name="3044_ecbplus.xml.xml">
  <token t_id="1" sentence="0" number="0">阿</token>
  <token t_id="2" sentence="0" number="1">富</token>
  <token t_id="3" sentence="0" number="2">汗</token>
  <token t_id="4" sentence="0" number="3">中</token>
  <token t_id="5" sentence="0" number="4">部</token>
  <token t_id="6" sentence="0" number="5">交</token>
  <token t_id="7" sentence="0" number="6">通</token>
  <token t_id="8" sentence="0" number="7">事</token>
  <token t_id="9" sentence="0" number="8">故</token>
  <token t_id="10" sentence="0" number="9">致</token>
  <token t_id="11" sentence="0" number="10">1</token>
  <token t_id="12" sentence="0" number="11">0</token>
  <token t_id="13" sentence="0" number="12">人</token>
  <token t_id="14" sentence="0" number="13">死</token>
  <token t_id="15" sentence="0" number="14">亡</token>
  <token t_id="16" sentence="0" number="15">来</token>
  <token t_id="17" sentence="0" number="16">源</token>
  <token t_id="18" sentence="0" number="17">：</token>
  <token t_id="19" sentence="0" number="18">新</token>
  <token t_id="20" sentence="0" number="19">华</token>
  <token t_id="21" sentence="0" number="20">网</token>
  <token t_id="22" sentence="0" number="21">原</token>
  <token t_id="23" sentence="0" number="22">标</token>
  <token t_id="24" sentence="0" number="23">题</token>
  <token t_id="25" sentence="0" number="24">：</token>
  <token t_id="26" sentence="0" number="25">阿</token>
  <token t_id="27" sentence="0" number="26">富</token>
  <token t_id="28" sentence="0" number="27">汗</token>
  <token t_id="29" sentence="0" number="28">中</token>
  <token t_id="30" sentence="0" number="29">部</token>
  <token t_id="31" sentence="0" number="30">交</token>
  <token t_id="32" sentence="0" number="31">通</token>
  <token t_id="33" sentence="0" number="32">事</token>
  <token t_id="34" sentence="0" number="33">故</token>
  <token t_id="35" sentence="0" number="34">致</token>
  <token t_id="36" sentence="0" number="35">1</token>
  <token t_id="37" sentence="0" number="36">0</token>
  <token t_id="38" sentence="0" number="37">人</token>
  <token t_id="39" sentence="0" number="38">死</token>
  <token t_id="40" sentence="0" number="39">亡</token>
  <token t_id="41" sentence="0" number="40">新</token>
  <token t_id="42" sentence="0" number="41">华</token>
  <token t_id="43" sentence="0" number="42">社</token>
  <token t_id="44" sentence="0" number="43">喀</token>
  <token t_id="45" sentence="0" number="44">布</token>
  <token t_id="46" sentence="0" number="45">尔</token>
  <token t_id="47" sentence="0" number="46">6</token>
  <token t_id="48" sentence="0" number="47">月</token>
  <token t_id="49" sentence="0" number="48">1</token>
  <token t_id="50" sentence="0" number="49">0</token>
  <token t_id="51" sentence="0" number="50">日</token>
  <token t_id="52" sentence="0" number="51">电</token>
  <token t_id="53" sentence="0" number="52">（</token>
  <token t_id="54" sentence="0" number="53">记</token>
  <token t_id="55" sentence="0" number="54">者</token>
  <token t_id="56" sentence="0" number="55">邹</token>
  <token t_id="57" sentence="0" number="56">学</token>
  <token t_id="58" sentence="0" number="57">冕</token>
  <token t_id="59" sentence="0" number="58">）</token>
  <token t_id="60" sentence="0" number="59">阿</token>
  <token t_id="61" sentence="0" number="60">富</token>
  <token t_id="62" sentence="0" number="61">汗</token>
  <token t_id="63" sentence="0" number="62">中</token>
  <token t_id="64" sentence="0" number="63">部</token>
  <token t_id="65" sentence="0" number="64">代</token>
  <token t_id="66" sentence="0" number="65">昆</token>
  <token t_id="67" sentence="0" number="66">迪</token>
  <token t_id="68" sentence="0" number="67">省</token>
  <token t_id="69" sentence="0" number="68">9</token>
  <token t_id="70" sentence="0" number="69">日</token>
  <token t_id="71" sentence="0" number="70">发</token>
  <token t_id="72" sentence="0" number="71">生</token>
  <token t_id="73" sentence="0" number="72">一</token>
  <token t_id="74" sentence="0" number="73">起</token>
  <token t_id="75" sentence="0" number="74">客</token>
  <token t_id="76" sentence="0" number="75">车</token>
  <token t_id="77" sentence="0" number="76">翻</token>
  <token t_id="78" sentence="0" number="77">车</token>
  <token t_id="79" sentence="0" number="78">事</token>
  <token t_id="80" sentence="0" number="79">故</token>
  <token t_id="81" sentence="0" number="80">，</token>
  <token t_id="82" sentence="0" number="81">造</token>
  <token t_id="83" sentence="0" number="82">成</token>
  <token t_id="84" sentence="0" number="83">至</token>
  <token t_id="85" sentence="0" number="84">少</token>
  <token t_id="86" sentence="0" number="85">1</token>
  <token t_id="87" sentence="0" number="86">0</token>
  <token t_id="88" sentence="0" number="87">人</token>
  <token t_id="89" sentence="0" number="88">死</token>
  <token t_id="90" sentence="0" number="89">亡</token>
  <token t_id="91" sentence="0" number="90">，</token>
  <token t_id="92" sentence="0" number="91">2</token>
  <token t_id="93" sentence="0" number="92">人</token>
  <token t_id="94" sentence="0" number="93">受</token>
  <token t_id="95" sentence="0" number="94">伤</token>
  <token t_id="96" sentence="0" number="95">。</token>
  <token t_id="97" sentence="1" number="0">据</token>
  <token t_id="98" sentence="1" number="1">当</token>
  <token t_id="99" sentence="1" number="2">地</token>
  <token t_id="100" sentence="1" number="3">媒</token>
  <token t_id="101" sentence="1" number="4">体</token>
  <token t_id="102" sentence="1" number="5">报</token>
  <token t_id="103" sentence="1" number="6">道</token>
  <token t_id="104" sentence="1" number="7">，</token>
  <token t_id="105" sentence="1" number="8">事</token>
  <token t_id="106" sentence="1" number="9">发</token>
  <token t_id="107" sentence="1" number="10">地</token>
  <token t_id="108" sentence="1" number="11">为</token>
  <token t_id="109" sentence="1" number="12">代</token>
  <token t_id="110" sentence="1" number="13">昆</token>
  <token t_id="111" sentence="1" number="14">迪</token>
  <token t_id="112" sentence="1" number="15">省</token>
  <token t_id="113" sentence="1" number="16">米</token>
  <token t_id="114" sentence="1" number="17">拉</token>
  <token t_id="115" sentence="1" number="18">莫</token>
  <token t_id="116" sentence="1" number="19">地</token>
  <token t_id="117" sentence="1" number="20">区</token>
  <token t_id="118" sentence="1" number="21">。</token>
  <token t_id="119" sentence="2" number="0">一</token>
  <token t_id="120" sentence="2" number="1">辆</token>
  <token t_id="121" sentence="2" number="2">开</token>
  <token t_id="122" sentence="2" number="3">往</token>
  <token t_id="123" sentence="2" number="4">首</token>
  <token t_id="124" sentence="2" number="5">都</token>
  <token t_id="125" sentence="2" number="6">喀</token>
  <token t_id="126" sentence="2" number="7">布</token>
  <token t_id="127" sentence="2" number="8">尔</token>
  <token t_id="128" sentence="2" number="9">的</token>
  <token t_id="129" sentence="2" number="10">小</token>
  <token t_id="130" sentence="2" number="11">型</token>
  <token t_id="131" sentence="2" number="12">客</token>
  <token t_id="132" sentence="2" number="13">车</token>
  <token t_id="133" sentence="2" number="14">在</token>
  <token t_id="134" sentence="2" number="15">转</token>
  <token t_id="135" sentence="2" number="16">弯</token>
  <token t_id="136" sentence="2" number="17">时</token>
  <token t_id="137" sentence="2" number="18">失</token>
  <token t_id="138" sentence="2" number="19">控</token>
  <token t_id="139" sentence="2" number="20">并</token>
  <token t_id="140" sentence="2" number="21">翻</token>
  <token t_id="141" sentence="2" number="22">车</token>
  <Markables>
    <ACTION m_id="32662" comment="">
      <token_anchor t_id="77" />
      <token_anchor t_id="78" />
    </ACTION>
    <ACTION_CAUSATIVE m_id="32664" comment="">
      <token_anchor t_id="82" />
      <token_anchor t_id="83" />
    </ACTION_CAUSATIVE>
    <ACTION m_id="32665" comment="">
      <token_anchor t_id="89" />
      <token_anchor t_id="90" />
    </ACTION>
    <ACTION m_id="32666" comment="">
      <token_anchor t_id="94" />
      <token_anchor t_id="95" />
    </ACTION>
    <ACTION m_id="32667" comment="">
      <token_anchor t_id="102" />
      <token_anchor t_id="103" />
    </ACTION>
    <ACTION m_id="32670" comment="">
      <token_anchor t_id="137" />
      <token_anchor t_id="138" />
    </ACTION>
    <ACTION m_id="32671" comment="">
      <token_anchor t_id="140" />
      <token_anchor t_id="141" />
    </ACTION>
  </Markables>
  <Relations>
    <PLOT_LINK r_id="3198" SIGNAL="" relType="causation" CAUSES="FALSE" CAUSED_BY="FALSE">
      <source m_id="32662" />
      <target m_id="32665" />
    </PLOT_LINK>
    <PLOT_LINK r_id="3199" SIGNAL="" relType="causation" CAUSES="FALSE" CAUSED_BY="FALSE">
      <source m_id="32662" />
      <target m_id="32666" />
    </PLOT_LINK>
    <PLOT_LINK r_id="3200" SIGNAL="" relType="causation" CAUSES="FALSE" CAUSED_BY="FALSE">
      <source m_id="32670" />
      <target m_id="32671" />
    </PLOT_LINK>
  </Relations>
</Document>