<?xml version="1.0" encoding="UTF-8"?>
<Document doc_name="3046_ecbplus.xml.xml">
  <token t_id="1" sentence="0" number="0">新</token>
  <token t_id="2" sentence="0" number="1">华</token>
  <token t_id="3" sentence="0" number="2">社</token>
  <token t_id="4" sentence="0" number="3">南</token>
  <token t_id="5" sentence="0" number="4">京</token>
  <token t_id="6" sentence="0" number="5">4</token>
  <token t_id="7" sentence="0" number="6">月</token>
  <token t_id="8" sentence="0" number="7">4</token>
  <token t_id="9" sentence="0" number="8">日</token>
  <token t_id="10" sentence="0" number="9">电</token>
  <token t_id="11" sentence="0" number="10">（</token>
  <token t_id="12" sentence="0" number="11">记</token>
  <token t_id="13" sentence="0" number="12">者</token>
  <token t_id="14" sentence="0" number="13">朱</token>
  <token t_id="15" sentence="0" number="14">国</token>
  <token t_id="16" sentence="0" number="15">亮</token>
  <token t_id="17" sentence="0" number="16">、</token>
  <token t_id="18" sentence="0" number="17">杨</token>
  <token t_id="19" sentence="0" number="18">绍</token>
  <token t_id="20" sentence="0" number="19">功</token>
  <token t_id="21" sentence="0" number="20">）</token>
  <token t_id="22" sentence="0" number="21">4</token>
  <token t_id="23" sentence="0" number="22">日</token>
  <token t_id="24" sentence="0" number="23">凌</token>
  <token t_id="25" sentence="0" number="24">晨</token>
  <token t_id="26" sentence="0" number="25">，</token>
  <token t_id="27" sentence="0" number="26">沈</token>
  <token t_id="28" sentence="0" number="27">海</token>
  <token t_id="29" sentence="0" number="28">高</token>
  <token t_id="30" sentence="0" number="29">速</token>
  <token t_id="31" sentence="0" number="30">k</token>
  <token t_id="32" sentence="0" number="31">8</token>
  <token t_id="33" sentence="0" number="32">9</token>
  <token t_id="34" sentence="0" number="33">8</token>
  <token t_id="35" sentence="0" number="34">公</token>
  <token t_id="36" sentence="0" number="35">里</token>
  <token t_id="37" sentence="0" number="36">处</token>
  <token t_id="38" sentence="0" number="37">发</token>
  <token t_id="39" sentence="0" number="38">生</token>
  <token t_id="40" sentence="0" number="39">重</token>
  <token t_id="41" sentence="0" number="40">大</token>
  <token t_id="42" sentence="0" number="41">交</token>
  <token t_id="43" sentence="0" number="42">通</token>
  <token t_id="44" sentence="0" number="43">事</token>
  <token t_id="45" sentence="0" number="44">故</token>
  <token t_id="46" sentence="0" number="45">，</token>
  <token t_id="47" sentence="0" number="46">已</token>
  <token t_id="48" sentence="0" number="47">知</token>
  <token t_id="49" sentence="0" number="48">造</token>
  <token t_id="50" sentence="0" number="49">成</token>
  <token t_id="51" sentence="0" number="50">1</token>
  <token t_id="52" sentence="0" number="51">1</token>
  <token t_id="53" sentence="0" number="52">人</token>
  <token t_id="54" sentence="0" number="53">死</token>
  <token t_id="55" sentence="0" number="54">亡</token>
  <token t_id="56" sentence="0" number="55">。</token>
  <token t_id="57" sentence="1" number="0">4</token>
  <token t_id="58" sentence="1" number="1">月</token>
  <token t_id="59" sentence="1" number="2">4</token>
  <token t_id="60" sentence="1" number="3">日</token>
  <token t_id="61" sentence="1" number="4">晨</token>
  <token t_id="62" sentence="1" number="5">1</token>
  <token t_id="63" sentence="1" number="6">时</token>
  <token t_id="64" sentence="1" number="7">许</token>
  <token t_id="65" sentence="1" number="8">，</token>
  <token t_id="66" sentence="1" number="9">沈</token>
  <token t_id="67" sentence="1" number="10">海</token>
  <token t_id="68" sentence="1" number="11">高</token>
  <token t_id="69" sentence="1" number="12">速</token>
  <token t_id="70" sentence="1" number="13">k</token>
  <token t_id="71" sentence="1" number="14">8</token>
  <token t_id="72" sentence="1" number="15">9</token>
  <token t_id="73" sentence="1" number="16">8</token>
  <token t_id="74" sentence="1" number="17">公</token>
  <token t_id="75" sentence="1" number="18">里</token>
  <token t_id="76" sentence="1" number="19">处</token>
  <token t_id="77" sentence="1" number="20">，</token>
  <token t_id="78" sentence="1" number="21">一</token>
  <token t_id="79" sentence="1" number="22">辆</token>
  <token t_id="80" sentence="1" number="23">大</token>
  <token t_id="81" sentence="1" number="24">货</token>
  <token t_id="82" sentence="1" number="25">车</token>
  <token t_id="83" sentence="1" number="26">（</token>
  <token t_id="84" sentence="1" number="27">辽</token>
  <token t_id="85" sentence="1" number="28">B</token>
  <token t_id="86" sentence="1" number="29">-</token>
  <token t_id="87" sentence="1" number="30">3</token>
  <token t_id="88" sentence="1" number="31">Y</token>
  <token t_id="89" sentence="1" number="32">6</token>
  <token t_id="90" sentence="1" number="33">9</token>
  <token t_id="91" sentence="1" number="34">挂</token>
  <token t_id="92" sentence="1" number="35">）</token>
  <token t_id="93" sentence="1" number="36">穿</token>
  <token t_id="94" sentence="1" number="37">越</token>
  <token t_id="95" sentence="1" number="38">中</token>
  <token t_id="96" sentence="1" number="39">央</token>
  <token t_id="97" sentence="1" number="40">护</token>
  <token t_id="98" sentence="1" number="41">栏</token>
  <token t_id="99" sentence="1" number="42">后</token>
  <token t_id="100" sentence="1" number="43">与</token>
  <token t_id="101" sentence="1" number="44">一</token>
  <token t_id="102" sentence="1" number="45">辆</token>
  <token t_id="103" sentence="1" number="46">大</token>
  <token t_id="104" sentence="1" number="47">客</token>
  <token t_id="105" sentence="1" number="48">车</token>
  <token t_id="106" sentence="1" number="49">（</token>
  <token t_id="107" sentence="1" number="50">沪</token>
  <token t_id="108" sentence="1" number="51">D</token>
  <token t_id="109" sentence="1" number="52">-</token>
  <token t_id="110" sentence="1" number="53">L</token>
  <token t_id="111" sentence="1" number="54">4</token>
  <token t_id="112" sentence="1" number="55">4</token>
  <token t_id="113" sentence="1" number="56">5</token>
  <token t_id="114" sentence="1" number="57">2</token>
  <token t_id="115" sentence="1" number="58">)</token>
  <token t_id="116" sentence="1" number="59">发</token>
  <token t_id="117" sentence="1" number="60">生</token>
  <token t_id="118" sentence="1" number="61">碰</token>
  <token t_id="119" sentence="1" number="62">撞</token>
  <token t_id="120" sentence="1" number="63">，</token>
  <token t_id="121" sentence="1" number="64">造</token>
  <token t_id="122" sentence="1" number="65">成</token>
  <token t_id="123" sentence="1" number="66">大</token>
  <token t_id="124" sentence="1" number="67">客</token>
  <token t_id="125" sentence="1" number="68">车</token>
  <token t_id="126" sentence="1" number="69">翻</token>
  <token t_id="127" sentence="1" number="70">车</token>
  <token t_id="128" sentence="1" number="71">，</token>
  <token t_id="129" sentence="1" number="72">现</token>
  <token t_id="130" sentence="1" number="73">场</token>
  <token t_id="131" sentence="1" number="74">交</token>
  <token t_id="132" sentence="1" number="75">通</token>
  <token t_id="133" sentence="1" number="76">单</token>
  <token t_id="134" sentence="1" number="77">向</token>
  <token t_id="135" sentence="1" number="78">中</token>
  <token t_id="136" sentence="1" number="79">断</token>
  <token t_id="137" sentence="1" number="80">。</token>
  <token t_id="138" sentence="2" number="0">记</token>
  <token t_id="139" sentence="2" number="1">者</token>
  <token t_id="140" sentence="2" number="2">从</token>
  <token t_id="141" sentence="2" number="3">江</token>
  <token t_id="142" sentence="2" number="4">苏</token>
  <token t_id="143" sentence="2" number="5">省</token>
  <token t_id="144" sentence="2" number="6">交</token>
  <token t_id="145" sentence="2" number="7">通</token>
  <token t_id="146" sentence="2" number="8">综</token>
  <token t_id="147" sentence="2" number="9">合</token>
  <token t_id="148" sentence="2" number="10">执</token>
  <token t_id="149" sentence="2" number="11">法</token>
  <token t_id="150" sentence="2" number="12">局</token>
  <token t_id="151" sentence="2" number="13">、</token>
  <token t_id="152" sentence="2" number="14">盐</token>
  <token t_id="153" sentence="2" number="15">城</token>
  <token t_id="154" sentence="2" number="16">市</token>
  <token t_id="155" sentence="2" number="17">公</token>
  <token t_id="156" sentence="2" number="18">安</token>
  <token t_id="157" sentence="2" number="19">局</token>
  <token t_id="158" sentence="2" number="20">等</token>
  <token t_id="159" sentence="2" number="21">多</token>
  <token t_id="160" sentence="2" number="22">个</token>
  <token t_id="161" sentence="2" number="23">部</token>
  <token t_id="162" sentence="2" number="24">门</token>
  <token t_id="163" sentence="2" number="25">核</token>
  <token t_id="164" sentence="2" number="26">实</token>
  <token t_id="165" sentence="2" number="27">了</token>
  <token t_id="166" sentence="2" number="28">解</token>
  <token t_id="167" sentence="2" number="29">到</token>
  <token t_id="168" sentence="2" number="30">，</token>
  <token t_id="169" sentence="2" number="31">截</token>
  <token t_id="170" sentence="2" number="32">至</token>
  <token t_id="171" sentence="2" number="33">目</token>
  <token t_id="172" sentence="2" number="34">前</token>
  <token t_id="173" sentence="2" number="35">，</token>
  <token t_id="174" sentence="2" number="36">事</token>
  <token t_id="175" sentence="2" number="37">故</token>
  <token t_id="176" sentence="2" number="38">已</token>
  <token t_id="177" sentence="2" number="39">造</token>
  <token t_id="178" sentence="2" number="40">成</token>
  <token t_id="179" sentence="2" number="41">1</token>
  <token t_id="180" sentence="2" number="42">1</token>
  <token t_id="181" sentence="2" number="43">人</token>
  <token t_id="182" sentence="2" number="44">死</token>
  <token t_id="183" sentence="2" number="45">亡</token>
  <token t_id="184" sentence="2" number="46">，</token>
  <token t_id="185" sentence="2" number="47">受</token>
  <token t_id="186" sentence="2" number="48">伤</token>
  <token t_id="187" sentence="2" number="49">人</token>
  <token t_id="188" sentence="2" number="50">数</token>
  <token t_id="189" sentence="2" number="51">仍</token>
  <token t_id="190" sentence="2" number="52">有</token>
  <token t_id="191" sentence="2" number="53">待</token>
  <token t_id="192" sentence="2" number="54">统</token>
  <token t_id="193" sentence="2" number="55">计</token>
  <token t_id="194" sentence="2" number="56">。</token>
  <token t_id="195" sentence="3" number="0">经</token>
  <token t_id="196" sentence="3" number="1">现</token>
  <token t_id="197" sentence="3" number="2">场</token>
  <token t_id="198" sentence="3" number="3">人</token>
  <token t_id="199" sentence="3" number="4">员</token>
  <token t_id="200" sentence="3" number="5">初</token>
  <token t_id="201" sentence="3" number="6">步</token>
  <token t_id="202" sentence="3" number="7">核</token>
  <token t_id="203" sentence="3" number="8">实</token>
  <token t_id="204" sentence="3" number="9">：</token>
  <token t_id="205" sentence="3" number="10">大</token>
  <token t_id="206" sentence="3" number="11">客</token>
  <token t_id="207" sentence="3" number="12">车</token>
  <token t_id="208" sentence="3" number="13">（</token>
  <token t_id="209" sentence="3" number="14">沪</token>
  <token t_id="210" sentence="3" number="15">D</token>
  <token t_id="211" sentence="3" number="16">-</token>
  <token t_id="212" sentence="3" number="17">L</token>
  <token t_id="213" sentence="3" number="18">4</token>
  <token t_id="214" sentence="3" number="19">4</token>
  <token t_id="215" sentence="3" number="20">5</token>
  <token t_id="216" sentence="3" number="21">2</token>
  <token t_id="217" sentence="3" number="22">)</token>
  <token t_id="218" sentence="3" number="23">为</token>
  <token t_id="219" sentence="3" number="24">上</token>
  <token t_id="220" sentence="3" number="25">海</token>
  <token t_id="221" sentence="3" number="26">市</token>
  <token t_id="222" sentence="3" number="27">至</token>
  <token t_id="223" sentence="3" number="28">江</token>
  <token t_id="224" sentence="3" number="29">苏</token>
  <token t_id="225" sentence="3" number="30">省</token>
  <token t_id="226" sentence="3" number="31">连</token>
  <token t_id="227" sentence="3" number="32">云</token>
  <token t_id="228" sentence="3" number="33">港</token>
  <token t_id="229" sentence="3" number="34">市</token>
  <token t_id="230" sentence="3" number="35">灌</token>
  <token t_id="231" sentence="3" number="36">云</token>
  <token t_id="232" sentence="3" number="37">县</token>
  <token t_id="233" sentence="3" number="38">的</token>
  <token t_id="234" sentence="3" number="39">班</token>
  <token t_id="235" sentence="3" number="40">线</token>
  <token t_id="236" sentence="3" number="41">客</token>
  <token t_id="237" sentence="3" number="42">车</token>
  <token t_id="238" sentence="3" number="43">，</token>
  <token t_id="239" sentence="3" number="44">车</token>
  <token t_id="240" sentence="3" number="45">辆</token>
  <token t_id="241" sentence="3" number="46">所</token>
  <token t_id="242" sentence="3" number="47">属</token>
  <token t_id="243" sentence="3" number="48">公</token>
  <token t_id="244" sentence="3" number="49">司</token>
  <token t_id="245" sentence="3" number="50">为</token>
  <token t_id="246" sentence="3" number="51">上</token>
  <token t_id="247" sentence="3" number="52">海</token>
  <token t_id="248" sentence="3" number="53">新</token>
  <token t_id="249" sentence="3" number="54">大</token>
  <token t_id="250" sentence="3" number="55">都</token>
  <token t_id="251" sentence="3" number="56">客</token>
  <token t_id="252" sentence="3" number="57">运</token>
  <token t_id="253" sentence="3" number="58">有</token>
  <token t_id="254" sentence="3" number="59">限</token>
  <token t_id="255" sentence="3" number="60">公</token>
  <token t_id="256" sentence="3" number="61">司</token>
  <token t_id="257" sentence="3" number="62">，</token>
  <token t_id="258" sentence="3" number="63">车</token>
  <token t_id="259" sentence="3" number="64">辆</token>
  <token t_id="260" sentence="3" number="65">相</token>
  <token t_id="261" sentence="3" number="66">关</token>
  <token t_id="262" sentence="3" number="67">资</token>
  <token t_id="263" sentence="3" number="68">质</token>
  <token t_id="264" sentence="3" number="69">证</token>
  <token t_id="265" sentence="3" number="70">件</token>
  <token t_id="266" sentence="3" number="71">合</token>
  <token t_id="267" sentence="3" number="72">法</token>
  <token t_id="268" sentence="3" number="73">有</token>
  <token t_id="269" sentence="3" number="74">效</token>
  <token t_id="270" sentence="3" number="75">。</token>
  <token t_id="271" sentence="4" number="0">肇</token>
  <token t_id="272" sentence="4" number="1">事</token>
  <token t_id="273" sentence="4" number="2">货</token>
  <token t_id="274" sentence="4" number="3">车</token>
  <token t_id="275" sentence="4" number="4">未</token>
  <token t_id="276" sentence="4" number="5">超</token>
  <token t_id="277" sentence="4" number="6">载</token>
  <token t_id="278" sentence="4" number="7">，</token>
  <token t_id="279" sentence="4" number="8">横</token>
  <token t_id="280" sentence="4" number="9">穿</token>
  <token t_id="281" sentence="4" number="10">中</token>
  <token t_id="282" sentence="4" number="11">央</token>
  <token t_id="283" sentence="4" number="12">护</token>
  <token t_id="284" sentence="4" number="13">栏</token>
  <token t_id="285" sentence="4" number="14">原</token>
  <token t_id="286" sentence="4" number="15">因</token>
  <token t_id="287" sentence="4" number="16">尚</token>
  <token t_id="288" sentence="4" number="17">有</token>
  <token t_id="289" sentence="4" number="18">待</token>
  <token t_id="290" sentence="4" number="19">调</token>
  <token t_id="291" sentence="4" number="20">查</token>
  <Markables>
    <ACTION m_id="32695" comment="">
      <token_anchor t_id="38" />
      <token_anchor t_id="39" />
    </ACTION>
    <ACTION m_id="32696" comment="">
      <token_anchor t_id="54" />
      <token_anchor t_id="55" />
    </ACTION>
    <ACTION_CAUSATIVE m_id="32697" comment="">
      <token_anchor t_id="49" />
      <token_anchor t_id="50" />
    </ACTION_CAUSATIVE>
    <ACTION m_id="32698" comment="">
      <token_anchor t_id="118" />
      <token_anchor t_id="119" />
    </ACTION>
    <ACTION m_id="32699" comment="">
      <token_anchor t_id="135" />
      <token_anchor t_id="136" />
    </ACTION>
    <ACTION m_id="32700" comment="">
      <token_anchor t_id="126" />
      <token_anchor t_id="127" />
    </ACTION>
    <ACTION_CAUSATIVE m_id="32701" comment="">
      <token_anchor t_id="121" />
      <token_anchor t_id="122" />
    </ACTION_CAUSATIVE>
    <ACTION m_id="32702" comment="">
      <token_anchor t_id="163" />
      <token_anchor t_id="164" />
    </ACTION>
    <ACTION m_id="32704" comment="">
      <token_anchor t_id="174" />
      <token_anchor t_id="175" />
    </ACTION>
    <ACTION m_id="32705" comment="">
      <token_anchor t_id="182" />
      <token_anchor t_id="183" />
    </ACTION>
    <ACTION_CAUSATIVE m_id="32707" comment="">
      <token_anchor t_id="177" />
      <token_anchor t_id="178" />
    </ACTION_CAUSATIVE>
    <ACTION m_id="32709" comment="">
      <token_anchor t_id="202" />
      <token_anchor t_id="203" />
    </ACTION>
    <ACTION m_id="32710" comment="">
      <token_anchor t_id="276" />
      <token_anchor t_id="277" />
    </ACTION>
    <ACTION m_id="32712" comment="">
      <token_anchor t_id="290" />
      <token_anchor t_id="291" />
    </ACTION>
  </Markables>
  <Relations>
    <PLOT_LINK r_id="3206" SIGNAL="" relType="causation" CAUSES="FALSE" CAUSED_BY="FALSE">
      <source m_id="32695" />
      <target m_id="32696" />
    </PLOT_LINK>
    <PLOT_LINK r_id="3207" SIGNAL="" relType="causation" CAUSES="FALSE" CAUSED_BY="FALSE">
      <source m_id="32698" />
      <target m_id="32700" />
    </PLOT_LINK>
    <PLOT_LINK r_id="3208" SIGNAL="" relType="causation" CAUSES="FALSE" CAUSED_BY="FALSE">
      <source m_id="32700" />
      <target m_id="32699" />
    </PLOT_LINK>
    <PLOT_LINK r_id="3209" SIGNAL="" relType="causation" CAUSES="FALSE" CAUSED_BY="FALSE">
      <source m_id="32704" />
      <target m_id="32705" />
    </PLOT_LINK>
  </Relations>
</Document>