<?xml version="1.0" encoding="UTF-8"?>
<Document doc_name="3052_ecbplus.xml.xml">
  <token t_id="1" sentence="0" number="0">6</token>
  <token t_id="2" sentence="0" number="1">月</token>
  <token t_id="3" sentence="0" number="2">3</token>
  <token t_id="4" sentence="0" number="3">日</token>
  <token t_id="5" sentence="0" number="4">中</token>
  <token t_id="6" sentence="0" number="5">午</token>
  <token t_id="7" sentence="0" number="6">，</token>
  <token t_id="8" sentence="0" number="7">四</token>
  <token t_id="9" sentence="0" number="8">川</token>
  <token t_id="10" sentence="0" number="9">德</token>
  <token t_id="11" sentence="0" number="10">茂</token>
  <token t_id="12" sentence="0" number="11">公</token>
  <token t_id="13" sentence="0" number="12">路</token>
  <token t_id="14" sentence="0" number="13">德</token>
  <token t_id="15" sentence="0" number="14">阳</token>
  <token t_id="16" sentence="0" number="15">市</token>
  <token t_id="17" sentence="0" number="16">旌</token>
  <token t_id="18" sentence="0" number="17">阳</token>
  <token t_id="19" sentence="0" number="18">区</token>
  <token t_id="20" sentence="0" number="19">涌</token>
  <token t_id="21" sentence="0" number="20">泉</token>
  <token t_id="22" sentence="0" number="21">村</token>
  <token t_id="23" sentence="0" number="22">路</token>
  <token t_id="24" sentence="0" number="23">口</token>
  <token t_id="25" sentence="0" number="24">段</token>
  <token t_id="26" sentence="0" number="25">发</token>
  <token t_id="27" sentence="0" number="26">生</token>
  <token t_id="28" sentence="0" number="27">一</token>
  <token t_id="29" sentence="0" number="28">起</token>
  <token t_id="30" sentence="0" number="29">交</token>
  <token t_id="31" sentence="0" number="30">通</token>
  <token t_id="32" sentence="0" number="31">事</token>
  <token t_id="33" sentence="0" number="32">故</token>
  <token t_id="34" sentence="0" number="33">，</token>
  <token t_id="35" sentence="0" number="34">事</token>
  <token t_id="36" sentence="0" number="35">故</token>
  <token t_id="37" sentence="0" number="36">造</token>
  <token t_id="38" sentence="0" number="37">成</token>
  <token t_id="39" sentence="0" number="38">一</token>
  <token t_id="40" sentence="0" number="39">人</token>
  <token t_id="41" sentence="0" number="40">死</token>
  <token t_id="42" sentence="0" number="41">亡</token>
  <token t_id="43" sentence="0" number="42">，</token>
  <token t_id="44" sentence="0" number="43">一</token>
  <token t_id="45" sentence="0" number="44">人</token>
  <token t_id="46" sentence="0" number="45">受</token>
  <token t_id="47" sentence="0" number="46">伤</token>
  <token t_id="48" sentence="0" number="47">。</token>
  <token t_id="49" sentence="1" number="0">事</token>
  <token t_id="50" sentence="1" number="1">发</token>
  <token t_id="51" sentence="1" number="2">后</token>
  <token t_id="52" sentence="1" number="3">当</token>
  <token t_id="53" sentence="1" number="4">地</token>
  <token t_id="54" sentence="1" number="5">公</token>
  <token t_id="55" sentence="1" number="6">安</token>
  <token t_id="56" sentence="1" number="7">以</token>
  <token t_id="57" sentence="1" number="8">及</token>
  <token t_id="58" sentence="1" number="9">医</token>
  <token t_id="59" sentence="1" number="10">务</token>
  <token t_id="60" sentence="1" number="11">人</token>
  <token t_id="61" sentence="1" number="12">员</token>
  <token t_id="62" sentence="1" number="13">赶</token>
  <token t_id="63" sentence="1" number="14">赴</token>
  <token t_id="64" sentence="1" number="15">现</token>
  <token t_id="65" sentence="1" number="16">场</token>
  <token t_id="66" sentence="1" number="17">展</token>
  <token t_id="67" sentence="1" number="18">开</token>
  <token t_id="68" sentence="1" number="19">救</token>
  <token t_id="69" sentence="1" number="20">援</token>
  <token t_id="70" sentence="1" number="21">，</token>
  <token t_id="71" sentence="1" number="22">伤</token>
  <token t_id="72" sentence="1" number="23">者</token>
  <token t_id="73" sentence="1" number="24">被</token>
  <token t_id="74" sentence="1" number="25">送</token>
  <token t_id="75" sentence="1" number="26">往</token>
  <token t_id="76" sentence="1" number="27">医</token>
  <token t_id="77" sentence="1" number="28">院</token>
  <token t_id="78" sentence="1" number="29">救</token>
  <token t_id="79" sentence="1" number="30">治</token>
  <token t_id="80" sentence="1" number="31">。</token>
  <token t_id="81" sentence="2" number="0">当</token>
  <token t_id="82" sentence="2" number="1">地</token>
  <token t_id="83" sentence="2" number="2">市</token>
  <token t_id="84" sentence="2" number="3">民</token>
  <token t_id="85" sentence="2" number="4">提</token>
  <token t_id="86" sentence="2" number="5">供</token>
  <token t_id="87" sentence="2" number="6">视</token>
  <token t_id="88" sentence="2" number="7">频</token>
  <token t_id="89" sentence="2" number="8">中</token>
  <token t_id="90" sentence="2" number="9">显</token>
  <token t_id="91" sentence="2" number="10">示</token>
  <token t_id="92" sentence="2" number="11">，</token>
  <token t_id="93" sentence="2" number="12">一</token>
  <token t_id="94" sentence="2" number="13">处</token>
  <token t_id="95" sentence="2" number="14">红</token>
  <token t_id="96" sentence="2" number="15">绿</token>
  <token t_id="97" sentence="2" number="16">灯</token>
  <token t_id="98" sentence="2" number="17">灯</token>
  <token t_id="99" sentence="2" number="18">杆</token>
  <token t_id="100" sentence="2" number="19">被</token>
  <token t_id="101" sentence="2" number="20">撞</token>
  <token t_id="102" sentence="2" number="21">倒</token>
  <token t_id="103" sentence="2" number="22">，</token>
  <token t_id="104" sentence="2" number="23">一</token>
  <token t_id="105" sentence="2" number="24">名</token>
  <token t_id="106" sentence="2" number="25">伤</token>
  <token t_id="107" sentence="2" number="26">者</token>
  <token t_id="108" sentence="2" number="27">倒</token>
  <token t_id="109" sentence="2" number="28">在</token>
  <token t_id="110" sentence="2" number="29">路</token>
  <token t_id="111" sentence="2" number="30">边</token>
  <token t_id="112" sentence="2" number="31">的</token>
  <token t_id="113" sentence="2" number="32">砂</token>
  <token t_id="114" sentence="2" number="33">石</token>
  <token t_id="115" sentence="2" number="34">堆</token>
  <token t_id="116" sentence="2" number="35">里</token>
  <token t_id="117" sentence="2" number="36">，</token>
  <token t_id="118" sentence="2" number="37">医</token>
  <token t_id="119" sentence="2" number="38">务</token>
  <token t_id="120" sentence="2" number="39">人</token>
  <token t_id="121" sentence="2" number="40">员</token>
  <token t_id="122" sentence="2" number="41">正</token>
  <token t_id="123" sentence="2" number="42">在</token>
  <token t_id="124" sentence="2" number="43">救</token>
  <token t_id="125" sentence="2" number="44">援</token>
  <token t_id="126" sentence="2" number="45">，</token>
  <token t_id="127" sentence="2" number="46">一</token>
  <token t_id="128" sentence="2" number="47">名</token>
  <token t_id="129" sentence="2" number="48">浑</token>
  <token t_id="130" sentence="2" number="49">身</token>
  <token t_id="131" sentence="2" number="50">是</token>
  <token t_id="132" sentence="2" number="51">血</token>
  <token t_id="133" sentence="2" number="52">的</token>
  <token t_id="134" sentence="2" number="53">男</token>
  <token t_id="135" sentence="2" number="54">子</token>
  <token t_id="136" sentence="2" number="55">从</token>
  <token t_id="137" sentence="2" number="56">驾</token>
  <token t_id="138" sentence="2" number="57">驶</token>
  <token t_id="139" sentence="2" number="58">室</token>
  <token t_id="140" sentence="2" number="59">爬</token>
  <token t_id="141" sentence="2" number="60">出</token>
  <token t_id="142" sentence="2" number="61">来</token>
  <token t_id="143" sentence="2" number="62">，</token>
  <token t_id="144" sentence="2" number="63">车</token>
  <token t_id="145" sentence="2" number="64">祸</token>
  <token t_id="146" sentence="2" number="65">现</token>
  <token t_id="147" sentence="2" number="66">场</token>
  <token t_id="148" sentence="2" number="67">不</token>
  <token t_id="149" sentence="2" number="68">时</token>
  <token t_id="150" sentence="2" number="69">有</token>
  <token t_id="151" sentence="2" number="70">满</token>
  <token t_id="152" sentence="2" number="71">载</token>
  <token t_id="153" sentence="2" number="72">砂</token>
  <token t_id="154" sentence="2" number="73">石</token>
  <token t_id="155" sentence="2" number="74">的</token>
  <token t_id="156" sentence="2" number="75">大</token>
  <token t_id="157" sentence="2" number="76">货</token>
  <token t_id="158" sentence="2" number="77">车</token>
  <token t_id="159" sentence="2" number="78">从</token>
  <token t_id="160" sentence="2" number="79">该</token>
  <token t_id="161" sentence="2" number="80">地</token>
  <token t_id="162" sentence="2" number="81">段</token>
  <token t_id="163" sentence="2" number="82">快</token>
  <token t_id="164" sentence="2" number="83">速</token>
  <token t_id="165" sentence="2" number="84">通</token>
  <token t_id="166" sentence="2" number="85">过</token>
  <token t_id="167" sentence="2" number="86">，</token>
  <token t_id="168" sentence="2" number="87">一</token>
  <token t_id="169" sentence="2" number="88">位</token>
  <token t_id="170" sentence="2" number="89">市</token>
  <token t_id="171" sentence="2" number="90">民</token>
  <token t_id="172" sentence="2" number="91">一</token>
  <token t_id="173" sentence="2" number="92">边</token>
  <token t_id="174" sentence="2" number="93">拍</token>
  <token t_id="175" sentence="2" number="94">摄</token>
  <token t_id="176" sentence="2" number="95">视</token>
  <token t_id="177" sentence="2" number="96">频</token>
  <token t_id="178" sentence="2" number="97">，</token>
  <token t_id="179" sentence="2" number="98">一</token>
  <token t_id="180" sentence="2" number="99">边</token>
  <token t_id="181" sentence="2" number="100">大</token>
  <token t_id="182" sentence="2" number="101">喊</token>
  <token t_id="183" sentence="2" number="102">：</token>
  <token t_id="184" sentence="2" number="103">“</token>
  <token t_id="185" sentence="2" number="104">遇</token>
  <token t_id="186" sentence="2" number="105">事</token>
  <token t_id="187" sentence="2" number="106">不</token>
  <token t_id="188" sentence="2" number="107">要</token>
  <token t_id="189" sentence="2" number="108">慌</token>
  <token t_id="190" sentence="2" number="109">！</token>
  <token t_id="191" sentence="2" number="110">你</token>
  <token t_id="192" sentence="2" number="111">开</token>
  <token t_id="193" sentence="2" number="112">那</token>
  <token t_id="194" sentence="2" number="113">么</token>
  <token t_id="195" sentence="2" number="114">快</token>
  <token t_id="196" sentence="2" number="115">做</token>
  <token t_id="197" sentence="2" number="116">啥</token>
  <token t_id="198" sentence="2" number="117">子</token>
  <token t_id="199" sentence="2" number="118">嘛</token>
  <token t_id="200" sentence="2" number="119">，</token>
  <token t_id="201" sentence="2" number="120">我</token>
  <token t_id="202" sentence="2" number="121">的</token>
  <token t_id="203" sentence="2" number="122">哥</token>
  <token t_id="204" sentence="2" number="123">勒</token>
  <token t_id="205" sentence="2" number="124">！</token>
  <token t_id="206" sentence="2" number="125">”</token>
  <token t_id="207" sentence="2" number="126">“</token>
  <token t_id="208" sentence="2" number="127">快</token>
  <token t_id="209" sentence="2" number="128">点</token>
  <token t_id="210" sentence="2" number="129">来</token>
  <token t_id="211" sentence="2" number="130">救</token>
  <token t_id="212" sentence="2" number="131">命</token>
  <token t_id="213" sentence="2" number="132">哦</token>
  <token t_id="214" sentence="2" number="133">，</token>
  <token t_id="215" sentence="2" number="134">砂</token>
  <token t_id="216" sentence="2" number="135">车</token>
  <token t_id="217" sentence="2" number="136">砂</token>
  <token t_id="218" sentence="2" number="137">车</token>
  <token t_id="219" sentence="2" number="138">，</token>
  <token t_id="220" sentence="2" number="139">你</token>
  <token t_id="221" sentence="2" number="140">们</token>
  <token t_id="222" sentence="2" number="141">跑</token>
  <token t_id="223" sentence="2" number="142">慢</token>
  <token t_id="224" sentence="2" number="143">点</token>
  <token t_id="225" sentence="2" number="144">，</token>
  <token t_id="226" sentence="2" number="145">都</token>
  <token t_id="227" sentence="2" number="146">是</token>
  <token t_id="228" sentence="2" number="147">你</token>
  <token t_id="229" sentence="2" number="148">们</token>
  <token t_id="230" sentence="2" number="149">的</token>
  <token t_id="231" sentence="2" number="150">错</token>
  <token t_id="232" sentence="2" number="151">！</token>
  <token t_id="233" sentence="2" number="152">”</token>
  <token t_id="234" sentence="2" number="153">。</token>
  <token t_id="235" sentence="3" number="0">据</token>
  <token t_id="236" sentence="3" number="1">德</token>
  <token t_id="237" sentence="3" number="2">阳</token>
  <token t_id="238" sentence="3" number="3">市</token>
  <token t_id="239" sentence="3" number="4">公</token>
  <token t_id="240" sentence="3" number="5">安</token>
  <token t_id="241" sentence="3" number="6">局</token>
  <token t_id="242" sentence="3" number="7">旌</token>
  <token t_id="243" sentence="3" number="8">阳</token>
  <token t_id="244" sentence="3" number="9">区</token>
  <token t_id="245" sentence="3" number="10">分</token>
  <token t_id="246" sentence="3" number="11">局</token>
  <token t_id="247" sentence="3" number="12">发</token>
  <token t_id="248" sentence="3" number="13">布</token>
  <token t_id="249" sentence="3" number="14">的</token>
  <token t_id="250" sentence="3" number="15">《</token>
  <token t_id="251" sentence="3" number="16">警</token>
  <token t_id="252" sentence="3" number="17">情</token>
  <token t_id="253" sentence="3" number="18">通</token>
  <token t_id="254" sentence="3" number="19">报</token>
  <token t_id="255" sentence="3" number="20">》</token>
  <token t_id="256" sentence="3" number="21">显</token>
  <token t_id="257" sentence="3" number="22">示</token>
  <token t_id="258" sentence="3" number="23">，</token>
  <token t_id="259" sentence="3" number="24">6</token>
  <token t_id="260" sentence="3" number="25">月</token>
  <token t_id="261" sentence="3" number="26">3</token>
  <token t_id="262" sentence="3" number="27">日</token>
  <token t_id="263" sentence="3" number="28">1</token>
  <token t_id="264" sentence="3" number="29">2</token>
  <token t_id="265" sentence="3" number="30">：</token>
  <token t_id="266" sentence="3" number="31">1</token>
  <token t_id="267" sentence="3" number="32">3</token>
  <token t_id="268" sentence="3" number="33">许</token>
  <token t_id="269" sentence="3" number="34">，</token>
  <token t_id="270" sentence="3" number="35">德</token>
  <token t_id="271" sentence="3" number="36">（</token>
  <token t_id="272" sentence="3" number="37">阳</token>
  <token t_id="273" sentence="3" number="38">）</token>
  <token t_id="274" sentence="3" number="39">茂</token>
  <token t_id="275" sentence="3" number="40">（</token>
  <token t_id="276" sentence="3" number="41">县</token>
  <token t_id="277" sentence="3" number="42">）</token>
  <token t_id="278" sentence="3" number="43">公</token>
  <token t_id="279" sentence="3" number="44">路</token>
  <token t_id="280" sentence="3" number="45">旌</token>
  <token t_id="281" sentence="3" number="46">阳</token>
  <token t_id="282" sentence="3" number="47">区</token>
  <token t_id="283" sentence="3" number="48">孝</token>
  <token t_id="284" sentence="3" number="49">泉</token>
  <token t_id="285" sentence="3" number="50">镇</token>
  <token t_id="286" sentence="3" number="51">涌</token>
  <token t_id="287" sentence="3" number="52">泉</token>
  <token t_id="288" sentence="3" number="53">村</token>
  <token t_id="289" sentence="3" number="54">路</token>
  <token t_id="290" sentence="3" number="55">口</token>
  <token t_id="291" sentence="3" number="56">发</token>
  <token t_id="292" sentence="3" number="57">生</token>
  <token t_id="293" sentence="3" number="58">一</token>
  <token t_id="294" sentence="3" number="59">起</token>
  <token t_id="295" sentence="3" number="60">道</token>
  <token t_id="296" sentence="3" number="61">路</token>
  <token t_id="297" sentence="3" number="62">交</token>
  <token t_id="298" sentence="3" number="63">通</token>
  <token t_id="299" sentence="3" number="64">事</token>
  <token t_id="300" sentence="3" number="65">故</token>
  <token t_id="301" sentence="3" number="66">：</token>
  <token t_id="302" sentence="3" number="67">李</token>
  <token t_id="303" sentence="3" number="68">某</token>
  <token t_id="304" sentence="3" number="69">（</token>
  <token t_id="305" sentence="3" number="70">男</token>
  <token t_id="306" sentence="3" number="71">，</token>
  <token t_id="307" sentence="3" number="72">3</token>
  <token t_id="308" sentence="3" number="73">5</token>
  <token t_id="309" sentence="3" number="74">岁</token>
  <token t_id="310" sentence="3" number="75">）</token>
  <token t_id="311" sentence="3" number="76">驾</token>
  <token t_id="312" sentence="3" number="77">驶</token>
  <token t_id="313" sentence="3" number="78">（</token>
  <token t_id="314" sentence="3" number="79">川</token>
  <token t_id="315" sentence="3" number="80">F</token>
  <token t_id="316" sentence="3" number="81">3</token>
  <token t_id="317" sentence="3" number="82">6</token>
  <token t_id="318" sentence="3" number="83">7</token>
  <token t_id="319" sentence="3" number="84">3</token>
  <token t_id="320" sentence="3" number="85">挂</token>
  <token t_id="321" sentence="3" number="86">）</token>
  <token t_id="322" sentence="3" number="87">大</token>
  <token t_id="323" sentence="3" number="88">型</token>
  <token t_id="324" sentence="3" number="89">货</token>
  <token t_id="325" sentence="3" number="90">车</token>
  <token t_id="326" sentence="3" number="91">行</token>
  <token t_id="327" sentence="3" number="92">驶</token>
  <token t_id="328" sentence="3" number="93">至</token>
  <token t_id="329" sentence="3" number="94">该</token>
  <token t_id="330" sentence="3" number="95">路</token>
  <token t_id="331" sentence="3" number="96">段</token>
  <token t_id="332" sentence="3" number="97">时</token>
  <token t_id="333" sentence="3" number="98">，</token>
  <token t_id="334" sentence="3" number="99">与</token>
  <token t_id="335" sentence="3" number="100">一</token>
  <token t_id="336" sentence="3" number="101">辆</token>
  <token t_id="337" sentence="3" number="102">电</token>
  <token t_id="338" sentence="3" number="103">动</token>
  <token t_id="339" sentence="3" number="104">三</token>
  <token t_id="340" sentence="3" number="105">轮</token>
  <token t_id="341" sentence="3" number="106">车</token>
  <token t_id="342" sentence="3" number="107">发</token>
  <token t_id="343" sentence="3" number="108">生</token>
  <token t_id="344" sentence="3" number="109">碰</token>
  <token t_id="345" sentence="3" number="110">撞</token>
  <token t_id="346" sentence="3" number="111">后</token>
  <token t_id="347" sentence="3" number="112">侧</token>
  <token t_id="348" sentence="3" number="113">翻</token>
  <token t_id="349" sentence="3" number="114">，</token>
  <token t_id="350" sentence="3" number="115">事</token>
  <token t_id="351" sentence="3" number="116">故</token>
  <token t_id="352" sentence="3" number="117">造</token>
  <token t_id="353" sentence="3" number="118">成</token>
  <token t_id="354" sentence="3" number="119">电</token>
  <token t_id="355" sentence="3" number="120">动</token>
  <token t_id="356" sentence="3" number="121">三</token>
  <token t_id="357" sentence="3" number="122">轮</token>
  <token t_id="358" sentence="3" number="123">车</token>
  <token t_id="359" sentence="3" number="124">驾</token>
  <token t_id="360" sentence="3" number="125">驶</token>
  <token t_id="361" sentence="3" number="126">员</token>
  <token t_id="362" sentence="3" number="127">罗</token>
  <token t_id="363" sentence="3" number="128">某</token>
  <token t_id="364" sentence="3" number="129">元</token>
  <token t_id="365" sentence="3" number="130">死</token>
  <token t_id="366" sentence="3" number="131">亡</token>
  <token t_id="367" sentence="3" number="132">，</token>
  <token t_id="368" sentence="3" number="133">李</token>
  <token t_id="369" sentence="3" number="134">某</token>
  <token t_id="370" sentence="3" number="135">受</token>
  <token t_id="371" sentence="3" number="136">伤</token>
  <token t_id="372" sentence="3" number="137">。</token>
  <token t_id="373" sentence="4" number="0">目</token>
  <token t_id="374" sentence="4" number="1">前</token>
  <token t_id="375" sentence="4" number="2">，</token>
  <token t_id="376" sentence="4" number="3">车</token>
  <token t_id="377" sentence="4" number="4">祸</token>
  <token t_id="378" sentence="4" number="5">造</token>
  <token t_id="379" sentence="4" number="6">成</token>
  <token t_id="380" sentence="4" number="7">一</token>
  <token t_id="381" sentence="4" number="8">人</token>
  <token t_id="382" sentence="4" number="9">死</token>
  <token t_id="383" sentence="4" number="10">亡</token>
  <token t_id="384" sentence="4" number="11">，</token>
  <token t_id="385" sentence="4" number="12">一</token>
  <token t_id="386" sentence="4" number="13">人</token>
  <token t_id="387" sentence="4" number="14">受</token>
  <token t_id="388" sentence="4" number="15">伤</token>
  <token t_id="389" sentence="4" number="16">，</token>
  <token t_id="390" sentence="4" number="17">李</token>
  <token t_id="391" sentence="4" number="18">某</token>
  <token t_id="392" sentence="4" number="19">已</token>
  <token t_id="393" sentence="4" number="20">送</token>
  <token t_id="394" sentence="4" number="21">医</token>
  <token t_id="395" sentence="4" number="22">院</token>
  <token t_id="396" sentence="4" number="23">救</token>
  <token t_id="397" sentence="4" number="24">治</token>
  <token t_id="398" sentence="4" number="25">，</token>
  <token t_id="399" sentence="4" number="26">德</token>
  <token t_id="400" sentence="4" number="27">阳</token>
  <token t_id="401" sentence="4" number="28">市</token>
  <token t_id="402" sentence="4" number="29">公</token>
  <token t_id="403" sentence="4" number="30">安</token>
  <token t_id="404" sentence="4" number="31">局</token>
  <token t_id="405" sentence="4" number="32">旌</token>
  <token t_id="406" sentence="4" number="33">阳</token>
  <token t_id="407" sentence="4" number="34">区</token>
  <token t_id="408" sentence="4" number="35">分</token>
  <token t_id="409" sentence="4" number="36">局</token>
  <token t_id="410" sentence="4" number="37">交</token>
  <token t_id="411" sentence="4" number="38">警</token>
  <token t_id="412" sentence="4" number="39">大</token>
  <token t_id="413" sentence="4" number="40">队</token>
  <token t_id="414" sentence="4" number="41">正</token>
  <token t_id="415" sentence="4" number="42">对</token>
  <token t_id="416" sentence="4" number="43">事</token>
  <token t_id="417" sentence="4" number="44">故</token>
  <token t_id="418" sentence="4" number="45">进</token>
  <token t_id="419" sentence="4" number="46">行</token>
  <token t_id="420" sentence="4" number="47">全</token>
  <token t_id="421" sentence="4" number="48">面</token>
  <token t_id="422" sentence="4" number="49">调</token>
  <token t_id="423" sentence="4" number="50">查</token>
  <token t_id="424" sentence="4" number="51">，</token>
  <token t_id="425" sentence="4" number="52">事</token>
  <token t_id="426" sentence="4" number="53">故</token>
  <token t_id="427" sentence="4" number="54">原</token>
  <token t_id="428" sentence="4" number="55">因</token>
  <token t_id="429" sentence="4" number="56">正</token>
  <token t_id="430" sentence="4" number="57">在</token>
  <token t_id="431" sentence="4" number="58">进</token>
  <token t_id="432" sentence="4" number="59">一</token>
  <token t_id="433" sentence="4" number="60">步</token>
  <token t_id="434" sentence="4" number="61">调</token>
  <token t_id="435" sentence="4" number="62">查</token>
  <token t_id="436" sentence="4" number="63">之</token>
  <token t_id="437" sentence="4" number="64">中</token>
  <Markables>
    <ACTION m_id="32841" comment="">
      <token_anchor t_id="26" />
      <token_anchor t_id="27" />
    </ACTION>
    <ACTION m_id="32842" comment="">
      <token_anchor t_id="41" />
      <token_anchor t_id="42" />
    </ACTION>
    <ACTION m_id="32843" comment="">
      <token_anchor t_id="46" />
      <token_anchor t_id="47" />
    </ACTION>
    <ACTION m_id="32844" comment="">
      <token_anchor t_id="49" />
      <token_anchor t_id="50" />
    </ACTION>
    <ACTION_CAUSATIVE m_id="32845" comment="">
      <token_anchor t_id="37" />
      <token_anchor t_id="38" />
    </ACTION_CAUSATIVE>
    <ACTION m_id="32847" comment="">
      <token_anchor t_id="62" />
      <token_anchor t_id="63" />
    </ACTION>
    <ACTION m_id="32851" comment="">
      <token_anchor t_id="74" />
      <token_anchor t_id="75" />
    </ACTION>
    <ACTION m_id="32852" comment="">
      <token_anchor t_id="78" />
      <token_anchor t_id="79" />
    </ACTION>
    <ACTION m_id="32854" comment="">
      <token_anchor t_id="90" />
      <token_anchor t_id="91" />
    </ACTION>
    <ACTION m_id="32855" comment="">
      <token_anchor t_id="101" />
      <token_anchor t_id="102" />
    </ACTION>
    <ACTION m_id="32856" comment="">
      <token_anchor t_id="108" />
      <token_anchor t_id="109" />
    </ACTION>
    <ACTION m_id="32857" comment="">
      <token_anchor t_id="124" />
      <token_anchor t_id="125" />
    </ACTION>
    <ACTION m_id="32861" comment="">
      <token_anchor t_id="165" />
      <token_anchor t_id="166" />
    </ACTION>
    <ACTION m_id="32862" comment="">
      <token_anchor t_id="174" />
      <token_anchor t_id="175" />
    </ACTION>
    <ACTION m_id="32863" comment="">
      <token_anchor t_id="211" />
      <token_anchor t_id="212" />
    </ACTION>
    <ACTION m_id="32865" comment="">
      <token_anchor t_id="256" />
      <token_anchor t_id="257" />
    </ACTION>
    <ACTION m_id="32870" comment="">
      <token_anchor t_id="344" />
      <token_anchor t_id="345" />
    </ACTION>
    <ACTION m_id="32871" comment="">
      <token_anchor t_id="347" />
      <token_anchor t_id="348" />
    </ACTION>
    <ACTION_CAUSATIVE m_id="32872" comment="">
      <token_anchor t_id="352" />
      <token_anchor t_id="353" />
    </ACTION_CAUSATIVE>
    <ACTION m_id="32873" comment="">
      <token_anchor t_id="365" />
      <token_anchor t_id="366" />
    </ACTION>
    <ACTION m_id="32874" comment="">
      <token_anchor t_id="370" />
      <token_anchor t_id="371" />
    </ACTION>
    <ACTION m_id="32875" comment="">
      <token_anchor t_id="382" />
      <token_anchor t_id="383" />
    </ACTION>
    <ACTION m_id="32876" comment="">
      <token_anchor t_id="387" />
      <token_anchor t_id="388" />
    </ACTION>
    <ACTION_CAUSATIVE m_id="32877" comment="">
      <token_anchor t_id="378" />
      <token_anchor t_id="379" />
    </ACTION_CAUSATIVE>
    <ACTION m_id="32878" comment="">
      <token_anchor t_id="393" />
      <token_anchor t_id="394" />
      <token_anchor t_id="395" />
    </ACTION>
    <ACTION m_id="32879" comment="">
      <token_anchor t_id="396" />
      <token_anchor t_id="397" />
    </ACTION>
    <ACTION m_id="32881" comment="">
      <token_anchor t_id="422" />
      <token_anchor t_id="423" />
    </ACTION>
    <ACTION m_id="52987" comment="">
      <token_anchor t_id="140" />
    </ACTION>
    <ACTION m_id="52988" comment="">
      <token_anchor t_id="376" />
      <token_anchor t_id="377" />
    </ACTION>
  </Markables>
  <Relations>
    <PLOT_LINK r_id="3259" SIGNAL="" relType="causation" CAUSES="FALSE" CAUSED_BY="FALSE">
      <source m_id="32841" />
      <target m_id="32842" />
    </PLOT_LINK>
    <PLOT_LINK r_id="3260" SIGNAL="" relType="causation" CAUSES="FALSE" CAUSED_BY="FALSE">
      <source m_id="32841" />
      <target m_id="32843" />
    </PLOT_LINK>
    <PLOT_LINK r_id="3261" SIGNAL="" relType="causation" CAUSES="FALSE" CAUSED_BY="FALSE">
      <source m_id="32844" />
      <target m_id="32847" />
    </PLOT_LINK>
    <PLOT_LINK r_id="3262" SIGNAL="" relType="causation" CAUSES="FALSE" CAUSED_BY="FALSE">
      <source m_id="32870" />
      <target m_id="32871" />
    </PLOT_LINK>
    <PLOT_LINK r_id="3263" SIGNAL="" relType="causation" CAUSES="FALSE" CAUSED_BY="FALSE">
      <source m_id="32870" />
      <target m_id="32873" />
    </PLOT_LINK>
    <PLOT_LINK r_id="3264" SIGNAL="" relType="causation" CAUSES="FALSE" CAUSED_BY="FALSE">
      <source m_id="52988" />
      <target m_id="32875" />
    </PLOT_LINK>
    <PLOT_LINK r_id="3265" SIGNAL="" relType="causation" CAUSES="FALSE" CAUSED_BY="FALSE">
      <source m_id="52988" />
      <target m_id="32876" />
    </PLOT_LINK>
    <PLOT_LINK r_id="3266" SIGNAL="" relType="causation" CAUSES="FALSE" CAUSED_BY="FALSE">
      <source m_id="32876" />
      <target m_id="32878" />
    </PLOT_LINK>
  </Relations>
</Document>