<?xml version="1.0" encoding="UTF-8"?>
<Document doc_name="3069_ecbplus.xml.xml">
  <token t_id="1" sentence="0" number="0">目</token>
  <token t_id="2" sentence="0" number="1">前</token>
  <token t_id="3" sentence="0" number="2">，</token>
  <token t_id="4" sentence="0" number="3">1</token>
  <token t_id="5" sentence="0" number="4">5</token>
  <token t_id="6" sentence="0" number="5">名</token>
  <token t_id="7" sentence="0" number="6">受</token>
  <token t_id="8" sentence="0" number="7">伤</token>
  <token t_id="9" sentence="0" number="8">幼</token>
  <token t_id="10" sentence="0" number="9">儿</token>
  <token t_id="11" sentence="0" number="10">园</token>
  <token t_id="12" sentence="0" number="11">学</token>
  <token t_id="13" sentence="0" number="12">生</token>
  <token t_id="14" sentence="0" number="13">分</token>
  <token t_id="15" sentence="0" number="14">别</token>
  <token t_id="16" sentence="0" number="15">在</token>
  <token t_id="17" sentence="0" number="16">阳</token>
  <token t_id="18" sentence="0" number="17">春</token>
  <token t_id="19" sentence="0" number="18">市</token>
  <token t_id="20" sentence="0" number="19">人</token>
  <token t_id="21" sentence="0" number="20">民</token>
  <token t_id="22" sentence="0" number="21">医</token>
  <token t_id="23" sentence="0" number="22">院</token>
  <token t_id="24" sentence="0" number="23">和</token>
  <token t_id="25" sentence="0" number="24">阳</token>
  <token t_id="26" sentence="0" number="25">春</token>
  <token t_id="27" sentence="0" number="26">市</token>
  <token t_id="28" sentence="0" number="27">中</token>
  <token t_id="29" sentence="0" number="28">医</token>
  <token t_id="30" sentence="0" number="29">院</token>
  <token t_id="31" sentence="0" number="30">接</token>
  <token t_id="32" sentence="0" number="31">受</token>
  <token t_id="33" sentence="0" number="32">救</token>
  <token t_id="34" sentence="0" number="33">治</token>
  <token t_id="35" sentence="0" number="34">。</token>
  <token t_id="36" sentence="1" number="0">9</token>
  <token t_id="37" sentence="1" number="1">日</token>
  <token t_id="38" sentence="1" number="2">下</token>
  <token t_id="39" sentence="1" number="3">午</token>
  <token t_id="40" sentence="1" number="4">，</token>
  <token t_id="41" sentence="1" number="5">广</token>
  <token t_id="42" sentence="1" number="6">东</token>
  <token t_id="43" sentence="1" number="7">省</token>
  <token t_id="44" sentence="1" number="8">阳</token>
  <token t_id="45" sentence="1" number="9">春</token>
  <token t_id="46" sentence="1" number="10">市</token>
  <token t_id="47" sentence="1" number="11">发</token>
  <token t_id="48" sentence="1" number="12">生</token>
  <token t_id="49" sentence="1" number="13">一</token>
  <token t_id="50" sentence="1" number="14">起</token>
  <token t_id="51" sentence="1" number="15">重</token>
  <token t_id="52" sentence="1" number="16">大</token>
  <token t_id="53" sentence="1" number="17">交</token>
  <token t_id="54" sentence="1" number="18">通</token>
  <token t_id="55" sentence="1" number="19">事</token>
  <token t_id="56" sentence="1" number="20">故</token>
  <token t_id="57" sentence="1" number="21">，</token>
  <token t_id="58" sentence="1" number="22">一</token>
  <token t_id="59" sentence="1" number="23">辆</token>
  <token t_id="60" sentence="1" number="24">校</token>
  <token t_id="61" sentence="1" number="25">车</token>
  <token t_id="62" sentence="1" number="26">与</token>
  <token t_id="63" sentence="1" number="27">一</token>
  <token t_id="64" sentence="1" number="28">辆</token>
  <token t_id="65" sentence="1" number="29">货</token>
  <token t_id="66" sentence="1" number="30">车</token>
  <token t_id="67" sentence="1" number="31">相</token>
  <token t_id="68" sentence="1" number="32">撞</token>
  <token t_id="69" sentence="1" number="33">，</token>
  <token t_id="70" sentence="1" number="34">造</token>
  <token t_id="71" sentence="1" number="35">成</token>
  <token t_id="72" sentence="1" number="36">2</token>
  <token t_id="73" sentence="1" number="37">名</token>
  <token t_id="74" sentence="1" number="38">儿</token>
  <token t_id="75" sentence="1" number="39">童</token>
  <token t_id="76" sentence="1" number="40">死</token>
  <token t_id="77" sentence="1" number="41">亡</token>
  <token t_id="78" sentence="1" number="42">，</token>
  <token t_id="79" sentence="1" number="43">1</token>
  <token t_id="80" sentence="1" number="44">5</token>
  <token t_id="81" sentence="1" number="45">名</token>
  <token t_id="82" sentence="1" number="46">儿</token>
  <token t_id="83" sentence="1" number="47">童</token>
  <token t_id="84" sentence="1" number="48">不</token>
  <token t_id="85" sentence="1" number="49">同</token>
  <token t_id="86" sentence="1" number="50">程</token>
  <token t_id="87" sentence="1" number="51">度</token>
  <token t_id="88" sentence="1" number="52">受</token>
  <token t_id="89" sentence="1" number="53">伤</token>
  <token t_id="90" sentence="1" number="54">。</token>
  <token t_id="91" sentence="2" number="0">公</token>
  <token t_id="92" sentence="2" number="1">安</token>
  <token t_id="93" sentence="2" number="2">部</token>
  <token t_id="94" sentence="2" number="3">门</token>
  <token t_id="95" sentence="2" number="4">初</token>
  <token t_id="96" sentence="2" number="5">步</token>
  <token t_id="97" sentence="2" number="6">认</token>
  <token t_id="98" sentence="2" number="7">定</token>
  <token t_id="99" sentence="2" number="8">该</token>
  <token t_id="100" sentence="2" number="9">校</token>
  <token t_id="101" sentence="2" number="10">车</token>
  <token t_id="102" sentence="2" number="11">存</token>
  <token t_id="103" sentence="2" number="12">在</token>
  <token t_id="104" sentence="2" number="13">超</token>
  <token t_id="105" sentence="2" number="14">载</token>
  <token t_id="106" sentence="2" number="15">行</token>
  <token t_id="107" sentence="2" number="16">为</token>
  <token t_id="108" sentence="2" number="17">。</token>
  <token t_id="109" sentence="3" number="0">记</token>
  <token t_id="110" sentence="3" number="1">者</token>
  <token t_id="111" sentence="3" number="2">从</token>
  <token t_id="112" sentence="3" number="3">阳</token>
  <token t_id="113" sentence="3" number="4">春</token>
  <token t_id="114" sentence="3" number="5">市</token>
  <token t_id="115" sentence="3" number="6">新</token>
  <token t_id="116" sentence="3" number="7">闻</token>
  <token t_id="117" sentence="3" number="8">办</token>
  <token t_id="118" sentence="3" number="9">公</token>
  <token t_id="119" sentence="3" number="10">室</token>
  <token t_id="120" sentence="3" number="11">了</token>
  <token t_id="121" sentence="3" number="12">解</token>
  <token t_id="122" sentence="3" number="13">到</token>
  <token t_id="123" sentence="3" number="14">，</token>
  <token t_id="124" sentence="3" number="15">该</token>
  <token t_id="125" sentence="3" number="16">校</token>
  <token t_id="126" sentence="3" number="17">车</token>
  <token t_id="127" sentence="3" number="18">荷</token>
  <token t_id="128" sentence="3" number="19">载</token>
  <token t_id="129" sentence="3" number="20">1</token>
  <token t_id="130" sentence="3" number="21">1</token>
  <token t_id="131" sentence="3" number="22">人</token>
  <token t_id="132" sentence="3" number="23">，</token>
  <token t_id="133" sentence="3" number="24">实</token>
  <token t_id="134" sentence="3" number="25">载</token>
  <token t_id="135" sentence="3" number="26">1</token>
  <token t_id="136" sentence="3" number="27">9</token>
  <token t_id="137" sentence="3" number="28">人</token>
  <token t_id="138" sentence="3" number="29">，</token>
  <token t_id="139" sentence="3" number="30">除</token>
  <token t_id="140" sentence="3" number="31">1</token>
  <token t_id="141" sentence="3" number="32">7</token>
  <token t_id="142" sentence="3" number="33">名</token>
  <token t_id="143" sentence="3" number="34">儿</token>
  <token t_id="144" sentence="3" number="35">童</token>
  <token t_id="145" sentence="3" number="36">外</token>
  <token t_id="146" sentence="3" number="37">还</token>
  <token t_id="147" sentence="3" number="38">有</token>
  <token t_id="148" sentence="3" number="39">一</token>
  <token t_id="149" sentence="3" number="40">名</token>
  <token t_id="150" sentence="3" number="41">老</token>
  <token t_id="151" sentence="3" number="42">师</token>
  <token t_id="152" sentence="3" number="43">、</token>
  <token t_id="153" sentence="3" number="44">一</token>
  <token t_id="154" sentence="3" number="45">名</token>
  <token t_id="155" sentence="3" number="46">司</token>
  <token t_id="156" sentence="3" number="47">机</token>
  <token t_id="157" sentence="3" number="48">。</token>
  <token t_id="158" sentence="4" number="0">公</token>
  <token t_id="159" sentence="4" number="1">安</token>
  <token t_id="160" sentence="4" number="2">部</token>
  <token t_id="161" sentence="4" number="3">门</token>
  <token t_id="162" sentence="4" number="4">初</token>
  <token t_id="163" sentence="4" number="5">步</token>
  <token t_id="164" sentence="4" number="6">认</token>
  <token t_id="165" sentence="4" number="7">定</token>
  <token t_id="166" sentence="4" number="8">该</token>
  <token t_id="167" sentence="4" number="9">校</token>
  <token t_id="168" sentence="4" number="10">车</token>
  <token t_id="169" sentence="4" number="11">存</token>
  <token t_id="170" sentence="4" number="12">在</token>
  <token t_id="171" sentence="4" number="13">超</token>
  <token t_id="172" sentence="4" number="14">载</token>
  <token t_id="173" sentence="4" number="15">行</token>
  <token t_id="174" sentence="4" number="16">为</token>
  <token t_id="175" sentence="4" number="17">。</token>
  <token t_id="176" sentence="5" number="0">死</token>
  <token t_id="177" sentence="5" number="1">亡</token>
  <token t_id="178" sentence="5" number="2">的</token>
  <token t_id="179" sentence="5" number="3">两</token>
  <token t_id="180" sentence="5" number="4">名</token>
  <token t_id="181" sentence="5" number="5">学</token>
  <token t_id="182" sentence="5" number="6">生</token>
  <token t_id="183" sentence="5" number="7">均</token>
  <token t_id="184" sentence="5" number="8">为</token>
  <token t_id="185" sentence="5" number="9">女</token>
  <token t_id="186" sentence="5" number="10">孩</token>
  <Markables>
    <ACTION m_id="33269" comment="">
      <token_anchor t_id="33" />
      <token_anchor t_id="34" />
    </ACTION>
    <ACTION m_id="33270" comment="">
      <token_anchor t_id="47" />
      <token_anchor t_id="48" />
    </ACTION>
    <ACTION m_id="33271" comment="">
      <token_anchor t_id="67" />
      <token_anchor t_id="68" />
    </ACTION>
    <ACTION m_id="33272" comment="">
      <token_anchor t_id="76" />
      <token_anchor t_id="77" />
    </ACTION>
    <ACTION m_id="33273" comment="">
      <token_anchor t_id="88" />
      <token_anchor t_id="89" />
    </ACTION>
    <ACTION m_id="33274" comment="">
      <token_anchor t_id="97" />
      <token_anchor t_id="98" />
    </ACTION>
    <ACTION_CAUSATIVE m_id="33276" comment="">
      <token_anchor t_id="70" />
      <token_anchor t_id="71" />
    </ACTION_CAUSATIVE>
    <ACTION m_id="33277" comment="">
      <token_anchor t_id="120" />
      <token_anchor t_id="121" />
    </ACTION>
    <ACTION m_id="33278" comment="">
      <token_anchor t_id="133" />
      <token_anchor t_id="134" />
    </ACTION>
    <ACTION m_id="33279" comment="">
      <token_anchor t_id="164" />
      <token_anchor t_id="165" />
    </ACTION>
    <ACTION m_id="33281" comment="">
      <token_anchor t_id="169" />
      <token_anchor t_id="170" />
    </ACTION>
    <ACTION m_id="52994" comment="">
      <token_anchor t_id="102" />
      <token_anchor t_id="103" />
    </ACTION>
  </Markables>
  <Relations>
    <PLOT_LINK r_id="3362" SIGNAL="" relType="causation" CAUSES="FALSE" CAUSED_BY="FALSE">
      <source m_id="33270" />
      <target m_id="33272" />
    </PLOT_LINK>
    <PLOT_LINK r_id="3363" SIGNAL="" relType="causation" CAUSES="FALSE" CAUSED_BY="FALSE">
      <source m_id="33270" />
      <target m_id="33273" />
    </PLOT_LINK>
    <PLOT_LINK r_id="3364" SIGNAL="" relType="causation" CAUSES="FALSE" CAUSED_BY="FALSE">
      <source m_id="33271" />
      <target m_id="33272" />
    </PLOT_LINK>
    <PLOT_LINK r_id="3365" SIGNAL="" relType="causation" CAUSES="FALSE" CAUSED_BY="FALSE">
      <source m_id="33271" />
      <target m_id="33273" />
    </PLOT_LINK>
    <PLOT_LINK r_id="3366" SIGNAL="" relType="causation" CAUSES="FALSE" CAUSED_BY="FALSE">
      <source m_id="33271" />
      <target m_id="33270" />
    </PLOT_LINK>
  </Relations>
</Document>