<?xml version="1.0" encoding="UTF-8"?>
<Document doc_name="3390_ecbplus.xml.xml">
  <token t_id="1" sentence="0" number="0">6</token>
  <token t_id="2" sentence="0" number="1">月</token>
  <token t_id="3" sentence="0" number="2">7</token>
  <token t_id="4" sentence="0" number="3">日</token>
  <token t_id="5" sentence="0" number="4">电</token>
  <token t_id="6" sentence="0" number="5">据</token>
  <token t_id="7" sentence="0" number="6">巴</token>
  <token t_id="8" sentence="0" number="7">基</token>
  <token t_id="9" sentence="0" number="8">斯</token>
  <token t_id="10" sentence="0" number="9">坦</token>
  <token t_id="11" sentence="0" number="10">媒</token>
  <token t_id="12" sentence="0" number="11">体</token>
  <token t_id="13" sentence="0" number="12">报</token>
  <token t_id="14" sentence="0" number="13">道</token>
  <token t_id="15" sentence="0" number="14">，</token>
  <token t_id="16" sentence="0" number="15">当</token>
  <token t_id="17" sentence="0" number="16">地</token>
  <token t_id="18" sentence="0" number="17">时</token>
  <token t_id="19" sentence="0" number="18">间</token>
  <token t_id="20" sentence="0" number="19">7</token>
  <token t_id="21" sentence="0" number="20">日</token>
  <token t_id="22" sentence="0" number="21">凌</token>
  <token t_id="23" sentence="0" number="22">晨</token>
  <token t_id="24" sentence="0" number="23">，</token>
  <token t_id="25" sentence="0" number="24">两</token>
  <token t_id="26" sentence="0" number="25">列</token>
  <token t_id="27" sentence="0" number="26">火</token>
  <token t_id="28" sentence="0" number="27">车</token>
  <token t_id="29" sentence="0" number="28">在</token>
  <token t_id="30" sentence="0" number="29">巴</token>
  <token t_id="31" sentence="0" number="30">基</token>
  <token t_id="32" sentence="0" number="31">斯</token>
  <token t_id="33" sentence="0" number="32">坦</token>
  <token t_id="34" sentence="0" number="33">南</token>
  <token t_id="35" sentence="0" number="34">部</token>
  <token t_id="36" sentence="0" number="35">相</token>
  <token t_id="37" sentence="0" number="36">撞</token>
  <token t_id="38" sentence="0" number="37">，</token>
  <token t_id="39" sentence="0" number="38">造</token>
  <token t_id="40" sentence="0" number="39">成</token>
  <token t_id="41" sentence="0" number="40">至</token>
  <token t_id="42" sentence="0" number="41">少</token>
  <token t_id="43" sentence="0" number="42">3</token>
  <token t_id="44" sentence="0" number="43">0</token>
  <token t_id="45" sentence="0" number="44">人</token>
  <token t_id="46" sentence="0" number="45">死</token>
  <token t_id="47" sentence="0" number="46">亡</token>
  <token t_id="48" sentence="0" number="47">，</token>
  <token t_id="49" sentence="0" number="48">多</token>
  <token t_id="50" sentence="0" number="49">人</token>
  <token t_id="51" sentence="0" number="50">受</token>
  <token t_id="52" sentence="0" number="51">伤</token>
  <token t_id="53" sentence="0" number="52">。</token>
  <token t_id="54" sentence="1" number="0">据</token>
  <token t_id="55" sentence="1" number="1">铁</token>
  <token t_id="56" sentence="1" number="2">路</token>
  <token t_id="57" sentence="1" number="3">官</token>
  <token t_id="58" sentence="1" number="4">员</token>
  <token t_id="59" sentence="1" number="5">称</token>
  <token t_id="60" sentence="1" number="6">，</token>
  <token t_id="61" sentence="1" number="7">相</token>
  <token t_id="62" sentence="1" number="8">撞</token>
  <token t_id="63" sentence="1" number="9">事</token>
  <token t_id="64" sentence="1" number="10">故</token>
  <token t_id="65" sentence="1" number="11">发</token>
  <token t_id="66" sentence="1" number="12">生</token>
  <token t_id="67" sentence="1" number="13">在</token>
  <token t_id="68" sentence="1" number="14">巴</token>
  <token t_id="69" sentence="1" number="15">基</token>
  <token t_id="70" sentence="1" number="16">斯</token>
  <token t_id="71" sentence="1" number="17">坦</token>
  <token t_id="72" sentence="1" number="18">南</token>
  <token t_id="73" sentence="1" number="19">部</token>
  <token t_id="74" sentence="1" number="20">信</token>
  <token t_id="75" sentence="1" number="21">德</token>
  <token t_id="76" sentence="1" number="22">省</token>
  <token t_id="77" sentence="1" number="23">，</token>
  <token t_id="78" sentence="1" number="24">一</token>
  <token t_id="79" sentence="1" number="25">辆</token>
  <token t_id="80" sentence="1" number="26">米</token>
  <token t_id="81" sentence="1" number="27">拉</token>
  <token t_id="82" sentence="1" number="28">特</token>
  <token t_id="83" sentence="1" number="29">特</token>
  <token t_id="84" sentence="1" number="30">快</token>
  <token t_id="85" sentence="1" number="31">列</token>
  <token t_id="86" sentence="1" number="32">车</token>
  <token t_id="87" sentence="1" number="33">(</token>
  <token t_id="88" sentence="1" number="34">T</token>
  <token t_id="89" sentence="1" number="35">h</token>
  <token t_id="90" sentence="1" number="36">e</token>
  <token t_id="91" sentence="1" number="37">M</token>
  <token t_id="92" sentence="1" number="38">i</token>
  <token t_id="93" sentence="1" number="39">l</token>
  <token t_id="94" sentence="1" number="40">l</token>
  <token t_id="95" sentence="1" number="41">a</token>
  <token t_id="96" sentence="1" number="42">t</token>
  <token t_id="97" sentence="1" number="43">E</token>
  <token t_id="98" sentence="1" number="44">x</token>
  <token t_id="99" sentence="1" number="45">p</token>
  <token t_id="100" sentence="1" number="46">r</token>
  <token t_id="101" sentence="1" number="47">e</token>
  <token t_id="102" sentence="1" number="48">s</token>
  <token t_id="103" sentence="1" number="49">s</token>
  <token t_id="104" sentence="1" number="50">)</token>
  <token t_id="105" sentence="1" number="51">发</token>
  <token t_id="106" sentence="1" number="52">生</token>
  <token t_id="107" sentence="1" number="53">出</token>
  <token t_id="108" sentence="1" number="54">轨</token>
  <token t_id="109" sentence="1" number="55">后</token>
  <token t_id="110" sentence="1" number="56">不</token>
  <token t_id="111" sentence="1" number="57">久</token>
  <token t_id="112" sentence="1" number="58">，</token>
  <token t_id="113" sentence="1" number="59">赛</token>
  <token t_id="114" sentence="1" number="60">义</token>
  <token t_id="115" sentence="1" number="61">德</token>
  <token t_id="116" sentence="1" number="62">爵</token>
  <token t_id="117" sentence="1" number="63">士</token>
  <token t_id="118" sentence="1" number="64">特</token>
  <token t_id="119" sentence="1" number="65">快</token>
  <token t_id="120" sentence="1" number="66">列</token>
  <token t_id="121" sentence="1" number="67">车</token>
  <token t_id="122" sentence="1" number="68">(</token>
  <token t_id="123" sentence="1" number="69">t</token>
  <token t_id="124" sentence="1" number="70">h</token>
  <token t_id="125" sentence="1" number="71">e</token>
  <token t_id="126" sentence="1" number="72">S</token>
  <token t_id="127" sentence="1" number="73">i</token>
  <token t_id="128" sentence="1" number="74">r</token>
  <token t_id="129" sentence="1" number="75">S</token>
  <token t_id="130" sentence="1" number="76">y</token>
  <token t_id="131" sentence="1" number="77">e</token>
  <token t_id="132" sentence="1" number="78">d</token>
  <token t_id="133" sentence="1" number="79">E</token>
  <token t_id="134" sentence="1" number="80">x</token>
  <token t_id="135" sentence="1" number="81">p</token>
  <token t_id="136" sentence="1" number="82">r</token>
  <token t_id="137" sentence="1" number="83">e</token>
  <token t_id="138" sentence="1" number="84">s</token>
  <token t_id="139" sentence="1" number="85">s</token>
  <token t_id="140" sentence="1" number="86">)</token>
  <token t_id="141" sentence="1" number="87">与</token>
  <token t_id="142" sentence="1" number="88">之</token>
  <token t_id="143" sentence="1" number="89">相</token>
  <token t_id="144" sentence="1" number="90">撞</token>
  <token t_id="145" sentence="1" number="91">。</token>
  <token t_id="146" sentence="2" number="0">事</token>
  <token t_id="147" sentence="2" number="1">故</token>
  <token t_id="148" sentence="2" number="2">至</token>
  <token t_id="149" sentence="2" number="3">少</token>
  <token t_id="150" sentence="2" number="4">造</token>
  <token t_id="151" sentence="2" number="5">成</token>
  <token t_id="152" sentence="2" number="6">3</token>
  <token t_id="153" sentence="2" number="7">0</token>
  <token t_id="154" sentence="2" number="8">名</token>
  <token t_id="155" sentence="2" number="9">乘</token>
  <token t_id="156" sentence="2" number="10">客</token>
  <token t_id="157" sentence="2" number="11">死</token>
  <token t_id="158" sentence="2" number="12">亡</token>
  <token t_id="159" sentence="2" number="13">，</token>
  <token t_id="160" sentence="2" number="14">仍</token>
  <token t_id="161" sentence="2" number="15">有</token>
  <token t_id="162" sentence="2" number="16">几</token>
  <token t_id="163" sentence="2" number="17">人</token>
  <token t_id="164" sentence="2" number="18">被</token>
  <token t_id="165" sentence="2" number="19">困</token>
  <token t_id="166" sentence="2" number="20">在</token>
  <token t_id="167" sentence="2" number="21">列</token>
  <token t_id="168" sentence="2" number="22">车</token>
  <token t_id="169" sentence="2" number="23">车</token>
  <token t_id="170" sentence="2" number="24">厢</token>
  <token t_id="171" sentence="2" number="25">里</token>
  <token t_id="172" sentence="2" number="26">。</token>
  <token t_id="173" sentence="3" number="0">警</token>
  <token t_id="174" sentence="3" number="1">方</token>
  <token t_id="175" sentence="3" number="2">和</token>
  <token t_id="176" sentence="3" number="3">救</token>
  <token t_id="177" sentence="3" number="4">援</token>
  <token t_id="178" sentence="3" number="5">队</token>
  <token t_id="179" sentence="3" number="6">已</token>
  <token t_id="180" sentence="3" number="7">赴</token>
  <token t_id="181" sentence="3" number="8">现</token>
  <token t_id="182" sentence="3" number="9">场</token>
  <token t_id="183" sentence="3" number="10">展</token>
  <token t_id="184" sentence="3" number="11">开</token>
  <token t_id="185" sentence="3" number="12">救</token>
  <token t_id="186" sentence="3" number="13">援</token>
  <token t_id="187" sentence="3" number="14">活</token>
  <token t_id="188" sentence="3" number="15">动</token>
  <token t_id="189" sentence="3" number="16">。</token>
  <token t_id="190" sentence="4" number="0">目</token>
  <token t_id="191" sentence="4" number="1">前</token>
  <token t_id="192" sentence="4" number="2">，</token>
  <token t_id="193" sentence="4" number="3">尚</token>
  <token t_id="194" sentence="4" number="4">不</token>
  <token t_id="195" sentence="4" number="5">清</token>
  <token t_id="196" sentence="4" number="6">楚</token>
  <token t_id="197" sentence="4" number="7">脱</token>
  <token t_id="198" sentence="4" number="8">轨</token>
  <token t_id="199" sentence="4" number="9">和</token>
  <token t_id="200" sentence="4" number="10">随</token>
  <token t_id="201" sentence="4" number="11">后</token>
  <token t_id="202" sentence="4" number="12">相</token>
  <token t_id="203" sentence="4" number="13">撞</token>
  <token t_id="204" sentence="4" number="14">的</token>
  <token t_id="205" sentence="4" number="15">原</token>
  <token t_id="206" sentence="4" number="16">因</token>
  <Markables>
    <ACTION m_id="40573" comment="">
      <token_anchor t_id="13" />
      <token_anchor t_id="14" />
    </ACTION>
    <ACTION m_id="40574" comment="">
      <token_anchor t_id="36" />
      <token_anchor t_id="37" />
    </ACTION>
    <ACTION m_id="40575" comment="">
      <token_anchor t_id="46" />
      <token_anchor t_id="47" />
    </ACTION>
    <ACTION m_id="40576" comment="">
      <token_anchor t_id="51" />
      <token_anchor t_id="52" />
    </ACTION>
    <ACTION m_id="40577" comment="">
      <token_anchor t_id="59" />
    </ACTION>
    <ACTION m_id="40578" comment="">
      <token_anchor t_id="61" />
      <token_anchor t_id="62" />
      <token_anchor t_id="63" />
      <token_anchor t_id="64" />
    </ACTION>
    <ACTION m_id="40579" comment="">
      <token_anchor t_id="107" />
      <token_anchor t_id="108" />
    </ACTION>
    <ACTION m_id="40580" comment="">
      <token_anchor t_id="143" />
      <token_anchor t_id="144" />
    </ACTION>
    <ACTION_CAUSATIVE m_id="40581" comment="">
      <token_anchor t_id="39" />
      <token_anchor t_id="40" />
    </ACTION_CAUSATIVE>
    <ACTION_CAUSATIVE m_id="40582" comment="">
      <token_anchor t_id="150" />
      <token_anchor t_id="151" />
    </ACTION_CAUSATIVE>
    <ACTION m_id="40583" comment="">
      <token_anchor t_id="157" />
      <token_anchor t_id="158" />
    </ACTION>
    <ACTION m_id="40584" comment="">
      <token_anchor t_id="146" />
      <token_anchor t_id="147" />
    </ACTION>
    <ACTION m_id="40585" comment="">
      <token_anchor t_id="164" />
      <token_anchor t_id="165" />
    </ACTION>
    <ACTION m_id="40586" comment="">
      <token_anchor t_id="185" />
      <token_anchor t_id="186" />
    </ACTION>
  </Markables>
  <Relations>
    <PLOT_LINK r_id="4116" SIGNAL="" relType="causation" CAUSES="FALSE" CAUSED_BY="FALSE">
      <source m_id="40574" />
      <target m_id="40575" />
    </PLOT_LINK>
    <PLOT_LINK r_id="4117" SIGNAL="" relType="causation" CAUSES="FALSE" CAUSED_BY="FALSE">
      <source m_id="40574" />
      <target m_id="40576" />
    </PLOT_LINK>
    <PLOT_LINK r_id="4118" SIGNAL="" relType="causation" CAUSES="FALSE" CAUSED_BY="FALSE">
      <source m_id="40579" />
      <target m_id="40580" />
    </PLOT_LINK>
    <PLOT_LINK r_id="4119" SIGNAL="" relType="causation" CAUSES="FALSE" CAUSED_BY="FALSE">
      <source m_id="40580" />
      <target m_id="40578" />
    </PLOT_LINK>
    <PLOT_LINK r_id="4120" SIGNAL="" relType="causation" CAUSES="FALSE" CAUSED_BY="FALSE">
      <source m_id="40584" />
      <target m_id="40583" />
    </PLOT_LINK>
    <PLOT_LINK r_id="4121" SIGNAL="" relType="causation" CAUSES="FALSE" CAUSED_BY="FALSE">
      <source m_id="40584" />
      <target m_id="40585" />
    </PLOT_LINK>
  </Relations>
</Document>