<?xml version="1.0" encoding="UTF-8"?>
<Document doc_name="3391_ecbplus.xml.xml">
  <token t_id="1" sentence="0" number="0">长</token>
  <token t_id="2" sentence="0" number="1">春</token>
  <token t_id="3" sentence="0" number="2">4</token>
  <token t_id="4" sentence="0" number="3">月</token>
  <token t_id="5" sentence="0" number="4">1</token>
  <token t_id="6" sentence="0" number="5">5</token>
  <token t_id="7" sentence="0" number="6">日</token>
  <token t_id="8" sentence="0" number="7">电</token>
  <token t_id="9" sentence="0" number="8">(</token>
  <token t_id="10" sentence="0" number="9">记</token>
  <token t_id="11" sentence="0" number="10">者</token>
  <token t_id="12" sentence="0" number="11">李</token>
  <token t_id="13" sentence="0" number="12">彦</token>
  <token t_id="14" sentence="0" number="13">国</token>
  <token t_id="15" sentence="0" number="14">崔</token>
  <token t_id="16" sentence="0" number="15">颜</token>
  <token t_id="17" sentence="0" number="16">锋</token>
  <token t_id="18" sentence="0" number="17">)</token>
  <token t_id="19" sentence="0" number="18">1</token>
  <token t_id="20" sentence="0" number="19">5</token>
  <token t_id="21" sentence="0" number="20">日</token>
  <token t_id="22" sentence="0" number="21">，</token>
  <token t_id="23" sentence="0" number="22">吉</token>
  <token t_id="24" sentence="0" number="23">林</token>
  <token t_id="25" sentence="0" number="24">省</token>
  <token t_id="26" sentence="0" number="25">乾</token>
  <token t_id="27" sentence="0" number="26">安</token>
  <token t_id="28" sentence="0" number="27">县</token>
  <token t_id="29" sentence="0" number="28">境</token>
  <token t_id="30" sentence="0" number="29">内</token>
  <token t_id="31" sentence="0" number="30">发</token>
  <token t_id="32" sentence="0" number="31">生</token>
  <token t_id="33" sentence="0" number="32">三</token>
  <token t_id="34" sentence="0" number="33">车</token>
  <token t_id="35" sentence="0" number="34">相</token>
  <token t_id="36" sentence="0" number="35">撞</token>
  <token t_id="37" sentence="0" number="36">事</token>
  <token t_id="38" sentence="0" number="37">故</token>
  <token t_id="39" sentence="0" number="38">，</token>
  <token t_id="40" sentence="0" number="39">共</token>
  <token t_id="41" sentence="0" number="40">造</token>
  <token t_id="42" sentence="0" number="41">成</token>
  <token t_id="43" sentence="0" number="42">1</token>
  <token t_id="44" sentence="0" number="43">2</token>
  <token t_id="45" sentence="0" number="44">人</token>
  <token t_id="46" sentence="0" number="45">死</token>
  <token t_id="47" sentence="0" number="46">亡</token>
  <token t_id="48" sentence="0" number="47">，</token>
  <token t_id="49" sentence="0" number="48">4</token>
  <token t_id="50" sentence="0" number="49">人</token>
  <token t_id="51" sentence="0" number="50">受</token>
  <token t_id="52" sentence="0" number="51">伤</token>
  <token t_id="53" sentence="0" number="52">。</token>
  <token t_id="54" sentence="1" number="0">乾</token>
  <token t_id="55" sentence="1" number="1">安</token>
  <token t_id="56" sentence="1" number="2">警</token>
  <token t_id="57" sentence="1" number="3">方</token>
  <token t_id="58" sentence="1" number="4">通</token>
  <token t_id="59" sentence="1" number="5">报</token>
  <token t_id="60" sentence="1" number="6">介</token>
  <token t_id="61" sentence="1" number="7">绍</token>
  <token t_id="62" sentence="1" number="8">，</token>
  <token t_id="63" sentence="1" number="9">1</token>
  <token t_id="64" sentence="1" number="10">5</token>
  <token t_id="65" sentence="1" number="11">日</token>
  <token t_id="66" sentence="1" number="12">5</token>
  <token t_id="67" sentence="1" number="13">时</token>
  <token t_id="68" sentence="1" number="14">3</token>
  <token t_id="69" sentence="1" number="15">0</token>
  <token t_id="70" sentence="1" number="16">分</token>
  <token t_id="71" sentence="1" number="17">，</token>
  <token t_id="72" sentence="1" number="18">在</token>
  <token t_id="73" sentence="1" number="19">乾</token>
  <token t_id="74" sentence="1" number="20">安</token>
  <token t_id="75" sentence="1" number="21">县</token>
  <token t_id="76" sentence="1" number="22">境</token>
  <token t_id="77" sentence="1" number="23">内</token>
  <token t_id="78" sentence="1" number="24">5</token>
  <token t_id="79" sentence="1" number="25">0</token>
  <token t_id="80" sentence="1" number="26">3</token>
  <token t_id="81" sentence="1" number="27">国</token>
  <token t_id="82" sentence="1" number="28">道</token>
  <token t_id="83" sentence="1" number="29">2</token>
  <token t_id="84" sentence="1" number="30">8</token>
  <token t_id="85" sentence="1" number="31">6</token>
  <token t_id="86" sentence="1" number="32">公</token>
  <token t_id="87" sentence="1" number="33">里</token>
  <token t_id="88" sentence="1" number="34">处</token>
  <token t_id="89" sentence="1" number="35">，</token>
  <token t_id="90" sentence="1" number="36">自</token>
  <token t_id="91" sentence="1" number="37">西</token>
  <token t_id="92" sentence="1" number="38">向</token>
  <token t_id="93" sentence="1" number="39">东</token>
  <token t_id="94" sentence="1" number="40">行</token>
  <token t_id="95" sentence="1" number="41">驶</token>
  <token t_id="96" sentence="1" number="42">的</token>
  <token t_id="97" sentence="1" number="43">奥</token>
  <token t_id="98" sentence="1" number="44">迪</token>
  <token t_id="99" sentence="1" number="45">牌</token>
  <token t_id="100" sentence="1" number="46">轿</token>
  <token t_id="101" sentence="1" number="47">车</token>
  <token t_id="102" sentence="1" number="48">与</token>
  <token t_id="103" sentence="1" number="49">自</token>
  <token t_id="104" sentence="1" number="50">东</token>
  <token t_id="105" sentence="1" number="51">向</token>
  <token t_id="106" sentence="1" number="52">西</token>
  <token t_id="107" sentence="1" number="53">行</token>
  <token t_id="108" sentence="1" number="54">驶</token>
  <token t_id="109" sentence="1" number="55">的</token>
  <token t_id="110" sentence="1" number="56">夏</token>
  <token t_id="111" sentence="1" number="57">利</token>
  <token t_id="112" sentence="1" number="58">牌</token>
  <token t_id="113" sentence="1" number="59">轿</token>
  <token t_id="114" sentence="1" number="60">车</token>
  <token t_id="115" sentence="1" number="61">及</token>
  <token t_id="116" sentence="1" number="62">小</token>
  <token t_id="117" sentence="1" number="63">型</token>
  <token t_id="118" sentence="1" number="64">货</token>
  <token t_id="119" sentence="1" number="65">车</token>
  <token t_id="120" sentence="1" number="66">三</token>
  <token t_id="121" sentence="1" number="67">车</token>
  <token t_id="122" sentence="1" number="68">相</token>
  <token t_id="123" sentence="1" number="69">撞</token>
  <token t_id="124" sentence="1" number="70">起</token>
  <token t_id="125" sentence="1" number="71">火</token>
  <token t_id="126" sentence="1" number="72">，</token>
  <token t_id="127" sentence="1" number="73">事</token>
  <token t_id="128" sentence="1" number="74">故</token>
  <token t_id="129" sentence="1" number="75">现</token>
  <token t_id="130" sentence="1" number="76">场</token>
  <token t_id="131" sentence="1" number="77">致</token>
  <token t_id="132" sentence="1" number="78">1</token>
  <token t_id="133" sentence="1" number="79">1</token>
  <token t_id="134" sentence="1" number="80">人</token>
  <token t_id="135" sentence="1" number="81">死</token>
  <token t_id="136" sentence="1" number="82">亡</token>
  <token t_id="137" sentence="1" number="83">、</token>
  <token t_id="138" sentence="1" number="84">5</token>
  <token t_id="139" sentence="1" number="85">人</token>
  <token t_id="140" sentence="1" number="86">受</token>
  <token t_id="141" sentence="1" number="87">伤</token>
  <token t_id="142" sentence="1" number="88">。</token>
  <token t_id="143" sentence="2" number="0">警</token>
  <token t_id="144" sentence="2" number="1">方</token>
  <token t_id="145" sentence="2" number="2">介</token>
  <token t_id="146" sentence="2" number="3">绍</token>
  <token t_id="147" sentence="2" number="4">，</token>
  <token t_id="148" sentence="2" number="5">5</token>
  <token t_id="149" sentence="2" number="6">名</token>
  <token t_id="150" sentence="2" number="7">伤</token>
  <token t_id="151" sentence="2" number="8">者</token>
  <token t_id="152" sentence="2" number="9">中</token>
  <token t_id="153" sentence="2" number="10">，</token>
  <token t_id="154" sentence="2" number="11">有</token>
  <token t_id="155" sentence="2" number="12">1</token>
  <token t_id="156" sentence="2" number="13">人</token>
  <token t_id="157" sentence="2" number="14">因</token>
  <token t_id="158" sentence="2" number="15">伤</token>
  <token t_id="159" sentence="2" number="16">势</token>
  <token t_id="160" sentence="2" number="17">过</token>
  <token t_id="161" sentence="2" number="18">重</token>
  <token t_id="162" sentence="2" number="19">在</token>
  <token t_id="163" sentence="2" number="20">救</token>
  <token t_id="164" sentence="2" number="21">治</token>
  <token t_id="165" sentence="2" number="22">过</token>
  <token t_id="166" sentence="2" number="23">程</token>
  <token t_id="167" sentence="2" number="24">中</token>
  <token t_id="168" sentence="2" number="25">死</token>
  <token t_id="169" sentence="2" number="26">亡</token>
  <token t_id="170" sentence="2" number="27">，</token>
  <token t_id="171" sentence="2" number="28">其</token>
  <token t_id="172" sentence="2" number="29">余</token>
  <token t_id="173" sentence="2" number="30">4</token>
  <token t_id="174" sentence="2" number="31">名</token>
  <token t_id="175" sentence="2" number="32">伤</token>
  <token t_id="176" sentence="2" number="33">者</token>
  <token t_id="177" sentence="2" number="34">正</token>
  <token t_id="178" sentence="2" number="35">在</token>
  <token t_id="179" sentence="2" number="36">医</token>
  <token t_id="180" sentence="2" number="37">院</token>
  <token t_id="181" sentence="2" number="38">全</token>
  <token t_id="182" sentence="2" number="39">力</token>
  <token t_id="183" sentence="2" number="40">救</token>
  <token t_id="184" sentence="2" number="41">治</token>
  <token t_id="185" sentence="2" number="42">，</token>
  <token t_id="186" sentence="2" number="43">事</token>
  <token t_id="187" sentence="2" number="44">故</token>
  <token t_id="188" sentence="2" number="45">原</token>
  <token t_id="189" sentence="2" number="46">因</token>
  <token t_id="190" sentence="2" number="47">调</token>
  <token t_id="191" sentence="2" number="48">查</token>
  <token t_id="192" sentence="2" number="49">及</token>
  <token t_id="193" sentence="2" number="50">相</token>
  <token t_id="194" sentence="2" number="51">关</token>
  <token t_id="195" sentence="2" number="52">善</token>
  <token t_id="196" sentence="2" number="53">后</token>
  <token t_id="197" sentence="2" number="54">工</token>
  <token t_id="198" sentence="2" number="55">作</token>
  <token t_id="199" sentence="2" number="56">正</token>
  <token t_id="200" sentence="2" number="57">在</token>
  <token t_id="201" sentence="2" number="58">有</token>
  <token t_id="202" sentence="2" number="59">序</token>
  <token t_id="203" sentence="2" number="60">进</token>
  <token t_id="204" sentence="2" number="61">行</token>
  <Markables>
    <ACTION m_id="40589" comment="">
      <token_anchor t_id="35" />
      <token_anchor t_id="36" />
      <token_anchor t_id="37" />
      <token_anchor t_id="38" />
    </ACTION>
    <ACTION m_id="40590" comment="">
      <token_anchor t_id="46" />
      <token_anchor t_id="47" />
    </ACTION>
    <ACTION m_id="40591" comment="">
      <token_anchor t_id="51" />
      <token_anchor t_id="52" />
    </ACTION>
    <ACTION m_id="40592" comment="">
      <token_anchor t_id="60" />
      <token_anchor t_id="61" />
    </ACTION>
    <ACTION m_id="40593" comment="">
      <token_anchor t_id="122" />
      <token_anchor t_id="123" />
    </ACTION>
    <ACTION m_id="40594" comment="">
      <token_anchor t_id="135" />
      <token_anchor t_id="136" />
    </ACTION>
    <ACTION m_id="40595" comment="">
      <token_anchor t_id="140" />
      <token_anchor t_id="141" />
    </ACTION>
    <ACTION m_id="40596" comment="">
      <token_anchor t_id="145" />
      <token_anchor t_id="146" />
    </ACTION>
    <ACTION m_id="40597" comment="">
      <token_anchor t_id="168" />
      <token_anchor t_id="169" />
    </ACTION>
    <ACTION_CAUSATIVE m_id="40598" comment="">
      <token_anchor t_id="157" />
    </ACTION_CAUSATIVE>
    <ACTION_CAUSATIVE m_id="40599" comment="">
      <token_anchor t_id="131" />
    </ACTION_CAUSATIVE>
    <ACTION_CAUSATIVE m_id="40600" comment="">
      <token_anchor t_id="41" />
      <token_anchor t_id="42" />
    </ACTION_CAUSATIVE>
    <ACTION m_id="40601" comment="">
      <token_anchor t_id="183" />
      <token_anchor t_id="184" />
    </ACTION>
    <ACTION m_id="53406" comment="">
      <token_anchor t_id="124" />
      <token_anchor t_id="125" />
    </ACTION>
    <ACTION m_id="53407" comment="">
      <token_anchor t_id="160" />
      <token_anchor t_id="161" />
    </ACTION>
    <ACTION m_id="53408" comment="">
      <token_anchor t_id="203" />
      <token_anchor t_id="204" />
    </ACTION>
  </Markables>
  <Relations>
    <PLOT_LINK r_id="4125" SIGNAL="" relType="causation" CAUSES="FALSE" CAUSED_BY="FALSE">
      <source m_id="40589" />
      <target m_id="40590" />
    </PLOT_LINK>
    <PLOT_LINK r_id="4126" SIGNAL="" relType="causation" CAUSES="FALSE" CAUSED_BY="FALSE">
      <source m_id="40589" />
      <target m_id="40591" />
    </PLOT_LINK>
    <PLOT_LINK r_id="4127" SIGNAL="" relType="causation" CAUSES="FALSE" CAUSED_BY="FALSE">
      <source m_id="40593" />
      <target m_id="53406" />
    </PLOT_LINK>
    <PLOT_LINK r_id="4128" SIGNAL="" relType="causation" CAUSES="FALSE" CAUSED_BY="FALSE">
      <source m_id="53406" />
      <target m_id="40594" />
    </PLOT_LINK>
    <PLOT_LINK r_id="4129" SIGNAL="" relType="causation" CAUSES="FALSE" CAUSED_BY="FALSE">
      <source m_id="53406" />
      <target m_id="40595" />
    </PLOT_LINK>
    <PLOT_LINK r_id="4130" SIGNAL="" relType="causation" CAUSES="FALSE" CAUSED_BY="FALSE">
      <source m_id="40593" />
      <target m_id="40594" />
    </PLOT_LINK>
    <PLOT_LINK r_id="4131" SIGNAL="" relType="causation" CAUSES="FALSE" CAUSED_BY="FALSE">
      <source m_id="40593" />
      <target m_id="40595" />
    </PLOT_LINK>
    <PLOT_LINK r_id="4132" SIGNAL="" relType="causation" CAUSES="FALSE" CAUSED_BY="FALSE">
      <source m_id="53407" />
      <target m_id="40597" />
    </PLOT_LINK>
  </Relations>
</Document>