<?xml version="1.0" encoding="UTF-8"?>
<Document doc_name="3627_ecbplus.xml.xml">
  <token t_id="1" sentence="0" number="0">据</token>
  <token t_id="2" sentence="0" number="1">广</token>
  <token t_id="3" sentence="0" number="2">西</token>
  <token t_id="4" sentence="0" number="3">桂</token>
  <token t_id="5" sentence="0" number="4">林</token>
  <token t_id="6" sentence="0" number="5">消</token>
  <token t_id="7" sentence="0" number="6">防</token>
  <token t_id="8" sentence="0" number="7">部</token>
  <token t_id="9" sentence="0" number="8">门</token>
  <token t_id="10" sentence="0" number="9">消</token>
  <token t_id="11" sentence="0" number="10">息</token>
  <token t_id="12" sentence="0" number="11">，</token>
  <token t_id="13" sentence="0" number="12">4</token>
  <token t_id="14" sentence="0" number="13">月</token>
  <token t_id="15" sentence="0" number="14">1</token>
  <token t_id="16" sentence="0" number="15">7</token>
  <token t_id="17" sentence="0" number="16">日</token>
  <token t_id="18" sentence="0" number="17">2</token>
  <token t_id="19" sentence="0" number="18">0</token>
  <token t_id="20" sentence="0" number="19">时</token>
  <token t_id="21" sentence="0" number="20">许</token>
  <token t_id="22" sentence="0" number="21">，</token>
  <token t_id="23" sentence="0" number="22">桂</token>
  <token t_id="24" sentence="0" number="23">林</token>
  <token t_id="25" sentence="0" number="24">市</token>
  <token t_id="26" sentence="0" number="25">西</token>
  <token t_id="27" sentence="0" number="26">门</token>
  <token t_id="28" sentence="0" number="27">桥</token>
  <token t_id="29" sentence="0" number="28">发</token>
  <token t_id="30" sentence="0" number="29">生</token>
  <token t_id="31" sentence="0" number="30">一</token>
  <token t_id="32" sentence="0" number="31">起</token>
  <token t_id="33" sentence="0" number="32">交</token>
  <token t_id="34" sentence="0" number="33">通</token>
  <token t_id="35" sentence="0" number="34">事</token>
  <token t_id="36" sentence="0" number="35">故</token>
  <token t_id="37" sentence="0" number="36">，</token>
  <token t_id="38" sentence="0" number="37">一</token>
  <token t_id="39" sentence="0" number="38">辆</token>
  <token t_id="40" sentence="0" number="39">旅</token>
  <token t_id="41" sentence="0" number="40">游</token>
  <token t_id="42" sentence="0" number="41">大</token>
  <token t_id="43" sentence="0" number="42">巴</token>
  <token t_id="44" sentence="0" number="43">车</token>
  <token t_id="45" sentence="0" number="44">撞</token>
  <token t_id="46" sentence="0" number="45">上</token>
  <token t_id="47" sentence="0" number="46">限</token>
  <token t_id="48" sentence="0" number="47">高</token>
  <token t_id="49" sentence="0" number="48">架</token>
  <token t_id="50" sentence="0" number="49">，</token>
  <token t_id="51" sentence="0" number="50">车</token>
  <token t_id="52" sentence="0" number="51">体</token>
  <token t_id="53" sentence="0" number="52">受</token>
  <token t_id="54" sentence="0" number="53">到</token>
  <token t_id="55" sentence="0" number="54">强</token>
  <token t_id="56" sentence="0" number="55">烈</token>
  <token t_id="57" sentence="0" number="56">损</token>
  <token t_id="58" sentence="0" number="57">坏</token>
  <token t_id="59" sentence="0" number="58">，</token>
  <token t_id="60" sentence="0" number="59">致</token>
  <token t_id="61" sentence="0" number="60">1</token>
  <token t_id="62" sentence="0" number="61">人</token>
  <token t_id="63" sentence="0" number="62">死</token>
  <token t_id="64" sentence="0" number="63">亡</token>
  <token t_id="65" sentence="0" number="64">多</token>
  <token t_id="66" sentence="0" number="65">人</token>
  <token t_id="67" sentence="0" number="66">受</token>
  <token t_id="68" sentence="0" number="67">伤</token>
  <token t_id="69" sentence="0" number="68">。</token>
  <token t_id="70" sentence="1" number="0">据</token>
  <token t_id="71" sentence="1" number="1">介</token>
  <token t_id="72" sentence="1" number="2">绍</token>
  <token t_id="73" sentence="1" number="3">，</token>
  <token t_id="74" sentence="1" number="4">这</token>
  <token t_id="75" sentence="1" number="5">辆</token>
  <token t_id="76" sentence="1" number="6">旅</token>
  <token t_id="77" sentence="1" number="7">游</token>
  <token t_id="78" sentence="1" number="8">大</token>
  <token t_id="79" sentence="1" number="9">巴</token>
  <token t_id="80" sentence="1" number="10">车</token>
  <token t_id="81" sentence="1" number="11">为</token>
  <token t_id="82" sentence="1" number="12">桂</token>
  <token t_id="83" sentence="1" number="13">A</token>
  <token t_id="84" sentence="1" number="14">牌</token>
  <token t_id="85" sentence="1" number="15">照</token>
  <token t_id="86" sentence="1" number="16">，</token>
  <token t_id="87" sentence="1" number="17">车</token>
  <token t_id="88" sentence="1" number="18">上</token>
  <token t_id="89" sentence="1" number="19">有</token>
  <token t_id="90" sentence="1" number="20">乘</token>
  <token t_id="91" sentence="1" number="21">客</token>
  <token t_id="92" sentence="1" number="22">5</token>
  <token t_id="93" sentence="1" number="23">3</token>
  <token t_id="94" sentence="1" number="24">名</token>
  <token t_id="95" sentence="1" number="25">，</token>
  <token t_id="96" sentence="1" number="26">加</token>
  <token t_id="97" sentence="1" number="27">上</token>
  <token t_id="98" sentence="1" number="28">司</token>
  <token t_id="99" sentence="1" number="29">机</token>
  <token t_id="100" sentence="1" number="30">和</token>
  <token t_id="101" sentence="1" number="31">导</token>
  <token t_id="102" sentence="1" number="32">游</token>
  <token t_id="103" sentence="1" number="33">共</token>
  <token t_id="104" sentence="1" number="34">5</token>
  <token t_id="105" sentence="1" number="35">5</token>
  <token t_id="106" sentence="1" number="36">人</token>
  <token t_id="107" sentence="1" number="37">。</token>
  <token t_id="108" sentence="2" number="0">目</token>
  <token t_id="109" sentence="2" number="1">前</token>
  <token t_id="110" sentence="2" number="2">伤</token>
  <token t_id="111" sentence="2" number="3">者</token>
  <token t_id="112" sentence="2" number="4">已</token>
  <token t_id="113" sentence="2" number="5">被</token>
  <token t_id="114" sentence="2" number="6">送</token>
  <token t_id="115" sentence="2" number="7">往</token>
  <token t_id="116" sentence="2" number="8">医</token>
  <token t_id="117" sentence="2" number="9">院</token>
  <token t_id="118" sentence="2" number="10">救</token>
  <token t_id="119" sentence="2" number="11">治</token>
  <token t_id="120" sentence="2" number="12">，</token>
  <token t_id="121" sentence="2" number="13">司</token>
  <token t_id="122" sentence="2" number="14">机</token>
  <token t_id="123" sentence="2" number="15">已</token>
  <token t_id="124" sentence="2" number="16">被</token>
  <token t_id="125" sentence="2" number="17">警</token>
  <token t_id="126" sentence="2" number="18">方</token>
  <token t_id="127" sentence="2" number="19">控</token>
  <token t_id="128" sentence="2" number="20">制</token>
  <Markables>
    <ACTION m_id="45136" comment="">
      <token_anchor t_id="33" />
      <token_anchor t_id="34" />
      <token_anchor t_id="35" />
      <token_anchor t_id="36" />
    </ACTION>
    <ACTION m_id="45137" comment="">
      <token_anchor t_id="45" />
      <token_anchor t_id="46" />
    </ACTION>
    <ACTION m_id="45138" comment="">
      <token_anchor t_id="57" />
      <token_anchor t_id="58" />
    </ACTION>
    <ACTION m_id="45139" comment="">
      <token_anchor t_id="63" />
      <token_anchor t_id="64" />
    </ACTION>
    <ACTION m_id="45140" comment="">
      <token_anchor t_id="67" />
      <token_anchor t_id="68" />
    </ACTION>
    <ACTION m_id="45141" comment="">
      <token_anchor t_id="71" />
      <token_anchor t_id="72" />
    </ACTION>
    <ACTION_CAUSATIVE m_id="45142" comment="">
      <token_anchor t_id="60" />
    </ACTION_CAUSATIVE>
    <ACTION m_id="45143" comment="">
      <token_anchor t_id="114" />
      <token_anchor t_id="115" />
    </ACTION>
    <ACTION m_id="45144" comment="">
      <token_anchor t_id="118" />
      <token_anchor t_id="119" />
    </ACTION>
    <ACTION m_id="45145" comment="">
      <token_anchor t_id="127" />
      <token_anchor t_id="128" />
    </ACTION>
  </Markables>
  <Relations>
    <PLOT_LINK r_id="5543" SIGNAL="" relType="causation" CAUSES="FALSE" CAUSED_BY="FALSE">
      <source m_id="45137" />
      <target m_id="45136" />
    </PLOT_LINK>
    <PLOT_LINK r_id="5544" SIGNAL="" relType="causation" CAUSES="FALSE" CAUSED_BY="FALSE">
      <source m_id="45137" />
      <target m_id="45138" />
    </PLOT_LINK>
    <PLOT_LINK r_id="5545" SIGNAL="" relType="causation" CAUSES="FALSE" CAUSED_BY="FALSE">
      <source m_id="45137" />
      <target m_id="45139" />
    </PLOT_LINK>
    <PLOT_LINK r_id="5546" SIGNAL="" relType="causation" CAUSES="FALSE" CAUSED_BY="FALSE">
      <source m_id="45137" />
      <target m_id="45140" />
    </PLOT_LINK>
    <PLOT_LINK r_id="5547" SIGNAL="" relType="causation" CAUSES="FALSE" CAUSED_BY="FALSE">
      <source m_id="45136" />
      <target m_id="45138" />
    </PLOT_LINK>
    <PLOT_LINK r_id="5548" SIGNAL="" relType="causation" CAUSES="FALSE" CAUSED_BY="FALSE">
      <source m_id="45136" />
      <target m_id="45139" />
    </PLOT_LINK>
    <PLOT_LINK r_id="5549" SIGNAL="" relType="causation" CAUSES="FALSE" CAUSED_BY="FALSE">
      <source m_id="45136" />
      <target m_id="45140" />
    </PLOT_LINK>
  </Relations>
</Document>