<?xml version="1.0" encoding="UTF-8"?>
<Document doc_name="3641_ecbplus.xml.xml">
  <token t_id="1" sentence="0" number="0">1</token>
  <token t_id="2" sentence="0" number="1">月</token>
  <token t_id="3" sentence="0" number="2">1</token>
  <token t_id="4" sentence="0" number="3">8</token>
  <token t_id="5" sentence="0" number="4">日</token>
  <token t_id="6" sentence="0" number="5">上</token>
  <token t_id="7" sentence="0" number="6">午</token>
  <token t_id="8" sentence="0" number="7">1</token>
  <token t_id="9" sentence="0" number="8">1</token>
  <token t_id="10" sentence="0" number="9">时</token>
  <token t_id="11" sentence="0" number="10">左</token>
  <token t_id="12" sentence="0" number="11">右</token>
  <token t_id="13" sentence="0" number="12">，</token>
  <token t_id="14" sentence="0" number="13">G</token>
  <token t_id="15" sentence="0" number="14">9</token>
  <token t_id="16" sentence="0" number="15">8</token>
  <token t_id="17" sentence="0" number="16">海</token>
  <token t_id="18" sentence="0" number="17">南</token>
  <token t_id="19" sentence="0" number="18">环</token>
  <token t_id="20" sentence="0" number="19">岛</token>
  <token t_id="21" sentence="0" number="20">高</token>
  <token t_id="22" sentence="0" number="21">速</token>
  <token t_id="23" sentence="0" number="22">澄</token>
  <token t_id="24" sentence="0" number="23">迈</token>
  <token t_id="25" sentence="0" number="24">往</token>
  <token t_id="26" sentence="0" number="25">海</token>
  <token t_id="27" sentence="0" number="26">口</token>
  <token t_id="28" sentence="0" number="27">方</token>
  <token t_id="29" sentence="0" number="28">向</token>
  <token t_id="30" sentence="0" number="29">5</token>
  <token t_id="31" sentence="0" number="30">7</token>
  <token t_id="32" sentence="0" number="31">0</token>
  <token t_id="33" sentence="0" number="32">公</token>
  <token t_id="34" sentence="0" number="33">里</token>
  <token t_id="35" sentence="0" number="34">处</token>
  <token t_id="36" sentence="0" number="35">，</token>
  <token t_id="37" sentence="0" number="36">发</token>
  <token t_id="38" sentence="0" number="37">生</token>
  <token t_id="39" sentence="0" number="38">一</token>
  <token t_id="40" sentence="0" number="39">起</token>
  <token t_id="41" sentence="0" number="40">交</token>
  <token t_id="42" sentence="0" number="41">通</token>
  <token t_id="43" sentence="0" number="42">事</token>
  <token t_id="44" sentence="0" number="43">故</token>
  <token t_id="45" sentence="0" number="44">，</token>
  <token t_id="46" sentence="0" number="45">三</token>
  <token t_id="47" sentence="0" number="46">辆</token>
  <token t_id="48" sentence="0" number="47">大</token>
  <token t_id="49" sentence="0" number="48">货</token>
  <token t_id="50" sentence="0" number="49">车</token>
  <token t_id="51" sentence="0" number="50">与</token>
  <token t_id="52" sentence="0" number="51">三</token>
  <token t_id="53" sentence="0" number="52">辆</token>
  <token t_id="54" sentence="0" number="53">轿</token>
  <token t_id="55" sentence="0" number="54">车</token>
  <token t_id="56" sentence="0" number="55">相</token>
  <token t_id="57" sentence="0" number="56">撞</token>
  <token t_id="58" sentence="0" number="57">，</token>
  <token t_id="59" sentence="0" number="58">现</token>
  <token t_id="60" sentence="0" number="59">场</token>
  <token t_id="61" sentence="0" number="60">有</token>
  <token t_id="62" sentence="0" number="61">人</token>
  <token t_id="63" sentence="0" number="62">员</token>
  <token t_id="64" sentence="0" number="63">受</token>
  <token t_id="65" sentence="0" number="64">伤</token>
  <token t_id="66" sentence="0" number="65">。</token>
  <token t_id="67" sentence="1" number="0">小</token>
  <token t_id="68" sentence="1" number="1">轿</token>
  <token t_id="69" sentence="1" number="2">车</token>
  <token t_id="70" sentence="1" number="3">都</token>
  <token t_id="71" sentence="1" number="4">被</token>
  <token t_id="72" sentence="1" number="5">撞</token>
  <token t_id="73" sentence="1" number="6">烂</token>
  <token t_id="74" sentence="1" number="7">了</token>
  <token t_id="75" sentence="1" number="8">，</token>
  <token t_id="76" sentence="1" number="9">开</token>
  <token t_id="77" sentence="1" number="10">车</token>
  <token t_id="78" sentence="1" number="11">一</token>
  <token t_id="79" sentence="1" number="12">定</token>
  <token t_id="80" sentence="1" number="13">要</token>
  <token t_id="81" sentence="1" number="14">远</token>
  <token t_id="82" sentence="1" number="15">离</token>
  <token t_id="83" sentence="1" number="16">大</token>
  <token t_id="84" sentence="1" number="17">货</token>
  <token t_id="85" sentence="1" number="18">车</token>
  <token t_id="86" sentence="1" number="19">。</token>
  <token t_id="87" sentence="2" number="0">1</token>
  <token t_id="88" sentence="2" number="1">月</token>
  <token t_id="89" sentence="2" number="2">1</token>
  <token t_id="90" sentence="2" number="3">8</token>
  <token t_id="91" sentence="2" number="4">日</token>
  <token t_id="92" sentence="2" number="5">1</token>
  <token t_id="93" sentence="2" number="6">2</token>
  <token t_id="94" sentence="2" number="7">时</token>
  <token t_id="95" sentence="2" number="8">许</token>
  <token t_id="96" sentence="2" number="9">，</token>
  <token t_id="97" sentence="2" number="10">海</token>
  <token t_id="98" sentence="2" number="11">口</token>
  <token t_id="99" sentence="2" number="12">市</token>
  <token t_id="100" sentence="2" number="13">民</token>
  <token t_id="101" sentence="2" number="14">陈</token>
  <token t_id="102" sentence="2" number="15">先</token>
  <token t_id="103" sentence="2" number="16">生</token>
  <token t_id="104" sentence="2" number="17">向</token>
  <token t_id="105" sentence="2" number="18">国</token>
  <token t_id="106" sentence="2" number="19">际</token>
  <token t_id="107" sentence="2" number="20">旅</token>
  <token t_id="108" sentence="2" number="21">游</token>
  <token t_id="109" sentence="2" number="22">岛</token>
  <token t_id="110" sentence="2" number="23">商</token>
  <token t_id="111" sentence="2" number="24">报</token>
  <token t_id="112" sentence="2" number="25">记</token>
  <token t_id="113" sentence="2" number="26">者</token>
  <token t_id="114" sentence="2" number="27">爆</token>
  <token t_id="115" sentence="2" number="28">料</token>
  <token t_id="116" sentence="2" number="29">称</token>
  <token t_id="117" sentence="2" number="30">，</token>
  <token t_id="118" sentence="2" number="31">在</token>
  <token t_id="119" sentence="2" number="32">西</token>
  <token t_id="120" sentence="2" number="33">线</token>
  <token t_id="121" sentence="2" number="34">高</token>
  <token t_id="122" sentence="2" number="35">速</token>
  <token t_id="123" sentence="2" number="36">公</token>
  <token t_id="124" sentence="2" number="37">路</token>
  <token t_id="125" sentence="2" number="38">三</token>
  <token t_id="126" sentence="2" number="39">亚</token>
  <token t_id="127" sentence="2" number="40">往</token>
  <token t_id="128" sentence="2" number="41">海</token>
  <token t_id="129" sentence="2" number="42">口</token>
  <token t_id="130" sentence="2" number="43">方</token>
  <token t_id="131" sentence="2" number="44">向</token>
  <token t_id="132" sentence="2" number="45">K</token>
  <token t_id="133" sentence="2" number="46">5</token>
  <token t_id="134" sentence="2" number="47">7</token>
  <token t_id="135" sentence="2" number="48">1</token>
  <token t_id="136" sentence="2" number="49">-</token>
  <token t_id="137" sentence="2" number="50">K</token>
  <token t_id="138" sentence="2" number="51">5</token>
  <token t_id="139" sentence="2" number="52">7</token>
  <token t_id="140" sentence="2" number="53">3</token>
  <token t_id="141" sentence="2" number="54">（</token>
  <token t_id="142" sentence="2" number="55">墩</token>
  <token t_id="143" sentence="2" number="56">茶</token>
  <token t_id="144" sentence="2" number="57">互</token>
  <token t_id="145" sentence="2" number="58">通</token>
  <token t_id="146" sentence="2" number="59">至</token>
  <token t_id="147" sentence="2" number="60">大</token>
  <token t_id="148" sentence="2" number="61">丰</token>
  <token t_id="149" sentence="2" number="62">互</token>
  <token t_id="150" sentence="2" number="63">通</token>
  <token t_id="151" sentence="2" number="64">路</token>
  <token t_id="152" sentence="2" number="65">段</token>
  <token t_id="153" sentence="2" number="66">）</token>
  <token t_id="154" sentence="2" number="67">发</token>
  <token t_id="155" sentence="2" number="68">生</token>
  <token t_id="156" sentence="2" number="69">一</token>
  <token t_id="157" sentence="2" number="70">起</token>
  <token t_id="158" sentence="2" number="71">六</token>
  <token t_id="159" sentence="2" number="72">车</token>
  <token t_id="160" sentence="2" number="73">追</token>
  <token t_id="161" sentence="2" number="74">尾</token>
  <token t_id="162" sentence="2" number="75">的</token>
  <token t_id="163" sentence="2" number="76">交</token>
  <token t_id="164" sentence="2" number="77">通</token>
  <token t_id="165" sentence="2" number="78">事</token>
  <token t_id="166" sentence="2" number="79">故</token>
  <token t_id="167" sentence="2" number="80">，</token>
  <token t_id="168" sentence="2" number="81">现</token>
  <token t_id="169" sentence="2" number="82">场</token>
  <token t_id="170" sentence="2" number="83">有</token>
  <token t_id="171" sentence="2" number="84">人</token>
  <token t_id="172" sentence="2" number="85">员</token>
  <token t_id="173" sentence="2" number="86">受</token>
  <token t_id="174" sentence="2" number="87">伤</token>
  <token t_id="175" sentence="2" number="88">。</token>
  <token t_id="176" sentence="3" number="0">目</token>
  <token t_id="177" sentence="3" number="1">前</token>
  <token t_id="178" sentence="3" number="2">，</token>
  <token t_id="179" sentence="3" number="3">辖</token>
  <token t_id="180" sentence="3" number="4">区</token>
  <token t_id="181" sentence="3" number="5">交</token>
  <token t_id="182" sentence="3" number="6">警</token>
  <token t_id="183" sentence="3" number="7">已</token>
  <token t_id="184" sentence="3" number="8">介</token>
  <token t_id="185" sentence="3" number="9">入</token>
  <token t_id="186" sentence="3" number="10">，</token>
  <token t_id="187" sentence="3" number="11">事</token>
  <token t_id="188" sentence="3" number="12">故</token>
  <token t_id="189" sentence="3" number="13">原</token>
  <token t_id="190" sentence="3" number="14">因</token>
  <token t_id="191" sentence="3" number="15">在</token>
  <token t_id="192" sentence="3" number="16">调</token>
  <token t_id="193" sentence="3" number="17">查</token>
  <token t_id="194" sentence="3" number="18">中</token>
  <token t_id="195" sentence="3" number="19">。</token>
  <token t_id="196" sentence="4" number="0">根</token>
  <token t_id="197" sentence="4" number="1">据</token>
  <token t_id="198" sentence="4" number="2">陈</token>
  <token t_id="199" sentence="4" number="3">先</token>
  <token t_id="200" sentence="4" number="4">生</token>
  <token t_id="201" sentence="4" number="5">提</token>
  <token t_id="202" sentence="4" number="6">供</token>
  <token t_id="203" sentence="4" number="7">的</token>
  <token t_id="204" sentence="4" number="8">图</token>
  <token t_id="205" sentence="4" number="9">片</token>
  <token t_id="206" sentence="4" number="10">看</token>
  <token t_id="207" sentence="4" number="11">到</token>
  <token t_id="208" sentence="4" number="12">，</token>
  <token t_id="209" sentence="4" number="13">一</token>
  <token t_id="210" sentence="4" number="14">辆</token>
  <token t_id="211" sentence="4" number="15">白</token>
  <token t_id="212" sentence="4" number="16">色</token>
  <token t_id="213" sentence="4" number="17">小</token>
  <token t_id="214" sentence="4" number="18">轿</token>
  <token t_id="215" sentence="4" number="19">车</token>
  <token t_id="216" sentence="4" number="20">侧</token>
  <token t_id="217" sentence="4" number="21">翻</token>
  <token t_id="218" sentence="4" number="22">在</token>
  <token t_id="219" sentence="4" number="23">一</token>
  <token t_id="220" sentence="4" number="24">辆</token>
  <token t_id="221" sentence="4" number="25">大</token>
  <token t_id="222" sentence="4" number="26">货</token>
  <token t_id="223" sentence="4" number="27">车</token>
  <token t_id="224" sentence="4" number="28">旁</token>
  <token t_id="225" sentence="4" number="29">边</token>
  <token t_id="226" sentence="4" number="30">，</token>
  <token t_id="227" sentence="4" number="31">车</token>
  <token t_id="228" sentence="4" number="32">头</token>
  <token t_id="229" sentence="4" number="33">撞</token>
  <token t_id="230" sentence="4" number="34">损</token>
  <token t_id="231" sentence="4" number="35">严</token>
  <token t_id="232" sentence="4" number="36">重</token>
  <token t_id="233" sentence="4" number="37">，</token>
  <token t_id="234" sentence="4" number="38">另</token>
  <token t_id="235" sentence="4" number="39">一</token>
  <token t_id="236" sentence="4" number="40">辆</token>
  <token t_id="237" sentence="4" number="41">黑</token>
  <token t_id="238" sentence="4" number="42">色</token>
  <token t_id="239" sentence="4" number="43">小</token>
  <token t_id="240" sentence="4" number="44">轿</token>
  <token t_id="241" sentence="4" number="45">车</token>
  <token t_id="242" sentence="4" number="46">同</token>
  <token t_id="243" sentence="4" number="47">样</token>
  <token t_id="244" sentence="4" number="48">损</token>
  <token t_id="245" sentence="4" number="49">毁</token>
  <token t_id="246" sentence="4" number="50">严</token>
  <token t_id="247" sentence="4" number="51">重</token>
  <token t_id="248" sentence="4" number="52">。</token>
  <token t_id="249" sentence="5" number="0">此</token>
  <token t_id="250" sentence="5" number="1">外</token>
  <token t_id="251" sentence="5" number="2">，</token>
  <token t_id="252" sentence="5" number="3">一</token>
  <token t_id="253" sentence="5" number="4">辆</token>
  <token t_id="254" sentence="5" number="5">大</token>
  <token t_id="255" sentence="5" number="6">货</token>
  <token t_id="256" sentence="5" number="7">车</token>
  <token t_id="257" sentence="5" number="8">车</token>
  <token t_id="258" sentence="5" number="9">头</token>
  <token t_id="259" sentence="5" number="10">已</token>
  <token t_id="260" sentence="5" number="11">经</token>
  <token t_id="261" sentence="5" number="12">冲</token>
  <token t_id="262" sentence="5" number="13">入</token>
  <token t_id="263" sentence="5" number="14">中</token>
  <token t_id="264" sentence="5" number="15">间</token>
  <token t_id="265" sentence="5" number="16">隔</token>
  <token t_id="266" sentence="5" number="17">离</token>
  <token t_id="267" sentence="5" number="18">绿</token>
  <token t_id="268" sentence="5" number="19">化</token>
  <token t_id="269" sentence="5" number="20">带</token>
  <token t_id="270" sentence="5" number="21">，</token>
  <token t_id="271" sentence="5" number="22">现</token>
  <token t_id="272" sentence="5" number="23">场</token>
  <token t_id="273" sentence="5" number="24">一</token>
  <token t_id="274" sentence="5" number="25">片</token>
  <token t_id="275" sentence="5" number="26">狼</token>
  <token t_id="276" sentence="5" number="27">藉</token>
  <token t_id="277" sentence="5" number="28">。</token>
  <token t_id="278" sentence="6" number="0">“</token>
  <token t_id="279" sentence="6" number="1">事</token>
  <token t_id="280" sentence="6" number="2">故</token>
  <token t_id="281" sentence="6" number="3">太</token>
  <token t_id="282" sentence="6" number="4">惨</token>
  <token t_id="283" sentence="6" number="5">烈</token>
  <token t_id="284" sentence="6" number="6">了</token>
  <token t_id="285" sentence="6" number="7">，</token>
  <token t_id="286" sentence="6" number="8">这</token>
  <token t_id="287" sentence="6" number="9">个</token>
  <token t_id="288" sentence="6" number="10">路</token>
  <token t_id="289" sentence="6" number="11">段</token>
  <token t_id="290" sentence="6" number="12">也</token>
  <token t_id="291" sentence="6" number="13">是</token>
  <token t_id="292" sentence="6" number="14">事</token>
  <token t_id="293" sentence="6" number="15">故</token>
  <token t_id="294" sentence="6" number="16">多</token>
  <token t_id="295" sentence="6" number="17">发</token>
  <token t_id="296" sentence="6" number="18">路</token>
  <token t_id="297" sentence="6" number="19">段</token>
  <token t_id="298" sentence="6" number="20">，</token>
  <token t_id="299" sentence="6" number="21">开</token>
  <token t_id="300" sentence="6" number="22">车</token>
  <token t_id="301" sentence="6" number="23">真</token>
  <token t_id="302" sentence="6" number="24">的</token>
  <token t_id="303" sentence="6" number="25">要</token>
  <token t_id="304" sentence="6" number="26">远</token>
  <token t_id="305" sentence="6" number="27">离</token>
  <token t_id="306" sentence="6" number="28">大</token>
  <token t_id="307" sentence="6" number="29">货</token>
  <token t_id="308" sentence="6" number="30">车</token>
  <token t_id="309" sentence="6" number="31">。</token>
  <token t_id="310" sentence="7" number="0">”</token>
  <token t_id="311" sentence="7" number="1">陈</token>
  <token t_id="312" sentence="7" number="2">先</token>
  <token t_id="313" sentence="7" number="3">生</token>
  <token t_id="314" sentence="7" number="4">说</token>
  <token t_id="315" sentence="7" number="5">。</token>
  <token t_id="316" sentence="8" number="0">事</token>
  <token t_id="317" sentence="8" number="1">故</token>
  <token t_id="318" sentence="8" number="2">发</token>
  <token t_id="319" sentence="8" number="3">生</token>
  <token t_id="320" sentence="8" number="4">后</token>
  <token t_id="321" sentence="8" number="5">，</token>
  <token t_id="322" sentence="8" number="6">辖</token>
  <token t_id="323" sentence="8" number="7">区</token>
  <token t_id="324" sentence="8" number="8">交</token>
  <token t_id="325" sentence="8" number="9">警</token>
  <token t_id="326" sentence="8" number="10">很</token>
  <token t_id="327" sentence="8" number="11">快</token>
  <token t_id="328" sentence="8" number="12">来</token>
  <token t_id="329" sentence="8" number="13">到</token>
  <token t_id="330" sentence="8" number="14">现</token>
  <token t_id="331" sentence="8" number="15">场</token>
  <token t_id="332" sentence="8" number="16">处</token>
  <token t_id="333" sentence="8" number="17">置</token>
  <token t_id="334" sentence="8" number="18">，</token>
  <token t_id="335" sentence="8" number="19">并</token>
  <token t_id="336" sentence="8" number="20">将</token>
  <token t_id="337" sentence="8" number="21">该</token>
  <token t_id="338" sentence="8" number="22">路</token>
  <token t_id="339" sentence="8" number="23">段</token>
  <token t_id="340" sentence="8" number="24">封</token>
  <token t_id="341" sentence="8" number="25">闭</token>
  <token t_id="342" sentence="8" number="26">。</token>
  <token t_id="343" sentence="9" number="0">随</token>
  <token t_id="344" sentence="9" number="1">后</token>
  <token t_id="345" sentence="9" number="2">，</token>
  <token t_id="346" sentence="9" number="3">记</token>
  <token t_id="347" sentence="9" number="4">者</token>
  <token t_id="348" sentence="9" number="5">从</token>
  <token t_id="349" sentence="9" number="6">辖</token>
  <token t_id="350" sentence="9" number="7">区</token>
  <token t_id="351" sentence="9" number="8">澄</token>
  <token t_id="352" sentence="9" number="9">迈</token>
  <token t_id="353" sentence="9" number="10">交</token>
  <token t_id="354" sentence="9" number="11">警</token>
  <token t_id="355" sentence="9" number="12">了</token>
  <token t_id="356" sentence="9" number="13">解</token>
  <token t_id="357" sentence="9" number="14">到</token>
  <token t_id="358" sentence="9" number="15">，</token>
  <token t_id="359" sentence="9" number="16">该</token>
  <token t_id="360" sentence="9" number="17">起</token>
  <token t_id="361" sentence="9" number="18">事</token>
  <token t_id="362" sentence="9" number="19">故</token>
  <token t_id="363" sentence="9" number="20">系</token>
  <token t_id="364" sentence="9" number="21">3</token>
  <token t_id="365" sentence="9" number="22">辆</token>
  <token t_id="366" sentence="9" number="23">大</token>
  <token t_id="367" sentence="9" number="24">货</token>
  <token t_id="368" sentence="9" number="25">车</token>
  <token t_id="369" sentence="9" number="26">和</token>
  <token t_id="370" sentence="9" number="27">3</token>
  <token t_id="371" sentence="9" number="28">辆</token>
  <token t_id="372" sentence="9" number="29">小</token>
  <token t_id="373" sentence="9" number="30">轿</token>
  <token t_id="374" sentence="9" number="31">车</token>
  <token t_id="375" sentence="9" number="32">发</token>
  <token t_id="376" sentence="9" number="33">生</token>
  <token t_id="377" sentence="9" number="34">追</token>
  <token t_id="378" sentence="9" number="35">尾</token>
  <token t_id="379" sentence="9" number="36">碰</token>
  <token t_id="380" sentence="9" number="37">撞</token>
  <token t_id="381" sentence="9" number="38">，</token>
  <token t_id="382" sentence="9" number="39">有</token>
  <token t_id="383" sentence="9" number="40">人</token>
  <token t_id="384" sentence="9" number="41">员</token>
  <token t_id="385" sentence="9" number="42">受</token>
  <token t_id="386" sentence="9" number="43">伤</token>
  <token t_id="387" sentence="9" number="44">，</token>
  <token t_id="388" sentence="9" number="45">具</token>
  <token t_id="389" sentence="9" number="46">体</token>
  <token t_id="390" sentence="9" number="47">情</token>
  <token t_id="391" sentence="9" number="48">况</token>
  <token t_id="392" sentence="9" number="49">还</token>
  <token t_id="393" sentence="9" number="50">在</token>
  <token t_id="394" sentence="9" number="51">进</token>
  <token t_id="395" sentence="9" number="52">一</token>
  <token t_id="396" sentence="9" number="53">步</token>
  <token t_id="397" sentence="9" number="54">调</token>
  <token t_id="398" sentence="9" number="55">查</token>
  <token t_id="399" sentence="9" number="56">。</token>
  <token t_id="400" sentence="10" number="0">此</token>
  <token t_id="401" sentence="10" number="1">外</token>
  <token t_id="402" sentence="10" number="2">，</token>
  <token t_id="403" sentence="10" number="3">截</token>
  <token t_id="404" sentence="10" number="4">至</token>
  <token t_id="405" sentence="10" number="5">1</token>
  <token t_id="406" sentence="10" number="6">8</token>
  <token t_id="407" sentence="10" number="7">日</token>
  <token t_id="408" sentence="10" number="8">1</token>
  <token t_id="409" sentence="10" number="9">6</token>
  <token t_id="410" sentence="10" number="10">时</token>
  <token t_id="411" sentence="10" number="11">许</token>
  <token t_id="412" sentence="10" number="12">，</token>
  <token t_id="413" sentence="10" number="13">该</token>
  <token t_id="414" sentence="10" number="14">路</token>
  <token t_id="415" sentence="10" number="15">段</token>
  <token t_id="416" sentence="10" number="16">已</token>
  <token t_id="417" sentence="10" number="17">经</token>
  <token t_id="418" sentence="10" number="18">解</token>
  <token t_id="419" sentence="10" number="19">除</token>
  <token t_id="420" sentence="10" number="20">交</token>
  <token t_id="421" sentence="10" number="21">通</token>
  <token t_id="422" sentence="10" number="22">管</token>
  <token t_id="423" sentence="10" number="23">制</token>
  <token t_id="424" sentence="10" number="24">，</token>
  <token t_id="425" sentence="10" number="25">但</token>
  <token t_id="426" sentence="10" number="26">因</token>
  <token t_id="427" sentence="10" number="27">事</token>
  <token t_id="428" sentence="10" number="28">故</token>
  <token t_id="429" sentence="10" number="29">造</token>
  <token t_id="430" sentence="10" number="30">成</token>
  <token t_id="431" sentence="10" number="31">高</token>
  <token t_id="432" sentence="10" number="32">速</token>
  <token t_id="433" sentence="10" number="33">路</token>
  <token t_id="434" sentence="10" number="34">段</token>
  <token t_id="435" sentence="10" number="35">交</token>
  <token t_id="436" sentence="10" number="36">通</token>
  <token t_id="437" sentence="10" number="37">拥</token>
  <token t_id="438" sentence="10" number="38">堵</token>
  <token t_id="439" sentence="10" number="39">，</token>
  <token t_id="440" sentence="10" number="40">请</token>
  <token t_id="441" sentence="10" number="41">途</token>
  <token t_id="442" sentence="10" number="42">经</token>
  <token t_id="443" sentence="10" number="43">司</token>
  <token t_id="444" sentence="10" number="44">机</token>
  <token t_id="445" sentence="10" number="45">减</token>
  <token t_id="446" sentence="10" number="46">速</token>
  <token t_id="447" sentence="10" number="47">慢</token>
  <token t_id="448" sentence="10" number="48">行</token>
  <token t_id="449" sentence="10" number="49">，</token>
  <token t_id="450" sentence="10" number="50">配</token>
  <token t_id="451" sentence="10" number="51">合</token>
  <token t_id="452" sentence="10" number="52">现</token>
  <token t_id="453" sentence="10" number="53">场</token>
  <token t_id="454" sentence="10" number="54">执</token>
  <token t_id="455" sentence="10" number="55">勤</token>
  <token t_id="456" sentence="10" number="56">交</token>
  <token t_id="457" sentence="10" number="57">警</token>
  <token t_id="458" sentence="10" number="58">的</token>
  <token t_id="459" sentence="10" number="59">指</token>
  <token t_id="460" sentence="10" number="60">挥</token>
  <token t_id="461" sentence="10" number="61">疏</token>
  <token t_id="462" sentence="10" number="62">导</token>
  <token t_id="463" sentence="10" number="63">，</token>
  <token t_id="464" sentence="10" number="64">安</token>
  <token t_id="465" sentence="10" number="65">全</token>
  <token t_id="466" sentence="10" number="66">驾</token>
  <token t_id="467" sentence="10" number="67">驶</token>
  <Markables>
    <ACTION m_id="45368" comment="">
      <token_anchor t_id="41" />
      <token_anchor t_id="42" />
      <token_anchor t_id="43" />
      <token_anchor t_id="44" />
    </ACTION>
    <ACTION m_id="45369" comment="">
      <token_anchor t_id="56" />
      <token_anchor t_id="57" />
    </ACTION>
    <ACTION m_id="45370" comment="">
      <token_anchor t_id="64" />
      <token_anchor t_id="65" />
    </ACTION>
    <ACTION m_id="45371" comment="">
      <token_anchor t_id="72" />
      <token_anchor t_id="73" />
    </ACTION>
    <ACTION m_id="45372" comment="">
      <token_anchor t_id="81" />
      <token_anchor t_id="82" />
    </ACTION>
    <ACTION m_id="45375" comment="">
      <token_anchor t_id="163" />
      <token_anchor t_id="164" />
      <token_anchor t_id="165" />
      <token_anchor t_id="166" />
    </ACTION>
    <ACTION m_id="45376" comment="">
      <token_anchor t_id="173" />
      <token_anchor t_id="174" />
    </ACTION>
    <ACTION m_id="45377" comment="">
      <token_anchor t_id="184" />
      <token_anchor t_id="185" />
    </ACTION>
    <ACTION m_id="45378" comment="">
      <token_anchor t_id="192" />
      <token_anchor t_id="193" />
    </ACTION>
    <ACTION m_id="45379" comment="">
      <token_anchor t_id="206" />
      <token_anchor t_id="207" />
    </ACTION>
    <ACTION m_id="45380" comment="">
      <token_anchor t_id="216" />
      <token_anchor t_id="217" />
    </ACTION>
    <ACTION m_id="45381" comment="">
      <token_anchor t_id="229" />
      <token_anchor t_id="230" />
    </ACTION>
    <ACTION m_id="45382" comment="">
      <token_anchor t_id="244" />
      <token_anchor t_id="245" />
    </ACTION>
    <ACTION m_id="45383" comment="">
      <token_anchor t_id="261" />
      <token_anchor t_id="262" />
    </ACTION>
    <ACTION m_id="45384" comment="">
      <token_anchor t_id="314" />
    </ACTION>
    <ACTION m_id="45385" comment="">
      <token_anchor t_id="316" />
      <token_anchor t_id="317" />
    </ACTION>
    <ACTION m_id="45386" comment="">
      <token_anchor t_id="332" />
      <token_anchor t_id="333" />
    </ACTION>
    <ACTION m_id="45387" comment="">
      <token_anchor t_id="340" />
      <token_anchor t_id="341" />
    </ACTION>
    <ACTION m_id="45389" comment="">
      <token_anchor t_id="379" />
      <token_anchor t_id="380" />
    </ACTION>
    <ACTION m_id="45390" comment="">
      <token_anchor t_id="385" />
      <token_anchor t_id="386" />
    </ACTION>
    <ACTION m_id="45391" comment="">
      <token_anchor t_id="397" />
      <token_anchor t_id="398" />
    </ACTION>
    <ACTION m_id="45392" comment="">
      <token_anchor t_id="418" />
      <token_anchor t_id="419" />
    </ACTION>
    <ACTION m_id="45394" comment="">
      <token_anchor t_id="437" />
      <token_anchor t_id="438" />
    </ACTION>
    <ACTION m_id="45395" comment="">
      <token_anchor t_id="445" />
      <token_anchor t_id="446" />
    </ACTION>
    <ACTION m_id="45396" comment="">
      <token_anchor t_id="450" />
      <token_anchor t_id="451" />
    </ACTION>
    <ACTION m_id="45399" comment="">
      <token_anchor t_id="466" />
      <token_anchor t_id="467" />
    </ACTION>
    <ACTION_CAUSATIVE m_id="45400" comment="">
      <token_anchor t_id="429" />
      <token_anchor t_id="430" />
    </ACTION_CAUSATIVE>
    <ACTION m_id="57513" comment="">
      <token_anchor t_id="427" />
      <token_anchor t_id="428" />
    </ACTION>
  </Markables>
  <Relations>
    <PLOT_LINK r_id="5596" SIGNAL="" relType="causation" CAUSES="FALSE" CAUSED_BY="FALSE">
      <source m_id="45369" />
      <target m_id="45370" />
    </PLOT_LINK>
    <PLOT_LINK r_id="5597" SIGNAL="" relType="causation" CAUSES="FALSE" CAUSED_BY="FALSE">
      <source m_id="45369" />
      <target m_id="45368" />
    </PLOT_LINK>
    <PLOT_LINK r_id="5598" SIGNAL="" relType="causation" CAUSES="FALSE" CAUSED_BY="FALSE">
      <source m_id="45368" />
      <target m_id="45370" />
    </PLOT_LINK>
    <PLOT_LINK r_id="5599" SIGNAL="" relType="causation" CAUSES="FALSE" CAUSED_BY="FALSE">
      <source m_id="45375" />
      <target m_id="45376" />
    </PLOT_LINK>
    <PLOT_LINK r_id="5600" SIGNAL="" relType="causation" CAUSES="FALSE" CAUSED_BY="FALSE">
      <source m_id="45380" />
      <target m_id="45381" />
    </PLOT_LINK>
    <PLOT_LINK r_id="5601" SIGNAL="" relType="causation" CAUSES="FALSE" CAUSED_BY="FALSE">
      <source m_id="45380" />
      <target m_id="45382" />
    </PLOT_LINK>
    <PLOT_LINK r_id="5602" SIGNAL="" relType="causation" CAUSES="FALSE" CAUSED_BY="FALSE">
      <source m_id="57513" />
      <target m_id="45394" />
    </PLOT_LINK>
    <PLOT_LINK r_id="5603" SIGNAL="" relType="causation" CAUSES="FALSE" CAUSED_BY="FALSE">
      <source m_id="45389" />
      <target m_id="45390" />
    </PLOT_LINK>
  </Relations>
</Document>