<?xml version="1.0" encoding="UTF-8"?>
<Document doc_name="3648_ecbplus.xml.xml">
  <token t_id="1" sentence="0" number="0">2</token>
  <token t_id="2" sentence="0" number="1">0</token>
  <token t_id="3" sentence="0" number="2">2</token>
  <token t_id="4" sentence="0" number="3">1</token>
  <token t_id="5" sentence="0" number="4">年</token>
  <token t_id="6" sentence="0" number="5">1</token>
  <token t_id="7" sentence="0" number="6">月</token>
  <token t_id="8" sentence="0" number="7">9</token>
  <token t_id="9" sentence="0" number="8">日</token>
  <token t_id="10" sentence="0" number="9">1</token>
  <token t_id="11" sentence="0" number="10">1</token>
  <token t_id="12" sentence="0" number="11">时</token>
  <token t_id="13" sentence="0" number="12">4</token>
  <token t_id="14" sentence="0" number="13">0</token>
  <token t_id="15" sentence="0" number="14">分</token>
  <token t_id="16" sentence="0" number="15">左</token>
  <token t_id="17" sentence="0" number="16">右</token>
  <token t_id="18" sentence="0" number="17">，</token>
  <token t_id="19" sentence="0" number="18">广</token>
  <token t_id="20" sentence="0" number="19">西</token>
  <token t_id="21" sentence="0" number="20">蒙</token>
  <token t_id="22" sentence="0" number="21">山</token>
  <token t_id="23" sentence="0" number="22">公</token>
  <token t_id="24" sentence="0" number="23">路</token>
  <token t_id="25" sentence="0" number="24">养</token>
  <token t_id="26" sentence="0" number="25">护</token>
  <token t_id="27" sentence="0" number="26">中</token>
  <token t_id="28" sentence="0" number="27">心</token>
  <token t_id="29" sentence="0" number="28">养</token>
  <token t_id="30" sentence="0" number="29">护</token>
  <token t_id="31" sentence="0" number="30">的</token>
  <token t_id="32" sentence="0" number="31">G</token>
  <token t_id="33" sentence="0" number="32">3</token>
  <token t_id="34" sentence="0" number="33">2</token>
  <token t_id="35" sentence="0" number="34">1</token>
  <token t_id="36" sentence="0" number="35">线</token>
  <token t_id="37" sentence="0" number="36">K</token>
  <token t_id="38" sentence="0" number="37">4</token>
  <token t_id="39" sentence="0" number="38">2</token>
  <token t_id="40" sentence="0" number="39">7</token>
  <token t_id="41" sentence="0" number="40">+</token>
  <token t_id="42" sentence="0" number="41">3</token>
  <token t_id="43" sentence="0" number="42">5</token>
  <token t_id="44" sentence="0" number="43">0</token>
  <token t_id="45" sentence="0" number="44">路</token>
  <token t_id="46" sentence="0" number="45">段</token>
  <token t_id="47" sentence="0" number="46">发</token>
  <token t_id="48" sentence="0" number="47">生</token>
  <token t_id="49" sentence="0" number="48">一</token>
  <token t_id="50" sentence="0" number="49">起</token>
  <token t_id="51" sentence="0" number="50">水</token>
  <token t_id="52" sentence="0" number="51">泥</token>
  <token t_id="53" sentence="0" number="52">砼</token>
  <token t_id="54" sentence="0" number="53">罐</token>
  <token t_id="55" sentence="0" number="54">车</token>
  <token t_id="56" sentence="0" number="55">与</token>
  <token t_id="57" sentence="0" number="56">一</token>
  <token t_id="58" sentence="0" number="57">辆</token>
  <token t_id="59" sentence="0" number="58">小</token>
  <token t_id="60" sentence="0" number="59">客</token>
  <token t_id="61" sentence="0" number="60">车</token>
  <token t_id="62" sentence="0" number="61">发</token>
  <token t_id="63" sentence="0" number="62">生</token>
  <token t_id="64" sentence="0" number="63">碰</token>
  <token t_id="65" sentence="0" number="64">撞</token>
  <token t_id="66" sentence="0" number="65">的</token>
  <token t_id="67" sentence="0" number="66">交</token>
  <token t_id="68" sentence="0" number="67">通</token>
  <token t_id="69" sentence="0" number="68">事</token>
  <token t_id="70" sentence="0" number="69">故</token>
  <token t_id="71" sentence="0" number="70">，</token>
  <token t_id="72" sentence="0" number="71">事</token>
  <token t_id="73" sentence="0" number="72">故</token>
  <token t_id="74" sentence="0" number="73">造</token>
  <token t_id="75" sentence="0" number="74">成</token>
  <token t_id="76" sentence="0" number="75">小</token>
  <token t_id="77" sentence="0" number="76">客</token>
  <token t_id="78" sentence="0" number="77">车</token>
  <token t_id="79" sentence="0" number="78">5</token>
  <token t_id="80" sentence="0" number="79">人</token>
  <token t_id="81" sentence="0" number="80">当</token>
  <token t_id="82" sentence="0" number="81">场</token>
  <token t_id="83" sentence="0" number="82">死</token>
  <token t_id="84" sentence="0" number="83">亡</token>
  <token t_id="85" sentence="0" number="84">，</token>
  <token t_id="86" sentence="0" number="85">两</token>
  <token t_id="87" sentence="0" number="86">车</token>
  <token t_id="88" sentence="0" number="87">均</token>
  <token t_id="89" sentence="0" number="88">严</token>
  <token t_id="90" sentence="0" number="89">重</token>
  <token t_id="91" sentence="0" number="90">受</token>
  <token t_id="92" sentence="0" number="91">损</token>
  <token t_id="93" sentence="0" number="92">。</token>
  <token t_id="94" sentence="1" number="0">当</token>
  <token t_id="95" sentence="1" number="1">地</token>
  <token t_id="96" sentence="1" number="2">交</token>
  <token t_id="97" sentence="1" number="3">警</token>
  <token t_id="98" sentence="1" number="4">、</token>
  <token t_id="99" sentence="1" number="5">公</token>
  <token t_id="100" sentence="1" number="6">路</token>
  <token t_id="101" sentence="1" number="7">等</token>
  <token t_id="102" sentence="1" number="8">部</token>
  <token t_id="103" sentence="1" number="9">门</token>
  <token t_id="104" sentence="1" number="10">已</token>
  <token t_id="105" sentence="1" number="11">在</token>
  <token t_id="106" sentence="1" number="12">现</token>
  <token t_id="107" sentence="1" number="13">场</token>
  <token t_id="108" sentence="1" number="14">处</token>
  <token t_id="109" sentence="1" number="15">置</token>
  <token t_id="110" sentence="1" number="16">，</token>
  <token t_id="111" sentence="1" number="17">事</token>
  <token t_id="112" sentence="1" number="18">故</token>
  <token t_id="113" sentence="1" number="19">路</token>
  <token t_id="114" sentence="1" number="20">段</token>
  <token t_id="115" sentence="1" number="21">路</token>
  <token t_id="116" sentence="1" number="22">面</token>
  <token t_id="117" sentence="1" number="23">平</token>
  <token t_id="118" sentence="1" number="24">整</token>
  <token t_id="119" sentence="1" number="25">，</token>
  <token t_id="120" sentence="1" number="26">行</token>
  <token t_id="121" sentence="1" number="27">车</token>
  <token t_id="122" sentence="1" number="28">视</token>
  <token t_id="123" sentence="1" number="29">线</token>
  <token t_id="124" sentence="1" number="30">良</token>
  <token t_id="125" sentence="1" number="31">好</token>
  <token t_id="126" sentence="1" number="32">，</token>
  <token t_id="127" sentence="1" number="33">交</token>
  <token t_id="128" sentence="1" number="34">通</token>
  <token t_id="129" sentence="1" number="35">标</token>
  <token t_id="130" sentence="1" number="36">志</token>
  <token t_id="131" sentence="1" number="37">标</token>
  <token t_id="132" sentence="1" number="38">线</token>
  <token t_id="133" sentence="1" number="39">齐</token>
  <token t_id="134" sentence="1" number="40">全</token>
  <token t_id="135" sentence="1" number="41">，</token>
  <token t_id="136" sentence="1" number="42">具</token>
  <token t_id="137" sentence="1" number="43">体</token>
  <token t_id="138" sentence="1" number="44">事</token>
  <token t_id="139" sentence="1" number="45">故</token>
  <token t_id="140" sentence="1" number="46">原</token>
  <token t_id="141" sentence="1" number="47">因</token>
  <token t_id="142" sentence="1" number="48">有</token>
  <token t_id="143" sentence="1" number="49">待</token>
  <token t_id="144" sentence="1" number="50">警</token>
  <token t_id="145" sentence="1" number="51">方</token>
  <token t_id="146" sentence="1" number="52">调</token>
  <token t_id="147" sentence="1" number="53">查</token>
  <token t_id="148" sentence="1" number="54">后</token>
  <token t_id="149" sentence="1" number="55">发</token>
  <token t_id="150" sentence="1" number="56">布</token>
  <Markables>
    <ACTION m_id="45504" comment="">
      <token_anchor t_id="67" />
      <token_anchor t_id="68" />
      <token_anchor t_id="69" />
      <token_anchor t_id="70" />
    </ACTION>
    <ACTION m_id="45506" comment="">
      <token_anchor t_id="83" />
      <token_anchor t_id="84" />
    </ACTION>
    <ACTION m_id="45507" comment="">
      <token_anchor t_id="91" />
      <token_anchor t_id="92" />
    </ACTION>
    <ACTION m_id="45508" comment="">
      <token_anchor t_id="108" />
      <token_anchor t_id="109" />
    </ACTION>
    <ACTION m_id="45511" comment="">
      <token_anchor t_id="149" />
      <token_anchor t_id="150" />
    </ACTION>
    <ACTION_CAUSATIVE m_id="45512" comment="">
      <token_anchor t_id="74" />
      <token_anchor t_id="75" />
    </ACTION_CAUSATIVE>
  </Markables>
  <Relations>
    <PLOT_LINK r_id="5631" SIGNAL="" relType="causation" CAUSES="FALSE" CAUSED_BY="FALSE">
      <source m_id="45504" />
      <target m_id="45506" />
    </PLOT_LINK>
    <PLOT_LINK r_id="5632" SIGNAL="" relType="causation" CAUSES="FALSE" CAUSED_BY="FALSE">
      <source m_id="45504" />
      <target m_id="45507" />
    </PLOT_LINK>
  </Relations>
</Document>