<?xml version="1.0" encoding="UTF-8"?>
<Document doc_name="3709_ecbplus.xml.xml">
  <token t_id="1" sentence="0" number="0">新</token>
  <token t_id="2" sentence="0" number="1">华</token>
  <token t_id="3" sentence="0" number="2">社</token>
  <token t_id="4" sentence="0" number="3">新</token>
  <token t_id="5" sentence="0" number="4">德</token>
  <token t_id="6" sentence="0" number="5">里</token>
  <token t_id="7" sentence="0" number="6">1</token>
  <token t_id="8" sentence="0" number="7">0</token>
  <token t_id="9" sentence="0" number="8">月</token>
  <token t_id="10" sentence="0" number="9">7</token>
  <token t_id="11" sentence="0" number="10">日</token>
  <token t_id="12" sentence="0" number="11">电</token>
  <token t_id="13" sentence="0" number="12"> </token>
  <token t_id="14" sentence="0" number="13">印</token>
  <token t_id="15" sentence="0" number="14">度</token>
  <token t_id="16" sentence="0" number="15">警</token>
  <token t_id="17" sentence="0" number="16">方</token>
  <token t_id="18" sentence="0" number="17">7</token>
  <token t_id="19" sentence="0" number="18">日</token>
  <token t_id="20" sentence="0" number="19">说</token>
  <token t_id="21" sentence="0" number="20">，</token>
  <token t_id="22" sentence="0" number="21">印</token>
  <token t_id="23" sentence="0" number="22">度</token>
  <token t_id="24" sentence="0" number="23">北</token>
  <token t_id="25" sentence="0" number="24">部</token>
  <token t_id="26" sentence="0" number="25">当</token>
  <token t_id="27" sentence="0" number="26">天</token>
  <token t_id="28" sentence="0" number="27">发</token>
  <token t_id="29" sentence="0" number="28">生</token>
  <token t_id="30" sentence="0" number="29">一</token>
  <token t_id="31" sentence="0" number="30">起</token>
  <token t_id="32" sentence="0" number="31">重</token>
  <token t_id="33" sentence="0" number="32">大</token>
  <token t_id="34" sentence="0" number="33">交</token>
  <token t_id="35" sentence="0" number="34">通</token>
  <token t_id="36" sentence="0" number="35">事</token>
  <token t_id="37" sentence="0" number="36">故</token>
  <token t_id="38" sentence="0" number="37">，</token>
  <token t_id="39" sentence="0" number="38">一</token>
  <token t_id="40" sentence="0" number="39">辆</token>
  <token t_id="41" sentence="0" number="40">来</token>
  <token t_id="42" sentence="0" number="41">自</token>
  <token t_id="43" sentence="0" number="42">首</token>
  <token t_id="44" sentence="0" number="43">都</token>
  <token t_id="45" sentence="0" number="44">新</token>
  <token t_id="46" sentence="0" number="45">德</token>
  <token t_id="47" sentence="0" number="46">里</token>
  <token t_id="48" sentence="0" number="47">的</token>
  <token t_id="49" sentence="0" number="48">客</token>
  <token t_id="50" sentence="0" number="49">车</token>
  <token t_id="51" sentence="0" number="50">在</token>
  <token t_id="52" sentence="0" number="51">北</token>
  <token t_id="53" sentence="0" number="52">方</token>
  <token t_id="54" sentence="0" number="53">邦</token>
  <token t_id="55" sentence="0" number="54">巴</token>
  <token t_id="56" sentence="0" number="55">拉</token>
  <token t_id="57" sentence="0" number="56">班</token>
  <token t_id="58" sentence="0" number="57">基</token>
  <token t_id="59" sentence="0" number="58">地</token>
  <token t_id="60" sentence="0" number="59">区</token>
  <token t_id="61" sentence="0" number="60">与</token>
  <token t_id="62" sentence="0" number="61">一</token>
  <token t_id="63" sentence="0" number="62">辆</token>
  <token t_id="64" sentence="0" number="63">迎</token>
  <token t_id="65" sentence="0" number="64">面</token>
  <token t_id="66" sentence="0" number="65">驶</token>
  <token t_id="67" sentence="0" number="66">来</token>
  <token t_id="68" sentence="0" number="67">的</token>
  <token t_id="69" sentence="0" number="68">卡</token>
  <token t_id="70" sentence="0" number="69">车</token>
  <token t_id="71" sentence="0" number="70">相</token>
  <token t_id="72" sentence="0" number="71">撞</token>
  <token t_id="73" sentence="0" number="72">，</token>
  <token t_id="74" sentence="0" number="73">造</token>
  <token t_id="75" sentence="0" number="74">成</token>
  <token t_id="76" sentence="0" number="75">至</token>
  <token t_id="77" sentence="0" number="76">少</token>
  <token t_id="78" sentence="0" number="77">1</token>
  <token t_id="79" sentence="0" number="78">0</token>
  <token t_id="80" sentence="0" number="79">人</token>
  <token t_id="81" sentence="0" number="80">死</token>
  <token t_id="82" sentence="0" number="81">亡</token>
  <token t_id="83" sentence="0" number="82">、</token>
  <token t_id="84" sentence="0" number="83">2</token>
  <token t_id="85" sentence="0" number="84">5</token>
  <token t_id="86" sentence="0" number="85">人</token>
  <token t_id="87" sentence="0" number="86">受</token>
  <token t_id="88" sentence="0" number="87">伤</token>
  <token t_id="89" sentence="0" number="88">。</token>
  <token t_id="90" sentence="1" number="0">警</token>
  <token t_id="91" sentence="1" number="1">方</token>
  <token t_id="92" sentence="1" number="2">说</token>
  <token t_id="93" sentence="1" number="3">，</token>
  <token t_id="94" sentence="1" number="4">事</token>
  <token t_id="95" sentence="1" number="5">故</token>
  <token t_id="96" sentence="1" number="6">发</token>
  <token t_id="97" sentence="1" number="7">生</token>
  <token t_id="98" sentence="1" number="8">在</token>
  <token t_id="99" sentence="1" number="9">当</token>
  <token t_id="100" sentence="1" number="10">地</token>
  <token t_id="101" sentence="1" number="11">时</token>
  <token t_id="102" sentence="1" number="12">间</token>
  <token t_id="103" sentence="1" number="13">5</token>
  <token t_id="104" sentence="1" number="14">时</token>
  <token t_id="105" sentence="1" number="15">3</token>
  <token t_id="106" sentence="1" number="16">0</token>
  <token t_id="107" sentence="1" number="17">分</token>
  <token t_id="108" sentence="1" number="18">左</token>
  <token t_id="109" sentence="1" number="19">右</token>
  <token t_id="110" sentence="1" number="20">。</token>
  <token t_id="111" sentence="2" number="0">伤</token>
  <token t_id="112" sentence="2" number="1">者</token>
  <token t_id="113" sentence="2" number="2">已</token>
  <token t_id="114" sentence="2" number="3">被</token>
  <token t_id="115" sentence="2" number="4">送</token>
  <token t_id="116" sentence="2" number="5">往</token>
  <token t_id="117" sentence="2" number="6">当</token>
  <token t_id="118" sentence="2" number="7">地</token>
  <token t_id="119" sentence="2" number="8">医</token>
  <token t_id="120" sentence="2" number="9">院</token>
  <token t_id="121" sentence="2" number="10">接</token>
  <token t_id="122" sentence="2" number="11">受</token>
  <token t_id="123" sentence="2" number="12">治</token>
  <token t_id="124" sentence="2" number="13">疗</token>
  <token t_id="125" sentence="2" number="14">，</token>
  <token t_id="126" sentence="2" number="15">其</token>
  <token t_id="127" sentence="2" number="16">中</token>
  <token t_id="128" sentence="2" number="17">一</token>
  <token t_id="129" sentence="2" number="18">些</token>
  <token t_id="130" sentence="2" number="19">伤</token>
  <token t_id="131" sentence="2" number="20">者</token>
  <token t_id="132" sentence="2" number="21">伤</token>
  <token t_id="133" sentence="2" number="22">势</token>
  <token t_id="134" sentence="2" number="23">严</token>
  <token t_id="135" sentence="2" number="24">重</token>
  <token t_id="136" sentence="2" number="25">，</token>
  <token t_id="137" sentence="2" number="26">死</token>
  <token t_id="138" sentence="2" number="27">亡</token>
  <token t_id="139" sentence="2" number="28">人</token>
  <token t_id="140" sentence="2" number="29">数</token>
  <token t_id="141" sentence="2" number="30">可</token>
  <token t_id="142" sentence="2" number="31">能</token>
  <token t_id="143" sentence="2" number="32">还</token>
  <token t_id="144" sentence="2" number="33">会</token>
  <token t_id="145" sentence="2" number="34">上</token>
  <token t_id="146" sentence="2" number="35">升</token>
  <token t_id="147" sentence="2" number="36">。</token>
  <token t_id="148" sentence="3" number="0">因</token>
  <token t_id="149" sentence="3" number="1">道</token>
  <token t_id="150" sentence="3" number="2">路</token>
  <token t_id="151" sentence="3" number="3">状</token>
  <token t_id="152" sentence="3" number="4">况</token>
  <token t_id="153" sentence="3" number="5">恶</token>
  <token t_id="154" sentence="3" number="6">劣</token>
  <token t_id="155" sentence="3" number="7">以</token>
  <token t_id="156" sentence="3" number="8">及</token>
  <token t_id="157" sentence="3" number="9">驾</token>
  <token t_id="158" sentence="3" number="10">驶</token>
  <token t_id="159" sentence="3" number="11">员</token>
  <token t_id="160" sentence="3" number="12">超</token>
  <token t_id="161" sentence="3" number="13">速</token>
  <token t_id="162" sentence="3" number="14">、</token>
  <token t_id="163" sentence="3" number="15">超</token>
  <token t_id="164" sentence="3" number="16">载</token>
  <token t_id="165" sentence="3" number="17">等</token>
  <token t_id="166" sentence="3" number="18">违</token>
  <token t_id="167" sentence="3" number="19">规</token>
  <token t_id="168" sentence="3" number="20">操</token>
  <token t_id="169" sentence="3" number="21">作</token>
  <token t_id="170" sentence="3" number="22">，</token>
  <token t_id="171" sentence="3" number="23">印</token>
  <token t_id="172" sentence="3" number="24">度</token>
  <token t_id="173" sentence="3" number="25">交</token>
  <token t_id="174" sentence="3" number="26">通</token>
  <token t_id="175" sentence="3" number="27">事</token>
  <token t_id="176" sentence="3" number="28">故</token>
  <token t_id="177" sentence="3" number="29">频</token>
  <token t_id="178" sentence="3" number="30">发</token>
  <token t_id="179" sentence="3" number="31">。</token>
  <token t_id="180" sentence="4" number="0">据</token>
  <token t_id="181" sentence="4" number="1">不</token>
  <token t_id="182" sentence="4" number="2">完</token>
  <token t_id="183" sentence="4" number="3">全</token>
  <token t_id="184" sentence="4" number="4">统</token>
  <token t_id="185" sentence="4" number="5">计</token>
  <token t_id="186" sentence="4" number="6">，</token>
  <token t_id="187" sentence="4" number="7">印</token>
  <token t_id="188" sentence="4" number="8">度</token>
  <token t_id="189" sentence="4" number="9">每</token>
  <token t_id="190" sentence="4" number="10">年</token>
  <token t_id="191" sentence="4" number="11">约</token>
  <token t_id="192" sentence="4" number="12">有</token>
  <token t_id="193" sentence="4" number="13">1</token>
  <token t_id="194" sentence="4" number="14">5</token>
  <token t_id="195" sentence="4" number="15">万</token>
  <token t_id="196" sentence="4" number="16">人</token>
  <token t_id="197" sentence="4" number="17">死</token>
  <token t_id="198" sentence="4" number="18">于</token>
  <token t_id="199" sentence="4" number="19">交</token>
  <token t_id="200" sentence="4" number="20">通</token>
  <token t_id="201" sentence="4" number="21">事</token>
  <token t_id="202" sentence="4" number="22">故</token>
  <Markables>
    <ACTION m_id="46603" comment="">
      <token_anchor t_id="71" />
      <token_anchor t_id="72" />
    </ACTION>
    <ACTION m_id="46604" comment="">
      <token_anchor t_id="81" />
      <token_anchor t_id="82" />
    </ACTION>
    <ACTION m_id="46605" comment="">
      <token_anchor t_id="87" />
      <token_anchor t_id="88" />
    </ACTION>
    <ACTION m_id="46606" comment="">
      <token_anchor t_id="92" />
    </ACTION>
    <ACTION m_id="46607" comment="">
      <token_anchor t_id="94" />
      <token_anchor t_id="95" />
    </ACTION>
    <ACTION m_id="46608" comment="">
      <token_anchor t_id="115" />
      <token_anchor t_id="116" />
    </ACTION>
    <ACTION m_id="46609" comment="">
      <token_anchor t_id="123" />
      <token_anchor t_id="124" />
    </ACTION>
    <ACTION_CAUSATIVE m_id="46611" comment="">
      <token_anchor t_id="74" />
      <token_anchor t_id="75" />
    </ACTION_CAUSATIVE>
    <ACTION_CAUSATIVE m_id="46612" comment="">
      <token_anchor t_id="148" />
    </ACTION_CAUSATIVE>
    <ACTION m_id="46613" comment="">
      <token_anchor t_id="145" />
      <token_anchor t_id="146" />
    </ACTION>
    <ACTION m_id="46614" comment="">
      <token_anchor t_id="160" />
      <token_anchor t_id="161" />
    </ACTION>
    <ACTION m_id="46615" comment="">
      <token_anchor t_id="163" />
      <token_anchor t_id="164" />
    </ACTION>
    <ACTION m_id="46616" comment="">
      <token_anchor t_id="177" />
      <token_anchor t_id="178" />
    </ACTION>
    <ACTION m_id="46617" comment="">
      <token_anchor t_id="184" />
      <token_anchor t_id="185" />
    </ACTION>
    <ACTION m_id="46618" comment="">
      <token_anchor t_id="199" />
      <token_anchor t_id="200" />
      <token_anchor t_id="201" />
      <token_anchor t_id="202" />
    </ACTION>
    <ACTION m_id="57661" comment="">
      <token_anchor t_id="153" />
      <token_anchor t_id="154" />
    </ACTION>
  </Markables>
  <Relations>
    <PLOT_LINK r_id="5871" SIGNAL="" relType="causation" CAUSES="FALSE" CAUSED_BY="FALSE">
      <source m_id="46603" />
      <target m_id="46604" />
    </PLOT_LINK>
    <PLOT_LINK r_id="5872" SIGNAL="" relType="causation" CAUSES="FALSE" CAUSED_BY="FALSE">
      <source m_id="46603" />
      <target m_id="46605" />
    </PLOT_LINK>
    <PLOT_LINK r_id="5873" SIGNAL="" relType="causation" CAUSES="FALSE" CAUSED_BY="FALSE">
      <source m_id="57661" />
      <target m_id="46616" />
    </PLOT_LINK>
    <PLOT_LINK r_id="5874" SIGNAL="" relType="causation" CAUSES="FALSE" CAUSED_BY="FALSE">
      <source m_id="46614" />
      <target m_id="46616" />
    </PLOT_LINK>
    <PLOT_LINK r_id="5875" SIGNAL="" relType="causation" CAUSES="FALSE" CAUSED_BY="FALSE">
      <source m_id="46615" />
      <target m_id="46616" />
    </PLOT_LINK>
  </Relations>
</Document>