<?xml version="1.0" encoding="UTF-8"?>
<Document doc_name="2151_ecbplus.xml.xml">
  <token t_id="1" sentence="0" number="0"> </token>
  <token t_id="2" sentence="0" number="1">根</token>
  <token t_id="3" sentence="0" number="2">据</token>
  <token t_id="4" sentence="0" number="3">贵</token>
  <token t_id="5" sentence="0" number="4">州</token>
  <token t_id="6" sentence="0" number="5">织</token>
  <token t_id="7" sentence="0" number="6">金</token>
  <token t_id="8" sentence="0" number="7">县</token>
  <token t_id="9" sentence="0" number="8">政</token>
  <token t_id="10" sentence="0" number="9">府</token>
  <token t_id="11" sentence="0" number="10">新</token>
  <token t_id="12" sentence="0" number="11">闻</token>
  <token t_id="13" sentence="0" number="12">办</token>
  <token t_id="14" sentence="0" number="13">发</token>
  <token t_id="15" sentence="0" number="14">布</token>
  <token t_id="16" sentence="0" number="15">：</token>
  <token t_id="17" sentence="0" number="16">2</token>
  <token t_id="18" sentence="0" number="17">0</token>
  <token t_id="19" sentence="0" number="18">2</token>
  <token t_id="20" sentence="0" number="19">2</token>
  <token t_id="21" sentence="0" number="20">年</token>
  <token t_id="22" sentence="0" number="21">5</token>
  <token t_id="23" sentence="0" number="22">月</token>
  <token t_id="24" sentence="0" number="23">8</token>
  <token t_id="25" sentence="0" number="24">日</token>
  <token t_id="26" sentence="0" number="25">1</token>
  <token t_id="27" sentence="0" number="26">2</token>
  <token t_id="28" sentence="0" number="27">时</token>
  <token t_id="29" sentence="0" number="28">1</token>
  <token t_id="30" sentence="0" number="29">8</token>
  <token t_id="31" sentence="0" number="30">分</token>
  <token t_id="32" sentence="0" number="31">许</token>
  <token t_id="33" sentence="0" number="32">，</token>
  <token t_id="34" sentence="0" number="33">织</token>
  <token t_id="35" sentence="0" number="34">金</token>
  <token t_id="36" sentence="0" number="35">县</token>
  <token t_id="37" sentence="0" number="36">金</token>
  <token t_id="38" sentence="0" number="37">凤</token>
  <token t_id="39" sentence="0" number="38">街</token>
  <token t_id="40" sentence="0" number="39">道</token>
  <token t_id="41" sentence="0" number="40">发</token>
  <token t_id="42" sentence="0" number="41">生</token>
  <token t_id="43" sentence="0" number="42">一</token>
  <token t_id="44" sentence="0" number="43">起</token>
  <token t_id="45" sentence="0" number="44">塌</token>
  <token t_id="46" sentence="0" number="45">方</token>
  <token t_id="47" sentence="0" number="46">事</token>
  <token t_id="48" sentence="0" number="47">故</token>
  <token t_id="49" sentence="0" number="48">。</token>
  <token t_id="50" sentence="1" number="0">经</token>
  <token t_id="51" sentence="1" number="1">查</token>
  <token t_id="52" sentence="1" number="2">发</token>
  <token t_id="53" sentence="1" number="3">生</token>
  <token t_id="54" sentence="1" number="4">塌</token>
  <token t_id="55" sentence="1" number="5">方</token>
  <token t_id="56" sentence="1" number="6">的</token>
  <token t_id="57" sentence="1" number="7">山</token>
  <token t_id="58" sentence="1" number="8">体</token>
  <token t_id="59" sentence="1" number="9">为</token>
  <token t_id="60" sentence="1" number="10">金</token>
  <token t_id="61" sentence="1" number="11">凤</token>
  <token t_id="62" sentence="1" number="12">街</token>
  <token t_id="63" sentence="1" number="13">道</token>
  <token t_id="64" sentence="1" number="14">白</token>
  <token t_id="65" sentence="1" number="15">岩</token>
  <token t_id="66" sentence="1" number="16">社</token>
  <token t_id="67" sentence="1" number="17">区</token>
  <token t_id="68" sentence="1" number="18">危</token>
  <token t_id="69" sentence="1" number="19">岩</token>
  <token t_id="70" sentence="1" number="20">塌</token>
  <token t_id="71" sentence="1" number="21">方</token>
  <token t_id="72" sentence="1" number="22">隐</token>
  <token t_id="73" sentence="1" number="23">患</token>
  <token t_id="74" sentence="1" number="24">点</token>
  <token t_id="75" sentence="1" number="25">，</token>
  <token t_id="76" sentence="1" number="26">经</token>
  <token t_id="77" sentence="1" number="27">初</token>
  <token t_id="78" sentence="1" number="28">步</token>
  <token t_id="79" sentence="1" number="29">核</token>
  <token t_id="80" sentence="1" number="30">实</token>
  <token t_id="81" sentence="1" number="31">，</token>
  <token t_id="82" sentence="1" number="32">塌</token>
  <token t_id="83" sentence="1" number="33">方</token>
  <token t_id="84" sentence="1" number="34">量</token>
  <token t_id="85" sentence="1" number="35">约</token>
  <token t_id="86" sentence="1" number="36">2</token>
  <token t_id="87" sentence="1" number="37">.</token>
  <token t_id="88" sentence="1" number="38">5</token>
  <token t_id="89" sentence="1" number="39">万</token>
  <token t_id="90" sentence="1" number="40">方</token>
  <token t_id="91" sentence="1" number="41">左</token>
  <token t_id="92" sentence="1" number="42">右</token>
  <token t_id="93" sentence="1" number="43">。</token>
  <token t_id="94" sentence="2" number="0">该</token>
  <token t_id="95" sentence="2" number="1">区</token>
  <token t_id="96" sentence="2" number="2">域</token>
  <token t_id="97" sentence="2" number="3">范</token>
  <token t_id="98" sentence="2" number="4">围</token>
  <token t_id="99" sentence="2" number="5">内</token>
  <token t_id="100" sentence="2" number="6">2</token>
  <token t_id="101" sentence="2" number="7">7</token>
  <token t_id="102" sentence="2" number="8">8</token>
  <token t_id="103" sentence="2" number="9">户</token>
  <token t_id="104" sentence="2" number="10">1</token>
  <token t_id="105" sentence="2" number="11">0</token>
  <token t_id="106" sentence="2" number="12">9</token>
  <token t_id="107" sentence="2" number="13">5</token>
  <token t_id="108" sentence="2" number="14">人</token>
  <token t_id="109" sentence="2" number="15">已</token>
  <token t_id="110" sentence="2" number="16">于</token>
  <token t_id="111" sentence="2" number="17">2</token>
  <token t_id="112" sentence="2" number="18">0</token>
  <token t_id="113" sentence="2" number="19">1</token>
  <token t_id="114" sentence="2" number="20">8</token>
  <token t_id="115" sentence="2" number="21">年</token>
  <token t_id="116" sentence="2" number="22">全</token>
  <token t_id="117" sentence="2" number="23">部</token>
  <token t_id="118" sentence="2" number="24">搬</token>
  <token t_id="119" sentence="2" number="25">迁</token>
  <token t_id="120" sentence="2" number="26">，</token>
  <token t_id="121" sentence="2" number="27">并</token>
  <token t_id="122" sentence="2" number="28">已</token>
  <token t_id="123" sentence="2" number="29">按</token>
  <token t_id="124" sentence="2" number="30">有</token>
  <token t_id="125" sentence="2" number="31">关</token>
  <token t_id="126" sentence="2" number="32">规</token>
  <token t_id="127" sentence="2" number="33">定</token>
  <token t_id="128" sentence="2" number="34">作</token>
  <token t_id="129" sentence="2" number="35">为</token>
  <token t_id="130" sentence="2" number="36">监</token>
  <token t_id="131" sentence="2" number="37">测</token>
  <token t_id="132" sentence="2" number="38">区</token>
  <token t_id="133" sentence="2" number="39">进</token>
  <token t_id="134" sentence="2" number="40">行</token>
  <token t_id="135" sentence="2" number="41">封</token>
  <token t_id="136" sentence="2" number="42">闭</token>
  <token t_id="137" sentence="2" number="43">管</token>
  <token t_id="138" sentence="2" number="44">理</token>
  <token t_id="139" sentence="2" number="45">。</token>
  <token t_id="140" sentence="3" number="0"> </token>
  <token t_id="141" sentence="3" number="1">在</token>
  <token t_id="142" sentence="3" number="2">山</token>
  <token t_id="143" sentence="3" number="3">体</token>
  <token t_id="144" sentence="3" number="4">发</token>
  <token t_id="145" sentence="3" number="5">生</token>
  <token t_id="146" sentence="3" number="6">塌</token>
  <token t_id="147" sentence="3" number="7">方</token>
  <token t_id="148" sentence="3" number="8">后</token>
  <token t_id="149" sentence="3" number="9">，</token>
  <token t_id="150" sentence="3" number="10">毕</token>
  <token t_id="151" sentence="3" number="11">节</token>
  <token t_id="152" sentence="3" number="12">市</token>
  <token t_id="153" sentence="3" number="13">主</token>
  <token t_id="154" sentence="3" number="14">要</token>
  <token t_id="155" sentence="3" number="15">领</token>
  <token t_id="156" sentence="3" number="16">导</token>
  <token t_id="157" sentence="3" number="17">第</token>
  <token t_id="158" sentence="3" number="18">一</token>
  <token t_id="159" sentence="3" number="19">时</token>
  <token t_id="160" sentence="3" number="20">间</token>
  <token t_id="161" sentence="3" number="21">赶</token>
  <token t_id="162" sentence="3" number="22">赴</token>
  <token t_id="163" sentence="3" number="23">现</token>
  <token t_id="164" sentence="3" number="24">场</token>
  <token t_id="165" sentence="3" number="25">指</token>
  <token t_id="166" sentence="3" number="26">挥</token>
  <token t_id="167" sentence="3" number="27">调</token>
  <token t_id="168" sentence="3" number="28">度</token>
  <token t_id="169" sentence="3" number="29">，</token>
  <token t_id="170" sentence="3" number="30">织</token>
  <token t_id="171" sentence="3" number="31">金</token>
  <token t_id="172" sentence="3" number="32">县</token>
  <token t_id="173" sentence="3" number="33">组</token>
  <token t_id="174" sentence="3" number="34">织</token>
  <token t_id="175" sentence="3" number="35">应</token>
  <token t_id="176" sentence="3" number="36">急</token>
  <token t_id="177" sentence="3" number="37">、</token>
  <token t_id="178" sentence="3" number="38">消</token>
  <token t_id="179" sentence="3" number="39">防</token>
  <token t_id="180" sentence="3" number="40">、</token>
  <token t_id="181" sentence="3" number="41">自</token>
  <token t_id="182" sentence="3" number="42">然</token>
  <token t_id="183" sentence="3" number="43">资</token>
  <token t_id="184" sentence="3" number="44">源</token>
  <token t_id="185" sentence="3" number="45">、</token>
  <token t_id="186" sentence="3" number="46">卫</token>
  <token t_id="187" sentence="3" number="47">健</token>
  <token t_id="188" sentence="3" number="48">、</token>
  <token t_id="189" sentence="3" number="49">公</token>
  <token t_id="190" sentence="3" number="50">安</token>
  <token t_id="191" sentence="3" number="51">等</token>
  <token t_id="192" sentence="3" number="52">部</token>
  <token t_id="193" sentence="3" number="53">门</token>
  <token t_id="194" sentence="3" number="54">开</token>
  <token t_id="195" sentence="3" number="55">展</token>
  <token t_id="196" sentence="3" number="56">应</token>
  <token t_id="197" sentence="3" number="57">急</token>
  <token t_id="198" sentence="3" number="58">处</token>
  <token t_id="199" sentence="3" number="59">置</token>
  <token t_id="200" sentence="3" number="60">和</token>
  <token t_id="201" sentence="3" number="61">救</token>
  <token t_id="202" sentence="3" number="62">援</token>
  <token t_id="203" sentence="3" number="63">工</token>
  <token t_id="204" sentence="3" number="64">作</token>
  <token t_id="205" sentence="3" number="65">，</token>
  <token t_id="206" sentence="3" number="66">并</token>
  <token t_id="207" sentence="3" number="67">对</token>
  <token t_id="208" sentence="3" number="68">监</token>
  <token t_id="209" sentence="3" number="69">测</token>
  <token t_id="210" sentence="3" number="70">区</token>
  <token t_id="211" sentence="3" number="71">周</token>
  <token t_id="212" sentence="3" number="72">边</token>
  <token t_id="213" sentence="3" number="73">进</token>
  <token t_id="214" sentence="3" number="74">行</token>
  <token t_id="215" sentence="3" number="75">了</token>
  <token t_id="216" sentence="3" number="76">逐</token>
  <token t_id="217" sentence="3" number="77">户</token>
  <token t_id="218" sentence="3" number="78">排</token>
  <token t_id="219" sentence="3" number="79">查</token>
  <token t_id="220" sentence="3" number="80">。</token>
  <token t_id="221" sentence="4" number="0">经</token>
  <token t_id="222" sentence="4" number="1">初</token>
  <token t_id="223" sentence="4" number="2">步</token>
  <token t_id="224" sentence="4" number="3">排</token>
  <token t_id="225" sentence="4" number="4">查</token>
  <token t_id="226" sentence="4" number="5">发</token>
  <token t_id="227" sentence="4" number="6">现</token>
  <token t_id="228" sentence="4" number="7">，</token>
  <token t_id="229" sentence="4" number="8">监</token>
  <token t_id="230" sentence="4" number="9">测</token>
  <token t_id="231" sentence="4" number="10">区</token>
  <token t_id="232" sentence="4" number="11">外</token>
  <token t_id="233" sentence="4" number="12">2</token>
  <token t_id="234" sentence="4" number="13">户</token>
  <token t_id="235" sentence="4" number="14">人</token>
  <token t_id="236" sentence="4" number="15">家</token>
  <token t_id="237" sentence="4" number="16">有</token>
  <token t_id="238" sentence="4" number="17">3</token>
  <token t_id="239" sentence="4" number="18">名</token>
  <token t_id="240" sentence="4" number="19">老</token>
  <token t_id="241" sentence="4" number="20">人</token>
  <token t_id="242" sentence="4" number="21">失</token>
  <token t_id="243" sentence="4" number="22">联</token>
  <token t_id="244" sentence="4" number="23">，</token>
  <token t_id="245" sentence="4" number="24">进</token>
  <token t_id="246" sentence="4" number="25">一</token>
  <token t_id="247" sentence="4" number="26">步</token>
  <token t_id="248" sentence="4" number="27">排</token>
  <token t_id="249" sentence="4" number="28">查</token>
  <token t_id="250" sentence="4" number="29">仍</token>
  <token t_id="251" sentence="4" number="30">在</token>
  <token t_id="252" sentence="4" number="31">进</token>
  <token t_id="253" sentence="4" number="32">行</token>
  <token t_id="254" sentence="4" number="33">。</token>
  <token t_id="255" sentence="5" number="0">由</token>
  <token t_id="256" sentence="5" number="1">于</token>
  <token t_id="257" sentence="5" number="2">山</token>
  <token t_id="258" sentence="5" number="3">体</token>
  <token t_id="259" sentence="5" number="4">仍</token>
  <token t_id="260" sentence="5" number="5">存</token>
  <token t_id="261" sentence="5" number="6">在</token>
  <token t_id="262" sentence="5" number="7">约</token>
  <token t_id="263" sentence="5" number="8">1</token>
  <token t_id="264" sentence="5" number="9">万</token>
  <token t_id="265" sentence="5" number="10">方</token>
  <token t_id="266" sentence="5" number="11">残</token>
  <token t_id="267" sentence="5" number="12">留</token>
  <token t_id="268" sentence="5" number="13">体</token>
  <token t_id="269" sentence="5" number="14">，</token>
  <token t_id="270" sentence="5" number="15">持</token>
  <token t_id="271" sentence="5" number="16">续</token>
  <token t_id="272" sentence="5" number="17">有</token>
  <token t_id="273" sentence="5" number="18">零</token>
  <token t_id="274" sentence="5" number="19">星</token>
  <token t_id="275" sentence="5" number="20">掉</token>
  <token t_id="276" sentence="5" number="21">块</token>
  <token t_id="277" sentence="5" number="22">，</token>
  <token t_id="278" sentence="5" number="23">处</token>
  <token t_id="279" sentence="5" number="24">于</token>
  <token t_id="280" sentence="5" number="25">不</token>
  <token t_id="281" sentence="5" number="26">稳</token>
  <token t_id="282" sentence="5" number="27">定</token>
  <token t_id="283" sentence="5" number="28">状</token>
  <token t_id="284" sentence="5" number="29">态</token>
  <token t_id="285" sentence="5" number="30">，</token>
  <token t_id="286" sentence="5" number="31">为</token>
  <token t_id="287" sentence="5" number="32">防</token>
  <token t_id="288" sentence="5" number="33">止</token>
  <token t_id="289" sentence="5" number="34">发</token>
  <token t_id="290" sentence="5" number="35">生</token>
  <token t_id="291" sentence="5" number="36">次</token>
  <token t_id="292" sentence="5" number="37">生</token>
  <token t_id="293" sentence="5" number="38">灾</token>
  <token t_id="294" sentence="5" number="39">害</token>
  <token t_id="295" sentence="5" number="40">，</token>
  <token t_id="296" sentence="5" number="41">专</token>
  <token t_id="297" sentence="5" number="42">家</token>
  <token t_id="298" sentence="5" number="43">建</token>
  <token t_id="299" sentence="5" number="44">议</token>
  <token t_id="300" sentence="5" number="45">加</token>
  <token t_id="301" sentence="5" number="46">强</token>
  <token t_id="302" sentence="5" number="47">威</token>
  <token t_id="303" sentence="5" number="48">胁</token>
  <token t_id="304" sentence="5" number="49">区</token>
  <token t_id="305" sentence="5" number="50">管</token>
  <token t_id="306" sentence="5" number="51">控</token>
  <token t_id="307" sentence="5" number="52">，</token>
  <token t_id="308" sentence="5" number="53">待</token>
  <token t_id="309" sentence="5" number="54">山</token>
  <token t_id="310" sentence="5" number="55">体</token>
  <token t_id="311" sentence="5" number="56">稳</token>
  <token t_id="312" sentence="5" number="57">定</token>
  <token t_id="313" sentence="5" number="58">后</token>
  <token t_id="314" sentence="5" number="59">，</token>
  <token t_id="315" sentence="5" number="60">立</token>
  <token t_id="316" sentence="5" number="61">即</token>
  <token t_id="317" sentence="5" number="62">实</token>
  <token t_id="318" sentence="5" number="63">施</token>
  <token t_id="319" sentence="5" number="64">救</token>
  <token t_id="320" sentence="5" number="65">援</token>
  <token t_id="321" sentence="5" number="66">工</token>
  <token t_id="322" sentence="5" number="67">作</token>
  <Markables>
    <ACTION m_id="30012" comment="">
      <token_anchor t_id="14" />
      <token_anchor t_id="15" />
    </ACTION>
    <ACTION m_id="30015" comment="">
      <token_anchor t_id="79" />
      <token_anchor t_id="80" />
    </ACTION>
    <ACTION m_id="30016" comment="">
      <token_anchor t_id="118" />
      <token_anchor t_id="119" />
    </ACTION>
    <ACTION m_id="30021" comment="">
      <token_anchor t_id="161" />
      <token_anchor t_id="162" />
    </ACTION>
    <ACTION m_id="30022" comment="">
      <token_anchor t_id="165" />
      <token_anchor t_id="166" />
    </ACTION>
    <ACTION m_id="30024" comment="">
      <token_anchor t_id="173" />
      <token_anchor t_id="174" />
    </ACTION>
    <ACTION m_id="30025" comment="">
      <token_anchor t_id="194" />
      <token_anchor t_id="195" />
    </ACTION>
    <ACTION m_id="30028" comment="">
      <token_anchor t_id="218" />
      <token_anchor t_id="219" />
    </ACTION>
    <ACTION m_id="30031" comment="">
      <token_anchor t_id="242" />
      <token_anchor t_id="243" />
    </ACTION>
    <ACTION m_id="30032" comment="">
      <token_anchor t_id="248" />
      <token_anchor t_id="249" />
    </ACTION>
    <ACTION m_id="30034" comment="">
      <token_anchor t_id="260" />
      <token_anchor t_id="261" />
    </ACTION>
    <ACTION m_id="30036" comment="">
      <token_anchor t_id="287" />
      <token_anchor t_id="288" />
    </ACTION>
    <ACTION m_id="30040" comment="">
      <token_anchor t_id="311" />
      <token_anchor t_id="312" />
    </ACTION>
    <ACTION m_id="30042" comment="">
      <token_anchor t_id="319" />
      <token_anchor t_id="320" />
    </ACTION>
    <ACTION m_id="48932" comment="">
      <token_anchor t_id="45" />
      <token_anchor t_id="46" />
      <token_anchor t_id="47" />
      <token_anchor t_id="48" />
    </ACTION>
    <ACTION m_id="49287" comment="">
      <token_anchor t_id="135" />
      <token_anchor t_id="136" />
      <token_anchor t_id="137" />
      <token_anchor t_id="138" />
    </ACTION>
    <ACTION m_id="49288" comment="">
      <token_anchor t_id="146" />
      <token_anchor t_id="147" />
    </ACTION>
    <ACTION m_id="49289" comment="">
      <token_anchor t_id="224" />
      <token_anchor t_id="225" />
    </ACTION>
    <ACTION m_id="49290" comment="">
      <token_anchor t_id="226" />
      <token_anchor t_id="227" />
    </ACTION>
    <ACTION m_id="49291" comment="">
      <token_anchor t_id="300" />
      <token_anchor t_id="301" />
    </ACTION>
  </Markables>
  <Relations>
    <PLOT_LINK r_id="1732" SIGNAL="" relType="causation" CAUSES="FALSE" CAUSED_BY="FALSE">
      <source m_id="49289" />
      <target m_id="49290" />
    </PLOT_LINK>
    <PLOT_LINK r_id="1733" SIGNAL="" relType="causation" CAUSES="FALSE" CAUSED_BY="FALSE">
      <source m_id="30036" />
      <target m_id="49291" />
    </PLOT_LINK>
  </Relations>
</Document>