<?xml version="1.0" encoding="UTF-8"?>
<Document doc_name="3126_ecbplus.xml.xml">
  <token t_id="1" sentence="0" number="0">新</token>
  <token t_id="2" sentence="0" number="1">华</token>
  <token t_id="3" sentence="0" number="2">社</token>
  <token t_id="4" sentence="0" number="3">长</token>
  <token t_id="5" sentence="0" number="4">沙</token>
  <token t_id="6" sentence="0" number="5">4</token>
  <token t_id="7" sentence="0" number="6">月</token>
  <token t_id="8" sentence="0" number="7">1</token>
  <token t_id="9" sentence="0" number="8">2</token>
  <token t_id="10" sentence="0" number="9">日</token>
  <token t_id="11" sentence="0" number="10">电</token>
  <token t_id="12" sentence="0" number="11">(</token>
  <token t_id="13" sentence="0" number="12">记</token>
  <token t_id="14" sentence="0" number="13">者</token>
  <token t_id="15" sentence="0" number="14">史</token>
  <token t_id="16" sentence="0" number="15">卫</token>
  <token t_id="17" sentence="0" number="16">燕</token>
  <token t_id="18" sentence="0" number="17">、</token>
  <token t_id="19" sentence="0" number="18">刘</token>
  <token t_id="20" sentence="0" number="19">良</token>
  <token t_id="21" sentence="0" number="20">恒</token>
  <token t_id="22" sentence="0" number="21">)</token>
  <token t_id="23" sentence="0" number="22">记</token>
  <token t_id="24" sentence="0" number="23">者</token>
  <token t_id="25" sentence="0" number="24">1</token>
  <token t_id="26" sentence="0" number="25">2</token>
  <token t_id="27" sentence="0" number="26">日</token>
  <token t_id="28" sentence="0" number="27">从</token>
  <token t_id="29" sentence="0" number="28">湖</token>
  <token t_id="30" sentence="0" number="29">南</token>
  <token t_id="31" sentence="0" number="30">省</token>
  <token t_id="32" sentence="0" number="31">高</token>
  <token t_id="33" sentence="0" number="32">速</token>
  <token t_id="34" sentence="0" number="33">交</token>
  <token t_id="35" sentence="0" number="34">通</token>
  <token t_id="36" sentence="0" number="35">管</token>
  <token t_id="37" sentence="0" number="36">理</token>
  <token t_id="38" sentence="0" number="37">部</token>
  <token t_id="39" sentence="0" number="38">门</token>
  <token t_id="40" sentence="0" number="39">获</token>
  <token t_id="41" sentence="0" number="40">悉</token>
  <token t_id="42" sentence="0" number="41">，</token>
  <token t_id="43" sentence="0" number="42">G</token>
  <token t_id="44" sentence="0" number="43">0</token>
  <token t_id="45" sentence="0" number="44">4</token>
  <token t_id="46" sentence="0" number="45">2</token>
  <token t_id="47" sentence="0" number="46">2</token>
  <token t_id="48" sentence="0" number="47">武</token>
  <token t_id="49" sentence="0" number="48">深</token>
  <token t_id="50" sentence="0" number="49">高</token>
  <token t_id="51" sentence="0" number="50">速</token>
  <token t_id="52" sentence="0" number="51">湖</token>
  <token t_id="53" sentence="0" number="52">南</token>
  <token t_id="54" sentence="0" number="53">株</token>
  <token t_id="55" sentence="0" number="54">洲</token>
  <token t_id="56" sentence="0" number="55">段</token>
  <token t_id="57" sentence="0" number="56">5</token>
  <token t_id="58" sentence="0" number="57">1</token>
  <token t_id="59" sentence="0" number="58">4</token>
  <token t_id="60" sentence="0" number="59">K</token>
  <token t_id="61" sentence="0" number="60">M</token>
  <token t_id="62" sentence="0" number="61">处</token>
  <token t_id="63" sentence="0" number="62">的</token>
  <token t_id="64" sentence="0" number="63">塌</token>
  <token t_id="65" sentence="0" number="64">方</token>
  <token t_id="66" sentence="0" number="65">路</token>
  <token t_id="67" sentence="0" number="66">段</token>
  <token t_id="68" sentence="0" number="67">，</token>
  <token t_id="69" sentence="0" number="68">已</token>
  <token t_id="70" sentence="0" number="69">于</token>
  <token t_id="71" sentence="0" number="70">1</token>
  <token t_id="72" sentence="0" number="71">2</token>
  <token t_id="73" sentence="0" number="72">日</token>
  <token t_id="74" sentence="0" number="73">凌</token>
  <token t_id="75" sentence="0" number="74">晨</token>
  <token t_id="76" sentence="0" number="75">实</token>
  <token t_id="77" sentence="0" number="76">现</token>
  <token t_id="78" sentence="0" number="77">单</token>
  <token t_id="79" sentence="0" number="78">幅</token>
  <token t_id="80" sentence="0" number="79">双</token>
  <token t_id="81" sentence="0" number="80">向</token>
  <token t_id="82" sentence="0" number="81">通</token>
  <token t_id="83" sentence="0" number="82">行</token>
  <token t_id="84" sentence="0" number="83">。</token>
  <token t_id="85" sentence="1" number="0">4</token>
  <token t_id="86" sentence="1" number="1">月</token>
  <token t_id="87" sentence="1" number="2">9</token>
  <token t_id="88" sentence="1" number="3">日</token>
  <token t_id="89" sentence="1" number="4">凌</token>
  <token t_id="90" sentence="1" number="5">晨</token>
  <token t_id="91" sentence="1" number="6">，</token>
  <token t_id="92" sentence="1" number="7">该</token>
  <token t_id="93" sentence="1" number="8">路</token>
  <token t_id="94" sentence="1" number="9">段</token>
  <token t_id="95" sentence="1" number="10">发</token>
  <token t_id="96" sentence="1" number="11">生</token>
  <token t_id="97" sentence="1" number="12">塌</token>
  <token t_id="98" sentence="1" number="13">方</token>
  <token t_id="99" sentence="1" number="14">事</token>
  <token t_id="100" sentence="1" number="15">故</token>
  <token t_id="101" sentence="1" number="16">，</token>
  <token t_id="102" sentence="1" number="17">造</token>
  <token t_id="103" sentence="1" number="18">成</token>
  <token t_id="104" sentence="1" number="19">G</token>
  <token t_id="105" sentence="1" number="20">0</token>
  <token t_id="106" sentence="1" number="21">4</token>
  <token t_id="107" sentence="1" number="22">2</token>
  <token t_id="108" sentence="1" number="23">2</token>
  <token t_id="109" sentence="1" number="24">武</token>
  <token t_id="110" sentence="1" number="25">深</token>
  <token t_id="111" sentence="1" number="26">高</token>
  <token t_id="112" sentence="1" number="27">速</token>
  <token t_id="113" sentence="1" number="28">双</token>
  <token t_id="114" sentence="1" number="29">向</token>
  <token t_id="115" sentence="1" number="30">交</token>
  <token t_id="116" sentence="1" number="31">通</token>
  <token t_id="117" sentence="1" number="32">临</token>
  <token t_id="118" sentence="1" number="33">时</token>
  <token t_id="119" sentence="1" number="34">中</token>
  <token t_id="120" sentence="1" number="35">断</token>
  <token t_id="121" sentence="1" number="36">。</token>
  <token t_id="122" sentence="2" number="0">随</token>
  <token t_id="123" sentence="2" number="1">后</token>
  <token t_id="124" sentence="2" number="2">当</token>
  <token t_id="125" sentence="2" number="3">地</token>
  <token t_id="126" sentence="2" number="4">政</token>
  <token t_id="127" sentence="2" number="5">府</token>
  <token t_id="128" sentence="2" number="6">应</token>
  <token t_id="129" sentence="2" number="7">急</token>
  <token t_id="130" sentence="2" number="8">、</token>
  <token t_id="131" sentence="2" number="9">路</token>
  <token t_id="132" sentence="2" number="10">政</token>
  <token t_id="133" sentence="2" number="11">养</token>
  <token t_id="134" sentence="2" number="12">护</token>
  <token t_id="135" sentence="2" number="13">、</token>
  <token t_id="136" sentence="2" number="14">高</token>
  <token t_id="137" sentence="2" number="15">速</token>
  <token t_id="138" sentence="2" number="16">交</token>
  <token t_id="139" sentence="2" number="17">警</token>
  <token t_id="140" sentence="2" number="18">等</token>
  <token t_id="141" sentence="2" number="19">部</token>
  <token t_id="142" sentence="2" number="20">门</token>
  <token t_id="143" sentence="2" number="21">紧</token>
  <token t_id="144" sentence="2" number="22">急</token>
  <token t_id="145" sentence="2" number="23">处</token>
  <token t_id="146" sentence="2" number="24">置</token>
  <token t_id="147" sentence="2" number="25">，</token>
  <token t_id="148" sentence="2" number="26">抢</token>
  <token t_id="149" sentence="2" number="27">险</token>
  <token t_id="150" sentence="2" number="28">修</token>
  <token t_id="151" sentence="2" number="29">复</token>
  <token t_id="152" sentence="2" number="30">。</token>
  <token t_id="153" sentence="3" number="0">据</token>
  <token t_id="154" sentence="3" number="1">介</token>
  <token t_id="155" sentence="3" number="2">绍</token>
  <token t_id="156" sentence="3" number="3">，</token>
  <token t_id="157" sentence="3" number="4">塌</token>
  <token t_id="158" sentence="3" number="5">方</token>
  <token t_id="159" sentence="3" number="6">路</token>
  <token t_id="160" sentence="3" number="7">段</token>
  <token t_id="161" sentence="3" number="8">混</token>
  <token t_id="162" sentence="3" number="9">杂</token>
  <token t_id="163" sentence="3" number="10">着</token>
  <token t_id="164" sentence="3" number="11">大</token>
  <token t_id="165" sentence="3" number="12">量</token>
  <token t_id="166" sentence="3" number="13">巨</token>
  <token t_id="167" sentence="3" number="14">型</token>
  <token t_id="168" sentence="3" number="15">石</token>
  <token t_id="169" sentence="3" number="16">块</token>
  <token t_id="170" sentence="3" number="17">，</token>
  <token t_id="171" sentence="3" number="18">施</token>
  <token t_id="172" sentence="3" number="19">救</token>
  <token t_id="173" sentence="3" number="20">难</token>
  <token t_id="174" sentence="3" number="21">度</token>
  <token t_id="175" sentence="3" number="22">大</token>
  <token t_id="176" sentence="3" number="23">。</token>
  <token t_id="177" sentence="4" number="0">养</token>
  <token t_id="178" sentence="4" number="1">护</token>
  <token t_id="179" sentence="4" number="2">部</token>
  <token t_id="180" sentence="4" number="3">门</token>
  <token t_id="181" sentence="4" number="4">利</token>
  <token t_id="182" sentence="4" number="5">用</token>
  <token t_id="183" sentence="4" number="6">大</token>
  <token t_id="184" sentence="4" number="7">型</token>
  <token t_id="185" sentence="4" number="8">挖</token>
  <token t_id="186" sentence="4" number="9">掘</token>
  <token t_id="187" sentence="4" number="10">机</token>
  <token t_id="188" sentence="4" number="11">、</token>
  <token t_id="189" sentence="4" number="12">装</token>
  <token t_id="190" sentence="4" number="13">载</token>
  <token t_id="191" sentence="4" number="14">机</token>
  <token t_id="192" sentence="4" number="15">等</token>
  <token t_id="193" sentence="4" number="16">设</token>
  <token t_id="194" sentence="4" number="17">备</token>
  <token t_id="195" sentence="4" number="18">破</token>
  <token t_id="196" sentence="4" number="19">除</token>
  <token t_id="197" sentence="4" number="20">巨</token>
  <token t_id="198" sentence="4" number="21">大</token>
  <token t_id="199" sentence="4" number="22">石</token>
  <token t_id="200" sentence="4" number="23">块</token>
  <token t_id="201" sentence="4" number="24">。</token>
  <token t_id="202" sentence="5" number="0">目</token>
  <token t_id="203" sentence="5" number="1">前</token>
  <token t_id="204" sentence="5" number="2">，</token>
  <token t_id="205" sentence="5" number="3">塌</token>
  <token t_id="206" sentence="5" number="4">方</token>
  <token t_id="207" sentence="5" number="5">路</token>
  <token t_id="208" sentence="5" number="6">段</token>
  <token t_id="209" sentence="5" number="7">南</token>
  <token t_id="210" sentence="5" number="8">往</token>
  <token t_id="211" sentence="5" number="9">北</token>
  <token t_id="212" sentence="5" number="10">单</token>
  <token t_id="213" sentence="5" number="11">幅</token>
  <token t_id="214" sentence="5" number="12">车</token>
  <token t_id="215" sentence="5" number="13">道</token>
  <token t_id="216" sentence="5" number="14">已</token>
  <token t_id="217" sentence="5" number="15">基</token>
  <token t_id="218" sentence="5" number="16">本</token>
  <token t_id="219" sentence="5" number="17">疏</token>
  <token t_id="220" sentence="5" number="18">通</token>
  <token t_id="221" sentence="5" number="19">，</token>
  <token t_id="222" sentence="5" number="20">1</token>
  <token t_id="223" sentence="5" number="21">2</token>
  <token t_id="224" sentence="5" number="22">日</token>
  <token t_id="225" sentence="5" number="23">凌</token>
  <token t_id="226" sentence="5" number="24">晨</token>
  <token t_id="227" sentence="5" number="25">起</token>
  <token t_id="228" sentence="5" number="26">实</token>
  <token t_id="229" sentence="5" number="27">行</token>
  <token t_id="230" sentence="5" number="28">单</token>
  <token t_id="231" sentence="5" number="29">幅</token>
  <token t_id="232" sentence="5" number="30">双</token>
  <token t_id="233" sentence="5" number="31">向</token>
  <token t_id="234" sentence="5" number="32">通</token>
  <token t_id="235" sentence="5" number="33">行</token>
  <token t_id="236" sentence="5" number="34">。</token>
  <token t_id="237" sentence="6" number="0">北</token>
  <token t_id="238" sentence="6" number="1">往</token>
  <token t_id="239" sentence="6" number="2">南</token>
  <token t_id="240" sentence="6" number="3">单</token>
  <token t_id="241" sentence="6" number="4">幅</token>
  <token t_id="242" sentence="6" number="5">车</token>
  <token t_id="243" sentence="6" number="6">道</token>
  <token t_id="244" sentence="6" number="7">的</token>
  <token t_id="245" sentence="6" number="8">处</token>
  <token t_id="246" sentence="6" number="9">置</token>
  <token t_id="247" sentence="6" number="10">还</token>
  <token t_id="248" sentence="6" number="11">在</token>
  <token t_id="249" sentence="6" number="12">继</token>
  <token t_id="250" sentence="6" number="13">续</token>
  <token t_id="251" sentence="6" number="14">，</token>
  <token t_id="252" sentence="6" number="15">巨</token>
  <token t_id="253" sentence="6" number="16">石</token>
  <token t_id="254" sentence="6" number="17">体</token>
  <token t_id="255" sentence="6" number="18">量</token>
  <token t_id="256" sentence="6" number="19">比</token>
  <token t_id="257" sentence="6" number="20">南</token>
  <token t_id="258" sentence="6" number="21">往</token>
  <token t_id="259" sentence="6" number="22">北</token>
  <token t_id="260" sentence="6" number="23">单</token>
  <token t_id="261" sentence="6" number="24">幅</token>
  <token t_id="262" sentence="6" number="25">车</token>
  <token t_id="263" sentence="6" number="26">道</token>
  <token t_id="264" sentence="6" number="27">更</token>
  <token t_id="265" sentence="6" number="28">大</token>
  <token t_id="266" sentence="6" number="29">，</token>
  <token t_id="267" sentence="6" number="30">同</token>
  <token t_id="268" sentence="6" number="31">时</token>
  <token t_id="269" sentence="6" number="32">还</token>
  <token t_id="270" sentence="6" number="33">需</token>
  <token t_id="271" sentence="6" number="34">要</token>
  <token t_id="272" sentence="6" number="35">进</token>
  <token t_id="273" sentence="6" number="36">行</token>
  <token t_id="274" sentence="6" number="37">山</token>
  <token t_id="275" sentence="6" number="38">体</token>
  <token t_id="276" sentence="6" number="39">治</token>
  <token t_id="277" sentence="6" number="40">理</token>
  <token t_id="278" sentence="6" number="41">和</token>
  <token t_id="279" sentence="6" number="42">稳</token>
  <token t_id="280" sentence="6" number="43">固</token>
  <token t_id="281" sentence="6" number="44">，</token>
  <token t_id="282" sentence="6" number="45">车</token>
  <token t_id="283" sentence="6" number="46">道</token>
  <token t_id="284" sentence="6" number="47">彻</token>
  <token t_id="285" sentence="6" number="48">底</token>
  <token t_id="286" sentence="6" number="49">放</token>
  <token t_id="287" sentence="6" number="50">开</token>
  <token t_id="288" sentence="6" number="51">交</token>
  <token t_id="289" sentence="6" number="52">通</token>
  <token t_id="290" sentence="6" number="53">仍</token>
  <token t_id="291" sentence="6" number="54">需</token>
  <token t_id="292" sentence="6" number="55">时</token>
  <token t_id="293" sentence="6" number="56">日</token>
  <token t_id="294" sentence="6" number="57">。</token>
  <token t_id="295" sentence="7" number="0">湖</token>
  <token t_id="296" sentence="7" number="1">南</token>
  <token t_id="297" sentence="7" number="2">交</token>
  <token t_id="298" sentence="7" number="3">通</token>
  <token t_id="299" sentence="7" number="4">管</token>
  <token t_id="300" sentence="7" number="5">理</token>
  <token t_id="301" sentence="7" number="6">部</token>
  <token t_id="302" sentence="7" number="7">门</token>
  <token t_id="303" sentence="7" number="8">提</token>
  <token t_id="304" sentence="7" number="9">醒</token>
  <token t_id="305" sentence="7" number="10">过</token>
  <token t_id="306" sentence="7" number="11">往</token>
  <token t_id="307" sentence="7" number="12">驾</token>
  <token t_id="308" sentence="7" number="13">驶</token>
  <token t_id="309" sentence="7" number="14">员</token>
  <token t_id="310" sentence="7" number="15">，</token>
  <token t_id="311" sentence="7" number="16">事</token>
  <token t_id="312" sentence="7" number="17">故</token>
  <token t_id="313" sentence="7" number="18">疏</token>
  <token t_id="314" sentence="7" number="19">通</token>
  <token t_id="315" sentence="7" number="20">路</token>
  <token t_id="316" sentence="7" number="21">段</token>
  <token t_id="317" sentence="7" number="22">限</token>
  <token t_id="318" sentence="7" number="23">速</token>
  <token t_id="319" sentence="7" number="24">4</token>
  <token t_id="320" sentence="7" number="25">0</token>
  <token t_id="321" sentence="7" number="26">公</token>
  <token t_id="322" sentence="7" number="27">里</token>
  <token t_id="323" sentence="7" number="28">/</token>
  <token t_id="324" sentence="7" number="29">小</token>
  <token t_id="325" sentence="7" number="30">时</token>
  <token t_id="326" sentence="7" number="31">，</token>
  <token t_id="327" sentence="7" number="32">并</token>
  <token t_id="328" sentence="7" number="33">禁</token>
  <token t_id="329" sentence="7" number="34">止</token>
  <token t_id="330" sentence="7" number="35">使</token>
  <token t_id="331" sentence="7" number="36">用</token>
  <token t_id="332" sentence="7" number="37">远</token>
  <token t_id="333" sentence="7" number="38">光</token>
  <token t_id="334" sentence="7" number="39">灯</token>
  <Markables>
    <ACTION m_id="34502" comment="">
      <token_anchor t_id="40" />
      <token_anchor t_id="41" />
    </ACTION>
    <ACTION m_id="34503" comment="">
      <token_anchor t_id="76" />
      <token_anchor t_id="77" />
    </ACTION>
    <ACTION m_id="34505" comment="">
      <token_anchor t_id="95" />
      <token_anchor t_id="96" />
    </ACTION>
    <ACTION m_id="34506" comment="">
      <token_anchor t_id="119" />
      <token_anchor t_id="120" />
    </ACTION>
    <ACTION_CAUSATIVE m_id="34507" comment="">
      <token_anchor t_id="102" />
      <token_anchor t_id="103" />
    </ACTION_CAUSATIVE>
    <ACTION m_id="34508" comment="">
      <token_anchor t_id="145" />
      <token_anchor t_id="146" />
    </ACTION>
    <ACTION m_id="34509" comment="">
      <token_anchor t_id="148" />
      <token_anchor t_id="149" />
    </ACTION>
    <ACTION m_id="34511" comment="">
      <token_anchor t_id="154" />
      <token_anchor t_id="155" />
    </ACTION>
    <ACTION m_id="34513" comment="">
      <token_anchor t_id="181" />
      <token_anchor t_id="182" />
    </ACTION>
    <ACTION m_id="34514" comment="">
      <token_anchor t_id="195" />
      <token_anchor t_id="196" />
    </ACTION>
    <ACTION m_id="34516" comment="">
      <token_anchor t_id="219" />
      <token_anchor t_id="220" />
    </ACTION>
    <ACTION m_id="34517" comment="">
      <token_anchor t_id="228" />
      <token_anchor t_id="229" />
    </ACTION>
    <ACTION m_id="34520" comment="">
      <token_anchor t_id="249" />
      <token_anchor t_id="250" />
    </ACTION>
    <ACTION m_id="34521" comment="">
      <token_anchor t_id="276" />
      <token_anchor t_id="277" />
    </ACTION>
    <ACTION m_id="34522" comment="">
      <token_anchor t_id="279" />
      <token_anchor t_id="280" />
    </ACTION>
    <ACTION m_id="34524" comment="">
      <token_anchor t_id="303" />
      <token_anchor t_id="304" />
    </ACTION>
    <ACTION m_id="34527" comment="">
      <token_anchor t_id="317" />
      <token_anchor t_id="318" />
    </ACTION>
    <ACTION m_id="34528" comment="">
      <token_anchor t_id="328" />
      <token_anchor t_id="329" />
    </ACTION>
    <ACTION m_id="53043" comment="">
      <token_anchor t_id="173" />
      <token_anchor t_id="174" />
      <token_anchor t_id="175" />
    </ACTION>
    <ACTION m_id="53482" comment="">
      <token_anchor t_id="161" />
      <token_anchor t_id="162" />
    </ACTION>
  </Markables>
  <Relations>
    <PLOT_LINK r_id="4378" SIGNAL="" relType="causation" CAUSES="FALSE" CAUSED_BY="FALSE">
      <source m_id="34505" />
      <target m_id="34506" />
    </PLOT_LINK>
    <PLOT_LINK r_id="4379" SIGNAL="" relType="causation" CAUSES="FALSE" CAUSED_BY="FALSE">
      <source m_id="53482" />
      <target m_id="53043" />
    </PLOT_LINK>
    <PLOT_LINK r_id="4380" SIGNAL="" relType="causation" CAUSES="FALSE" CAUSED_BY="FALSE">
      <source m_id="34516" />
      <target m_id="34517" />
    </PLOT_LINK>
  </Relations>
</Document>