<?xml version="1.0" encoding="UTF-8"?>
<Document doc_name="3133_ecbplus.xml.xml">
  <token t_id="1" sentence="0" number="0">记</token>
  <token t_id="2" sentence="0" number="1">者</token>
  <token t_id="3" sentence="0" number="2">2</token>
  <token t_id="4" sentence="0" number="3">3</token>
  <token t_id="5" sentence="0" number="4">日</token>
  <token t_id="6" sentence="0" number="5">从</token>
  <token t_id="7" sentence="0" number="6">安</token>
  <token t_id="8" sentence="0" number="7">徽</token>
  <token t_id="9" sentence="0" number="8">省</token>
  <token t_id="10" sentence="0" number="9">应</token>
  <token t_id="11" sentence="0" number="10">急</token>
  <token t_id="12" sentence="0" number="11">管</token>
  <token t_id="13" sentence="0" number="12">理</token>
  <token t_id="14" sentence="0" number="13">厅</token>
  <token t_id="15" sentence="0" number="14">获</token>
  <token t_id="16" sentence="0" number="15">悉</token>
  <token t_id="17" sentence="0" number="16">，</token>
  <token t_id="18" sentence="0" number="17">2</token>
  <token t_id="19" sentence="0" number="18">2</token>
  <token t_id="20" sentence="0" number="19">日</token>
  <token t_id="21" sentence="0" number="20">下</token>
  <token t_id="22" sentence="0" number="21">午</token>
  <token t_id="23" sentence="0" number="22">，</token>
  <token t_id="24" sentence="0" number="23">六</token>
  <token t_id="25" sentence="0" number="24">安</token>
  <token t_id="26" sentence="0" number="25">市</token>
  <token t_id="27" sentence="0" number="26">霍</token>
  <token t_id="28" sentence="0" number="27">邱</token>
  <token t_id="29" sentence="0" number="28">县</token>
  <token t_id="30" sentence="0" number="29">城</token>
  <token t_id="31" sentence="0" number="30">关</token>
  <token t_id="32" sentence="0" number="31">镇</token>
  <token t_id="33" sentence="0" number="32">城</token>
  <token t_id="34" sentence="0" number="33">北</token>
  <token t_id="35" sentence="0" number="34">第</token>
  <token t_id="36" sentence="0" number="35">二</token>
  <token t_id="37" sentence="0" number="36">污</token>
  <token t_id="38" sentence="0" number="37">水</token>
  <token t_id="39" sentence="0" number="38">处</token>
  <token t_id="40" sentence="0" number="39">理</token>
  <token t_id="41" sentence="0" number="40">厂</token>
  <token t_id="42" sentence="0" number="41">净</token>
  <token t_id="43" sentence="0" number="42">化</token>
  <token t_id="44" sentence="0" number="43">管</token>
  <token t_id="45" sentence="0" number="44">网</token>
  <token t_id="46" sentence="0" number="45">工</token>
  <token t_id="47" sentence="0" number="46">程</token>
  <token t_id="48" sentence="0" number="47">一</token>
  <token t_id="49" sentence="0" number="48">标</token>
  <token t_id="50" sentence="0" number="49">段</token>
  <token t_id="51" sentence="0" number="50">工</token>
  <token t_id="52" sentence="0" number="51">地</token>
  <token t_id="53" sentence="0" number="52">发</token>
  <token t_id="54" sentence="0" number="53">生</token>
  <token t_id="55" sentence="0" number="54">塌</token>
  <token t_id="56" sentence="0" number="55">方</token>
  <token t_id="57" sentence="0" number="56">事</token>
  <token t_id="58" sentence="0" number="57">故</token>
  <token t_id="59" sentence="0" number="58">，</token>
  <token t_id="60" sentence="0" number="59">造</token>
  <token t_id="61" sentence="0" number="60">成</token>
  <token t_id="62" sentence="0" number="61">3</token>
  <token t_id="63" sentence="0" number="62">人</token>
  <token t_id="64" sentence="0" number="63">死</token>
  <token t_id="65" sentence="0" number="64">亡</token>
  <token t_id="66" sentence="0" number="65">。</token>
  <token t_id="67" sentence="1" number="0">安</token>
  <token t_id="68" sentence="1" number="1">徽</token>
  <token t_id="69" sentence="1" number="2">省</token>
  <token t_id="70" sentence="1" number="3">应</token>
  <token t_id="71" sentence="1" number="4">急</token>
  <token t_id="72" sentence="1" number="5">管</token>
  <token t_id="73" sentence="1" number="6">理</token>
  <token t_id="74" sentence="1" number="7">厅</token>
  <token t_id="75" sentence="1" number="8">2</token>
  <token t_id="76" sentence="1" number="9">3</token>
  <token t_id="77" sentence="1" number="10">日</token>
  <token t_id="78" sentence="1" number="11">发</token>
  <token t_id="79" sentence="1" number="12">布</token>
  <token t_id="80" sentence="1" number="13">事</token>
  <token t_id="81" sentence="1" number="14">故</token>
  <token t_id="82" sentence="1" number="15">通</token>
  <token t_id="83" sentence="1" number="16">报</token>
  <token t_id="84" sentence="1" number="17">称</token>
  <token t_id="85" sentence="1" number="18">，</token>
  <token t_id="86" sentence="1" number="19">5</token>
  <token t_id="87" sentence="1" number="20">月</token>
  <token t_id="88" sentence="1" number="21">2</token>
  <token t_id="89" sentence="1" number="22">2</token>
  <token t_id="90" sentence="1" number="23">日</token>
  <token t_id="91" sentence="1" number="24">1</token>
  <token t_id="92" sentence="1" number="25">6</token>
  <token t_id="93" sentence="1" number="26">时</token>
  <token t_id="94" sentence="1" number="27">0</token>
  <token t_id="95" sentence="1" number="28">3</token>
  <token t_id="96" sentence="1" number="29">分</token>
  <token t_id="97" sentence="1" number="30">，</token>
  <token t_id="98" sentence="1" number="31">霍</token>
  <token t_id="99" sentence="1" number="32">邱</token>
  <token t_id="100" sentence="1" number="33">县</token>
  <token t_id="101" sentence="1" number="34">城</token>
  <token t_id="102" sentence="1" number="35">关</token>
  <token t_id="103" sentence="1" number="36">镇</token>
  <token t_id="104" sentence="1" number="37">城</token>
  <token t_id="105" sentence="1" number="38">北</token>
  <token t_id="106" sentence="1" number="39">第</token>
  <token t_id="107" sentence="1" number="40">二</token>
  <token t_id="108" sentence="1" number="41">污</token>
  <token t_id="109" sentence="1" number="42">水</token>
  <token t_id="110" sentence="1" number="43">处</token>
  <token t_id="111" sentence="1" number="44">理</token>
  <token t_id="112" sentence="1" number="45">厂</token>
  <token t_id="113" sentence="1" number="46">净</token>
  <token t_id="114" sentence="1" number="47">化</token>
  <token t_id="115" sentence="1" number="48">管</token>
  <token t_id="116" sentence="1" number="49">网</token>
  <token t_id="117" sentence="1" number="50">工</token>
  <token t_id="118" sentence="1" number="51">程</token>
  <token t_id="119" sentence="1" number="52">一</token>
  <token t_id="120" sentence="1" number="53">标</token>
  <token t_id="121" sentence="1" number="54">段</token>
  <token t_id="122" sentence="1" number="55">工</token>
  <token t_id="123" sentence="1" number="56">地</token>
  <token t_id="124" sentence="1" number="57">进</token>
  <token t_id="125" sentence="1" number="58">行</token>
  <token t_id="126" sentence="1" number="59">顶</token>
  <token t_id="127" sentence="1" number="60">管</token>
  <token t_id="128" sentence="1" number="61">作</token>
  <token t_id="129" sentence="1" number="62">业</token>
  <token t_id="130" sentence="1" number="63">时</token>
  <token t_id="131" sentence="1" number="64">发</token>
  <token t_id="132" sentence="1" number="65">生</token>
  <token t_id="133" sentence="1" number="66">塌</token>
  <token t_id="134" sentence="1" number="67">方</token>
  <token t_id="135" sentence="1" number="68">事</token>
  <token t_id="136" sentence="1" number="69">故</token>
  <token t_id="137" sentence="1" number="70">，</token>
  <token t_id="138" sentence="1" number="71">造</token>
  <token t_id="139" sentence="1" number="72">成</token>
  <token t_id="140" sentence="1" number="73">3</token>
  <token t_id="141" sentence="1" number="74">人</token>
  <token t_id="142" sentence="1" number="75">被</token>
  <token t_id="143" sentence="1" number="76">困</token>
  <token t_id="144" sentence="1" number="77">。</token>
  <token t_id="145" sentence="2" number="0">霍</token>
  <token t_id="146" sentence="2" number="1">邱</token>
  <token t_id="147" sentence="2" number="2">县</token>
  <token t_id="148" sentence="2" number="3">立</token>
  <token t_id="149" sentence="2" number="4">即</token>
  <token t_id="150" sentence="2" number="5">组</token>
  <token t_id="151" sentence="2" number="6">织</token>
  <token t_id="152" sentence="2" number="7">有</token>
  <token t_id="153" sentence="2" number="8">关</token>
  <token t_id="154" sentence="2" number="9">部</token>
  <token t_id="155" sentence="2" number="10">门</token>
  <token t_id="156" sentence="2" number="11">和</token>
  <token t_id="157" sentence="2" number="12">力</token>
  <token t_id="158" sentence="2" number="13">量</token>
  <token t_id="159" sentence="2" number="14">展</token>
  <token t_id="160" sentence="2" number="15">开</token>
  <token t_id="161" sentence="2" number="16">营</token>
  <token t_id="162" sentence="2" number="17">救</token>
  <token t_id="163" sentence="2" number="18">，</token>
  <token t_id="164" sentence="2" number="19">3</token>
  <token t_id="165" sentence="2" number="20">人</token>
  <token t_id="166" sentence="2" number="21">相</token>
  <token t_id="167" sentence="2" number="22">继</token>
  <token t_id="168" sentence="2" number="23">被</token>
  <token t_id="169" sentence="2" number="24">救</token>
  <token t_id="170" sentence="2" number="25">出</token>
  <token t_id="171" sentence="2" number="26">，</token>
  <token t_id="172" sentence="2" number="27">但</token>
  <token t_id="173" sentence="2" number="28">均</token>
  <token t_id="174" sentence="2" number="29">无</token>
  <token t_id="175" sentence="2" number="30">生</token>
  <token t_id="176" sentence="2" number="31">命</token>
  <token t_id="177" sentence="2" number="32">体</token>
  <token t_id="178" sentence="2" number="33">征</token>
  <token t_id="179" sentence="2" number="34">。</token>
  <token t_id="180" sentence="3" number="0">事</token>
  <token t_id="181" sentence="3" number="1">故</token>
  <token t_id="182" sentence="3" number="2">原</token>
  <token t_id="183" sentence="3" number="3">因</token>
  <token t_id="184" sentence="3" number="4">和</token>
  <token t_id="185" sentence="3" number="5">善</token>
  <token t_id="186" sentence="3" number="6">后</token>
  <token t_id="187" sentence="3" number="7">处</token>
  <token t_id="188" sentence="3" number="8">置</token>
  <token t_id="189" sentence="3" number="9">工</token>
  <token t_id="190" sentence="3" number="10">作</token>
  <token t_id="191" sentence="3" number="11">正</token>
  <token t_id="192" sentence="3" number="12">在</token>
  <token t_id="193" sentence="3" number="13">进</token>
  <token t_id="194" sentence="3" number="14">行</token>
  <token t_id="195" sentence="3" number="15">中</token>
  <Markables>
    <ACTION m_id="34719" comment="">
      <token_anchor t_id="15" />
      <token_anchor t_id="16" />
    </ACTION>
    <ACTION m_id="34720" comment="">
      <token_anchor t_id="53" />
      <token_anchor t_id="54" />
    </ACTION>
    <ACTION m_id="34721" comment="">
      <token_anchor t_id="64" />
      <token_anchor t_id="65" />
    </ACTION>
    <ACTION_CAUSATIVE m_id="34724" comment="">
      <token_anchor t_id="60" />
      <token_anchor t_id="61" />
    </ACTION_CAUSATIVE>
    <ACTION m_id="34725" comment="">
      <token_anchor t_id="124" />
      <token_anchor t_id="125" />
    </ACTION>
    <ACTION m_id="34726" comment="">
      <token_anchor t_id="131" />
      <token_anchor t_id="132" />
    </ACTION>
    <ACTION m_id="34727" comment="">
      <token_anchor t_id="142" />
      <token_anchor t_id="143" />
    </ACTION>
    <ACTION m_id="34728" comment="">
      <token_anchor t_id="150" />
      <token_anchor t_id="151" />
    </ACTION>
    <ACTION m_id="34729" comment="">
      <token_anchor t_id="161" />
      <token_anchor t_id="162" />
    </ACTION>
    <ACTION m_id="34730" comment="">
      <token_anchor t_id="169" />
      <token_anchor t_id="170" />
    </ACTION>
    <ACTION_CAUSATIVE m_id="34731" comment="">
      <token_anchor t_id="138" />
      <token_anchor t_id="139" />
    </ACTION_CAUSATIVE>
    <ACTION m_id="34734" comment="">
      <token_anchor t_id="193" />
      <token_anchor t_id="194" />
      <token_anchor t_id="195" />
    </ACTION>
  </Markables>
  <Relations>
    <PLOT_LINK r_id="4410" SIGNAL="" relType="causation" CAUSES="FALSE" CAUSED_BY="FALSE">
      <source m_id="34720" />
      <target m_id="34721" />
    </PLOT_LINK>
    <PLOT_LINK r_id="4411" SIGNAL="" relType="causation" CAUSES="FALSE" CAUSED_BY="FALSE">
      <source m_id="34726" />
      <target m_id="34727" />
    </PLOT_LINK>
    <PLOT_LINK r_id="4412" SIGNAL="" relType="causation" CAUSES="FALSE" CAUSED_BY="FALSE">
      <source m_id="34729" />
      <target m_id="34730" />
    </PLOT_LINK>
  </Relations>
</Document>