<?xml version="1.0" encoding="UTF-8"?>
<Document doc_name="3448_ecbplus.xml.xml">
  <token t_id="1" sentence="0" number="0">2</token>
  <token t_id="2" sentence="0" number="1">3</token>
  <token t_id="3" sentence="0" number="2">日</token>
  <token t_id="4" sentence="0" number="3">下</token>
  <token t_id="5" sentence="0" number="4">午</token>
  <token t_id="6" sentence="0" number="5">1</token>
  <token t_id="7" sentence="0" number="6">4</token>
  <token t_id="8" sentence="0" number="7">时</token>
  <token t_id="9" sentence="0" number="8">2</token>
  <token t_id="10" sentence="0" number="9">7</token>
  <token t_id="11" sentence="0" number="10">分</token>
  <token t_id="12" sentence="0" number="11">左</token>
  <token t_id="13" sentence="0" number="12">右</token>
  <token t_id="14" sentence="0" number="13">，</token>
  <token t_id="15" sentence="0" number="14">成</token>
  <token t_id="16" sentence="0" number="15">都</token>
  <token t_id="17" sentence="0" number="16">新</token>
  <token t_id="18" sentence="0" number="17">津</token>
  <token t_id="19" sentence="0" number="18">县</token>
  <token t_id="20" sentence="0" number="19">安</token>
  <token t_id="21" sentence="0" number="20">西</token>
  <token t_id="22" sentence="0" number="21">镇</token>
  <token t_id="23" sentence="0" number="22">某</token>
  <token t_id="24" sentence="0" number="23">交</token>
  <token t_id="25" sentence="0" number="24">易</token>
  <token t_id="26" sentence="0" number="25">市</token>
  <token t_id="27" sentence="0" number="26">场</token>
  <token t_id="28" sentence="0" number="27">在</token>
  <token t_id="29" sentence="0" number="28">建</token>
  <token t_id="30" sentence="0" number="29">工</token>
  <token t_id="31" sentence="0" number="30">地</token>
  <token t_id="32" sentence="0" number="31">发</token>
  <token t_id="33" sentence="0" number="32">生</token>
  <token t_id="34" sentence="0" number="33">一</token>
  <token t_id="35" sentence="0" number="34">起</token>
  <token t_id="36" sentence="0" number="35">塌</token>
  <token t_id="37" sentence="0" number="36">方</token>
  <token t_id="38" sentence="0" number="37">事</token>
  <token t_id="39" sentence="0" number="38">故</token>
  <token t_id="40" sentence="0" number="39">，</token>
  <token t_id="41" sentence="0" number="40">导</token>
  <token t_id="42" sentence="0" number="41">致</token>
  <token t_id="43" sentence="0" number="42">正</token>
  <token t_id="44" sentence="0" number="43">在</token>
  <token t_id="45" sentence="0" number="44">现</token>
  <token t_id="46" sentence="0" number="45">场</token>
  <token t_id="47" sentence="0" number="46">施</token>
  <token t_id="48" sentence="0" number="47">工</token>
  <token t_id="49" sentence="0" number="48">的</token>
  <token t_id="50" sentence="0" number="49">2</token>
  <token t_id="51" sentence="0" number="50">名</token>
  <token t_id="52" sentence="0" number="51">工</token>
  <token t_id="53" sentence="0" number="52">人</token>
  <token t_id="54" sentence="0" number="53">被</token>
  <token t_id="55" sentence="0" number="54">埋</token>
  <token t_id="56" sentence="0" number="55">遇</token>
  <token t_id="57" sentence="0" number="56">难</token>
  <token t_id="58" sentence="0" number="57">。</token>
  <token t_id="59" sentence="1" number="0">现</token>
  <token t_id="60" sentence="1" number="1">场</token>
  <token t_id="61" sentence="1" number="2">目</token>
  <token t_id="62" sentence="1" number="3">击</token>
  <token t_id="63" sentence="1" number="4">者</token>
  <token t_id="64" sentence="1" number="5">称</token>
  <token t_id="65" sentence="1" number="6">，</token>
  <token t_id="66" sentence="1" number="7">事</token>
  <token t_id="67" sentence="1" number="8">发</token>
  <token t_id="68" sentence="1" number="9">时</token>
  <token t_id="69" sentence="1" number="10">工</token>
  <token t_id="70" sentence="1" number="11">地</token>
  <token t_id="71" sentence="1" number="12">上</token>
  <token t_id="72" sentence="1" number="13">有</token>
  <token t_id="73" sentence="1" number="14">3</token>
  <token t_id="74" sentence="1" number="15">名</token>
  <token t_id="75" sentence="1" number="16">工</token>
  <token t_id="76" sentence="1" number="17">人</token>
  <token t_id="77" sentence="1" number="18">正</token>
  <token t_id="78" sentence="1" number="19">在</token>
  <token t_id="79" sentence="1" number="20">砌</token>
  <token t_id="80" sentence="1" number="21">围</token>
  <token t_id="81" sentence="1" number="22">墙</token>
  <token t_id="82" sentence="1" number="23">地</token>
  <token t_id="83" sentence="1" number="24">基</token>
  <token t_id="84" sentence="1" number="25">，</token>
  <token t_id="85" sentence="1" number="26">突</token>
  <token t_id="86" sentence="1" number="27">然</token>
  <token t_id="87" sentence="1" number="28">旁</token>
  <token t_id="88" sentence="1" number="29">边</token>
  <token t_id="89" sentence="1" number="30">的</token>
  <token t_id="90" sentence="1" number="31">土</token>
  <token t_id="91" sentence="1" number="32">堆</token>
  <token t_id="92" sentence="1" number="33">发</token>
  <token t_id="93" sentence="1" number="34">生</token>
  <token t_id="94" sentence="1" number="35">垮</token>
  <token t_id="95" sentence="1" number="36">塌</token>
  <token t_id="96" sentence="1" number="37">，</token>
  <token t_id="97" sentence="1" number="38">有</token>
  <token t_id="98" sentence="1" number="39">2</token>
  <token t_id="99" sentence="1" number="40">人</token>
  <token t_id="100" sentence="1" number="41">瞬</token>
  <token t_id="101" sentence="1" number="42">间</token>
  <token t_id="102" sentence="1" number="43">就</token>
  <token t_id="103" sentence="1" number="44">被</token>
  <token t_id="104" sentence="1" number="45">埋</token>
  <token t_id="105" sentence="1" number="46">在</token>
  <token t_id="106" sentence="1" number="47">了</token>
  <token t_id="107" sentence="1" number="48">土</token>
  <token t_id="108" sentence="1" number="49">中</token>
  <token t_id="109" sentence="1" number="50">，</token>
  <token t_id="110" sentence="1" number="51">现</token>
  <token t_id="111" sentence="1" number="52">场</token>
  <token t_id="112" sentence="1" number="53">部</token>
  <token t_id="113" sentence="1" number="54">分</token>
  <token t_id="114" sentence="1" number="55">施</token>
  <token t_id="115" sentence="1" number="56">工</token>
  <token t_id="116" sentence="1" number="57">人</token>
  <token t_id="117" sentence="1" number="58">员</token>
  <token t_id="118" sentence="1" number="59">自</token>
  <token t_id="119" sentence="1" number="60">发</token>
  <token t_id="120" sentence="1" number="61">展</token>
  <token t_id="121" sentence="1" number="62">开</token>
  <token t_id="122" sentence="1" number="63">营</token>
  <token t_id="123" sentence="1" number="64">救</token>
  <token t_id="124" sentence="1" number="65">。</token>
  <token t_id="125" sentence="2" number="0">接</token>
  <token t_id="126" sentence="2" number="1">到</token>
  <token t_id="127" sentence="2" number="2">报</token>
  <token t_id="128" sentence="2" number="3">告</token>
  <token t_id="129" sentence="2" number="4">后</token>
  <token t_id="130" sentence="2" number="5">，</token>
  <token t_id="131" sentence="2" number="6">当</token>
  <token t_id="132" sentence="2" number="7">地</token>
  <token t_id="133" sentence="2" number="8">公</token>
  <token t_id="134" sentence="2" number="9">安</token>
  <token t_id="135" sentence="2" number="10">、</token>
  <token t_id="136" sentence="2" number="11">消</token>
  <token t_id="137" sentence="2" number="12">防</token>
  <token t_id="138" sentence="2" number="13">、</token>
  <token t_id="139" sentence="2" number="14">1</token>
  <token t_id="140" sentence="2" number="15">2</token>
  <token t_id="141" sentence="2" number="16">0</token>
  <token t_id="142" sentence="2" number="17">急</token>
  <token t_id="143" sentence="2" number="18">救</token>
  <token t_id="144" sentence="2" number="19">医</token>
  <token t_id="145" sentence="2" number="20">护</token>
  <token t_id="146" sentence="2" number="21">人</token>
  <token t_id="147" sentence="2" number="22">员</token>
  <token t_id="148" sentence="2" number="23">迅</token>
  <token t_id="149" sentence="2" number="24">速</token>
  <token t_id="150" sentence="2" number="25">赶</token>
  <token t_id="151" sentence="2" number="26">到</token>
  <token t_id="152" sentence="2" number="27">现</token>
  <token t_id="153" sentence="2" number="28">场</token>
  <token t_id="154" sentence="2" number="29">展</token>
  <token t_id="155" sentence="2" number="30">开</token>
  <token t_id="156" sentence="2" number="31">救</token>
  <token t_id="157" sentence="2" number="32">援</token>
  <token t_id="158" sentence="2" number="33">。</token>
  <token t_id="159" sentence="3" number="0">救</token>
  <token t_id="160" sentence="3" number="1">援</token>
  <token t_id="161" sentence="3" number="2">人</token>
  <token t_id="162" sentence="3" number="3">员</token>
  <token t_id="163" sentence="3" number="4">抵</token>
  <token t_id="164" sentence="3" number="5">达</token>
  <token t_id="165" sentence="3" number="6">后</token>
  <token t_id="166" sentence="3" number="7">，</token>
  <token t_id="167" sentence="3" number="8">为</token>
  <token t_id="168" sentence="3" number="9">避</token>
  <token t_id="169" sentence="3" number="10">免</token>
  <token t_id="170" sentence="3" number="11">再</token>
  <token t_id="171" sentence="3" number="12">次</token>
  <token t_id="172" sentence="3" number="13">塌</token>
  <token t_id="173" sentence="3" number="14">方</token>
  <token t_id="174" sentence="3" number="15">造</token>
  <token t_id="175" sentence="3" number="16">成</token>
  <token t_id="176" sentence="3" number="17">二</token>
  <token t_id="177" sentence="3" number="18">次</token>
  <token t_id="178" sentence="3" number="19">伤</token>
  <token t_id="179" sentence="3" number="20">害</token>
  <token t_id="180" sentence="3" number="21">，</token>
  <token t_id="181" sentence="3" number="22">立</token>
  <token t_id="182" sentence="3" number="23">即</token>
  <token t_id="183" sentence="3" number="24">组</token>
  <token t_id="184" sentence="3" number="25">织</token>
  <token t_id="185" sentence="3" number="26">工</token>
  <token t_id="186" sentence="3" number="27">人</token>
  <token t_id="187" sentence="3" number="28">对</token>
  <token t_id="188" sentence="3" number="29">未</token>
  <token t_id="189" sentence="3" number="30">垮</token>
  <token t_id="190" sentence="3" number="31">塌</token>
  <token t_id="191" sentence="3" number="32">的</token>
  <token t_id="192" sentence="3" number="33">土</token>
  <token t_id="193" sentence="3" number="34">方</token>
  <token t_id="194" sentence="3" number="35">进</token>
  <token t_id="195" sentence="3" number="36">行</token>
  <token t_id="196" sentence="3" number="37">加</token>
  <token t_id="197" sentence="3" number="38">固</token>
  <token t_id="198" sentence="3" number="39">，</token>
  <token t_id="199" sentence="3" number="40">并</token>
  <token t_id="200" sentence="3" number="41">疏</token>
  <token t_id="201" sentence="3" number="42">散</token>
  <token t_id="202" sentence="3" number="43">了</token>
  <token t_id="203" sentence="3" number="44">围</token>
  <token t_id="204" sentence="3" number="45">观</token>
  <token t_id="205" sentence="3" number="46">人</token>
  <token t_id="206" sentence="3" number="47">员</token>
  <token t_id="207" sentence="3" number="48">。</token>
  <token t_id="208" sentence="4" number="0">5</token>
  <token t_id="209" sentence="4" number="1">名</token>
  <token t_id="210" sentence="4" number="2">救</token>
  <token t_id="211" sentence="4" number="3">援</token>
  <token t_id="212" sentence="4" number="4">人</token>
  <token t_id="213" sentence="4" number="5">员</token>
  <token t_id="214" sentence="4" number="6">立</token>
  <token t_id="215" sentence="4" number="7">即</token>
  <token t_id="216" sentence="4" number="8">使</token>
  <token t_id="217" sentence="4" number="9">用</token>
  <token t_id="218" sentence="4" number="10">工</token>
  <token t_id="219" sentence="4" number="11">具</token>
  <token t_id="220" sentence="4" number="12">对</token>
  <token t_id="221" sentence="4" number="13">被</token>
  <token t_id="222" sentence="4" number="14">埋</token>
  <token t_id="223" sentence="4" number="15">人</token>
  <token t_id="224" sentence="4" number="16">员</token>
  <token t_id="225" sentence="4" number="17">展</token>
  <token t_id="226" sentence="4" number="18">开</token>
  <token t_id="227" sentence="4" number="19">救</token>
  <token t_id="228" sentence="4" number="20">援</token>
  <token t_id="229" sentence="4" number="21">。</token>
  <token t_id="230" sentence="5" number="0">1</token>
  <token t_id="231" sentence="5" number="1">4</token>
  <token t_id="232" sentence="5" number="2">时</token>
  <token t_id="233" sentence="5" number="3">5</token>
  <token t_id="234" sentence="5" number="4">2</token>
  <token t_id="235" sentence="5" number="5">分</token>
  <token t_id="236" sentence="5" number="6">，</token>
  <token t_id="237" sentence="5" number="7">救</token>
  <token t_id="238" sentence="5" number="8">援</token>
  <token t_id="239" sentence="5" number="9">人</token>
  <token t_id="240" sentence="5" number="10">员</token>
  <token t_id="241" sentence="5" number="11">先</token>
  <token t_id="242" sentence="5" number="12">后</token>
  <token t_id="243" sentence="5" number="13">将</token>
  <token t_id="244" sentence="5" number="14">被</token>
  <token t_id="245" sentence="5" number="15">埋</token>
  <token t_id="246" sentence="5" number="16">的</token>
  <token t_id="247" sentence="5" number="17">2</token>
  <token t_id="248" sentence="5" number="18">名</token>
  <token t_id="249" sentence="5" number="19">人</token>
  <token t_id="250" sentence="5" number="20">员</token>
  <token t_id="251" sentence="5" number="21">救</token>
  <token t_id="252" sentence="5" number="22">出</token>
  <token t_id="253" sentence="5" number="23">，</token>
  <token t_id="254" sentence="5" number="24">并</token>
  <token t_id="255" sentence="5" number="25">移</token>
  <token t_id="256" sentence="5" number="26">交</token>
  <token t_id="257" sentence="5" number="27">等</token>
  <token t_id="258" sentence="5" number="28">候</token>
  <token t_id="259" sentence="5" number="29">在</token>
  <token t_id="260" sentence="5" number="30">现</token>
  <token t_id="261" sentence="5" number="31">场</token>
  <token t_id="262" sentence="5" number="32">1</token>
  <token t_id="263" sentence="5" number="33">2</token>
  <token t_id="264" sentence="5" number="34">0</token>
  <token t_id="265" sentence="5" number="35">急</token>
  <token t_id="266" sentence="5" number="36">救</token>
  <token t_id="267" sentence="5" number="37">医</token>
  <token t_id="268" sentence="5" number="38">护</token>
  <token t_id="269" sentence="5" number="39">人</token>
  <token t_id="270" sentence="5" number="40">员</token>
  <token t_id="271" sentence="5" number="41">，</token>
  <token t_id="272" sentence="5" number="42">经</token>
  <token t_id="273" sentence="5" number="43">医</token>
  <token t_id="274" sentence="5" number="44">护</token>
  <token t_id="275" sentence="5" number="45">人</token>
  <token t_id="276" sentence="5" number="46">员</token>
  <token t_id="277" sentence="5" number="47">现</token>
  <token t_id="278" sentence="5" number="48">场</token>
  <token t_id="279" sentence="5" number="49">确</token>
  <token t_id="280" sentence="5" number="50">认</token>
  <token t_id="281" sentence="5" number="51">，</token>
  <token t_id="282" sentence="5" number="52">被</token>
  <token t_id="283" sentence="5" number="53">埋</token>
  <token t_id="284" sentence="5" number="54">救</token>
  <token t_id="285" sentence="5" number="55">出</token>
  <token t_id="286" sentence="5" number="56">的</token>
  <token t_id="287" sentence="5" number="57">2</token>
  <token t_id="288" sentence="5" number="58">名</token>
  <token t_id="289" sentence="5" number="59">工</token>
  <token t_id="290" sentence="5" number="60">人</token>
  <token t_id="291" sentence="5" number="61">均</token>
  <token t_id="292" sentence="5" number="62">已</token>
  <token t_id="293" sentence="5" number="63">没</token>
  <token t_id="294" sentence="5" number="64">有</token>
  <token t_id="295" sentence="5" number="65">了</token>
  <token t_id="296" sentence="5" number="66">生</token>
  <token t_id="297" sentence="5" number="67">命</token>
  <token t_id="298" sentence="5" number="68">迹</token>
  <token t_id="299" sentence="5" number="69">象</token>
  <token t_id="300" sentence="5" number="70">。</token>
  <token t_id="301" sentence="6" number="0">工</token>
  <token t_id="302" sentence="6" number="1">地</token>
  <token t_id="303" sentence="6" number="2">负</token>
  <token t_id="304" sentence="6" number="3">责</token>
  <token t_id="305" sentence="6" number="4">人</token>
  <token t_id="306" sentence="6" number="5">刘</token>
  <token t_id="307" sentence="6" number="6">某</token>
  <token t_id="308" sentence="6" number="7">称</token>
  <token t_id="309" sentence="6" number="8">，</token>
  <token t_id="310" sentence="6" number="9">2</token>
  <token t_id="311" sentence="6" number="10">名</token>
  <token t_id="312" sentence="6" number="11">被</token>
  <token t_id="313" sentence="6" number="12">埋</token>
  <token t_id="314" sentence="6" number="13">工</token>
  <token t_id="315" sentence="6" number="14">人</token>
  <token t_id="316" sentence="6" number="15">分</token>
  <token t_id="317" sentence="6" number="16">别</token>
  <token t_id="318" sentence="6" number="17">为</token>
  <token t_id="319" sentence="6" number="18">5</token>
  <token t_id="320" sentence="6" number="19">1</token>
  <token t_id="321" sentence="6" number="20">岁</token>
  <token t_id="322" sentence="6" number="21">的</token>
  <token t_id="323" sentence="6" number="22">洛</token>
  <token t_id="324" sentence="6" number="23">清</token>
  <token t_id="325" sentence="6" number="24">良</token>
  <token t_id="326" sentence="6" number="25">和</token>
  <token t_id="327" sentence="6" number="26">6</token>
  <token t_id="328" sentence="6" number="27">4</token>
  <token t_id="329" sentence="6" number="28">岁</token>
  <token t_id="330" sentence="6" number="29">的</token>
  <token t_id="331" sentence="6" number="30">周</token>
  <token t_id="332" sentence="6" number="31">东</token>
  <token t_id="333" sentence="6" number="32">全</token>
  <token t_id="334" sentence="6" number="33">，</token>
  <token t_id="335" sentence="6" number="34">均</token>
  <token t_id="336" sentence="6" number="35">是</token>
  <token t_id="337" sentence="6" number="36">双</token>
  <token t_id="338" sentence="6" number="37">流</token>
  <token t_id="339" sentence="6" number="38">县</token>
  <token t_id="340" sentence="6" number="39">人</token>
  <token t_id="341" sentence="6" number="40">。</token>
  <token t_id="342" sentence="7" number="0">事</token>
  <token t_id="343" sentence="7" number="1">发</token>
  <token t_id="344" sentence="7" number="2">时</token>
  <token t_id="345" sentence="7" number="3">，</token>
  <token t_id="346" sentence="7" number="4">3</token>
  <token t_id="347" sentence="7" number="5">名</token>
  <token t_id="348" sentence="7" number="6">工</token>
  <token t_id="349" sentence="7" number="7">人</token>
  <token t_id="350" sentence="7" number="8">在</token>
  <token t_id="351" sentence="7" number="9">砌</token>
  <token t_id="352" sentence="7" number="10">围</token>
  <token t_id="353" sentence="7" number="11">墙</token>
  <token t_id="354" sentence="7" number="12">地</token>
  <token t_id="355" sentence="7" number="13">基</token>
  <token t_id="356" sentence="7" number="14">，</token>
  <token t_id="357" sentence="7" number="15">因</token>
  <token t_id="358" sentence="7" number="16">昨</token>
  <token t_id="359" sentence="7" number="17">夜</token>
  <token t_id="360" sentence="7" number="18">当</token>
  <token t_id="361" sentence="7" number="19">地</token>
  <token t_id="362" sentence="7" number="20">降</token>
  <token t_id="363" sentence="7" number="21">了</token>
  <token t_id="364" sentence="7" number="22">大</token>
  <token t_id="365" sentence="7" number="23">到</token>
  <token t_id="366" sentence="7" number="24">暴</token>
  <token t_id="367" sentence="7" number="25">雨</token>
  <token t_id="368" sentence="7" number="26">，</token>
  <token t_id="369" sentence="7" number="27">致</token>
  <token t_id="370" sentence="7" number="28">土</token>
  <token t_id="371" sentence="7" number="29">方</token>
  <token t_id="372" sentence="7" number="30">松</token>
  <token t_id="373" sentence="7" number="31">散</token>
  <token t_id="374" sentence="7" number="32">，</token>
  <token t_id="375" sentence="7" number="33">施</token>
  <token t_id="376" sentence="7" number="34">工</token>
  <token t_id="377" sentence="7" number="35">期</token>
  <token t_id="378" sentence="7" number="36">间</token>
  <token t_id="379" sentence="7" number="37">突</token>
  <token t_id="380" sentence="7" number="38">然</token>
  <token t_id="381" sentence="7" number="39">发</token>
  <token t_id="382" sentence="7" number="40">生</token>
  <token t_id="383" sentence="7" number="41">垮</token>
  <token t_id="384" sentence="7" number="42">塌</token>
  <token t_id="385" sentence="7" number="43">，</token>
  <token t_id="386" sentence="7" number="44">将</token>
  <token t_id="387" sentence="7" number="45">洛</token>
  <token t_id="388" sentence="7" number="46">清</token>
  <token t_id="389" sentence="7" number="47">良</token>
  <token t_id="390" sentence="7" number="48">和</token>
  <token t_id="391" sentence="7" number="49">周</token>
  <token t_id="392" sentence="7" number="50">东</token>
  <token t_id="393" sentence="7" number="51">全</token>
  <token t_id="394" sentence="7" number="52">2</token>
  <token t_id="395" sentence="7" number="53">人</token>
  <token t_id="396" sentence="7" number="54">埋</token>
  <token t_id="397" sentence="7" number="55">了</token>
  <token t_id="398" sentence="7" number="56">。</token>
  <token t_id="399" sentence="8" number="0">目</token>
  <token t_id="400" sentence="8" number="1">前</token>
  <token t_id="401" sentence="8" number="2">，</token>
  <token t_id="402" sentence="8" number="3">事</token>
  <token t_id="403" sentence="8" number="4">故</token>
  <token t_id="404" sentence="8" number="5">工</token>
  <token t_id="405" sentence="8" number="6">地</token>
  <token t_id="406" sentence="8" number="7">已</token>
  <token t_id="407" sentence="8" number="8">暂</token>
  <token t_id="408" sentence="8" number="9">时</token>
  <token t_id="409" sentence="8" number="10">停</token>
  <token t_id="410" sentence="8" number="11">工</token>
  <token t_id="411" sentence="8" number="12">，</token>
  <token t_id="412" sentence="8" number="13">遇</token>
  <token t_id="413" sentence="8" number="14">难</token>
  <token t_id="414" sentence="8" number="15">者</token>
  <token t_id="415" sentence="8" number="16">善</token>
  <token t_id="416" sentence="8" number="17">后</token>
  <token t_id="417" sentence="8" number="18">以</token>
  <token t_id="418" sentence="8" number="19">及</token>
  <token t_id="419" sentence="8" number="20">事</token>
  <token t_id="420" sentence="8" number="21">故</token>
  <token t_id="421" sentence="8" number="22">调</token>
  <token t_id="422" sentence="8" number="23">查</token>
  <token t_id="423" sentence="8" number="24">等</token>
  <token t_id="424" sentence="8" number="25">工</token>
  <token t_id="425" sentence="8" number="26">作</token>
  <token t_id="426" sentence="8" number="27">当</token>
  <token t_id="427" sentence="8" number="28">地</token>
  <token t_id="428" sentence="8" number="29">有</token>
  <token t_id="429" sentence="8" number="30">关</token>
  <token t_id="430" sentence="8" number="31">部</token>
  <token t_id="431" sentence="8" number="32">门</token>
  <token t_id="432" sentence="8" number="33">正</token>
  <token t_id="433" sentence="8" number="34">在</token>
  <token t_id="434" sentence="8" number="35">处</token>
  <token t_id="435" sentence="8" number="36">置</token>
  <token t_id="436" sentence="8" number="37">中</token>
  <Markables>
    <ACTION m_id="41834" comment="">
      <token_anchor t_id="36" />
      <token_anchor t_id="37" />
      <token_anchor t_id="38" />
      <token_anchor t_id="39" />
    </ACTION>
    <ACTION m_id="41835" comment="">
      <token_anchor t_id="54" />
      <token_anchor t_id="55" />
    </ACTION>
    <ACTION m_id="41836" comment="">
      <token_anchor t_id="56" />
      <token_anchor t_id="57" />
    </ACTION>
    <ACTION m_id="41837" comment="">
      <token_anchor t_id="64" />
    </ACTION>
    <ACTION m_id="41838" comment="">
      <token_anchor t_id="77" />
      <token_anchor t_id="78" />
    </ACTION>
    <ACTION m_id="41839" comment="">
      <token_anchor t_id="94" />
      <token_anchor t_id="95" />
    </ACTION>
    <ACTION m_id="41840" comment="">
      <token_anchor t_id="103" />
      <token_anchor t_id="104" />
      <token_anchor t_id="105" />
    </ACTION>
    <ACTION m_id="41841" comment="">
      <token_anchor t_id="122" />
      <token_anchor t_id="123" />
    </ACTION>
    <ACTION_CAUSATIVE m_id="41842" comment="">
      <token_anchor t_id="41" />
      <token_anchor t_id="42" />
    </ACTION_CAUSATIVE>
    <ACTION m_id="41843" comment="">
      <token_anchor t_id="125" />
      <token_anchor t_id="126" />
    </ACTION>
    <ACTION m_id="41844" comment="">
      <token_anchor t_id="150" />
      <token_anchor t_id="151" />
    </ACTION>
    <ACTION m_id="41845" comment="">
      <token_anchor t_id="156" />
      <token_anchor t_id="157" />
    </ACTION>
    <ACTION m_id="41846" comment="">
      <token_anchor t_id="163" />
      <token_anchor t_id="164" />
    </ACTION>
    <ACTION m_id="41847" comment="">
      <token_anchor t_id="172" />
      <token_anchor t_id="173" />
    </ACTION>
    <ACTION m_id="41850" comment="">
      <token_anchor t_id="196" />
      <token_anchor t_id="197" />
    </ACTION>
    <ACTION m_id="41851" comment="">
      <token_anchor t_id="200" />
      <token_anchor t_id="201" />
    </ACTION>
    <ACTION m_id="41852" comment="">
      <token_anchor t_id="216" />
      <token_anchor t_id="217" />
    </ACTION>
    <ACTION m_id="41853" comment="">
      <token_anchor t_id="227" />
      <token_anchor t_id="228" />
    </ACTION>
    <ACTION m_id="41854" comment="">
      <token_anchor t_id="251" />
      <token_anchor t_id="252" />
    </ACTION>
    <ACTION m_id="41855" comment="">
      <token_anchor t_id="255" />
      <token_anchor t_id="256" />
    </ACTION>
    <ACTION m_id="41856" comment="">
      <token_anchor t_id="282" />
      <token_anchor t_id="283" />
    </ACTION>
    <ACTION m_id="41857" comment="">
      <token_anchor t_id="308" />
    </ACTION>
    <ACTION m_id="41858" comment="">
      <token_anchor t_id="351" />
      <token_anchor t_id="352" />
      <token_anchor t_id="353" />
    </ACTION>
    <ACTION_CAUSATIVE m_id="41859" comment="">
      <token_anchor t_id="357" />
    </ACTION_CAUSATIVE>
    <ACTION_CAUSATIVE m_id="41860" comment="">
      <token_anchor t_id="369" />
    </ACTION_CAUSATIVE>
    <ACTION m_id="41861" comment="">
      <token_anchor t_id="383" />
      <token_anchor t_id="384" />
    </ACTION>
    <ACTION m_id="41862" comment="">
      <token_anchor t_id="396" />
      <token_anchor t_id="397" />
    </ACTION>
    <ACTION m_id="41863" comment="">
      <token_anchor t_id="409" />
      <token_anchor t_id="410" />
    </ACTION>
    <ACTION m_id="41866" comment="">
      <token_anchor t_id="434" />
      <token_anchor t_id="435" />
      <token_anchor t_id="436" />
    </ACTION>
    <ACTION m_id="54532" comment="">
      <token_anchor t_id="362" />
      <token_anchor t_id="363" />
    </ACTION>
    <ACTION m_id="54533" comment="">
      <token_anchor t_id="372" />
      <token_anchor t_id="373" />
    </ACTION>
  </Markables>
  <Relations>
    <PLOT_LINK r_id="4817" SIGNAL="" relType="causation" CAUSES="FALSE" CAUSED_BY="FALSE">
      <source m_id="41834" />
      <target m_id="41835" />
    </PLOT_LINK>
    <PLOT_LINK r_id="4818" SIGNAL="" relType="causation" CAUSES="FALSE" CAUSED_BY="FALSE">
      <source m_id="41835" />
      <target m_id="41836" />
    </PLOT_LINK>
    <PLOT_LINK r_id="4819" SIGNAL="" relType="causation" CAUSES="FALSE" CAUSED_BY="FALSE">
      <source m_id="41834" />
      <target m_id="41836" />
    </PLOT_LINK>
    <PLOT_LINK r_id="4820" SIGNAL="" relType="causation" CAUSES="FALSE" CAUSED_BY="FALSE">
      <source m_id="41839" />
      <target m_id="41840" />
    </PLOT_LINK>
    <PLOT_LINK r_id="4821" SIGNAL="" relType="causation" CAUSES="FALSE" CAUSED_BY="FALSE">
      <source m_id="41843" />
      <target m_id="41844" />
    </PLOT_LINK>
    <PLOT_LINK r_id="4822" SIGNAL="" relType="causation" CAUSES="FALSE" CAUSED_BY="FALSE">
      <source m_id="41847" />
      <target m_id="41850" />
    </PLOT_LINK>
    <PLOT_LINK r_id="4823" SIGNAL="" relType="causation" CAUSES="FALSE" CAUSED_BY="FALSE">
      <source m_id="41847" />
      <target m_id="41851" />
    </PLOT_LINK>
    <PLOT_LINK r_id="4824" SIGNAL="" relType="causation" CAUSES="FALSE" CAUSED_BY="FALSE">
      <source m_id="54532" />
      <target m_id="54533" />
    </PLOT_LINK>
    <PLOT_LINK r_id="4825" SIGNAL="" relType="causation" CAUSES="FALSE" CAUSED_BY="FALSE">
      <source m_id="54533" />
      <target m_id="41861" />
    </PLOT_LINK>
    <PLOT_LINK r_id="4826" SIGNAL="" relType="causation" CAUSES="FALSE" CAUSED_BY="FALSE">
      <source m_id="41861" />
      <target m_id="41862" />
    </PLOT_LINK>
  </Relations>
</Document>