<?xml version="1.0" encoding="UTF-8"?>
<Document doc_name="3452_ecbplus.xml.xml">
  <token t_id="1" sentence="0" number="0">中</token>
  <token t_id="2" sentence="0" number="1">新</token>
  <token t_id="3" sentence="0" number="2">网</token>
  <token t_id="4" sentence="0" number="3">宁</token>
  <token t_id="5" sentence="0" number="4">波</token>
  <token t_id="6" sentence="0" number="5">9</token>
  <token t_id="7" sentence="0" number="6">月</token>
  <token t_id="8" sentence="0" number="7">1</token>
  <token t_id="9" sentence="0" number="8">3</token>
  <token t_id="10" sentence="0" number="9">日</token>
  <token t_id="11" sentence="0" number="10">电</token>
  <token t_id="12" sentence="0" number="11">（</token>
  <token t_id="13" sentence="0" number="12">记</token>
  <token t_id="14" sentence="0" number="13">者</token>
  <token t_id="15" sentence="0" number="14">林</token>
  <token t_id="16" sentence="0" number="15">波</token>
  <token t_id="17" sentence="0" number="16">）</token>
  <token t_id="18" sentence="0" number="17">9</token>
  <token t_id="19" sentence="0" number="18">月</token>
  <token t_id="20" sentence="0" number="19">1</token>
  <token t_id="21" sentence="0" number="20">3</token>
  <token t_id="22" sentence="0" number="21">日</token>
  <token t_id="23" sentence="0" number="22">，</token>
  <token t_id="24" sentence="0" number="23">受</token>
  <token t_id="25" sentence="0" number="24">台</token>
  <token t_id="26" sentence="0" number="25">风</token>
  <token t_id="27" sentence="0" number="26">“</token>
  <token t_id="28" sentence="0" number="27">灿</token>
  <token t_id="29" sentence="0" number="28">都</token>
  <token t_id="30" sentence="0" number="29">”</token>
  <token t_id="31" sentence="0" number="30">影</token>
  <token t_id="32" sentence="0" number="31">响</token>
  <token t_id="33" sentence="0" number="32">，</token>
  <token t_id="34" sentence="0" number="33">浙</token>
  <token t_id="35" sentence="0" number="34">江</token>
  <token t_id="36" sentence="0" number="35">省</token>
  <token t_id="37" sentence="0" number="36">宁</token>
  <token t_id="38" sentence="0" number="37">波</token>
  <token t_id="39" sentence="0" number="38">市</token>
  <token t_id="40" sentence="0" number="39">奉</token>
  <token t_id="41" sentence="0" number="40">化</token>
  <token t_id="42" sentence="0" number="41">区</token>
  <token t_id="43" sentence="0" number="42">上</token>
  <token t_id="44" sentence="0" number="43">畸</token>
  <token t_id="45" sentence="0" number="44">线</token>
  <token t_id="46" sentence="0" number="45">四</token>
  <token t_id="47" sentence="0" number="46">明</token>
  <token t_id="48" sentence="0" number="47">隧</token>
  <token t_id="49" sentence="0" number="48">道</token>
  <token t_id="50" sentence="0" number="49">附</token>
  <token t_id="51" sentence="0" number="50">近</token>
  <token t_id="52" sentence="0" number="51">发</token>
  <token t_id="53" sentence="0" number="52">生</token>
  <token t_id="54" sentence="0" number="53">塌</token>
  <token t_id="55" sentence="0" number="54">方</token>
  <token t_id="56" sentence="0" number="55">事</token>
  <token t_id="57" sentence="0" number="56">故</token>
  <token t_id="58" sentence="0" number="57">，</token>
  <token t_id="59" sentence="0" number="58">造</token>
  <token t_id="60" sentence="0" number="59">成</token>
  <token t_id="61" sentence="0" number="60">半</token>
  <token t_id="62" sentence="0" number="61">幅</token>
  <token t_id="63" sentence="0" number="62">隧</token>
  <token t_id="64" sentence="0" number="63">道</token>
  <token t_id="65" sentence="0" number="64">通</token>
  <token t_id="66" sentence="0" number="65">车</token>
  <token t_id="67" sentence="0" number="66">受</token>
  <token t_id="68" sentence="0" number="67">阻</token>
  <token t_id="69" sentence="0" number="68">。</token>
  <token t_id="70" sentence="1" number="0">据</token>
  <token t_id="71" sentence="1" number="1">悉</token>
  <token t_id="72" sentence="1" number="2">，</token>
  <token t_id="73" sentence="1" number="3">发</token>
  <token t_id="74" sentence="1" number="4">生</token>
  <token t_id="75" sentence="1" number="5">塌</token>
  <token t_id="76" sentence="1" number="6">方</token>
  <token t_id="77" sentence="1" number="7">的</token>
  <token t_id="78" sentence="1" number="8">边</token>
  <token t_id="79" sentence="1" number="9">坡</token>
  <token t_id="80" sentence="1" number="10">位</token>
  <token t_id="81" sentence="1" number="11">于</token>
  <token t_id="82" sentence="1" number="12">四</token>
  <token t_id="83" sentence="1" number="13">明</token>
  <token t_id="84" sentence="1" number="14">隧</token>
  <token t_id="85" sentence="1" number="15">道</token>
  <token t_id="86" sentence="1" number="16">萧</token>
  <token t_id="87" sentence="1" number="17">王</token>
  <token t_id="88" sentence="1" number="18">庙</token>
  <token t_id="89" sentence="1" number="19">往</token>
  <token t_id="90" sentence="1" number="20">溪</token>
  <token t_id="91" sentence="1" number="21">口</token>
  <token t_id="92" sentence="1" number="22">方</token>
  <token t_id="93" sentence="1" number="23">向</token>
  <token t_id="94" sentence="1" number="24">的</token>
  <token t_id="95" sentence="1" number="25">南</token>
  <token t_id="96" sentence="1" number="26">面</token>
  <token t_id="97" sentence="1" number="27">，</token>
  <token t_id="98" sentence="1" number="28">高</token>
  <token t_id="99" sentence="1" number="29">3</token>
  <token t_id="100" sentence="1" number="30">0</token>
  <token t_id="101" sentence="1" number="31">余</token>
  <token t_id="102" sentence="1" number="32">米</token>
  <token t_id="103" sentence="1" number="33">，</token>
  <token t_id="104" sentence="1" number="34">长</token>
  <token t_id="105" sentence="1" number="35">约</token>
  <token t_id="106" sentence="1" number="36">6</token>
  <token t_id="107" sentence="1" number="37">0</token>
  <token t_id="108" sentence="1" number="38">米</token>
  <token t_id="109" sentence="1" number="39">，</token>
  <token t_id="110" sentence="1" number="40">面</token>
  <token t_id="111" sentence="1" number="41">积</token>
  <token t_id="112" sentence="1" number="42">约</token>
  <token t_id="113" sentence="1" number="43">2</token>
  <token t_id="114" sentence="1" number="44">0</token>
  <token t_id="115" sentence="1" number="45">0</token>
  <token t_id="116" sentence="1" number="46">0</token>
  <token t_id="117" sentence="1" number="47">平</token>
  <token t_id="118" sentence="1" number="48">方</token>
  <token t_id="119" sentence="1" number="49">米</token>
  <token t_id="120" sentence="1" number="50">。</token>
  <token t_id="121" sentence="2" number="0">发</token>
  <token t_id="122" sentence="2" number="1">现</token>
  <token t_id="123" sentence="2" number="2">险</token>
  <token t_id="124" sentence="2" number="3">情</token>
  <token t_id="125" sentence="2" number="4">后</token>
  <token t_id="126" sentence="2" number="5">，</token>
  <token t_id="127" sentence="2" number="6">奉</token>
  <token t_id="128" sentence="2" number="7">化</token>
  <token t_id="129" sentence="2" number="8">公</token>
  <token t_id="130" sentence="2" number="9">路</token>
  <token t_id="131" sentence="2" number="10">与</token>
  <token t_id="132" sentence="2" number="11">运</token>
  <token t_id="133" sentence="2" number="12">输</token>
  <token t_id="134" sentence="2" number="13">管</token>
  <token t_id="135" sentence="2" number="14">理</token>
  <token t_id="136" sentence="2" number="15">中</token>
  <token t_id="137" sentence="2" number="16">心</token>
  <token t_id="138" sentence="2" number="17">立</token>
  <token t_id="139" sentence="2" number="18">即</token>
  <token t_id="140" sentence="2" number="19">组</token>
  <token t_id="141" sentence="2" number="20">织</token>
  <token t_id="142" sentence="2" number="21">抢</token>
  <token t_id="143" sentence="2" number="22">险</token>
  <token t_id="144" sentence="2" number="23">人</token>
  <token t_id="145" sentence="2" number="24">员</token>
  <token t_id="146" sentence="2" number="25">对</token>
  <token t_id="147" sentence="2" number="26">现</token>
  <token t_id="148" sentence="2" number="27">场</token>
  <token t_id="149" sentence="2" number="28">淤</token>
  <token t_id="150" sentence="2" number="29">泥</token>
  <token t_id="151" sentence="2" number="30">、</token>
  <token t_id="152" sentence="2" number="31">受</token>
  <token t_id="153" sentence="2" number="32">损</token>
  <token t_id="154" sentence="2" number="33">交</token>
  <token t_id="155" sentence="2" number="34">通</token>
  <token t_id="156" sentence="2" number="35">设</token>
  <token t_id="157" sentence="2" number="36">施</token>
  <token t_id="158" sentence="2" number="37">进</token>
  <token t_id="159" sentence="2" number="38">行</token>
  <token t_id="160" sentence="2" number="39">清</token>
  <token t_id="161" sentence="2" number="40">理</token>
  <token t_id="162" sentence="2" number="41">。</token>
  <token t_id="163" sentence="3" number="0">该</token>
  <token t_id="164" sentence="3" number="1">中</token>
  <token t_id="165" sentence="3" number="2">心</token>
  <token t_id="166" sentence="3" number="3">出</token>
  <token t_id="167" sentence="3" number="4">动</token>
  <token t_id="168" sentence="3" number="5">装</token>
  <token t_id="169" sentence="3" number="6">载</token>
  <token t_id="170" sentence="3" number="7">机</token>
  <token t_id="171" sentence="3" number="8">2</token>
  <token t_id="172" sentence="3" number="9">台</token>
  <token t_id="173" sentence="3" number="10">，</token>
  <token t_id="174" sentence="3" number="11">挖</token>
  <token t_id="175" sentence="3" number="12">掘</token>
  <token t_id="176" sentence="3" number="13">机</token>
  <token t_id="177" sentence="3" number="14">3</token>
  <token t_id="178" sentence="3" number="15">台</token>
  <token t_id="179" sentence="3" number="16">，</token>
  <token t_id="180" sentence="3" number="17">预</token>
  <token t_id="181" sentence="3" number="18">计</token>
  <token t_id="182" sentence="3" number="19">于</token>
  <token t_id="183" sentence="3" number="20">9</token>
  <token t_id="184" sentence="3" number="21">月</token>
  <token t_id="185" sentence="3" number="22">1</token>
  <token t_id="186" sentence="3" number="23">4</token>
  <token t_id="187" sentence="3" number="24">日</token>
  <token t_id="188" sentence="3" number="25">完</token>
  <token t_id="189" sentence="3" number="26">成</token>
  <token t_id="190" sentence="3" number="27">应</token>
  <token t_id="191" sentence="3" number="28">急</token>
  <token t_id="192" sentence="3" number="29">施</token>
  <token t_id="193" sentence="3" number="30">救</token>
  <Markables>
    <ACTION m_id="41920" comment="">
      <token_anchor t_id="54" />
      <token_anchor t_id="55" />
      <token_anchor t_id="56" />
      <token_anchor t_id="57" />
    </ACTION>
    <ACTION m_id="41921" comment="">
      <token_anchor t_id="67" />
      <token_anchor t_id="68" />
    </ACTION>
    <ACTION m_id="41922" comment="">
      <token_anchor t_id="70" />
      <token_anchor t_id="71" />
    </ACTION>
    <ACTION m_id="41923" comment="">
      <token_anchor t_id="121" />
      <token_anchor t_id="122" />
    </ACTION>
    <ACTION m_id="41924" comment="">
      <token_anchor t_id="140" />
      <token_anchor t_id="141" />
    </ACTION>
    <ACTION_CAUSATIVE m_id="41925" comment="">
      <token_anchor t_id="59" />
      <token_anchor t_id="60" />
    </ACTION_CAUSATIVE>
    <ACTION m_id="41926" comment="">
      <token_anchor t_id="160" />
      <token_anchor t_id="161" />
    </ACTION>
    <ACTION m_id="41927" comment="">
      <token_anchor t_id="166" />
      <token_anchor t_id="167" />
    </ACTION>
    <ACTION m_id="41928" comment="">
      <token_anchor t_id="192" />
      <token_anchor t_id="193" />
    </ACTION>
  </Markables>
  <Relations>
    <PLOT_LINK r_id="4845" SIGNAL="" relType="causation" CAUSES="FALSE" CAUSED_BY="FALSE">
      <source m_id="41920" />
      <target m_id="41921" />
    </PLOT_LINK>
    <PLOT_LINK r_id="4846" SIGNAL="" relType="causation" CAUSES="FALSE" CAUSED_BY="FALSE">
      <source m_id="41923" />
      <target m_id="41924" />
    </PLOT_LINK>
  </Relations>
</Document>