<?xml version="1.0" encoding="UTF-8"?>
<Document doc_name="3455_ecbplus.xml.xml">
  <token t_id="1" sentence="0" number="0">昆</token>
  <token t_id="2" sentence="0" number="1">明</token>
  <token t_id="3" sentence="0" number="2">9</token>
  <token t_id="4" sentence="0" number="3">月</token>
  <token t_id="5" sentence="0" number="4">1</token>
  <token t_id="6" sentence="0" number="5">7</token>
  <token t_id="7" sentence="0" number="6">日</token>
  <token t_id="8" sentence="0" number="7">电</token>
  <token t_id="9" sentence="0" number="8">(</token>
  <token t_id="10" sentence="0" number="9">记</token>
  <token t_id="11" sentence="0" number="10">者</token>
  <token t_id="12" sentence="0" number="11">刘</token>
  <token t_id="13" sentence="0" number="12">冉</token>
  <token t_id="14" sentence="0" number="13">阳</token>
  <token t_id="15" sentence="0" number="14">)</token>
  <token t_id="16" sentence="0" number="15">云</token>
  <token t_id="17" sentence="0" number="16">南</token>
  <token t_id="18" sentence="0" number="17">省</token>
  <token t_id="19" sentence="0" number="18">昆</token>
  <token t_id="20" sentence="0" number="19">明</token>
  <token t_id="21" sentence="0" number="20">市</token>
  <token t_id="22" sentence="0" number="21">西</token>
  <token t_id="23" sentence="0" number="22">山</token>
  <token t_id="24" sentence="0" number="23">区</token>
  <token t_id="25" sentence="0" number="24">政</token>
  <token t_id="26" sentence="0" number="25">府</token>
  <token t_id="27" sentence="0" number="26">1</token>
  <token t_id="28" sentence="0" number="27">7</token>
  <token t_id="29" sentence="0" number="28">日</token>
  <token t_id="30" sentence="0" number="29">发</token>
  <token t_id="31" sentence="0" number="30">布</token>
  <token t_id="32" sentence="0" number="31">通</token>
  <token t_id="33" sentence="0" number="32">报</token>
  <token t_id="34" sentence="0" number="33">，</token>
  <token t_id="35" sentence="0" number="34">9</token>
  <token t_id="36" sentence="0" number="35">月</token>
  <token t_id="37" sentence="0" number="36">1</token>
  <token t_id="38" sentence="0" number="37">6</token>
  <token t_id="39" sentence="0" number="38">日</token>
  <token t_id="40" sentence="0" number="39">2</token>
  <token t_id="41" sentence="0" number="40">2</token>
  <token t_id="42" sentence="0" number="41">时</token>
  <token t_id="43" sentence="0" number="42">许</token>
  <token t_id="44" sentence="0" number="43">，</token>
  <token t_id="45" sentence="0" number="44">昆</token>
  <token t_id="46" sentence="0" number="45">明</token>
  <token t_id="47" sentence="0" number="46">市</token>
  <token t_id="48" sentence="0" number="47">西</token>
  <token t_id="49" sentence="0" number="48">山</token>
  <token t_id="50" sentence="0" number="49">区</token>
  <token t_id="51" sentence="0" number="50">车</token>
  <token t_id="52" sentence="0" number="51">和</token>
  <token t_id="53" sentence="0" number="52">线</token>
  <token t_id="54" sentence="0" number="53">大</token>
  <token t_id="55" sentence="0" number="54">观</token>
  <token t_id="56" sentence="0" number="55">木</token>
  <token t_id="57" sentence="0" number="56">业</token>
  <token t_id="58" sentence="0" number="57">有</token>
  <token t_id="59" sentence="0" number="58">限</token>
  <token t_id="60" sentence="0" number="59">责</token>
  <token t_id="61" sentence="0" number="60">任</token>
  <token t_id="62" sentence="0" number="61">公</token>
  <token t_id="63" sentence="0" number="62">司</token>
  <token t_id="64" sentence="0" number="63">后</token>
  <token t_id="65" sentence="0" number="64">山</token>
  <token t_id="66" sentence="0" number="65">发</token>
  <token t_id="67" sentence="0" number="66">生</token>
  <token t_id="68" sentence="0" number="67">山</token>
  <token t_id="69" sentence="0" number="68">体</token>
  <token t_id="70" sentence="0" number="69">塌</token>
  <token t_id="71" sentence="0" number="70">方</token>
  <token t_id="72" sentence="0" number="71">事</token>
  <token t_id="73" sentence="0" number="72">故</token>
  <token t_id="74" sentence="0" number="73">，</token>
  <token t_id="75" sentence="0" number="74">致</token>
  <token t_id="76" sentence="0" number="75">3</token>
  <token t_id="77" sentence="0" number="76">人</token>
  <token t_id="78" sentence="0" number="77">遇</token>
  <token t_id="79" sentence="0" number="78">难</token>
  <token t_id="80" sentence="0" number="79">。</token>
  <token t_id="81" sentence="1" number="0">经</token>
  <token t_id="82" sentence="1" number="1">初</token>
  <token t_id="83" sentence="1" number="2">步</token>
  <token t_id="84" sentence="1" number="3">核</token>
  <token t_id="85" sentence="1" number="4">实</token>
  <token t_id="86" sentence="1" number="5">，</token>
  <token t_id="87" sentence="1" number="6">9</token>
  <token t_id="88" sentence="1" number="7">月</token>
  <token t_id="89" sentence="1" number="8">1</token>
  <token t_id="90" sentence="1" number="9">6</token>
  <token t_id="91" sentence="1" number="10">日</token>
  <token t_id="92" sentence="1" number="11">2</token>
  <token t_id="93" sentence="1" number="12">2</token>
  <token t_id="94" sentence="1" number="13">时</token>
  <token t_id="95" sentence="1" number="14">许</token>
  <token t_id="96" sentence="1" number="15">，</token>
  <token t_id="97" sentence="1" number="16">大</token>
  <token t_id="98" sentence="1" number="17">观</token>
  <token t_id="99" sentence="1" number="18">木</token>
  <token t_id="100" sentence="1" number="19">业</token>
  <token t_id="101" sentence="1" number="20">有</token>
  <token t_id="102" sentence="1" number="21">限</token>
  <token t_id="103" sentence="1" number="22">责</token>
  <token t_id="104" sentence="1" number="23">任</token>
  <token t_id="105" sentence="1" number="24">公</token>
  <token t_id="106" sentence="1" number="25">司</token>
  <token t_id="107" sentence="1" number="26">宿</token>
  <token t_id="108" sentence="1" number="27">舍</token>
  <token t_id="109" sentence="1" number="28">后</token>
  <token t_id="110" sentence="1" number="29">山</token>
  <token t_id="111" sentence="1" number="30">突</token>
  <token t_id="112" sentence="1" number="31">发</token>
  <token t_id="113" sentence="1" number="32">塌</token>
  <token t_id="114" sentence="1" number="33">方</token>
  <token t_id="115" sentence="1" number="34">事</token>
  <token t_id="116" sentence="1" number="35">故</token>
  <token t_id="117" sentence="1" number="36">，</token>
  <token t_id="118" sentence="1" number="37">3</token>
  <token t_id="119" sentence="1" number="38">人</token>
  <token t_id="120" sentence="1" number="39">被</token>
  <token t_id="121" sentence="1" number="40">困</token>
  <token t_id="122" sentence="1" number="41">。</token>
  <token t_id="123" sentence="2" number="0">接</token>
  <token t_id="124" sentence="2" number="1">报</token>
  <token t_id="125" sentence="2" number="2">后</token>
  <token t_id="126" sentence="2" number="3">，</token>
  <token t_id="127" sentence="2" number="4">昆</token>
  <token t_id="128" sentence="2" number="5">明</token>
  <token t_id="129" sentence="2" number="6">市</token>
  <token t_id="130" sentence="2" number="7">西</token>
  <token t_id="131" sentence="2" number="8">山</token>
  <token t_id="132" sentence="2" number="9">区</token>
  <token t_id="133" sentence="2" number="10">立</token>
  <token t_id="134" sentence="2" number="11">即</token>
  <token t_id="135" sentence="2" number="12">启</token>
  <token t_id="136" sentence="2" number="13">动</token>
  <token t_id="137" sentence="2" number="14">应</token>
  <token t_id="138" sentence="2" number="15">急</token>
  <token t_id="139" sentence="2" number="16">预</token>
  <token t_id="140" sentence="2" number="17">案</token>
  <token t_id="141" sentence="2" number="18">，</token>
  <token t_id="142" sentence="2" number="19">区</token>
  <token t_id="143" sentence="2" number="20">委</token>
  <token t_id="144" sentence="2" number="21">主</token>
  <token t_id="145" sentence="2" number="22">要</token>
  <token t_id="146" sentence="2" number="23">领</token>
  <token t_id="147" sentence="2" number="24">导</token>
  <token t_id="148" sentence="2" number="25">第</token>
  <token t_id="149" sentence="2" number="26">一</token>
  <token t_id="150" sentence="2" number="27">时</token>
  <token t_id="151" sentence="2" number="28">间</token>
  <token t_id="152" sentence="2" number="29">带</token>
  <token t_id="153" sentence="2" number="30">队</token>
  <token t_id="154" sentence="2" number="31">赶</token>
  <token t_id="155" sentence="2" number="32">赴</token>
  <token t_id="156" sentence="2" number="33">现</token>
  <token t_id="157" sentence="2" number="34">场</token>
  <token t_id="158" sentence="2" number="35">指</token>
  <token t_id="159" sentence="2" number="36">挥</token>
  <token t_id="160" sentence="2" number="37">救</token>
  <token t_id="161" sentence="2" number="38">援</token>
  <token t_id="162" sentence="2" number="39">，</token>
  <token t_id="163" sentence="2" number="40">调</token>
  <token t_id="164" sentence="2" number="41">集</token>
  <token t_id="165" sentence="2" number="42">消</token>
  <token t_id="166" sentence="2" number="43">防</token>
  <token t_id="167" sentence="2" number="44">、</token>
  <token t_id="168" sentence="2" number="45">自</token>
  <token t_id="169" sentence="2" number="46">然</token>
  <token t_id="170" sentence="2" number="47">资</token>
  <token t_id="171" sentence="2" number="48">源</token>
  <token t_id="172" sentence="2" number="49">、</token>
  <token t_id="173" sentence="2" number="50">公</token>
  <token t_id="174" sentence="2" number="51">安</token>
  <token t_id="175" sentence="2" number="52">、</token>
  <token t_id="176" sentence="2" number="53">交</token>
  <token t_id="177" sentence="2" number="54">警</token>
  <token t_id="178" sentence="2" number="55">、</token>
  <token t_id="179" sentence="2" number="56">交</token>
  <token t_id="180" sentence="2" number="57">运</token>
  <token t_id="181" sentence="2" number="58">、</token>
  <token t_id="182" sentence="2" number="59">应</token>
  <token t_id="183" sentence="2" number="60">急</token>
  <token t_id="184" sentence="2" number="61">、</token>
  <token t_id="185" sentence="2" number="62">卫</token>
  <token t_id="186" sentence="2" number="63">健</token>
  <token t_id="187" sentence="2" number="64">、</token>
  <token t_id="188" sentence="2" number="65">属</token>
  <token t_id="189" sentence="2" number="66">地</token>
  <token t_id="190" sentence="2" number="67">街</token>
  <token t_id="191" sentence="2" number="68">道</token>
  <token t_id="192" sentence="2" number="69">等</token>
  <token t_id="193" sentence="2" number="70">相</token>
  <token t_id="194" sentence="2" number="71">关</token>
  <token t_id="195" sentence="2" number="72">部</token>
  <token t_id="196" sentence="2" number="73">门</token>
  <token t_id="197" sentence="2" number="74">开</token>
  <token t_id="198" sentence="2" number="75">展</token>
  <token t_id="199" sentence="2" number="76">救</token>
  <token t_id="200" sentence="2" number="77">援</token>
  <token t_id="201" sentence="2" number="78">处</token>
  <token t_id="202" sentence="2" number="79">置</token>
  <token t_id="203" sentence="2" number="80">工</token>
  <token t_id="204" sentence="2" number="81">作</token>
  <token t_id="205" sentence="2" number="82">。</token>
  <token t_id="206" sentence="3" number="0">经</token>
  <token t_id="207" sentence="3" number="1">全</token>
  <token t_id="208" sentence="3" number="2">力</token>
  <token t_id="209" sentence="3" number="3">搜</token>
  <token t_id="210" sentence="3" number="4">救</token>
  <token t_id="211" sentence="3" number="5">，</token>
  <token t_id="212" sentence="3" number="6">3</token>
  <token t_id="213" sentence="3" number="7">名</token>
  <token t_id="214" sentence="3" number="8">被</token>
  <token t_id="215" sentence="3" number="9">困</token>
  <token t_id="216" sentence="3" number="10">人</token>
  <token t_id="217" sentence="3" number="11">员</token>
  <token t_id="218" sentence="3" number="12">找</token>
  <token t_id="219" sentence="3" number="13">到</token>
  <token t_id="220" sentence="3" number="14">后</token>
  <token t_id="221" sentence="3" number="15">已</token>
  <token t_id="222" sentence="3" number="16">无</token>
  <token t_id="223" sentence="3" number="17">生</token>
  <token t_id="224" sentence="3" number="18">命</token>
  <token t_id="225" sentence="3" number="19">体</token>
  <token t_id="226" sentence="3" number="20">征</token>
  <token t_id="227" sentence="3" number="21">。</token>
  <token t_id="228" sentence="4" number="0">目</token>
  <token t_id="229" sentence="4" number="1">前</token>
  <token t_id="230" sentence="4" number="2">，</token>
  <token t_id="231" sentence="4" number="3">昆</token>
  <token t_id="232" sentence="4" number="4">明</token>
  <token t_id="233" sentence="4" number="5">市</token>
  <token t_id="234" sentence="4" number="6">西</token>
  <token t_id="235" sentence="4" number="7">山</token>
  <token t_id="236" sentence="4" number="8">区</token>
  <token t_id="237" sentence="4" number="9">正</token>
  <token t_id="238" sentence="4" number="10">在</token>
  <token t_id="239" sentence="4" number="11">组</token>
  <token t_id="240" sentence="4" number="12">织</token>
  <token t_id="241" sentence="4" number="13">原</token>
  <token t_id="242" sentence="4" number="14">因</token>
  <token t_id="243" sentence="4" number="15">调</token>
  <token t_id="244" sentence="4" number="16">查</token>
  <token t_id="245" sentence="4" number="17">，</token>
  <token t_id="246" sentence="4" number="18">积</token>
  <token t_id="247" sentence="4" number="19">极</token>
  <token t_id="248" sentence="4" number="20">开</token>
  <token t_id="249" sentence="4" number="21">展</token>
  <token t_id="250" sentence="4" number="22">现</token>
  <token t_id="251" sentence="4" number="23">场</token>
  <token t_id="252" sentence="4" number="24">及</token>
  <token t_id="253" sentence="4" number="25">善</token>
  <token t_id="254" sentence="4" number="26">后</token>
  <token t_id="255" sentence="4" number="27">处</token>
  <token t_id="256" sentence="4" number="28">置</token>
  <token t_id="257" sentence="4" number="29">工</token>
  <token t_id="258" sentence="4" number="30">作</token>
  <Markables>
    <ACTION m_id="41968" comment="">
      <token_anchor t_id="30" />
      <token_anchor t_id="31" />
    </ACTION>
    <ACTION m_id="41969" comment="">
      <token_anchor t_id="68" />
      <token_anchor t_id="69" />
      <token_anchor t_id="70" />
      <token_anchor t_id="71" />
      <token_anchor t_id="72" />
      <token_anchor t_id="73" />
    </ACTION>
    <ACTION m_id="41970" comment="">
      <token_anchor t_id="78" />
      <token_anchor t_id="79" />
    </ACTION>
    <ACTION m_id="41971" comment="">
      <token_anchor t_id="84" />
      <token_anchor t_id="85" />
    </ACTION>
    <ACTION m_id="41972" comment="">
      <token_anchor t_id="113" />
      <token_anchor t_id="114" />
      <token_anchor t_id="115" />
      <token_anchor t_id="116" />
    </ACTION>
    <ACTION m_id="41973" comment="">
      <token_anchor t_id="120" />
      <token_anchor t_id="121" />
    </ACTION>
    <ACTION_CAUSATIVE m_id="41974" comment="">
      <token_anchor t_id="75" />
    </ACTION_CAUSATIVE>
    <ACTION m_id="41975" comment="">
      <token_anchor t_id="123" />
      <token_anchor t_id="124" />
    </ACTION>
    <ACTION m_id="41976" comment="">
      <token_anchor t_id="135" />
      <token_anchor t_id="136" />
    </ACTION>
    <ACTION m_id="41978" comment="">
      <token_anchor t_id="154" />
      <token_anchor t_id="155" />
    </ACTION>
    <ACTION m_id="41979" comment="">
      <token_anchor t_id="158" />
      <token_anchor t_id="159" />
    </ACTION>
    <ACTION m_id="41980" comment="">
      <token_anchor t_id="163" />
      <token_anchor t_id="164" />
    </ACTION>
    <ACTION m_id="41981" comment="">
      <token_anchor t_id="197" />
      <token_anchor t_id="198" />
    </ACTION>
    <ACTION m_id="41983" comment="">
      <token_anchor t_id="209" />
      <token_anchor t_id="210" />
    </ACTION>
    <ACTION m_id="41984" comment="">
      <token_anchor t_id="218" />
      <token_anchor t_id="219" />
    </ACTION>
    <ACTION m_id="41985" comment="">
      <token_anchor t_id="239" />
      <token_anchor t_id="240" />
    </ACTION>
    <ACTION m_id="41987" comment="">
      <token_anchor t_id="248" />
      <token_anchor t_id="249" />
    </ACTION>
  </Markables>
  <Relations>
    <PLOT_LINK r_id="4860" SIGNAL="" relType="causation" CAUSES="FALSE" CAUSED_BY="FALSE">
      <source m_id="41969" />
      <target m_id="41970" />
    </PLOT_LINK>
    <PLOT_LINK r_id="4861" SIGNAL="" relType="causation" CAUSES="FALSE" CAUSED_BY="FALSE">
      <source m_id="41972" />
      <target m_id="41973" />
    </PLOT_LINK>
    <PLOT_LINK r_id="4862" SIGNAL="" relType="causation" CAUSES="FALSE" CAUSED_BY="FALSE">
      <source m_id="41975" />
      <target m_id="41976" />
    </PLOT_LINK>
    <PLOT_LINK r_id="4863" SIGNAL="" relType="causation" CAUSES="FALSE" CAUSED_BY="FALSE">
      <source m_id="41975" />
      <target m_id="41978" />
    </PLOT_LINK>
    <PLOT_LINK r_id="4864" SIGNAL="" relType="causation" CAUSES="FALSE" CAUSED_BY="FALSE">
      <source m_id="41975" />
      <target m_id="41980" />
    </PLOT_LINK>
    <PLOT_LINK r_id="4865" SIGNAL="" relType="causation" CAUSES="FALSE" CAUSED_BY="FALSE">
      <source m_id="41983" />
      <target m_id="41984" />
    </PLOT_LINK>
  </Relations>
</Document>