<?xml version="1.0" encoding="UTF-8"?>
<Document doc_name="3472_ecbplus.xml.xml">
  <token t_id="1" sentence="0" number="0">7</token>
  <token t_id="2" sentence="0" number="1">月</token>
  <token t_id="3" sentence="0" number="2">2</token>
  <token t_id="4" sentence="0" number="3">日</token>
  <token t_id="5" sentence="0" number="4">7</token>
  <token t_id="6" sentence="0" number="5">时</token>
  <token t_id="7" sentence="0" number="6">1</token>
  <token t_id="8" sentence="0" number="7">0</token>
  <token t_id="9" sentence="0" number="8">分</token>
  <token t_id="10" sentence="0" number="9">许</token>
  <token t_id="11" sentence="0" number="10">，</token>
  <token t_id="12" sentence="0" number="11">青</token>
  <token t_id="13" sentence="0" number="12">海</token>
  <token t_id="14" sentence="0" number="13">省</token>
  <token t_id="15" sentence="0" number="14">大</token>
  <token t_id="16" sentence="0" number="15">通</token>
  <token t_id="17" sentence="0" number="16">县</token>
  <token t_id="18" sentence="0" number="17">新</token>
  <token t_id="19" sentence="0" number="18">庄</token>
  <token t_id="20" sentence="0" number="19">镇</token>
  <token t_id="21" sentence="0" number="20">拦</token>
  <token t_id="22" sentence="0" number="21">隆</token>
  <token t_id="23" sentence="0" number="22">口</token>
  <token t_id="24" sentence="0" number="23">村</token>
  <token t_id="25" sentence="0" number="24">发</token>
  <token t_id="26" sentence="0" number="25">生</token>
  <token t_id="27" sentence="0" number="26">山</token>
  <token t_id="28" sentence="0" number="27">体</token>
  <token t_id="29" sentence="0" number="28">塌</token>
  <token t_id="30" sentence="0" number="29">方</token>
  <token t_id="31" sentence="0" number="30">事</token>
  <token t_id="32" sentence="0" number="31">故</token>
  <token t_id="33" sentence="0" number="32">。</token>
  <token t_id="34" sentence="1" number="0">一</token>
  <token t_id="35" sentence="1" number="1">辆</token>
  <token t_id="36" sentence="1" number="2">途</token>
  <token t_id="37" sentence="1" number="3">经</token>
  <token t_id="38" sentence="1" number="4">此</token>
  <token t_id="39" sentence="1" number="5">处</token>
  <token t_id="40" sentence="1" number="6">的</token>
  <token t_id="41" sentence="1" number="7">轿</token>
  <token t_id="42" sentence="1" number="8">车</token>
  <token t_id="43" sentence="1" number="9">被</token>
  <token t_id="44" sentence="1" number="10">大</token>
  <token t_id="45" sentence="1" number="11">量</token>
  <token t_id="46" sentence="1" number="12">泥</token>
  <token t_id="47" sentence="1" number="13">土</token>
  <token t_id="48" sentence="1" number="14">所</token>
  <token t_id="49" sentence="1" number="15">埋</token>
  <token t_id="50" sentence="1" number="16">，</token>
  <token t_id="51" sentence="1" number="17">一</token>
  <token t_id="52" sentence="1" number="18">名</token>
  <token t_id="53" sentence="1" number="19">男</token>
  <token t_id="54" sentence="1" number="20">子</token>
  <token t_id="55" sentence="1" number="21">和</token>
  <token t_id="56" sentence="1" number="22">两</token>
  <token t_id="57" sentence="1" number="23">名</token>
  <token t_id="58" sentence="1" number="24">学</token>
  <token t_id="59" sentence="1" number="25">生</token>
  <token t_id="60" sentence="1" number="26">被</token>
  <token t_id="61" sentence="1" number="27">困</token>
  <token t_id="62" sentence="1" number="28">车</token>
  <token t_id="63" sentence="1" number="29">内</token>
  <token t_id="64" sentence="1" number="30">。</token>
  <token t_id="65" sentence="2" number="0">截</token>
  <token t_id="66" sentence="2" number="1">至</token>
  <token t_id="67" sentence="2" number="2">1</token>
  <token t_id="68" sentence="2" number="3">2</token>
  <token t_id="69" sentence="2" number="4">时</token>
  <token t_id="70" sentence="2" number="5">许</token>
  <token t_id="71" sentence="2" number="6">，</token>
  <token t_id="72" sentence="2" number="7">被</token>
  <token t_id="73" sentence="2" number="8">困</token>
  <token t_id="74" sentence="2" number="9">人</token>
  <token t_id="75" sentence="2" number="10">员</token>
  <token t_id="76" sentence="2" number="11">被</token>
  <token t_id="77" sentence="2" number="12">救</token>
  <token t_id="78" sentence="2" number="13">援</token>
  <token t_id="79" sentence="2" number="14">人</token>
  <token t_id="80" sentence="2" number="15">员</token>
  <token t_id="81" sentence="2" number="16">救</token>
  <token t_id="82" sentence="2" number="17">出</token>
  <token t_id="83" sentence="2" number="18">，</token>
  <token t_id="84" sentence="2" number="19">经</token>
  <token t_id="85" sentence="2" number="20">确</token>
  <token t_id="86" sentence="2" number="21">认</token>
  <token t_id="87" sentence="2" number="22">2</token>
  <token t_id="88" sentence="2" number="23">名</token>
  <token t_id="89" sentence="2" number="24">学</token>
  <token t_id="90" sentence="2" number="25">生</token>
  <token t_id="91" sentence="2" number="26">遇</token>
  <token t_id="92" sentence="2" number="27">难</token>
  <token t_id="93" sentence="2" number="28">，</token>
  <token t_id="94" sentence="2" number="29">男</token>
  <token t_id="95" sentence="2" number="30">子</token>
  <token t_id="96" sentence="2" number="31">被</token>
  <token t_id="97" sentence="2" number="32">送</token>
  <token t_id="98" sentence="2" number="33">往</token>
  <token t_id="99" sentence="2" number="34">医</token>
  <token t_id="100" sentence="2" number="35">院</token>
  <token t_id="101" sentence="2" number="36">接</token>
  <token t_id="102" sentence="2" number="37">受</token>
  <token t_id="103" sentence="2" number="38">救</token>
  <token t_id="104" sentence="2" number="39">治</token>
  <Markables>
    <ACTION m_id="42305" comment="">
      <token_anchor t_id="27" />
      <token_anchor t_id="28" />
      <token_anchor t_id="29" />
      <token_anchor t_id="30" />
      <token_anchor t_id="31" />
      <token_anchor t_id="32" />
    </ACTION>
    <ACTION m_id="42306" comment="">
      <token_anchor t_id="48" />
      <token_anchor t_id="49" />
    </ACTION>
    <ACTION m_id="42307" comment="">
      <token_anchor t_id="60" />
      <token_anchor t_id="61" />
    </ACTION>
    <ACTION m_id="42308" comment="">
      <token_anchor t_id="81" />
      <token_anchor t_id="82" />
    </ACTION>
    <ACTION m_id="42309" comment="">
      <token_anchor t_id="85" />
      <token_anchor t_id="86" />
    </ACTION>
    <ACTION m_id="42310" comment="">
      <token_anchor t_id="91" />
      <token_anchor t_id="92" />
    </ACTION>
    <ACTION m_id="42311" comment="">
      <token_anchor t_id="97" />
      <token_anchor t_id="98" />
    </ACTION>
    <ACTION m_id="42312" comment="">
      <token_anchor t_id="103" />
      <token_anchor t_id="104" />
    </ACTION>
  </Markables>
  <Relations>
  </Relations>
</Document>