<?xml version="1.0" encoding="UTF-8"?>
<Document doc_name="3476_ecbplus.xml.xml">
  <token t_id="1" sentence="0" number="0">9</token>
  <token t_id="2" sentence="0" number="1">月</token>
  <token t_id="3" sentence="0" number="2">1</token>
  <token t_id="4" sentence="0" number="3">6</token>
  <token t_id="5" sentence="0" number="4">日</token>
  <token t_id="6" sentence="0" number="5">2</token>
  <token t_id="7" sentence="0" number="6">2</token>
  <token t_id="8" sentence="0" number="7">时</token>
  <token t_id="9" sentence="0" number="8">许</token>
  <token t_id="10" sentence="0" number="9">，</token>
  <token t_id="11" sentence="0" number="10">昆</token>
  <token t_id="12" sentence="0" number="11">明</token>
  <token t_id="13" sentence="0" number="12">市</token>
  <token t_id="14" sentence="0" number="13">西</token>
  <token t_id="15" sentence="0" number="14">山</token>
  <token t_id="16" sentence="0" number="15">区</token>
  <token t_id="17" sentence="0" number="16">车</token>
  <token t_id="18" sentence="0" number="17">和</token>
  <token t_id="19" sentence="0" number="18">线</token>
  <token t_id="20" sentence="0" number="19">大</token>
  <token t_id="21" sentence="0" number="20">观</token>
  <token t_id="22" sentence="0" number="21">木</token>
  <token t_id="23" sentence="0" number="22">业</token>
  <token t_id="24" sentence="0" number="23">有</token>
  <token t_id="25" sentence="0" number="24">限</token>
  <token t_id="26" sentence="0" number="25">责</token>
  <token t_id="27" sentence="0" number="26">任</token>
  <token t_id="28" sentence="0" number="27">公</token>
  <token t_id="29" sentence="0" number="28">司</token>
  <token t_id="30" sentence="0" number="29">后</token>
  <token t_id="31" sentence="0" number="30">山</token>
  <token t_id="32" sentence="0" number="31">发</token>
  <token t_id="33" sentence="0" number="32">生</token>
  <token t_id="34" sentence="0" number="33">山</token>
  <token t_id="35" sentence="0" number="34">体</token>
  <token t_id="36" sentence="0" number="35">塌</token>
  <token t_id="37" sentence="0" number="36">方</token>
  <token t_id="38" sentence="0" number="37">事</token>
  <token t_id="39" sentence="0" number="38">故</token>
  <token t_id="40" sentence="0" number="39">。</token>
  <token t_id="41" sentence="1" number="0">接</token>
  <token t_id="42" sentence="1" number="1">报</token>
  <token t_id="43" sentence="1" number="2">后</token>
  <token t_id="44" sentence="1" number="3">西</token>
  <token t_id="45" sentence="1" number="4">山</token>
  <token t_id="46" sentence="1" number="5">区</token>
  <token t_id="47" sentence="1" number="6">立</token>
  <token t_id="48" sentence="1" number="7">即</token>
  <token t_id="49" sentence="1" number="8">启</token>
  <token t_id="50" sentence="1" number="9">动</token>
  <token t_id="51" sentence="1" number="10">应</token>
  <token t_id="52" sentence="1" number="11">急</token>
  <token t_id="53" sentence="1" number="12">预</token>
  <token t_id="54" sentence="1" number="13">案</token>
  <token t_id="55" sentence="1" number="14">，</token>
  <token t_id="56" sentence="1" number="15">区</token>
  <token t_id="57" sentence="1" number="16">委</token>
  <token t_id="58" sentence="1" number="17">主</token>
  <token t_id="59" sentence="1" number="18">要</token>
  <token t_id="60" sentence="1" number="19">领</token>
  <token t_id="61" sentence="1" number="20">导</token>
  <token t_id="62" sentence="1" number="21">第</token>
  <token t_id="63" sentence="1" number="22">一</token>
  <token t_id="64" sentence="1" number="23">时</token>
  <token t_id="65" sentence="1" number="24">间</token>
  <token t_id="66" sentence="1" number="25">带</token>
  <token t_id="67" sentence="1" number="26">队</token>
  <token t_id="68" sentence="1" number="27">赶</token>
  <token t_id="69" sentence="1" number="28">赴</token>
  <token t_id="70" sentence="1" number="29">现</token>
  <token t_id="71" sentence="1" number="30">场</token>
  <token t_id="72" sentence="1" number="31">指</token>
  <token t_id="73" sentence="1" number="32">挥</token>
  <token t_id="74" sentence="1" number="33">救</token>
  <token t_id="75" sentence="1" number="34">援</token>
  <token t_id="76" sentence="1" number="35">，</token>
  <token t_id="77" sentence="1" number="36">调</token>
  <token t_id="78" sentence="1" number="37">集</token>
  <token t_id="79" sentence="1" number="38">消</token>
  <token t_id="80" sentence="1" number="39">防</token>
  <token t_id="81" sentence="1" number="40">、</token>
  <token t_id="82" sentence="1" number="41">自</token>
  <token t_id="83" sentence="1" number="42">然</token>
  <token t_id="84" sentence="1" number="43">资</token>
  <token t_id="85" sentence="1" number="44">源</token>
  <token t_id="86" sentence="1" number="45">、</token>
  <token t_id="87" sentence="1" number="46">公</token>
  <token t_id="88" sentence="1" number="47">安</token>
  <token t_id="89" sentence="1" number="48">、</token>
  <token t_id="90" sentence="1" number="49">交</token>
  <token t_id="91" sentence="1" number="50">警</token>
  <token t_id="92" sentence="1" number="51">、</token>
  <token t_id="93" sentence="1" number="52">交</token>
  <token t_id="94" sentence="1" number="53">运</token>
  <token t_id="95" sentence="1" number="54">、</token>
  <token t_id="96" sentence="1" number="55">应</token>
  <token t_id="97" sentence="1" number="56">急</token>
  <token t_id="98" sentence="1" number="57">、</token>
  <token t_id="99" sentence="1" number="58">卫</token>
  <token t_id="100" sentence="1" number="59">健</token>
  <token t_id="101" sentence="1" number="60">、</token>
  <token t_id="102" sentence="1" number="61">属</token>
  <token t_id="103" sentence="1" number="62">地</token>
  <token t_id="104" sentence="1" number="63">街</token>
  <token t_id="105" sentence="1" number="64">道</token>
  <token t_id="106" sentence="1" number="65">等</token>
  <token t_id="107" sentence="1" number="66">相</token>
  <token t_id="108" sentence="1" number="67">关</token>
  <token t_id="109" sentence="1" number="68">部</token>
  <token t_id="110" sentence="1" number="69">门</token>
  <token t_id="111" sentence="1" number="70">开</token>
  <token t_id="112" sentence="1" number="71">展</token>
  <token t_id="113" sentence="1" number="72">救</token>
  <token t_id="114" sentence="1" number="73">援</token>
  <token t_id="115" sentence="1" number="74">处</token>
  <token t_id="116" sentence="1" number="75">置</token>
  <token t_id="117" sentence="1" number="76">工</token>
  <token t_id="118" sentence="1" number="77">作</token>
  <token t_id="119" sentence="1" number="78">。</token>
  <token t_id="120" sentence="2" number="0">经</token>
  <token t_id="121" sentence="2" number="1">初</token>
  <token t_id="122" sentence="2" number="2">步</token>
  <token t_id="123" sentence="2" number="3">核</token>
  <token t_id="124" sentence="2" number="4">实</token>
  <token t_id="125" sentence="2" number="5">，</token>
  <token t_id="126" sentence="2" number="6">大</token>
  <token t_id="127" sentence="2" number="7">观</token>
  <token t_id="128" sentence="2" number="8">木</token>
  <token t_id="129" sentence="2" number="9">业</token>
  <token t_id="130" sentence="2" number="10">有</token>
  <token t_id="131" sentence="2" number="11">限</token>
  <token t_id="132" sentence="2" number="12">责</token>
  <token t_id="133" sentence="2" number="13">任</token>
  <token t_id="134" sentence="2" number="14">公</token>
  <token t_id="135" sentence="2" number="15">司</token>
  <token t_id="136" sentence="2" number="16">宿</token>
  <token t_id="137" sentence="2" number="17">舍</token>
  <token t_id="138" sentence="2" number="18">后</token>
  <token t_id="139" sentence="2" number="19">山</token>
  <token t_id="140" sentence="2" number="20">突</token>
  <token t_id="141" sentence="2" number="21">发</token>
  <token t_id="142" sentence="2" number="22">山</token>
  <token t_id="143" sentence="2" number="23">体</token>
  <token t_id="144" sentence="2" number="24">塌</token>
  <token t_id="145" sentence="2" number="25">方</token>
  <token t_id="146" sentence="2" number="26">，</token>
  <token t_id="147" sentence="2" number="27">3</token>
  <token t_id="148" sentence="2" number="28">人</token>
  <token t_id="149" sentence="2" number="29">被</token>
  <token t_id="150" sentence="2" number="30">困</token>
  <token t_id="151" sentence="2" number="31">。</token>
  <token t_id="152" sentence="3" number="0">经</token>
  <token t_id="153" sentence="3" number="1">全</token>
  <token t_id="154" sentence="3" number="2">力</token>
  <token t_id="155" sentence="3" number="3">搜</token>
  <token t_id="156" sentence="3" number="4">救</token>
  <token t_id="157" sentence="3" number="5">，</token>
  <token t_id="158" sentence="3" number="6">3</token>
  <token t_id="159" sentence="3" number="7">名</token>
  <token t_id="160" sentence="3" number="8">被</token>
  <token t_id="161" sentence="3" number="9">困</token>
  <token t_id="162" sentence="3" number="10">人</token>
  <token t_id="163" sentence="3" number="11">员</token>
  <token t_id="164" sentence="3" number="12">找</token>
  <token t_id="165" sentence="3" number="13">到</token>
  <token t_id="166" sentence="3" number="14">后</token>
  <token t_id="167" sentence="3" number="15">已</token>
  <token t_id="168" sentence="3" number="16">无</token>
  <token t_id="169" sentence="3" number="17">生</token>
  <token t_id="170" sentence="3" number="18">命</token>
  <token t_id="171" sentence="3" number="19">体</token>
  <token t_id="172" sentence="3" number="20">征</token>
  <token t_id="173" sentence="3" number="21">。</token>
  <token t_id="174" sentence="4" number="0">西</token>
  <token t_id="175" sentence="4" number="1">山</token>
  <token t_id="176" sentence="4" number="2">区</token>
  <token t_id="177" sentence="4" number="3">正</token>
  <token t_id="178" sentence="4" number="4">在</token>
  <token t_id="179" sentence="4" number="5">组</token>
  <token t_id="180" sentence="4" number="6">织</token>
  <token t_id="181" sentence="4" number="7">原</token>
  <token t_id="182" sentence="4" number="8">因</token>
  <token t_id="183" sentence="4" number="9">调</token>
  <token t_id="184" sentence="4" number="10">查</token>
  <token t_id="185" sentence="4" number="11">，</token>
  <token t_id="186" sentence="4" number="12">积</token>
  <token t_id="187" sentence="4" number="13">极</token>
  <token t_id="188" sentence="4" number="14">开</token>
  <token t_id="189" sentence="4" number="15">展</token>
  <token t_id="190" sentence="4" number="16">现</token>
  <token t_id="191" sentence="4" number="17">场</token>
  <token t_id="192" sentence="4" number="18">及</token>
  <token t_id="193" sentence="4" number="19">善</token>
  <token t_id="194" sentence="4" number="20">后</token>
  <token t_id="195" sentence="4" number="21">处</token>
  <token t_id="196" sentence="4" number="22">置</token>
  <token t_id="197" sentence="4" number="23">工</token>
  <token t_id="198" sentence="4" number="24">作</token>
  <Markables>
    <ACTION m_id="42376" comment="">
      <token_anchor t_id="34" />
      <token_anchor t_id="35" />
      <token_anchor t_id="36" />
      <token_anchor t_id="37" />
      <token_anchor t_id="38" />
      <token_anchor t_id="39" />
    </ACTION>
    <ACTION m_id="42377" comment="">
      <token_anchor t_id="41" />
      <token_anchor t_id="42" />
    </ACTION>
    <ACTION m_id="42378" comment="">
      <token_anchor t_id="49" />
      <token_anchor t_id="50" />
    </ACTION>
    <ACTION m_id="42379" comment="">
      <token_anchor t_id="68" />
      <token_anchor t_id="69" />
    </ACTION>
    <ACTION m_id="42380" comment="">
      <token_anchor t_id="72" />
      <token_anchor t_id="73" />
    </ACTION>
    <ACTION m_id="42382" comment="">
      <token_anchor t_id="77" />
      <token_anchor t_id="78" />
    </ACTION>
    <ACTION m_id="42383" comment="">
      <token_anchor t_id="113" />
      <token_anchor t_id="114" />
    </ACTION>
    <ACTION m_id="42384" comment="">
      <token_anchor t_id="123" />
      <token_anchor t_id="124" />
    </ACTION>
    <ACTION m_id="42385" comment="">
      <token_anchor t_id="142" />
      <token_anchor t_id="143" />
      <token_anchor t_id="144" />
      <token_anchor t_id="145" />
    </ACTION>
    <ACTION m_id="42386" comment="">
      <token_anchor t_id="149" />
      <token_anchor t_id="150" />
    </ACTION>
    <ACTION m_id="42387" comment="">
      <token_anchor t_id="155" />
      <token_anchor t_id="156" />
    </ACTION>
    <ACTION m_id="42389" comment="">
      <token_anchor t_id="164" />
      <token_anchor t_id="165" />
    </ACTION>
    <ACTION m_id="42390" comment="">
      <token_anchor t_id="179" />
      <token_anchor t_id="180" />
    </ACTION>
    <ACTION m_id="42392" comment="">
      <token_anchor t_id="193" />
      <token_anchor t_id="194" />
    </ACTION>
  </Markables>
  <Relations>
    <PLOT_LINK r_id="4945" SIGNAL="" relType="causation" CAUSES="FALSE" CAUSED_BY="FALSE">
      <source m_id="42377" />
      <target m_id="42378" />
    </PLOT_LINK>
    <PLOT_LINK r_id="4946" SIGNAL="" relType="causation" CAUSES="FALSE" CAUSED_BY="FALSE">
      <source m_id="42377" />
      <target m_id="42379" />
    </PLOT_LINK>
    <PLOT_LINK r_id="4947" SIGNAL="" relType="causation" CAUSES="FALSE" CAUSED_BY="FALSE">
      <source m_id="42377" />
      <target m_id="42382" />
    </PLOT_LINK>
    <PLOT_LINK r_id="4948" SIGNAL="" relType="causation" CAUSES="FALSE" CAUSED_BY="FALSE">
      <source m_id="42385" />
      <target m_id="42386" />
    </PLOT_LINK>
    <PLOT_LINK r_id="4949" SIGNAL="" relType="causation" CAUSES="FALSE" CAUSED_BY="FALSE">
      <source m_id="42387" />
      <target m_id="42389" />
    </PLOT_LINK>
  </Relations>
</Document>