<?xml version="1.0" encoding="UTF-8"?>
<Document doc_name="3731_ecbplus.xml.xml">
  <token t_id="1" sentence="0" number="0">受</token>
  <token t_id="2" sentence="0" number="1">强</token>
  <token t_id="3" sentence="0" number="2">降</token>
  <token t_id="4" sentence="0" number="3">雨</token>
  <token t_id="5" sentence="0" number="4">影</token>
  <token t_id="6" sentence="0" number="5">响</token>
  <token t_id="7" sentence="0" number="6">，</token>
  <token t_id="8" sentence="0" number="7">9</token>
  <token t_id="9" sentence="0" number="8">月</token>
  <token t_id="10" sentence="0" number="9">1</token>
  <token t_id="11" sentence="0" number="10">8</token>
  <token t_id="12" sentence="0" number="11">日</token>
  <token t_id="13" sentence="0" number="12">晚</token>
  <token t_id="14" sentence="0" number="13">上</token>
  <token t_id="15" sentence="0" number="14">9</token>
  <token t_id="16" sentence="0" number="15">时</token>
  <token t_id="17" sentence="0" number="16">许</token>
  <token t_id="18" sentence="0" number="17">，</token>
  <token t_id="19" sentence="0" number="18">陕</token>
  <token t_id="20" sentence="0" number="19">西</token>
  <token t_id="21" sentence="0" number="20">汉</token>
  <token t_id="22" sentence="0" number="21">阴</token>
  <token t_id="23" sentence="0" number="22">汉</token>
  <token t_id="24" sentence="0" number="23">漩</token>
  <token t_id="25" sentence="0" number="24">路</token>
  <token t_id="26" sentence="0" number="25">多</token>
  <token t_id="27" sentence="0" number="26">处</token>
  <token t_id="28" sentence="0" number="27">路</token>
  <token t_id="29" sentence="0" number="28">段</token>
  <token t_id="30" sentence="0" number="29">发</token>
  <token t_id="31" sentence="0" number="30">生</token>
  <token t_id="32" sentence="0" number="31">大</token>
  <token t_id="33" sentence="0" number="32">面</token>
  <token t_id="34" sentence="0" number="33">积</token>
  <token t_id="35" sentence="0" number="34">山</token>
  <token t_id="36" sentence="0" number="35">体</token>
  <token t_id="37" sentence="0" number="36">滑</token>
  <token t_id="38" sentence="0" number="37">坡</token>
  <token t_id="39" sentence="0" number="38">，</token>
  <token t_id="40" sentence="0" number="39">其</token>
  <token t_id="41" sentence="0" number="40">中</token>
  <token t_id="42" sentence="0" number="41">最</token>
  <token t_id="43" sentence="0" number="42">大</token>
  <token t_id="44" sentence="0" number="43">一</token>
  <token t_id="45" sentence="0" number="44">处</token>
  <token t_id="46" sentence="0" number="45">塌</token>
  <token t_id="47" sentence="0" number="46">方</token>
  <token t_id="48" sentence="0" number="47">量</token>
  <token t_id="49" sentence="0" number="48">7</token>
  <token t_id="50" sentence="0" number="49">5</token>
  <token t_id="51" sentence="0" number="50">0</token>
  <token t_id="52" sentence="0" number="51">0</token>
  <token t_id="53" sentence="0" number="52">立</token>
  <token t_id="54" sentence="0" number="53">方</token>
  <token t_id="55" sentence="0" number="54">米</token>
  <token t_id="56" sentence="0" number="55">左</token>
  <token t_id="57" sentence="0" number="56">右</token>
  <token t_id="58" sentence="0" number="57">，</token>
  <token t_id="59" sentence="0" number="58">塌</token>
  <token t_id="60" sentence="0" number="59">方</token>
  <token t_id="61" sentence="0" number="60">导</token>
  <token t_id="62" sentence="0" number="61">致</token>
  <token t_id="63" sentence="0" number="62">交</token>
  <token t_id="64" sentence="0" number="63">通</token>
  <token t_id="65" sentence="0" number="64">中</token>
  <token t_id="66" sentence="0" number="65">断</token>
  <token t_id="67" sentence="0" number="66">，</token>
  <token t_id="68" sentence="0" number="67">当</token>
  <token t_id="69" sentence="0" number="68">地</token>
  <token t_id="70" sentence="0" number="69">交</token>
  <token t_id="71" sentence="0" number="70">警</token>
  <token t_id="72" sentence="0" number="71">部</token>
  <token t_id="73" sentence="0" number="72">门</token>
  <token t_id="74" sentence="0" number="73">对</token>
  <token t_id="75" sentence="0" number="74">塌</token>
  <token t_id="76" sentence="0" number="75">方</token>
  <token t_id="77" sentence="0" number="76">路</token>
  <token t_id="78" sentence="0" number="77">段</token>
  <token t_id="79" sentence="0" number="78">实</token>
  <token t_id="80" sentence="0" number="79">施</token>
  <token t_id="81" sentence="0" number="80">交</token>
  <token t_id="82" sentence="0" number="81">通</token>
  <token t_id="83" sentence="0" number="82">管</token>
  <token t_id="84" sentence="0" number="83">制</token>
  <token t_id="85" sentence="0" number="84">。</token>
  <token t_id="86" sentence="1" number="0">9</token>
  <token t_id="87" sentence="1" number="1">月</token>
  <token t_id="88" sentence="1" number="2">1</token>
  <token t_id="89" sentence="1" number="3">9</token>
  <token t_id="90" sentence="1" number="4">日</token>
  <token t_id="91" sentence="1" number="5">早</token>
  <token t_id="92" sentence="1" number="6">上</token>
  <token t_id="93" sentence="1" number="7">5</token>
  <token t_id="94" sentence="1" number="8">时</token>
  <token t_id="95" sentence="1" number="9">许</token>
  <token t_id="96" sentence="1" number="10">，</token>
  <token t_id="97" sentence="1" number="11">当</token>
  <token t_id="98" sentence="1" number="12">地</token>
  <token t_id="99" sentence="1" number="13">降</token>
  <token t_id="100" sentence="1" number="14">雨</token>
  <token t_id="101" sentence="1" number="15">减</token>
  <token t_id="102" sentence="1" number="16">弱</token>
  <token t_id="103" sentence="1" number="17">，</token>
  <token t_id="104" sentence="1" number="18">相</token>
  <token t_id="105" sentence="1" number="19">关</token>
  <token t_id="106" sentence="1" number="20">部</token>
  <token t_id="107" sentence="1" number="21">门</token>
  <token t_id="108" sentence="1" number="22">组</token>
  <token t_id="109" sentence="1" number="23">织</token>
  <token t_id="110" sentence="1" number="24">1</token>
  <token t_id="111" sentence="1" number="25">0</token>
  <token t_id="112" sentence="1" number="26">台</token>
  <token t_id="113" sentence="1" number="27">工</token>
  <token t_id="114" sentence="1" number="28">程</token>
  <token t_id="115" sentence="1" number="29">运</token>
  <token t_id="116" sentence="1" number="30">输</token>
  <token t_id="117" sentence="1" number="31">车</token>
  <token t_id="118" sentence="1" number="32">辆</token>
  <token t_id="119" sentence="1" number="33">，</token>
  <token t_id="120" sentence="1" number="34">2</token>
  <token t_id="121" sentence="1" number="35">台</token>
  <token t_id="122" sentence="1" number="36">挖</token>
  <token t_id="123" sentence="1" number="37">掘</token>
  <token t_id="124" sentence="1" number="38">机</token>
  <token t_id="125" sentence="1" number="39">、</token>
  <token t_id="126" sentence="1" number="40">2</token>
  <token t_id="127" sentence="1" number="41">台</token>
  <token t_id="128" sentence="1" number="42">铲</token>
  <token t_id="129" sentence="1" number="43">车</token>
  <token t_id="130" sentence="1" number="44">进</token>
  <token t_id="131" sentence="1" number="45">行</token>
  <token t_id="132" sentence="1" number="46">道</token>
  <token t_id="133" sentence="1" number="47">路</token>
  <token t_id="134" sentence="1" number="48">抢</token>
  <token t_id="135" sentence="1" number="49">险</token>
  <token t_id="136" sentence="1" number="50">工</token>
  <token t_id="137" sentence="1" number="51">作</token>
  <token t_id="138" sentence="1" number="52">，</token>
  <token t_id="139" sentence="1" number="53">预</token>
  <token t_id="140" sentence="1" number="54">计</token>
  <token t_id="141" sentence="1" number="55">1</token>
  <token t_id="142" sentence="1" number="56">9</token>
  <token t_id="143" sentence="1" number="57">日</token>
  <token t_id="144" sentence="1" number="58">下</token>
  <token t_id="145" sentence="1" number="59">午</token>
  <token t_id="146" sentence="1" number="60">能</token>
  <token t_id="147" sentence="1" number="61">抢</token>
  <token t_id="148" sentence="1" number="62">通</token>
  <token t_id="149" sentence="1" number="63">便</token>
  <token t_id="150" sentence="1" number="64">道</token>
  <token t_id="151" sentence="1" number="65">。</token>
  <token t_id="152" sentence="2" number="0">交</token>
  <token t_id="153" sentence="2" number="1">管</token>
  <token t_id="154" sentence="2" number="2">部</token>
  <token t_id="155" sentence="2" number="3">门</token>
  <token t_id="156" sentence="2" number="4">提</token>
  <token t_id="157" sentence="2" number="5">醒</token>
  <token t_id="158" sentence="2" number="6">广</token>
  <token t_id="159" sentence="2" number="7">大</token>
  <token t_id="160" sentence="2" number="8">司</token>
  <token t_id="161" sentence="2" number="9">乘</token>
  <token t_id="162" sentence="2" number="10">人</token>
  <token t_id="163" sentence="2" number="11">员</token>
  <token t_id="164" sentence="2" number="12">、</token>
  <token t_id="165" sentence="2" number="13">行</token>
  <token t_id="166" sentence="2" number="14">人</token>
  <token t_id="167" sentence="2" number="15">积</token>
  <token t_id="168" sentence="2" number="16">极</token>
  <token t_id="169" sentence="2" number="17">配</token>
  <token t_id="170" sentence="2" number="18">合</token>
  <token t_id="171" sentence="2" number="19">，</token>
  <token t_id="172" sentence="2" number="20">自</token>
  <token t_id="173" sentence="2" number="21">觉</token>
  <token t_id="174" sentence="2" number="22">服</token>
  <token t_id="175" sentence="2" number="23">从</token>
  <token t_id="176" sentence="2" number="24">交</token>
  <token t_id="177" sentence="2" number="25">通</token>
  <token t_id="178" sentence="2" number="26">管</token>
  <token t_id="179" sentence="2" number="27">理</token>
  <token t_id="180" sentence="2" number="28">，</token>
  <token t_id="181" sentence="2" number="29">恶</token>
  <token t_id="182" sentence="2" number="30">劣</token>
  <token t_id="183" sentence="2" number="31">天</token>
  <token t_id="184" sentence="2" number="32">气</token>
  <token t_id="185" sentence="2" number="33">尽</token>
  <token t_id="186" sentence="2" number="34">量</token>
  <token t_id="187" sentence="2" number="35">减</token>
  <token t_id="188" sentence="2" number="36">少</token>
  <token t_id="189" sentence="2" number="37">出</token>
  <token t_id="190" sentence="2" number="38">行</token>
  <token t_id="191" sentence="2" number="39">，</token>
  <token t_id="192" sentence="2" number="40">通</token>
  <token t_id="193" sentence="2" number="41">行</token>
  <token t_id="194" sentence="2" number="42">时</token>
  <token t_id="195" sentence="2" number="43">请</token>
  <token t_id="196" sentence="2" number="44">注</token>
  <token t_id="197" sentence="2" number="45">意</token>
  <token t_id="198" sentence="2" number="46">观</token>
  <token t_id="199" sentence="2" number="47">察</token>
  <token t_id="200" sentence="2" number="48">道</token>
  <token t_id="201" sentence="2" number="49">路</token>
  <token t_id="202" sentence="2" number="50">，</token>
  <token t_id="203" sentence="2" number="51">做</token>
  <token t_id="204" sentence="2" number="52">到</token>
  <token t_id="205" sentence="2" number="53">确</token>
  <token t_id="206" sentence="2" number="54">认</token>
  <token t_id="207" sentence="2" number="55">安</token>
  <token t_id="208" sentence="2" number="56">全</token>
  <token t_id="209" sentence="2" number="57">后</token>
  <token t_id="210" sentence="2" number="58">减</token>
  <token t_id="211" sentence="2" number="59">速</token>
  <token t_id="212" sentence="2" number="60">慢</token>
  <token t_id="213" sentence="2" number="61">行</token>
  <Markables>
    <ACTION m_id="47064" comment="">
      <token_anchor t_id="3" />
      <token_anchor t_id="4" />
    </ACTION>
    <ACTION m_id="47065" comment="">
      <token_anchor t_id="35" />
      <token_anchor t_id="36" />
      <token_anchor t_id="37" />
      <token_anchor t_id="38" />
    </ACTION>
    <ACTION m_id="47066" comment="">
      <token_anchor t_id="59" />
      <token_anchor t_id="60" />
    </ACTION>
    <ACTION m_id="47067" comment="">
      <token_anchor t_id="65" />
      <token_anchor t_id="66" />
    </ACTION>
    <ACTION m_id="47069" comment="">
      <token_anchor t_id="101" />
      <token_anchor t_id="102" />
    </ACTION>
    <ACTION m_id="47070" comment="">
      <token_anchor t_id="108" />
      <token_anchor t_id="109" />
    </ACTION>
    <ACTION_CAUSATIVE m_id="47071" comment="">
      <token_anchor t_id="61" />
      <token_anchor t_id="62" />
    </ACTION_CAUSATIVE>
    <ACTION m_id="47072" comment="">
      <token_anchor t_id="134" />
      <token_anchor t_id="135" />
    </ACTION>
    <ACTION m_id="47073" comment="">
      <token_anchor t_id="147" />
      <token_anchor t_id="148" />
    </ACTION>
    <ACTION m_id="47074" comment="">
      <token_anchor t_id="156" />
      <token_anchor t_id="157" />
    </ACTION>
    <ACTION m_id="47075" comment="">
      <token_anchor t_id="169" />
      <token_anchor t_id="170" />
    </ACTION>
    <ACTION m_id="47076" comment="">
      <token_anchor t_id="174" />
      <token_anchor t_id="175" />
    </ACTION>
    <ACTION m_id="47078" comment="">
      <token_anchor t_id="187" />
      <token_anchor t_id="188" />
    </ACTION>
    <ACTION m_id="47080" comment="">
      <token_anchor t_id="198" />
      <token_anchor t_id="199" />
    </ACTION>
    <ACTION m_id="57690" comment="">
      <token_anchor t_id="79" />
      <token_anchor t_id="80" />
    </ACTION>
    <ACTION m_id="57691" comment="">
      <token_anchor t_id="203" />
      <token_anchor t_id="204" />
    </ACTION>
  </Markables>
  <Relations>
    <PLOT_LINK r_id="5965" SIGNAL="" relType="causation" CAUSES="FALSE" CAUSED_BY="FALSE">
      <source m_id="47064" />
      <target m_id="47065" />
    </PLOT_LINK>
    <PLOT_LINK r_id="5966" SIGNAL="" relType="causation" CAUSES="FALSE" CAUSED_BY="FALSE">
      <source m_id="47065" />
      <target m_id="47066" />
    </PLOT_LINK>
    <PLOT_LINK r_id="5967" SIGNAL="" relType="causation" CAUSES="FALSE" CAUSED_BY="FALSE">
      <source m_id="47066" />
      <target m_id="47067" />
    </PLOT_LINK>
    <PLOT_LINK r_id="5969" SIGNAL="" relType="causation" CAUSES="FALSE" CAUSED_BY="FALSE">
      <source m_id="47067" />
      <target m_id="57690" />
    </PLOT_LINK>
  </Relations>
</Document>