<?xml version="1.0" encoding="UTF-8"?>
<Document doc_name="3748_ecbplus.xml.xml">
  <token t_id="1" sentence="0" number="0">当</token>
  <token t_id="2" sentence="0" number="1">地</token>
  <token t_id="3" sentence="0" number="2">时</token>
  <token t_id="4" sentence="0" number="3">间</token>
  <token t_id="5" sentence="0" number="4">6</token>
  <token t_id="6" sentence="0" number="5">月</token>
  <token t_id="7" sentence="0" number="6">3</token>
  <token t_id="8" sentence="0" number="7">0</token>
  <token t_id="9" sentence="0" number="8">日</token>
  <token t_id="10" sentence="0" number="9">1</token>
  <token t_id="11" sentence="0" number="10">4</token>
  <token t_id="12" sentence="0" number="11">时</token>
  <token t_id="13" sentence="0" number="12">左</token>
  <token t_id="14" sentence="0" number="13">右</token>
  <token t_id="15" sentence="0" number="14">，</token>
  <token t_id="16" sentence="0" number="15">缅</token>
  <token t_id="17" sentence="0" number="16">甸</token>
  <token t_id="18" sentence="0" number="17">克</token>
  <token t_id="19" sentence="0" number="18">钦</token>
  <token t_id="20" sentence="0" number="19">邦</token>
  <token t_id="21" sentence="0" number="20">帕</token>
  <token t_id="22" sentence="0" number="21">敢</token>
  <token t_id="23" sentence="0" number="22">翡</token>
  <token t_id="24" sentence="0" number="23">翠</token>
  <token t_id="25" sentence="0" number="24">矿</token>
  <token t_id="26" sentence="0" number="25">区</token>
  <token t_id="27" sentence="0" number="26">再</token>
  <token t_id="28" sentence="0" number="27">次</token>
  <token t_id="29" sentence="0" number="28">发</token>
  <token t_id="30" sentence="0" number="29">生</token>
  <token t_id="31" sentence="0" number="30">塌</token>
  <token t_id="32" sentence="0" number="31">方</token>
  <token t_id="33" sentence="0" number="32">事</token>
  <token t_id="34" sentence="0" number="33">故</token>
  <token t_id="35" sentence="0" number="34">，</token>
  <token t_id="36" sentence="0" number="35">截</token>
  <token t_id="37" sentence="0" number="36">至</token>
  <token t_id="38" sentence="0" number="37">目</token>
  <token t_id="39" sentence="0" number="38">前</token>
  <token t_id="40" sentence="0" number="39">已</token>
  <token t_id="41" sentence="0" number="40">致</token>
  <token t_id="42" sentence="0" number="41">3</token>
  <token t_id="43" sentence="0" number="42">人</token>
  <token t_id="44" sentence="0" number="43">死</token>
  <token t_id="45" sentence="0" number="44">亡</token>
  <token t_id="46" sentence="0" number="45">，</token>
  <token t_id="47" sentence="0" number="46">1</token>
  <token t_id="48" sentence="0" number="47">人</token>
  <token t_id="49" sentence="0" number="48">重</token>
  <token t_id="50" sentence="0" number="49">伤</token>
  <token t_id="51" sentence="0" number="50">。</token>
  <token t_id="52" sentence="1" number="0">经</token>
  <token t_id="53" sentence="1" number="1">缅</token>
  <token t_id="54" sentence="1" number="2">甸</token>
  <token t_id="55" sentence="1" number="3">矿</token>
  <token t_id="56" sentence="1" number="4">业</token>
  <token t_id="57" sentence="1" number="5">部</token>
  <token t_id="58" sentence="1" number="6">门</token>
  <token t_id="59" sentence="1" number="7">证</token>
  <token t_id="60" sentence="1" number="8">实</token>
  <token t_id="61" sentence="1" number="9">，</token>
  <token t_id="62" sentence="1" number="10">此</token>
  <token t_id="63" sentence="1" number="11">次</token>
  <token t_id="64" sentence="1" number="12">塌</token>
  <token t_id="65" sentence="1" number="13">方</token>
  <token t_id="66" sentence="1" number="14">事</token>
  <token t_id="67" sentence="1" number="15">故</token>
  <token t_id="68" sentence="1" number="16">中</token>
  <token t_id="69" sentence="1" number="17">的</token>
  <token t_id="70" sentence="1" number="18">受</token>
  <token t_id="71" sentence="1" number="19">害</token>
  <token t_id="72" sentence="1" number="20">人</token>
  <token t_id="73" sentence="1" number="21">均</token>
  <token t_id="74" sentence="1" number="22">系</token>
  <token t_id="75" sentence="1" number="23">非</token>
  <token t_id="76" sentence="1" number="24">法</token>
  <token t_id="77" sentence="1" number="25">采</token>
  <token t_id="78" sentence="1" number="26">掘</token>
  <token t_id="79" sentence="1" number="27">人</token>
  <token t_id="80" sentence="1" number="28">员</token>
  <token t_id="81" sentence="1" number="29">。</token>
  <token t_id="82" sentence="2" number="0">2</token>
  <token t_id="83" sentence="2" number="1">0</token>
  <token t_id="84" sentence="2" number="2">2</token>
  <token t_id="85" sentence="2" number="3">0</token>
  <token t_id="86" sentence="2" number="4">年</token>
  <token t_id="87" sentence="2" number="5">6</token>
  <token t_id="88" sentence="2" number="6">月</token>
  <token t_id="89" sentence="2" number="7">2</token>
  <token t_id="90" sentence="2" number="8">6</token>
  <token t_id="91" sentence="2" number="9">日</token>
  <token t_id="92" sentence="2" number="10">，</token>
  <token t_id="93" sentence="2" number="11">缅</token>
  <token t_id="94" sentence="2" number="12">甸</token>
  <token t_id="95" sentence="2" number="13">政</token>
  <token t_id="96" sentence="2" number="14">府</token>
  <token t_id="97" sentence="2" number="15">发</token>
  <token t_id="98" sentence="2" number="16">布</token>
  <token t_id="99" sentence="2" number="17">通</token>
  <token t_id="100" sentence="2" number="18">知</token>
  <token t_id="101" sentence="2" number="19">，</token>
  <token t_id="102" sentence="2" number="20">要</token>
  <token t_id="103" sentence="2" number="21">求</token>
  <token t_id="104" sentence="2" number="22">自</token>
  <token t_id="105" sentence="2" number="23">7</token>
  <token t_id="106" sentence="2" number="24">月</token>
  <token t_id="107" sentence="2" number="25">1</token>
  <token t_id="108" sentence="2" number="26">日</token>
  <token t_id="109" sentence="2" number="27">起</token>
  <token t_id="110" sentence="2" number="28">暂</token>
  <token t_id="111" sentence="2" number="29">停</token>
  <token t_id="112" sentence="2" number="30">克</token>
  <token t_id="113" sentence="2" number="31">钦</token>
  <token t_id="114" sentence="2" number="32">邦</token>
  <token t_id="115" sentence="2" number="33">翡</token>
  <token t_id="116" sentence="2" number="34">翠</token>
  <token t_id="117" sentence="2" number="35">矿</token>
  <token t_id="118" sentence="2" number="36">区</token>
  <token t_id="119" sentence="2" number="37">采</token>
  <token t_id="120" sentence="2" number="38">掘</token>
  <token t_id="121" sentence="2" number="39">作</token>
  <token t_id="122" sentence="2" number="40">业</token>
  <token t_id="123" sentence="2" number="41">。</token>
  <token t_id="124" sentence="3" number="0">但</token>
  <token t_id="125" sentence="3" number="1">是</token>
  <token t_id="126" sentence="3" number="2">，</token>
  <token t_id="127" sentence="3" number="3">禁</token>
  <token t_id="128" sentence="3" number="4">采</token>
  <token t_id="129" sentence="3" number="5">令</token>
  <token t_id="130" sentence="3" number="6">下</token>
  <token t_id="131" sentence="3" number="7">达</token>
  <token t_id="132" sentence="3" number="8">之</token>
  <token t_id="133" sentence="3" number="9">后</token>
  <token t_id="134" sentence="3" number="10">，</token>
  <token t_id="135" sentence="3" number="11">非</token>
  <token t_id="136" sentence="3" number="12">法</token>
  <token t_id="137" sentence="3" number="13">采</token>
  <token t_id="138" sentence="3" number="14">掘</token>
  <token t_id="139" sentence="3" number="15">一</token>
  <token t_id="140" sentence="3" number="16">直</token>
  <token t_id="141" sentence="3" number="17">屡</token>
  <token t_id="142" sentence="3" number="18">禁</token>
  <token t_id="143" sentence="3" number="19">不</token>
  <token t_id="144" sentence="3" number="20">止</token>
  <token t_id="145" sentence="3" number="21">。</token>
  <token t_id="146" sentence="4" number="0">之</token>
  <token t_id="147" sentence="4" number="1">后</token>
  <token t_id="148" sentence="4" number="2">，</token>
  <token t_id="149" sentence="4" number="3">缅</token>
  <token t_id="150" sentence="4" number="4">甸</token>
  <token t_id="151" sentence="4" number="5">政</token>
  <token t_id="152" sentence="4" number="6">府</token>
  <token t_id="153" sentence="4" number="7">进</token>
  <token t_id="154" sentence="4" number="8">一</token>
  <token t_id="155" sentence="4" number="9">步</token>
  <token t_id="156" sentence="4" number="10">严</token>
  <token t_id="157" sentence="4" number="11">格</token>
  <token t_id="158" sentence="4" number="12">实</token>
  <token t_id="159" sentence="4" number="13">施</token>
  <token t_id="160" sentence="4" number="14">禁</token>
  <token t_id="161" sentence="4" number="15">采</token>
  <token t_id="162" sentence="4" number="16">令</token>
  <token t_id="163" sentence="4" number="17">，</token>
  <token t_id="164" sentence="4" number="18">但</token>
  <token t_id="165" sentence="4" number="19">仍</token>
  <token t_id="166" sentence="4" number="20">多</token>
  <token t_id="167" sentence="4" number="21">次</token>
  <token t_id="168" sentence="4" number="22">出</token>
  <token t_id="169" sentence="4" number="23">现</token>
  <token t_id="170" sentence="4" number="24">塌</token>
  <token t_id="171" sentence="4" number="25">方</token>
  <token t_id="172" sentence="4" number="26">事</token>
  <token t_id="173" sentence="4" number="27">故</token>
  <Markables>
    <ACTION m_id="47511" comment="">
      <token_anchor t_id="31" />
      <token_anchor t_id="32" />
      <token_anchor t_id="33" />
      <token_anchor t_id="34" />
    </ACTION>
    <ACTION m_id="47512" comment="">
      <token_anchor t_id="44" />
      <token_anchor t_id="45" />
    </ACTION>
    <ACTION m_id="47513" comment="">
      <token_anchor t_id="49" />
      <token_anchor t_id="50" />
    </ACTION>
    <ACTION m_id="47514" comment="">
      <token_anchor t_id="59" />
      <token_anchor t_id="60" />
    </ACTION>
    <ACTION m_id="47516" comment="">
      <token_anchor t_id="97" />
      <token_anchor t_id="98" />
    </ACTION>
    <ACTION m_id="47517" comment="">
      <token_anchor t_id="110" />
      <token_anchor t_id="111" />
    </ACTION>
    <ACTION_CAUSATIVE m_id="47519" comment="">
      <token_anchor t_id="41" />
    </ACTION_CAUSATIVE>
    <ACTION m_id="47520" comment="">
      <token_anchor t_id="130" />
      <token_anchor t_id="131" />
    </ACTION>
    <ACTION m_id="47522" comment="">
      <token_anchor t_id="158" />
      <token_anchor t_id="159" />
    </ACTION>
    <ACTION m_id="47523" comment="">
      <token_anchor t_id="168" />
      <token_anchor t_id="169" />
    </ACTION>
  </Markables>
  <Relations>
    <PLOT_LINK r_id="6088" SIGNAL="" relType="causation" CAUSES="FALSE" CAUSED_BY="FALSE">
      <source m_id="47511" />
      <target m_id="47512" />
    </PLOT_LINK>
    <PLOT_LINK r_id="6089" SIGNAL="" relType="causation" CAUSES="FALSE" CAUSED_BY="FALSE">
      <source m_id="47511" />
      <target m_id="47513" />
    </PLOT_LINK>
  </Relations>
</Document>