<?xml version="1.0" encoding="UTF-8"?>
<Document doc_name="3750_ecbplus.xml.xml">
  <token t_id="1" sentence="0" number="0">恩</token>
  <token t_id="2" sentence="0" number="1">施</token>
  <token t_id="3" sentence="0" number="2">1</token>
  <token t_id="4" sentence="0" number="3">0</token>
  <token t_id="5" sentence="0" number="4">月</token>
  <token t_id="6" sentence="0" number="5">6</token>
  <token t_id="7" sentence="0" number="6">日</token>
  <token t_id="8" sentence="0" number="7">电</token>
  <token t_id="9" sentence="0" number="8"> </token>
  <token t_id="10" sentence="0" number="9">(</token>
  <token t_id="11" sentence="0" number="10">董</token>
  <token t_id="12" sentence="0" number="11">晓</token>
  <token t_id="13" sentence="0" number="12">斌</token>
  <token t_id="14" sentence="0" number="13">)</token>
  <token t_id="15" sentence="0" number="14">据</token>
  <token t_id="16" sentence="0" number="15">湖</token>
  <token t_id="17" sentence="0" number="16">北</token>
  <token t_id="18" sentence="0" number="17">恩</token>
  <token t_id="19" sentence="0" number="18">施</token>
  <token t_id="20" sentence="0" number="19">市</token>
  <token t_id="21" sentence="0" number="20">政</token>
  <token t_id="22" sentence="0" number="21">府</token>
  <token t_id="23" sentence="0" number="22">官</token>
  <token t_id="24" sentence="0" number="23">方</token>
  <token t_id="25" sentence="0" number="24">消</token>
  <token t_id="26" sentence="0" number="25">息</token>
  <token t_id="27" sentence="0" number="26">，</token>
  <token t_id="28" sentence="0" number="27">恩</token>
  <token t_id="29" sentence="0" number="28">施</token>
  <token t_id="30" sentence="0" number="29">市</token>
  <token t_id="31" sentence="0" number="30">某</token>
  <token t_id="32" sentence="0" number="31">地</token>
  <token t_id="33" sentence="0" number="32">6</token>
  <token t_id="34" sentence="0" number="33">日</token>
  <token t_id="35" sentence="0" number="34">突</token>
  <token t_id="36" sentence="0" number="35">发</token>
  <token t_id="37" sentence="0" number="36">塌</token>
  <token t_id="38" sentence="0" number="37">方</token>
  <token t_id="39" sentence="0" number="38">事</token>
  <token t_id="40" sentence="0" number="39">故</token>
  <token t_id="41" sentence="0" number="40">，</token>
  <token t_id="42" sentence="0" number="41">造</token>
  <token t_id="43" sentence="0" number="42">成</token>
  <token t_id="44" sentence="0" number="43">1</token>
  <token t_id="45" sentence="0" number="44">人</token>
  <token t_id="46" sentence="0" number="45">死</token>
  <token t_id="47" sentence="0" number="46">亡</token>
  <token t_id="48" sentence="0" number="47">，</token>
  <token t_id="49" sentence="0" number="48">1</token>
  <token t_id="50" sentence="0" number="49">人</token>
  <token t_id="51" sentence="0" number="50">受</token>
  <token t_id="52" sentence="0" number="51">伤</token>
  <token t_id="53" sentence="0" number="52">。</token>
  <token t_id="54" sentence="1" number="0">1</token>
  <token t_id="55" sentence="1" number="1">0</token>
  <token t_id="56" sentence="1" number="2">月</token>
  <token t_id="57" sentence="1" number="3">6</token>
  <token t_id="58" sentence="1" number="4">日</token>
  <token t_id="59" sentence="1" number="5">1</token>
  <token t_id="60" sentence="1" number="6">1</token>
  <token t_id="61" sentence="1" number="7">时</token>
  <token t_id="62" sentence="1" number="8">许</token>
  <token t_id="63" sentence="1" number="9">，</token>
  <token t_id="64" sentence="1" number="10">恩</token>
  <token t_id="65" sentence="1" number="11">施</token>
  <token t_id="66" sentence="1" number="12">市</token>
  <token t_id="67" sentence="1" number="13">舞</token>
  <token t_id="68" sentence="1" number="14">阳</token>
  <token t_id="69" sentence="1" number="15">坝</token>
  <token t_id="70" sentence="1" number="16">街</token>
  <token t_id="71" sentence="1" number="17">道</token>
  <token t_id="72" sentence="1" number="18">办</token>
  <token t_id="73" sentence="1" number="19">事</token>
  <token t_id="74" sentence="1" number="20">处</token>
  <token t_id="75" sentence="1" number="21">东</token>
  <token t_id="76" sentence="1" number="22">风</token>
  <token t_id="77" sentence="1" number="23">大</token>
  <token t_id="78" sentence="1" number="24">道</token>
  <token t_id="79" sentence="1" number="25">发</token>
  <token t_id="80" sentence="1" number="26">生</token>
  <token t_id="81" sentence="1" number="27">塌</token>
  <token t_id="82" sentence="1" number="28">方</token>
  <token t_id="83" sentence="1" number="29">事</token>
  <token t_id="84" sentence="1" number="30">故</token>
  <token t_id="85" sentence="1" number="31">，</token>
  <token t_id="86" sentence="1" number="32">塌</token>
  <token t_id="87" sentence="1" number="33">方</token>
  <token t_id="88" sentence="1" number="34">量</token>
  <token t_id="89" sentence="1" number="35">约</token>
  <token t_id="90" sentence="1" number="36">3</token>
  <token t_id="91" sentence="1" number="37">0</token>
  <token t_id="92" sentence="1" number="38">0</token>
  <token t_id="93" sentence="1" number="39">0</token>
  <token t_id="94" sentence="1" number="40">方</token>
  <token t_id="95" sentence="1" number="41">，</token>
  <token t_id="96" sentence="1" number="42">有</token>
  <token t_id="97" sentence="1" number="43">人</token>
  <token t_id="98" sentence="1" number="44">员</token>
  <token t_id="99" sentence="1" number="45">被</token>
  <token t_id="100" sentence="1" number="46">困</token>
  <token t_id="101" sentence="1" number="47">。</token>
  <token t_id="102" sentence="2" number="0">险</token>
  <token t_id="103" sentence="2" number="1">情</token>
  <token t_id="104" sentence="2" number="2">发</token>
  <token t_id="105" sentence="2" number="3">生</token>
  <token t_id="106" sentence="2" number="4">后</token>
  <token t_id="107" sentence="2" number="5">，</token>
  <token t_id="108" sentence="2" number="6">恩</token>
  <token t_id="109" sentence="2" number="7">施</token>
  <token t_id="110" sentence="2" number="8">州</token>
  <token t_id="111" sentence="2" number="9">委</token>
  <token t_id="112" sentence="2" number="10">书</token>
  <token t_id="113" sentence="2" number="11">记</token>
  <token t_id="114" sentence="2" number="12">柯</token>
  <token t_id="115" sentence="2" number="13">俊</token>
  <token t_id="116" sentence="2" number="14">，</token>
  <token t_id="117" sentence="2" number="15">恩</token>
  <token t_id="118" sentence="2" number="16">施</token>
  <token t_id="119" sentence="2" number="17">州</token>
  <token t_id="120" sentence="2" number="18">政</token>
  <token t_id="121" sentence="2" number="19">协</token>
  <token t_id="122" sentence="2" number="20">副</token>
  <token t_id="123" sentence="2" number="21">主</token>
  <token t_id="124" sentence="2" number="22">席</token>
  <token t_id="125" sentence="2" number="23">、</token>
  <token t_id="126" sentence="2" number="24">恩</token>
  <token t_id="127" sentence="2" number="25">施</token>
  <token t_id="128" sentence="2" number="26">市</token>
  <token t_id="129" sentence="2" number="27">委</token>
  <token t_id="130" sentence="2" number="28">书</token>
  <token t_id="131" sentence="2" number="29">记</token>
  <token t_id="132" sentence="2" number="30">向</token>
  <token t_id="133" sentence="2" number="31">前</token>
  <token t_id="134" sentence="2" number="32">进</token>
  <token t_id="135" sentence="2" number="33">第</token>
  <token t_id="136" sentence="2" number="34">一</token>
  <token t_id="137" sentence="2" number="35">时</token>
  <token t_id="138" sentence="2" number="36">间</token>
  <token t_id="139" sentence="2" number="37">赶</token>
  <token t_id="140" sentence="2" number="38">赴</token>
  <token t_id="141" sentence="2" number="39">现</token>
  <token t_id="142" sentence="2" number="40">场</token>
  <token t_id="143" sentence="2" number="41">，</token>
  <token t_id="144" sentence="2" number="42">州</token>
  <token t_id="145" sentence="2" number="43">、</token>
  <token t_id="146" sentence="2" number="44">市</token>
  <token t_id="147" sentence="2" number="45">两</token>
  <token t_id="148" sentence="2" number="46">级</token>
  <token t_id="149" sentence="2" number="47">迅</token>
  <token t_id="150" sentence="2" number="48">速</token>
  <token t_id="151" sentence="2" number="49">组</token>
  <token t_id="152" sentence="2" number="50">织</token>
  <token t_id="153" sentence="2" number="51">公</token>
  <token t_id="154" sentence="2" number="52">安</token>
  <token t_id="155" sentence="2" number="53">、</token>
  <token t_id="156" sentence="2" number="54">消</token>
  <token t_id="157" sentence="2" number="55">防</token>
  <token t_id="158" sentence="2" number="56">、</token>
  <token t_id="159" sentence="2" number="57">应</token>
  <token t_id="160" sentence="2" number="58">急</token>
  <token t_id="161" sentence="2" number="59">、</token>
  <token t_id="162" sentence="2" number="60">卫</token>
  <token t_id="163" sentence="2" number="61">健</token>
  <token t_id="164" sentence="2" number="62">、</token>
  <token t_id="165" sentence="2" number="63">自</token>
  <token t_id="166" sentence="2" number="64">然</token>
  <token t_id="167" sentence="2" number="65">资</token>
  <token t_id="168" sentence="2" number="66">源</token>
  <token t_id="169" sentence="2" number="67">等</token>
  <token t_id="170" sentence="2" number="68">部</token>
  <token t_id="171" sentence="2" number="69">门</token>
  <token t_id="172" sentence="2" number="70">及</token>
  <token t_id="173" sentence="2" number="71">舞</token>
  <token t_id="174" sentence="2" number="72">阳</token>
  <token t_id="175" sentence="2" number="73">坝</token>
  <token t_id="176" sentence="2" number="74">街</token>
  <token t_id="177" sentence="2" number="75">道</token>
  <token t_id="178" sentence="2" number="76">办</token>
  <token t_id="179" sentence="2" number="77">事</token>
  <token t_id="180" sentence="2" number="78">处</token>
  <token t_id="181" sentence="2" number="79">开</token>
  <token t_id="182" sentence="2" number="80">展</token>
  <token t_id="183" sentence="2" number="81">应</token>
  <token t_id="184" sentence="2" number="82">急</token>
  <token t_id="185" sentence="2" number="83">救</token>
  <token t_id="186" sentence="2" number="84">援</token>
  <token t_id="187" sentence="2" number="85">及</token>
  <token t_id="188" sentence="2" number="86">险</token>
  <token t_id="189" sentence="2" number="87">情</token>
  <token t_id="190" sentence="2" number="88">处</token>
  <token t_id="191" sentence="2" number="89">置</token>
  <token t_id="192" sentence="2" number="90">工</token>
  <token t_id="193" sentence="2" number="91">作</token>
  <token t_id="194" sentence="2" number="92">。</token>
  <token t_id="195" sentence="3" number="0">目</token>
  <token t_id="196" sentence="3" number="1">前</token>
  <token t_id="197" sentence="3" number="2">，</token>
  <token t_id="198" sentence="3" number="3">被</token>
  <token t_id="199" sentence="3" number="4">困</token>
  <token t_id="200" sentence="3" number="5">5</token>
  <token t_id="201" sentence="3" number="6">人</token>
  <token t_id="202" sentence="3" number="7">中</token>
  <token t_id="203" sentence="3" number="8">，</token>
  <token t_id="204" sentence="3" number="9">3</token>
  <token t_id="205" sentence="3" number="10">人</token>
  <token t_id="206" sentence="3" number="11">成</token>
  <token t_id="207" sentence="3" number="12">功</token>
  <token t_id="208" sentence="3" number="13">获</token>
  <token t_id="209" sentence="3" number="14">救</token>
  <token t_id="210" sentence="3" number="15">，</token>
  <token t_id="211" sentence="3" number="16">1</token>
  <token t_id="212" sentence="3" number="17">人</token>
  <token t_id="213" sentence="3" number="18">轻</token>
  <token t_id="214" sentence="3" number="19">伤</token>
  <token t_id="215" sentence="3" number="20">送</token>
  <token t_id="216" sentence="3" number="21">医</token>
  <token t_id="217" sentence="3" number="22">，</token>
  <token t_id="218" sentence="3" number="23">1</token>
  <token t_id="219" sentence="3" number="24">人</token>
  <token t_id="220" sentence="3" number="25">死</token>
  <token t_id="221" sentence="3" number="26">亡</token>
  <token t_id="222" sentence="3" number="27">。</token>
  <token t_id="223" sentence="4" number="0">涉</token>
  <token t_id="224" sentence="4" number="1">险</token>
  <token t_id="225" sentence="4" number="2">区</token>
  <token t_id="226" sentence="4" number="3">域</token>
  <token t_id="227" sentence="4" number="4">内</token>
  <token t_id="228" sentence="4" number="5">民</token>
  <token t_id="229" sentence="4" number="6">众</token>
  <token t_id="230" sentence="4" number="7">均</token>
  <token t_id="231" sentence="4" number="8">已</token>
  <token t_id="232" sentence="4" number="9">转</token>
  <token t_id="233" sentence="4" number="10">移</token>
  <token t_id="234" sentence="4" number="11">至</token>
  <token t_id="235" sentence="4" number="12">安</token>
  <token t_id="236" sentence="4" number="13">全</token>
  <token t_id="237" sentence="4" number="14">地</token>
  <token t_id="238" sentence="4" number="15">带</token>
  <token t_id="239" sentence="4" number="16">，</token>
  <token t_id="240" sentence="4" number="17">现</token>
  <token t_id="241" sentence="4" number="18">场</token>
  <token t_id="242" sentence="4" number="19">排</token>
  <token t_id="243" sentence="4" number="20">险</token>
  <token t_id="244" sentence="4" number="21">处</token>
  <token t_id="245" sentence="4" number="22">置</token>
  <token t_id="246" sentence="4" number="23">工</token>
  <token t_id="247" sentence="4" number="24">作</token>
  <token t_id="248" sentence="4" number="25">正</token>
  <token t_id="249" sentence="4" number="26">在</token>
  <token t_id="250" sentence="4" number="27">有</token>
  <token t_id="251" sentence="4" number="28">序</token>
  <token t_id="252" sentence="4" number="29">开</token>
  <token t_id="253" sentence="4" number="30">展</token>
  <Markables>
    <ACTION m_id="47546" comment="">
      <token_anchor t_id="37" />
      <token_anchor t_id="38" />
      <token_anchor t_id="39" />
      <token_anchor t_id="40" />
    </ACTION>
    <ACTION m_id="47547" comment="">
      <token_anchor t_id="46" />
      <token_anchor t_id="47" />
    </ACTION>
    <ACTION m_id="47548" comment="">
      <token_anchor t_id="51" />
      <token_anchor t_id="52" />
    </ACTION>
    <ACTION m_id="47549" comment="">
      <token_anchor t_id="81" />
      <token_anchor t_id="82" />
      <token_anchor t_id="83" />
      <token_anchor t_id="84" />
    </ACTION>
    <ACTION m_id="47550" comment="">
      <token_anchor t_id="99" />
      <token_anchor t_id="100" />
    </ACTION>
    <ACTION m_id="47551" comment="">
      <token_anchor t_id="102" />
      <token_anchor t_id="103" />
    </ACTION>
    <ACTION m_id="47552" comment="">
      <token_anchor t_id="139" />
      <token_anchor t_id="140" />
    </ACTION>
    <ACTION m_id="47553" comment="">
      <token_anchor t_id="151" />
      <token_anchor t_id="152" />
    </ACTION>
    <ACTION_CAUSATIVE m_id="47554" comment="">
      <token_anchor t_id="42" />
      <token_anchor t_id="43" />
    </ACTION_CAUSATIVE>
    <ACTION m_id="47555" comment="">
      <token_anchor t_id="181" />
      <token_anchor t_id="182" />
    </ACTION>
    <ACTION m_id="47556" comment="">
      <token_anchor t_id="190" />
      <token_anchor t_id="191" />
    </ACTION>
    <ACTION m_id="47557" comment="">
      <token_anchor t_id="198" />
      <token_anchor t_id="199" />
    </ACTION>
    <ACTION m_id="47558" comment="">
      <token_anchor t_id="208" />
      <token_anchor t_id="209" />
    </ACTION>
    <ACTION m_id="47559" comment="">
      <token_anchor t_id="215" />
      <token_anchor t_id="216" />
    </ACTION>
    <ACTION m_id="47560" comment="">
      <token_anchor t_id="220" />
      <token_anchor t_id="221" />
    </ACTION>
    <ACTION m_id="47561" comment="">
      <token_anchor t_id="213" />
      <token_anchor t_id="214" />
    </ACTION>
    <ACTION m_id="47562" comment="">
      <token_anchor t_id="232" />
      <token_anchor t_id="233" />
    </ACTION>
    <ACTION m_id="57731" comment="">
      <token_anchor t_id="252" />
      <token_anchor t_id="253" />
    </ACTION>
  </Markables>
  <Relations>
    <PLOT_LINK r_id="6093" SIGNAL="" relType="causation" CAUSES="FALSE" CAUSED_BY="FALSE">
      <source m_id="47546" />
      <target m_id="47547" />
    </PLOT_LINK>
    <PLOT_LINK r_id="6094" SIGNAL="" relType="causation" CAUSES="FALSE" CAUSED_BY="FALSE">
      <source m_id="47546" />
      <target m_id="47548" />
    </PLOT_LINK>
    <PLOT_LINK r_id="6095" SIGNAL="" relType="causation" CAUSES="FALSE" CAUSED_BY="FALSE">
      <source m_id="47549" />
      <target m_id="47550" />
    </PLOT_LINK>
    <PLOT_LINK r_id="6096" SIGNAL="" relType="causation" CAUSES="FALSE" CAUSED_BY="FALSE">
      <source m_id="47551" />
      <target m_id="47552" />
    </PLOT_LINK>
    <PLOT_LINK r_id="6097" SIGNAL="" relType="causation" CAUSES="FALSE" CAUSED_BY="FALSE">
      <source m_id="47551" />
      <target m_id="47553" />
    </PLOT_LINK>
    <PLOT_LINK r_id="6098" SIGNAL="" relType="causation" CAUSES="FALSE" CAUSED_BY="FALSE">
      <source m_id="47561" />
      <target m_id="47559" />
    </PLOT_LINK>
  </Relations>
</Document>