<?xml version="1.0" encoding="UTF-8"?>
<Document doc_name="2210_ecbplus.xml.xml">
  <token t_id="1" sentence="0" number="0">记</token>
  <token t_id="2" sentence="0" number="1">者</token>
  <token t_id="3" sentence="0" number="2">从</token>
  <token t_id="4" sentence="0" number="3">有</token>
  <token t_id="5" sentence="0" number="4">关</token>
  <token t_id="6" sentence="0" number="5">部</token>
  <token t_id="7" sentence="0" number="6">门</token>
  <token t_id="8" sentence="0" number="7">了</token>
  <token t_id="9" sentence="0" number="8">解</token>
  <token t_id="10" sentence="0" number="9">到</token>
  <token t_id="11" sentence="0" number="10">：</token>
  <token t_id="12" sentence="0" number="11">4</token>
  <token t_id="13" sentence="0" number="12">月</token>
  <token t_id="14" sentence="0" number="13">2</token>
  <token t_id="15" sentence="0" number="14">1</token>
  <token t_id="16" sentence="0" number="15">日</token>
  <token t_id="17" sentence="0" number="16">晚</token>
  <token t_id="18" sentence="0" number="17">，</token>
  <token t_id="19" sentence="0" number="18">一</token>
  <token t_id="20" sentence="0" number="19">艘</token>
  <token t_id="21" sentence="0" number="20">象</token>
  <token t_id="22" sentence="0" number="21">山</token>
  <token t_id="23" sentence="0" number="22">籍</token>
  <token t_id="24" sentence="0" number="23">渔</token>
  <token t_id="25" sentence="0" number="24">船</token>
  <token t_id="26" sentence="0" number="25">在</token>
  <token t_id="27" sentence="0" number="26">东</token>
  <token t_id="28" sentence="0" number="27">海</token>
  <token t_id="29" sentence="0" number="28">海</token>
  <token t_id="30" sentence="0" number="29">域</token>
  <token t_id="31" sentence="0" number="30">沉</token>
  <token t_id="32" sentence="0" number="31">没</token>
  <token t_id="33" sentence="0" number="32">，</token>
  <token t_id="34" sentence="0" number="33">船</token>
  <token t_id="35" sentence="0" number="34">上</token>
  <token t_id="36" sentence="0" number="35">共</token>
  <token t_id="37" sentence="0" number="36">有</token>
  <token t_id="38" sentence="0" number="37">6</token>
  <token t_id="39" sentence="0" number="38">名</token>
  <token t_id="40" sentence="0" number="39">船</token>
  <token t_id="41" sentence="0" number="40">员</token>
  <token t_id="42" sentence="0" number="41">，</token>
  <token t_id="43" sentence="0" number="42">目</token>
  <token t_id="44" sentence="0" number="43">前</token>
  <token t_id="45" sentence="0" number="44">5</token>
  <token t_id="46" sentence="0" number="45">人</token>
  <token t_id="47" sentence="0" number="46">失</token>
  <token t_id="48" sentence="0" number="47">联</token>
  <token t_id="49" sentence="0" number="48">。</token>
  <token t_id="50" sentence="1" number="0">据</token>
  <token t_id="51" sentence="1" number="1">初</token>
  <token t_id="52" sentence="1" number="2">步</token>
  <token t_id="53" sentence="1" number="3">了</token>
  <token t_id="54" sentence="1" number="4">解</token>
  <token t_id="55" sentence="1" number="5">：</token>
  <token t_id="56" sentence="1" number="6">该</token>
  <token t_id="57" sentence="1" number="7">渔</token>
  <token t_id="58" sentence="1" number="8">船</token>
  <token t_id="59" sentence="1" number="9">在</token>
  <token t_id="60" sentence="1" number="10">沉</token>
  <token t_id="61" sentence="1" number="11">没</token>
  <token t_id="62" sentence="1" number="12">前</token>
  <token t_id="63" sentence="1" number="13">和</token>
  <token t_id="64" sentence="1" number="14">一</token>
  <token t_id="65" sentence="1" number="15">艘</token>
  <token t_id="66" sentence="1" number="16">集</token>
  <token t_id="67" sentence="1" number="17">装</token>
  <token t_id="68" sentence="1" number="18">箱</token>
  <token t_id="69" sentence="1" number="19">船</token>
  <token t_id="70" sentence="1" number="20">发</token>
  <token t_id="71" sentence="1" number="21">生</token>
  <token t_id="72" sentence="1" number="22">碰</token>
  <token t_id="73" sentence="1" number="23">撞</token>
  <token t_id="74" sentence="1" number="24">，</token>
  <token t_id="75" sentence="1" number="25">目</token>
  <token t_id="76" sentence="1" number="26">前</token>
  <token t_id="77" sentence="1" number="27">海</token>
  <token t_id="78" sentence="1" number="28">事</token>
  <token t_id="79" sentence="1" number="29">部</token>
  <token t_id="80" sentence="1" number="30">门</token>
  <token t_id="81" sentence="1" number="31">正</token>
  <token t_id="82" sentence="1" number="32">在</token>
  <token t_id="83" sentence="1" number="33">全</token>
  <token t_id="84" sentence="1" number="34">力</token>
  <token t_id="85" sentence="1" number="35">搜</token>
  <token t_id="86" sentence="1" number="36">救</token>
  <token t_id="87" sentence="1" number="37">失</token>
  <token t_id="88" sentence="1" number="38">联</token>
  <token t_id="89" sentence="1" number="39">船</token>
  <token t_id="90" sentence="1" number="40">员</token>
  <token t_id="91" sentence="1" number="41">，</token>
  <token t_id="92" sentence="1" number="42">有</token>
  <token t_id="93" sentence="1" number="43">关</token>
  <token t_id="94" sentence="1" number="44">情</token>
  <token t_id="95" sentence="1" number="45">况</token>
  <token t_id="96" sentence="1" number="46">还</token>
  <token t_id="97" sentence="1" number="47">在</token>
  <token t_id="98" sentence="1" number="48">进</token>
  <token t_id="99" sentence="1" number="49">一</token>
  <token t_id="100" sentence="1" number="50">步</token>
  <token t_id="101" sentence="1" number="51">调</token>
  <token t_id="102" sentence="1" number="52">查</token>
  <token t_id="103" sentence="1" number="53">中</token>
  <Markables>
    <ACTION m_id="28482" comment="">
      <token_anchor t_id="8" />
      <token_anchor t_id="9" />
    </ACTION>
    <ACTION m_id="28483" comment="">
      <token_anchor t_id="31" />
      <token_anchor t_id="32" />
    </ACTION>
    <ACTION m_id="28484" comment="">
      <token_anchor t_id="47" />
      <token_anchor t_id="48" />
    </ACTION>
    <ACTION m_id="28485" comment="">
      <token_anchor t_id="53" />
      <token_anchor t_id="54" />
    </ACTION>
    <ACTION m_id="28486" comment="">
      <token_anchor t_id="60" />
      <token_anchor t_id="61" />
    </ACTION>
    <ACTION m_id="28487" comment="">
      <token_anchor t_id="72" />
      <token_anchor t_id="73" />
    </ACTION>
    <ACTION m_id="28488" comment="">
      <token_anchor t_id="85" />
      <token_anchor t_id="86" />
    </ACTION>
    <ACTION m_id="28489" comment="">
      <token_anchor t_id="87" />
      <token_anchor t_id="88" />
    </ACTION>
    <ACTION m_id="28490" comment="">
      <token_anchor t_id="101" />
      <token_anchor t_id="102" />
    </ACTION>
  </Markables>
  <Relations>
  </Relations>
</Document>