<?xml version="1.0" encoding="UTF-8"?>
<Document doc_name="2211_ecbplus.xml.xml">
  <token t_id="1" sentence="0" number="0">新</token>
  <token t_id="2" sentence="0" number="1">华</token>
  <token t_id="3" sentence="0" number="2">社</token>
  <token t_id="4" sentence="0" number="3">惠</token>
  <token t_id="5" sentence="0" number="4">灵</token>
  <token t_id="6" sentence="0" number="5">顿</token>
  <token t_id="7" sentence="0" number="6">3</token>
  <token t_id="8" sentence="0" number="7">月</token>
  <token t_id="9" sentence="0" number="8">2</token>
  <token t_id="10" sentence="0" number="9">1</token>
  <token t_id="11" sentence="0" number="10">日</token>
  <token t_id="12" sentence="0" number="11">电</token>
  <token t_id="13" sentence="0" number="12">（</token>
  <token t_id="14" sentence="0" number="13">记</token>
  <token t_id="15" sentence="0" number="14">者</token>
  <token t_id="16" sentence="0" number="15">郭</token>
  <token t_id="17" sentence="0" number="16">磊</token>
  <token t_id="18" sentence="0" number="17">）</token>
  <token t_id="19" sentence="0" number="18">新</token>
  <token t_id="20" sentence="0" number="19">西</token>
  <token t_id="21" sentence="0" number="20">兰</token>
  <token t_id="22" sentence="0" number="21">警</token>
  <token t_id="23" sentence="0" number="22">方</token>
  <token t_id="24" sentence="0" number="23">2</token>
  <token t_id="25" sentence="0" number="24">1</token>
  <token t_id="26" sentence="0" number="25">日</token>
  <token t_id="27" sentence="0" number="26">说</token>
  <token t_id="28" sentence="0" number="27">，</token>
  <token t_id="29" sentence="0" number="28">一</token>
  <token t_id="30" sentence="0" number="29">艘</token>
  <token t_id="31" sentence="0" number="30">载</token>
  <token t_id="32" sentence="0" number="31">有</token>
  <token t_id="33" sentence="0" number="32">1</token>
  <token t_id="34" sentence="0" number="33">0</token>
  <token t_id="35" sentence="0" number="34">人</token>
  <token t_id="36" sentence="0" number="35">的</token>
  <token t_id="37" sentence="0" number="36">海</token>
  <token t_id="38" sentence="0" number="37">钓</token>
  <token t_id="39" sentence="0" number="38">观</token>
  <token t_id="40" sentence="0" number="39">光</token>
  <token t_id="41" sentence="0" number="40">船</token>
  <token t_id="42" sentence="0" number="41">2</token>
  <token t_id="43" sentence="0" number="42">0</token>
  <token t_id="44" sentence="0" number="43">日</token>
  <token t_id="45" sentence="0" number="44">晚</token>
  <token t_id="46" sentence="0" number="45">在</token>
  <token t_id="47" sentence="0" number="46">新</token>
  <token t_id="48" sentence="0" number="47">西</token>
  <token t_id="49" sentence="0" number="48">兰</token>
  <token t_id="50" sentence="0" number="49">北</token>
  <token t_id="51" sentence="0" number="50">岛</token>
  <token t_id="52" sentence="0" number="51">北</token>
  <token t_id="53" sentence="0" number="52">部</token>
  <token t_id="54" sentence="0" number="53">海</token>
  <token t_id="55" sentence="0" number="54">域</token>
  <token t_id="56" sentence="0" number="55">沉</token>
  <token t_id="57" sentence="0" number="56">没</token>
  <token t_id="58" sentence="0" number="57">，</token>
  <token t_id="59" sentence="0" number="58">救</token>
  <token t_id="60" sentence="0" number="59">援</token>
  <token t_id="61" sentence="0" number="60">人</token>
  <token t_id="62" sentence="0" number="61">员</token>
  <token t_id="63" sentence="0" number="62">已</token>
  <token t_id="64" sentence="0" number="63">找</token>
  <token t_id="65" sentence="0" number="64">到</token>
  <token t_id="66" sentence="0" number="65">4</token>
  <token t_id="67" sentence="0" number="66">具</token>
  <token t_id="68" sentence="0" number="67">遇</token>
  <token t_id="69" sentence="0" number="68">难</token>
  <token t_id="70" sentence="0" number="69">者</token>
  <token t_id="71" sentence="0" number="70">遗</token>
  <token t_id="72" sentence="0" number="71">体</token>
  <token t_id="73" sentence="0" number="72">，</token>
  <token t_id="74" sentence="0" number="73">救</token>
  <token t_id="75" sentence="0" number="74">起</token>
  <token t_id="76" sentence="0" number="75">5</token>
  <token t_id="77" sentence="0" number="76">人</token>
  <token t_id="78" sentence="0" number="77">，</token>
  <token t_id="79" sentence="0" number="78">仍</token>
  <token t_id="80" sentence="0" number="79">有</token>
  <token t_id="81" sentence="0" number="80">1</token>
  <token t_id="82" sentence="0" number="81">人</token>
  <token t_id="83" sentence="0" number="82">失</token>
  <token t_id="84" sentence="0" number="83">踪</token>
  <token t_id="85" sentence="0" number="84">。</token>
  <token t_id="86" sentence="1" number="0">新</token>
  <token t_id="87" sentence="1" number="1">西</token>
  <token t_id="88" sentence="1" number="2">兰</token>
  <token t_id="89" sentence="1" number="3">警</token>
  <token t_id="90" sentence="1" number="4">方</token>
  <token t_id="91" sentence="1" number="5">发</token>
  <token t_id="92" sentence="1" number="6">言</token>
  <token t_id="93" sentence="1" number="7">人</token>
  <token t_id="94" sentence="1" number="8">2</token>
  <token t_id="95" sentence="1" number="9">1</token>
  <token t_id="96" sentence="1" number="10">日</token>
  <token t_id="97" sentence="1" number="11">通</token>
  <token t_id="98" sentence="1" number="12">报</token>
  <token t_id="99" sentence="1" number="13">说</token>
  <token t_id="100" sentence="1" number="14">，</token>
  <token t_id="101" sentence="1" number="15">当</token>
  <token t_id="102" sentence="1" number="16">地</token>
  <token t_id="103" sentence="1" number="17">时</token>
  <token t_id="104" sentence="1" number="18">间</token>
  <token t_id="105" sentence="1" number="19">2</token>
  <token t_id="106" sentence="1" number="20">0</token>
  <token t_id="107" sentence="1" number="21">日</token>
  <token t_id="108" sentence="1" number="22">晚</token>
  <token t_id="109" sentence="1" number="23">，</token>
  <token t_id="110" sentence="1" number="24">海</token>
  <token t_id="111" sentence="1" number="25">岸</token>
  <token t_id="112" sentence="1" number="26">救</token>
  <token t_id="113" sentence="1" number="27">援</token>
  <token t_id="114" sentence="1" number="28">部</token>
  <token t_id="115" sentence="1" number="29">门</token>
  <token t_id="116" sentence="1" number="30">收</token>
  <token t_id="117" sentence="1" number="31">到</token>
  <token t_id="118" sentence="1" number="32">该</token>
  <token t_id="119" sentence="1" number="33">船</token>
  <token t_id="120" sentence="1" number="34">只</token>
  <token t_id="121" sentence="1" number="35">求</token>
  <token t_id="122" sentence="1" number="36">救</token>
  <token t_id="123" sentence="1" number="37">信</token>
  <token t_id="124" sentence="1" number="38">号</token>
  <token t_id="125" sentence="1" number="39">。</token>
  <token t_id="126" sentence="2" number="0">事</token>
  <token t_id="127" sentence="2" number="1">发</token>
  <token t_id="128" sentence="2" number="2">海</token>
  <token t_id="129" sentence="2" number="3">域</token>
  <token t_id="130" sentence="2" number="4">当</token>
  <token t_id="131" sentence="2" number="5">时</token>
  <token t_id="132" sentence="2" number="6">天</token>
  <token t_id="133" sentence="2" number="7">气</token>
  <token t_id="134" sentence="2" number="8">极</token>
  <token t_id="135" sentence="2" number="9">端</token>
  <token t_id="136" sentence="2" number="10">恶</token>
  <token t_id="137" sentence="2" number="11">劣</token>
  <token t_id="138" sentence="2" number="12">，</token>
  <token t_id="139" sentence="2" number="13">救</token>
  <token t_id="140" sentence="2" number="14">援</token>
  <token t_id="141" sentence="2" number="15">直</token>
  <token t_id="142" sentence="2" number="16">升</token>
  <token t_id="143" sentence="2" number="17">机</token>
  <token t_id="144" sentence="2" number="18">连</token>
  <token t_id="145" sentence="2" number="19">夜</token>
  <token t_id="146" sentence="2" number="20">在</token>
  <token t_id="147" sentence="2" number="21">沉</token>
  <token t_id="148" sentence="2" number="22">船</token>
  <token t_id="149" sentence="2" number="23">地</token>
  <token t_id="150" sentence="2" number="24">点</token>
  <token t_id="151" sentence="2" number="25">附</token>
  <token t_id="152" sentence="2" number="26">近</token>
  <token t_id="153" sentence="2" number="27">救</token>
  <token t_id="154" sentence="2" number="28">起</token>
  <token t_id="155" sentence="2" number="29">5</token>
  <token t_id="156" sentence="2" number="30">人</token>
  <token t_id="157" sentence="2" number="31">，</token>
  <token t_id="158" sentence="2" number="32">后</token>
  <token t_id="159" sentence="2" number="33">陆</token>
  <token t_id="160" sentence="2" number="34">续</token>
  <token t_id="161" sentence="2" number="35">找</token>
  <token t_id="162" sentence="2" number="36">到</token>
  <token t_id="163" sentence="2" number="37">4</token>
  <token t_id="164" sentence="2" number="38">具</token>
  <token t_id="165" sentence="2" number="39">遗</token>
  <token t_id="166" sentence="2" number="40">体</token>
  <token t_id="167" sentence="2" number="41">。</token>
  <token t_id="168" sentence="3" number="0">据</token>
  <token t_id="169" sentence="3" number="1">当</token>
  <token t_id="170" sentence="3" number="2">地</token>
  <token t_id="171" sentence="3" number="3">媒</token>
  <token t_id="172" sentence="3" number="4">体</token>
  <token t_id="173" sentence="3" number="5">报</token>
  <token t_id="174" sentence="3" number="6">道</token>
  <token t_id="175" sentence="3" number="7">，</token>
  <token t_id="176" sentence="3" number="8">该</token>
  <token t_id="177" sentence="3" number="9">船</token>
  <token t_id="178" sentence="3" number="10">长</token>
  <token t_id="179" sentence="3" number="11">1</token>
  <token t_id="180" sentence="3" number="12">7</token>
  <token t_id="181" sentence="3" number="13">米</token>
  <token t_id="182" sentence="3" number="14">，</token>
  <token t_id="183" sentence="3" number="15">隶</token>
  <token t_id="184" sentence="3" number="16">属</token>
  <token t_id="185" sentence="3" number="17">当</token>
  <token t_id="186" sentence="3" number="18">地</token>
  <token t_id="187" sentence="3" number="19">一</token>
  <token t_id="188" sentence="3" number="20">家</token>
  <token t_id="189" sentence="3" number="21">海</token>
  <token t_id="190" sentence="3" number="22">钓</token>
  <token t_id="191" sentence="3" number="23">观</token>
  <token t_id="192" sentence="3" number="24">光</token>
  <token t_id="193" sentence="3" number="25">公</token>
  <token t_id="194" sentence="3" number="26">司</token>
  <token t_id="195" sentence="3" number="27">。</token>
  <token t_id="196" sentence="4" number="0">除</token>
  <token t_id="197" sentence="4" number="1">船</token>
  <token t_id="198" sentence="4" number="2">长</token>
  <token t_id="199" sentence="4" number="3">和</token>
  <token t_id="200" sentence="4" number="4">一</token>
  <token t_id="201" sentence="4" number="5">名</token>
  <token t_id="202" sentence="4" number="6">水</token>
  <token t_id="203" sentence="4" number="7">手</token>
  <token t_id="204" sentence="4" number="8">外</token>
  <token t_id="205" sentence="4" number="9">，</token>
  <token t_id="206" sentence="4" number="10">其</token>
  <token t_id="207" sentence="4" number="11">他</token>
  <token t_id="208" sentence="4" number="12">8</token>
  <token t_id="209" sentence="4" number="13">人</token>
  <token t_id="210" sentence="4" number="14">是</token>
  <token t_id="211" sentence="4" number="15">来</token>
  <token t_id="212" sentence="4" number="16">自</token>
  <token t_id="213" sentence="4" number="17">新</token>
  <token t_id="214" sentence="4" number="18">西</token>
  <token t_id="215" sentence="4" number="19">兰</token>
  <token t_id="216" sentence="4" number="20">最</token>
  <token t_id="217" sentence="4" number="21">大</token>
  <token t_id="218" sentence="4" number="22">城</token>
  <token t_id="219" sentence="4" number="23">市</token>
  <token t_id="220" sentence="4" number="24">奥</token>
  <token t_id="221" sentence="4" number="25">克</token>
  <token t_id="222" sentence="4" number="26">兰</token>
  <token t_id="223" sentence="4" number="27">的</token>
  <token t_id="224" sentence="4" number="28">海</token>
  <token t_id="225" sentence="4" number="29">钓</token>
  <token t_id="226" sentence="4" number="30">观</token>
  <token t_id="227" sentence="4" number="31">光</token>
  <token t_id="228" sentence="4" number="32">客</token>
  <Markables>
    <ACTION m_id="28471" comment="">
      <token_anchor t_id="31" />
      <token_anchor t_id="32" />
    </ACTION>
    <ACTION m_id="28472" comment="">
      <token_anchor t_id="56" />
      <token_anchor t_id="57" />
    </ACTION>
    <ACTION m_id="28473" comment="">
      <token_anchor t_id="64" />
      <token_anchor t_id="65" />
    </ACTION>
    <ACTION m_id="28474" comment="">
      <token_anchor t_id="74" />
      <token_anchor t_id="75" />
    </ACTION>
    <ACTION m_id="28475" comment="">
      <token_anchor t_id="83" />
      <token_anchor t_id="84" />
    </ACTION>
    <ACTION m_id="28476" comment="">
      <token_anchor t_id="97" />
      <token_anchor t_id="98" />
    </ACTION>
    <ACTION m_id="28477" comment="">
      <token_anchor t_id="116" />
      <token_anchor t_id="117" />
    </ACTION>
    <ACTION m_id="28479" comment="">
      <token_anchor t_id="153" />
      <token_anchor t_id="154" />
    </ACTION>
    <ACTION m_id="28480" comment="">
      <token_anchor t_id="161" />
      <token_anchor t_id="162" />
    </ACTION>
    <ACTION m_id="28481" comment="">
      <token_anchor t_id="173" />
      <token_anchor t_id="174" />
    </ACTION>
  </Markables>
  <Relations>
  </Relations>
</Document>