<?xml version="1.0" encoding="UTF-8"?>
<Document doc_name="2214_ecbplus.xml.xml">
  <token t_id="1" sentence="0" number="0">新</token>
  <token t_id="2" sentence="0" number="1">华</token>
  <token t_id="3" sentence="0" number="2">社</token>
  <token t_id="4" sentence="0" number="3">济</token>
  <token t_id="5" sentence="0" number="4">南</token>
  <token t_id="6" sentence="0" number="5">9</token>
  <token t_id="7" sentence="0" number="6">月</token>
  <token t_id="8" sentence="0" number="7">1</token>
  <token t_id="9" sentence="0" number="8">8</token>
  <token t_id="10" sentence="0" number="9">日</token>
  <token t_id="11" sentence="0" number="10">电</token>
  <token t_id="12" sentence="0" number="11">（</token>
  <token t_id="13" sentence="0" number="12">记</token>
  <token t_id="14" sentence="0" number="13">者</token>
  <token t_id="15" sentence="0" number="14">滕</token>
  <token t_id="16" sentence="0" number="15">军</token>
  <token t_id="17" sentence="0" number="16">伟</token>
  <token t_id="18" sentence="0" number="17">）</token>
  <token t_id="19" sentence="0" number="18">记</token>
  <token t_id="20" sentence="0" number="19">者</token>
  <token t_id="21" sentence="0" number="20">从</token>
  <token t_id="22" sentence="0" number="21">交</token>
  <token t_id="23" sentence="0" number="22">通</token>
  <token t_id="24" sentence="0" number="23">运</token>
  <token t_id="25" sentence="0" number="24">输</token>
  <token t_id="26" sentence="0" number="25">部</token>
  <token t_id="27" sentence="0" number="26">北</token>
  <token t_id="28" sentence="0" number="27">海</token>
  <token t_id="29" sentence="0" number="28">救</token>
  <token t_id="30" sentence="0" number="29">助</token>
  <token t_id="31" sentence="0" number="30">局</token>
  <token t_id="32" sentence="0" number="31">获</token>
  <token t_id="33" sentence="0" number="32">悉</token>
  <token t_id="34" sentence="0" number="33">，</token>
  <token t_id="35" sentence="0" number="34">1</token>
  <token t_id="36" sentence="0" number="35">8</token>
  <token t_id="37" sentence="0" number="36">日</token>
  <token t_id="38" sentence="0" number="37">，</token>
  <token t_id="39" sentence="0" number="38">一</token>
  <token t_id="40" sentence="0" number="39">艘</token>
  <token t_id="41" sentence="0" number="40">渔</token>
  <token t_id="42" sentence="0" number="41">船</token>
  <token t_id="43" sentence="0" number="42">在</token>
  <token t_id="44" sentence="0" number="43">大</token>
  <token t_id="45" sentence="0" number="44">连</token>
  <token t_id="46" sentence="0" number="45">西</token>
  <token t_id="47" sentence="0" number="46">南</token>
  <token t_id="48" sentence="0" number="47">海</token>
  <token t_id="49" sentence="0" number="48">域</token>
  <token t_id="50" sentence="0" number="49">被</token>
  <token t_id="51" sentence="0" number="50">撞</token>
  <token t_id="52" sentence="0" number="51">沉</token>
  <token t_id="53" sentence="0" number="52">没</token>
  <token t_id="54" sentence="0" number="53">，</token>
  <token t_id="55" sentence="0" number="54">船</token>
  <token t_id="56" sentence="0" number="55">上</token>
  <token t_id="57" sentence="0" number="56">1</token>
  <token t_id="58" sentence="0" number="57">0</token>
  <token t_id="59" sentence="0" number="58">人</token>
  <token t_id="60" sentence="0" number="59">失</token>
  <token t_id="61" sentence="0" number="60">踪</token>
  <token t_id="62" sentence="0" number="61">，</token>
  <token t_id="63" sentence="0" number="62">目</token>
  <token t_id="64" sentence="0" number="63">前</token>
  <token t_id="65" sentence="0" number="64">搜</token>
  <token t_id="66" sentence="0" number="65">救</token>
  <token t_id="67" sentence="0" number="66">工</token>
  <token t_id="68" sentence="0" number="67">作</token>
  <token t_id="69" sentence="0" number="68">仍</token>
  <token t_id="70" sentence="0" number="69">在</token>
  <token t_id="71" sentence="0" number="70">进</token>
  <token t_id="72" sentence="0" number="71">行</token>
  <token t_id="73" sentence="0" number="72">。</token>
  <token t_id="74" sentence="1" number="0">9</token>
  <token t_id="75" sentence="1" number="1">月</token>
  <token t_id="76" sentence="1" number="2">1</token>
  <token t_id="77" sentence="1" number="3">8</token>
  <token t_id="78" sentence="1" number="4">日</token>
  <token t_id="79" sentence="1" number="5">5</token>
  <token t_id="80" sentence="1" number="6">时</token>
  <token t_id="81" sentence="1" number="7">4</token>
  <token t_id="82" sentence="1" number="8">0</token>
  <token t_id="83" sentence="1" number="9">分</token>
  <token t_id="84" sentence="1" number="10">，</token>
  <token t_id="85" sentence="1" number="11">交</token>
  <token t_id="86" sentence="1" number="12">通</token>
  <token t_id="87" sentence="1" number="13">运</token>
  <token t_id="88" sentence="1" number="14">输</token>
  <token t_id="89" sentence="1" number="15">部</token>
  <token t_id="90" sentence="1" number="16">北</token>
  <token t_id="91" sentence="1" number="17">海</token>
  <token t_id="92" sentence="1" number="18">救</token>
  <token t_id="93" sentence="1" number="19">助</token>
  <token t_id="94" sentence="1" number="20">局</token>
  <token t_id="95" sentence="1" number="21">接</token>
  <token t_id="96" sentence="1" number="22">辽</token>
  <token t_id="97" sentence="1" number="23">宁</token>
  <token t_id="98" sentence="1" number="24">省</token>
  <token t_id="99" sentence="1" number="25">海</token>
  <token t_id="100" sentence="1" number="26">上</token>
  <token t_id="101" sentence="1" number="27">搜</token>
  <token t_id="102" sentence="1" number="28">救</token>
  <token t_id="103" sentence="1" number="29">中</token>
  <token t_id="104" sentence="1" number="30">心</token>
  <token t_id="105" sentence="1" number="31">通</token>
  <token t_id="106" sentence="1" number="32">报</token>
  <token t_id="107" sentence="1" number="33">：</token>
  <token t_id="108" sentence="1" number="34">大</token>
  <token t_id="109" sentence="1" number="35">连</token>
  <token t_id="110" sentence="1" number="36">西</token>
  <token t_id="111" sentence="1" number="37">南</token>
  <token t_id="112" sentence="1" number="38">约</token>
  <token t_id="113" sentence="1" number="39">1</token>
  <token t_id="114" sentence="1" number="40">6</token>
  <token t_id="115" sentence="1" number="41">海</token>
  <token t_id="116" sentence="1" number="42">里</token>
  <token t_id="117" sentence="1" number="43">处</token>
  <token t_id="118" sentence="1" number="44">一</token>
  <token t_id="119" sentence="1" number="45">渔</token>
  <token t_id="120" sentence="1" number="46">船</token>
  <token t_id="121" sentence="1" number="47">“</token>
  <token t_id="122" sentence="1" number="48">辽</token>
  <token t_id="123" sentence="1" number="49">普</token>
  <token t_id="124" sentence="1" number="50">渔</token>
  <token t_id="125" sentence="1" number="51">2</token>
  <token t_id="126" sentence="1" number="52">5</token>
  <token t_id="127" sentence="1" number="53">0</token>
  <token t_id="128" sentence="1" number="54">9</token>
  <token t_id="129" sentence="1" number="55">7</token>
  <token t_id="130" sentence="1" number="56">”</token>
  <token t_id="131" sentence="1" number="57">被</token>
  <token t_id="132" sentence="1" number="58">撞</token>
  <token t_id="133" sentence="1" number="59">沉</token>
  <token t_id="134" sentence="1" number="60">没</token>
  <token t_id="135" sentence="1" number="61">，</token>
  <token t_id="136" sentence="1" number="62">船</token>
  <token t_id="137" sentence="1" number="63">上</token>
  <token t_id="138" sentence="1" number="64">1</token>
  <token t_id="139" sentence="1" number="65">0</token>
  <token t_id="140" sentence="1" number="66">人</token>
  <token t_id="141" sentence="1" number="67">失</token>
  <token t_id="142" sentence="1" number="68">踪</token>
  <token t_id="143" sentence="1" number="69">，</token>
  <token t_id="144" sentence="1" number="70">请</token>
  <token t_id="145" sentence="1" number="71">求</token>
  <token t_id="146" sentence="1" number="72">救</token>
  <token t_id="147" sentence="1" number="73">助</token>
  <token t_id="148" sentence="1" number="74">。</token>
  <token t_id="149" sentence="2" number="0">接</token>
  <token t_id="150" sentence="2" number="1">报</token>
  <token t_id="151" sentence="2" number="2">后</token>
  <token t_id="152" sentence="2" number="3">，</token>
  <token t_id="153" sentence="2" number="4">北</token>
  <token t_id="154" sentence="2" number="5">海</token>
  <token t_id="155" sentence="2" number="6">救</token>
  <token t_id="156" sentence="2" number="7">助</token>
  <token t_id="157" sentence="2" number="8">局</token>
  <token t_id="158" sentence="2" number="9">立</token>
  <token t_id="159" sentence="2" number="10">即</token>
  <token t_id="160" sentence="2" number="11">指</token>
  <token t_id="161" sentence="2" number="12">派</token>
  <token t_id="162" sentence="2" number="13">专</token>
  <token t_id="163" sentence="2" number="14">业</token>
  <token t_id="164" sentence="2" number="15">救</token>
  <token t_id="165" sentence="2" number="16">助</token>
  <token t_id="166" sentence="2" number="17">船</token>
  <token t_id="167" sentence="2" number="18">“</token>
  <token t_id="168" sentence="2" number="19">北</token>
  <token t_id="169" sentence="2" number="20">海</token>
  <token t_id="170" sentence="2" number="21">救</token>
  <token t_id="171" sentence="2" number="22">1</token>
  <token t_id="172" sentence="2" number="23">1</token>
  <token t_id="173" sentence="2" number="24">6</token>
  <token t_id="174" sentence="2" number="25">”</token>
  <token t_id="175" sentence="2" number="26">“</token>
  <token t_id="176" sentence="2" number="27">北</token>
  <token t_id="177" sentence="2" number="28">海</token>
  <token t_id="178" sentence="2" number="29">救</token>
  <token t_id="179" sentence="2" number="30">2</token>
  <token t_id="180" sentence="2" number="31">0</token>
  <token t_id="181" sentence="2" number="32">1</token>
  <token t_id="182" sentence="2" number="33">”</token>
  <token t_id="183" sentence="2" number="34">、</token>
  <token t_id="184" sentence="2" number="35">快</token>
  <token t_id="185" sentence="2" number="36">速</token>
  <token t_id="186" sentence="2" number="37">救</token>
  <token t_id="187" sentence="2" number="38">助</token>
  <token t_id="188" sentence="2" number="39">艇</token>
  <token t_id="189" sentence="2" number="40">“</token>
  <token t_id="190" sentence="2" number="41">华</token>
  <token t_id="191" sentence="2" number="42">英</token>
  <token t_id="192" sentence="2" number="43">3</token>
  <token t_id="193" sentence="2" number="44">8</token>
  <token t_id="194" sentence="2" number="45">4</token>
  <token t_id="195" sentence="2" number="46">”</token>
  <token t_id="196" sentence="2" number="47">前</token>
  <token t_id="197" sentence="2" number="48">往</token>
  <token t_id="198" sentence="2" number="49">事</token>
  <token t_id="199" sentence="2" number="50">故</token>
  <token t_id="200" sentence="2" number="51">海</token>
  <token t_id="201" sentence="2" number="52">域</token>
  <token t_id="202" sentence="2" number="53">进</token>
  <token t_id="203" sentence="2" number="54">行</token>
  <token t_id="204" sentence="2" number="55">搜</token>
  <token t_id="205" sentence="2" number="56">救</token>
  <token t_id="206" sentence="2" number="57">，</token>
  <token t_id="207" sentence="2" number="58">同</token>
  <token t_id="208" sentence="2" number="59">时</token>
  <token t_id="209" sentence="2" number="60">，</token>
  <token t_id="210" sentence="2" number="61">救</token>
  <token t_id="211" sentence="2" number="62">助</token>
  <token t_id="212" sentence="2" number="63">直</token>
  <token t_id="213" sentence="2" number="64">升</token>
  <token t_id="214" sentence="2" number="65">机</token>
  <token t_id="215" sentence="2" number="66">“</token>
  <token t_id="216" sentence="2" number="67">B</token>
  <token t_id="217" sentence="2" number="68">7</token>
  <token t_id="218" sentence="2" number="69">3</token>
  <token t_id="219" sentence="2" number="70">1</token>
  <token t_id="220" sentence="2" number="71">2</token>
  <token t_id="221" sentence="2" number="72">”</token>
  <token t_id="222" sentence="2" number="73">从</token>
  <token t_id="223" sentence="2" number="74">大</token>
  <token t_id="224" sentence="2" number="75">连</token>
  <token t_id="225" sentence="2" number="76">机</token>
  <token t_id="226" sentence="2" number="77">场</token>
  <token t_id="227" sentence="2" number="78">起</token>
  <token t_id="228" sentence="2" number="79">飞</token>
  <token t_id="229" sentence="2" number="80">实</token>
  <token t_id="230" sentence="2" number="81">施</token>
  <token t_id="231" sentence="2" number="82">空</token>
  <token t_id="232" sentence="2" number="83">中</token>
  <token t_id="233" sentence="2" number="84">搜</token>
  <token t_id="234" sentence="2" number="85">寻</token>
  <token t_id="235" sentence="2" number="86">。</token>
  <token t_id="236" sentence="3" number="0">目</token>
  <token t_id="237" sentence="3" number="1">前</token>
  <token t_id="238" sentence="3" number="2">，</token>
  <token t_id="239" sentence="3" number="3">尚</token>
  <token t_id="240" sentence="3" number="4">未</token>
  <token t_id="241" sentence="3" number="5">发</token>
  <token t_id="242" sentence="3" number="6">现</token>
  <token t_id="243" sentence="3" number="7">失</token>
  <token t_id="244" sentence="3" number="8">踪</token>
  <token t_id="245" sentence="3" number="9">人</token>
  <token t_id="246" sentence="3" number="10">员</token>
  <token t_id="247" sentence="3" number="11">，</token>
  <token t_id="248" sentence="3" number="12">搜</token>
  <token t_id="249" sentence="3" number="13">救</token>
  <token t_id="250" sentence="3" number="14">仍</token>
  <token t_id="251" sentence="3" number="15">在</token>
  <token t_id="252" sentence="3" number="16">进</token>
  <token t_id="253" sentence="3" number="17">行</token>
  <token t_id="254" sentence="3" number="18">中</token>
  <Markables>
    <ACTION m_id="28405" comment="">
      <token_anchor t_id="32" />
      <token_anchor t_id="33" />
    </ACTION>
    <ACTION m_id="28406" comment="">
      <token_anchor t_id="50" />
      <token_anchor t_id="51" />
    </ACTION>
    <ACTION m_id="28407" comment="">
      <token_anchor t_id="52" />
      <token_anchor t_id="53" />
    </ACTION>
    <ACTION m_id="28408" comment="">
      <token_anchor t_id="60" />
      <token_anchor t_id="61" />
    </ACTION>
    <ACTION m_id="28409" comment="">
      <token_anchor t_id="65" />
      <token_anchor t_id="66" />
    </ACTION>
    <ACTION m_id="28410" comment="">
      <token_anchor t_id="71" />
      <token_anchor t_id="72" />
    </ACTION>
    <ACTION m_id="28411" comment="">
      <token_anchor t_id="105" />
      <token_anchor t_id="106" />
    </ACTION>
    <ACTION m_id="28412" comment="">
      <token_anchor t_id="131" />
      <token_anchor t_id="132" />
    </ACTION>
    <ACTION m_id="28413" comment="">
      <token_anchor t_id="133" />
      <token_anchor t_id="134" />
    </ACTION>
    <ACTION m_id="28414" comment="">
      <token_anchor t_id="141" />
      <token_anchor t_id="142" />
    </ACTION>
    <ACTION m_id="28415" comment="">
      <token_anchor t_id="144" />
      <token_anchor t_id="145" />
    </ACTION>
    <ACTION m_id="28417" comment="">
      <token_anchor t_id="149" />
      <token_anchor t_id="150" />
    </ACTION>
    <ACTION m_id="28418" comment="">
      <token_anchor t_id="160" />
      <token_anchor t_id="161" />
    </ACTION>
    <ACTION m_id="28419" comment="">
      <token_anchor t_id="196" />
      <token_anchor t_id="197" />
    </ACTION>
    <ACTION m_id="28421" comment="">
      <token_anchor t_id="204" />
      <token_anchor t_id="205" />
    </ACTION>
    <ACTION m_id="28422" comment="">
      <token_anchor t_id="227" />
      <token_anchor t_id="228" />
    </ACTION>
    <ACTION m_id="28423" comment="">
      <token_anchor t_id="233" />
      <token_anchor t_id="234" />
    </ACTION>
    <ACTION m_id="28424" comment="">
      <token_anchor t_id="241" />
      <token_anchor t_id="242" />
    </ACTION>
    <ACTION m_id="28426" comment="">
      <token_anchor t_id="248" />
      <token_anchor t_id="249" />
    </ACTION>
  </Markables>
  <Relations>
    <PLOT_LINK r_id="1975" SIGNAL="" relType="causation" CAUSES="FALSE" CAUSED_BY="FALSE">
      <source m_id="28406" />
      <target m_id="28407" />
    </PLOT_LINK>
    <PLOT_LINK r_id="1976" SIGNAL="" relType="causation" CAUSES="FALSE" CAUSED_BY="FALSE">
      <source m_id="28406" />
      <target m_id="28408" />
    </PLOT_LINK>
    <PLOT_LINK r_id="1977" SIGNAL="" relType="causation" CAUSES="FALSE" CAUSED_BY="FALSE">
      <source m_id="28412" />
      <target m_id="28413" />
    </PLOT_LINK>
    <PLOT_LINK r_id="1978" SIGNAL="" relType="causation" CAUSES="FALSE" CAUSED_BY="FALSE">
      <source m_id="28412" />
      <target m_id="28414" />
    </PLOT_LINK>
    <PLOT_LINK r_id="1979" SIGNAL="" relType="causation" CAUSES="FALSE" CAUSED_BY="FALSE">
      <source m_id="28412" />
      <target m_id="28415" />
    </PLOT_LINK>
    <PLOT_LINK r_id="1980" SIGNAL="" relType="causation" CAUSES="FALSE" CAUSED_BY="FALSE">
      <source m_id="28417" />
      <target m_id="28418" />
    </PLOT_LINK>
  </Relations>
</Document>