<?xml version="1.0" encoding="UTF-8"?>
<Document doc_name="2227_ecbplus.xml.xml">
  <token t_id="1" sentence="0" number="0">新</token>
  <token t_id="2" sentence="0" number="1">华</token>
  <token t_id="3" sentence="0" number="2">社</token>
  <token t_id="4" sentence="0" number="3">杭</token>
  <token t_id="5" sentence="0" number="4">州</token>
  <token t_id="6" sentence="0" number="5">4</token>
  <token t_id="7" sentence="0" number="6">月</token>
  <token t_id="8" sentence="0" number="7">4</token>
  <token t_id="9" sentence="0" number="8">日</token>
  <token t_id="10" sentence="0" number="9">电</token>
  <token t_id="11" sentence="0" number="10">(</token>
  <token t_id="12" sentence="0" number="11">记</token>
  <token t_id="13" sentence="0" number="12">者</token>
  <token t_id="14" sentence="0" number="13">黄</token>
  <token t_id="15" sentence="0" number="14">筱</token>
  <token t_id="16" sentence="0" number="15">)</token>
  <token t_id="17" sentence="0" number="16">记</token>
  <token t_id="18" sentence="0" number="17">者</token>
  <token t_id="19" sentence="0" number="18">4</token>
  <token t_id="20" sentence="0" number="19">日</token>
  <token t_id="21" sentence="0" number="20">上</token>
  <token t_id="22" sentence="0" number="21">午</token>
  <token t_id="23" sentence="0" number="22">从</token>
  <token t_id="24" sentence="0" number="23">浙</token>
  <token t_id="25" sentence="0" number="24">江</token>
  <token t_id="26" sentence="0" number="25">省</token>
  <token t_id="27" sentence="0" number="26">海</token>
  <token t_id="28" sentence="0" number="27">上</token>
  <token t_id="29" sentence="0" number="28">搜</token>
  <token t_id="30" sentence="0" number="29">救</token>
  <token t_id="31" sentence="0" number="30">中</token>
  <token t_id="32" sentence="0" number="31">心</token>
  <token t_id="33" sentence="0" number="32">获</token>
  <token t_id="34" sentence="0" number="33">悉</token>
  <token t_id="35" sentence="0" number="34">，</token>
  <token t_id="36" sentence="0" number="35">该</token>
  <token t_id="37" sentence="0" number="36">中</token>
  <token t_id="38" sentence="0" number="37">心</token>
  <token t_id="39" sentence="0" number="38">4</token>
  <token t_id="40" sentence="0" number="39">日</token>
  <token t_id="41" sentence="0" number="40">4</token>
  <token t_id="42" sentence="0" number="41">时</token>
  <token t_id="43" sentence="0" number="42">2</token>
  <token t_id="44" sentence="0" number="43">8</token>
  <token t_id="45" sentence="0" number="44">分</token>
  <token t_id="46" sentence="0" number="45">接</token>
  <token t_id="47" sentence="0" number="46">报</token>
  <token t_id="48" sentence="0" number="47">，</token>
  <token t_id="49" sentence="0" number="48">江</token>
  <token t_id="50" sentence="0" number="49">苏</token>
  <token t_id="51" sentence="0" number="50">籍</token>
  <token t_id="52" sentence="0" number="51">渔</token>
  <token t_id="53" sentence="0" number="52">船</token>
  <token t_id="54" sentence="0" number="53">“</token>
  <token t_id="55" sentence="0" number="54">苏</token>
  <token t_id="56" sentence="0" number="55">启</token>
  <token t_id="57" sentence="0" number="56">渔</token>
  <token t_id="58" sentence="0" number="57">0</token>
  <token t_id="59" sentence="0" number="58">3</token>
  <token t_id="60" sentence="0" number="59">4</token>
  <token t_id="61" sentence="0" number="60">3</token>
  <token t_id="62" sentence="0" number="61">4</token>
  <token t_id="63" sentence="0" number="62">”</token>
  <token t_id="64" sentence="0" number="63">在</token>
  <token t_id="65" sentence="0" number="64">舟</token>
  <token t_id="66" sentence="0" number="65">山</token>
  <token t_id="67" sentence="0" number="66">朱</token>
  <token t_id="68" sentence="0" number="67">家</token>
  <token t_id="69" sentence="0" number="68">尖</token>
  <token t_id="70" sentence="0" number="69">以</token>
  <token t_id="71" sentence="0" number="70">东</token>
  <token t_id="72" sentence="0" number="71">约</token>
  <token t_id="73" sentence="0" number="72">1</token>
  <token t_id="74" sentence="0" number="73">0</token>
  <token t_id="75" sentence="0" number="74">0</token>
  <token t_id="76" sentence="0" number="75">海</token>
  <token t_id="77" sentence="0" number="76">里</token>
  <token t_id="78" sentence="0" number="77">处</token>
  <token t_id="79" sentence="0" number="78">沉</token>
  <token t_id="80" sentence="0" number="79">没</token>
  <token t_id="81" sentence="0" number="80">，</token>
  <token t_id="82" sentence="0" number="81">船</token>
  <token t_id="83" sentence="0" number="82">上</token>
  <token t_id="84" sentence="0" number="83">约</token>
  <token t_id="85" sentence="0" number="84">有</token>
  <token t_id="86" sentence="0" number="85">2</token>
  <token t_id="87" sentence="0" number="86">0</token>
  <token t_id="88" sentence="0" number="87">人</token>
  <token t_id="89" sentence="0" number="88">(</token>
  <token t_id="90" sentence="0" number="89">具</token>
  <token t_id="91" sentence="0" number="90">体</token>
  <token t_id="92" sentence="0" number="91">人</token>
  <token t_id="93" sentence="0" number="92">数</token>
  <token t_id="94" sentence="0" number="93">仍</token>
  <token t_id="95" sentence="0" number="94">在</token>
  <token t_id="96" sentence="0" number="95">核</token>
  <token t_id="97" sentence="0" number="96">实</token>
  <token t_id="98" sentence="0" number="97">中</token>
  <token t_id="99" sentence="0" number="98">)</token>
  <token t_id="100" sentence="0" number="99">，</token>
  <token t_id="101" sentence="0" number="100">目</token>
  <token t_id="102" sentence="0" number="101">前</token>
  <token t_id="103" sentence="0" number="102">已</token>
  <token t_id="104" sentence="0" number="103">有</token>
  <token t_id="105" sentence="0" number="104">1</token>
  <token t_id="106" sentence="0" number="105">6</token>
  <token t_id="107" sentence="0" number="106">人</token>
  <token t_id="108" sentence="0" number="107">救</token>
  <token t_id="109" sentence="0" number="108">起</token>
  <token t_id="110" sentence="0" number="109">，</token>
  <token t_id="111" sentence="0" number="110">附</token>
  <token t_id="112" sentence="0" number="111">近</token>
  <token t_id="113" sentence="0" number="112">“</token>
  <token t_id="114" sentence="0" number="113">苏</token>
  <token t_id="115" sentence="0" number="114">启</token>
  <token t_id="116" sentence="0" number="115">渔</token>
  <token t_id="117" sentence="0" number="116">0</token>
  <token t_id="118" sentence="0" number="117">1</token>
  <token t_id="119" sentence="0" number="118">8</token>
  <token t_id="120" sentence="0" number="119">1</token>
  <token t_id="121" sentence="0" number="120">8</token>
  <token t_id="122" sentence="0" number="121">”</token>
  <token t_id="123" sentence="0" number="122">船</token>
  <token t_id="124" sentence="0" number="123">正</token>
  <token t_id="125" sentence="0" number="124">在</token>
  <token t_id="126" sentence="0" number="125">救</token>
  <token t_id="127" sentence="0" number="126">助</token>
  <token t_id="128" sentence="0" number="127">。</token>
  <token t_id="129" sentence="1" number="0">接</token>
  <token t_id="130" sentence="1" number="1">报</token>
  <token t_id="131" sentence="1" number="2">后</token>
  <token t_id="132" sentence="1" number="3">，</token>
  <token t_id="133" sentence="1" number="4">浙</token>
  <token t_id="134" sentence="1" number="5">江</token>
  <token t_id="135" sentence="1" number="6">省</token>
  <token t_id="136" sentence="1" number="7">海</token>
  <token t_id="137" sentence="1" number="8">上</token>
  <token t_id="138" sentence="1" number="9">搜</token>
  <token t_id="139" sentence="1" number="10">救</token>
  <token t_id="140" sentence="1" number="11">中</token>
  <token t_id="141" sentence="1" number="12">心</token>
  <token t_id="142" sentence="1" number="13">第</token>
  <token t_id="143" sentence="1" number="14">一</token>
  <token t_id="144" sentence="1" number="15">时</token>
  <token t_id="145" sentence="1" number="16">间</token>
  <token t_id="146" sentence="1" number="17">启</token>
  <token t_id="147" sentence="1" number="18">动</token>
  <token t_id="148" sentence="1" number="19">应</token>
  <token t_id="149" sentence="1" number="20">急</token>
  <token t_id="150" sentence="1" number="21">预</token>
  <token t_id="151" sentence="1" number="22">案</token>
  <token t_id="152" sentence="1" number="23">，</token>
  <token t_id="153" sentence="1" number="24">立</token>
  <token t_id="154" sentence="1" number="25">即</token>
  <token t_id="155" sentence="1" number="26">组</token>
  <token t_id="156" sentence="1" number="27">织</token>
  <token t_id="157" sentence="1" number="28">“</token>
  <token t_id="158" sentence="1" number="29">海</token>
  <token t_id="159" sentence="1" number="30">巡</token>
  <token t_id="160" sentence="1" number="31">2</token>
  <token t_id="161" sentence="1" number="32">2</token>
  <token t_id="162" sentence="1" number="33">”</token>
  <token t_id="163" sentence="1" number="34">“</token>
  <token t_id="164" sentence="1" number="35">海</token>
  <token t_id="165" sentence="1" number="36">巡</token>
  <token t_id="166" sentence="1" number="37">0</token>
  <token t_id="167" sentence="1" number="38">7</token>
  <token t_id="168" sentence="1" number="39">3</token>
  <token t_id="169" sentence="1" number="40">5</token>
  <token t_id="170" sentence="1" number="41">”</token>
  <token t_id="171" sentence="1" number="42">“</token>
  <token t_id="172" sentence="1" number="43">东</token>
  <token t_id="173" sentence="1" number="44">海</token>
  <token t_id="174" sentence="1" number="45">救</token>
  <token t_id="175" sentence="1" number="46">1</token>
  <token t_id="176" sentence="1" number="47">1</token>
  <token t_id="177" sentence="1" number="48">2</token>
  <token t_id="178" sentence="1" number="49">”</token>
  <token t_id="179" sentence="1" number="50">“</token>
  <token t_id="180" sentence="1" number="51">中</token>
  <token t_id="181" sentence="1" number="52">国</token>
  <token t_id="182" sentence="1" number="53">渔</token>
  <token t_id="183" sentence="1" number="54">政</token>
  <token t_id="184" sentence="1" number="55">3</token>
  <token t_id="185" sentence="1" number="56">3</token>
  <token t_id="186" sentence="1" number="57">0</token>
  <token t_id="187" sentence="1" number="58">2</token>
  <token t_id="188" sentence="1" number="59">1</token>
  <token t_id="189" sentence="1" number="60">”</token>
  <token t_id="190" sentence="1" number="61">“</token>
  <token t_id="191" sentence="1" number="62">中</token>
  <token t_id="192" sentence="1" number="63">国</token>
  <token t_id="193" sentence="1" number="64">海</token>
  <token t_id="194" sentence="1" number="65">警</token>
  <token t_id="195" sentence="1" number="66">2</token>
  <token t_id="196" sentence="1" number="67">3</token>
  <token t_id="197" sentence="1" number="68">0</token>
  <token t_id="198" sentence="1" number="69">4</token>
  <token t_id="199" sentence="1" number="70">”</token>
  <token t_id="200" sentence="1" number="71">、</token>
  <token t_id="201" sentence="1" number="72">直</token>
  <token t_id="202" sentence="1" number="73">升</token>
  <token t_id="203" sentence="1" number="74">机</token>
  <token t_id="204" sentence="1" number="75">等</token>
  <token t_id="205" sentence="1" number="76">专</token>
  <token t_id="206" sentence="1" number="77">业</token>
  <token t_id="207" sentence="1" number="78">救</token>
  <token t_id="208" sentence="1" number="79">助</token>
  <token t_id="209" sentence="1" number="80">力</token>
  <token t_id="210" sentence="1" number="81">量</token>
  <token t_id="211" sentence="1" number="82">前</token>
  <token t_id="212" sentence="1" number="83">往</token>
  <token t_id="213" sentence="1" number="84">事</token>
  <token t_id="214" sentence="1" number="85">发</token>
  <token t_id="215" sentence="1" number="86">水</token>
  <token t_id="216" sentence="1" number="87">域</token>
  <token t_id="217" sentence="1" number="88">，</token>
  <token t_id="218" sentence="1" number="89">同</token>
  <token t_id="219" sentence="1" number="90">时</token>
  <token t_id="220" sentence="1" number="91">协</token>
  <token t_id="221" sentence="1" number="92">调</token>
  <token t_id="222" sentence="1" number="93">附</token>
  <token t_id="223" sentence="1" number="94">近</token>
  <token t_id="224" sentence="1" number="95">渔</token>
  <token t_id="225" sentence="1" number="96">船</token>
  <token t_id="226" sentence="1" number="97">“</token>
  <token t_id="227" sentence="1" number="98">浙</token>
  <token t_id="228" sentence="1" number="99">普</token>
  <token t_id="229" sentence="1" number="100">渔</token>
  <token t_id="230" sentence="1" number="101">6</token>
  <token t_id="231" sentence="1" number="102">8</token>
  <token t_id="232" sentence="1" number="103">1</token>
  <token t_id="233" sentence="1" number="104">1</token>
  <token t_id="234" sentence="1" number="105">3</token>
  <token t_id="235" sentence="1" number="106">”</token>
  <token t_id="236" sentence="1" number="107">“</token>
  <token t_id="237" sentence="1" number="108">浙</token>
  <token t_id="238" sentence="1" number="109">普</token>
  <token t_id="239" sentence="1" number="110">渔</token>
  <token t_id="240" sentence="1" number="111">6</token>
  <token t_id="241" sentence="1" number="112">8</token>
  <token t_id="242" sentence="1" number="113">9</token>
  <token t_id="243" sentence="1" number="114">0</token>
  <token t_id="244" sentence="1" number="115">2</token>
  <token t_id="245" sentence="1" number="116">”</token>
  <token t_id="246" sentence="1" number="117">“</token>
  <token t_id="247" sentence="1" number="118">浙</token>
  <token t_id="248" sentence="1" number="119">普</token>
  <token t_id="249" sentence="1" number="120">渔</token>
  <token t_id="250" sentence="1" number="121">4</token>
  <token t_id="251" sentence="1" number="122">4</token>
  <token t_id="252" sentence="1" number="123">1</token>
  <token t_id="253" sentence="1" number="124">5</token>
  <token t_id="254" sentence="1" number="125">5</token>
  <token t_id="255" sentence="1" number="126">”</token>
  <token t_id="256" sentence="1" number="127">“</token>
  <token t_id="257" sentence="1" number="128">浙</token>
  <token t_id="258" sentence="1" number="129">普</token>
  <token t_id="259" sentence="1" number="130">渔</token>
  <token t_id="260" sentence="1" number="131">运</token>
  <token t_id="261" sentence="1" number="132">3</token>
  <token t_id="262" sentence="1" number="133">8</token>
  <token t_id="263" sentence="1" number="134">9</token>
  <token t_id="264" sentence="1" number="135">8</token>
  <token t_id="265" sentence="1" number="136">3</token>
  <token t_id="266" sentence="1" number="137">”</token>
  <token t_id="267" sentence="1" number="138">等</token>
  <token t_id="268" sentence="1" number="139">渔</token>
  <token t_id="269" sentence="1" number="140">船</token>
  <token t_id="270" sentence="1" number="141">前</token>
  <token t_id="271" sentence="1" number="142">往</token>
  <token t_id="272" sentence="1" number="143">现</token>
  <token t_id="273" sentence="1" number="144">场</token>
  <token t_id="274" sentence="1" number="145">参</token>
  <token t_id="275" sentence="1" number="146">与</token>
  <token t_id="276" sentence="1" number="147">救</token>
  <token t_id="277" sentence="1" number="148">助</token>
  <token t_id="278" sentence="1" number="149">。</token>
  <token t_id="279" sentence="2" number="0">截</token>
  <token t_id="280" sentence="2" number="1">至</token>
  <token t_id="281" sentence="2" number="2">4</token>
  <token t_id="282" sentence="2" number="3">日</token>
  <token t_id="283" sentence="2" number="4">9</token>
  <token t_id="284" sentence="2" number="5">时</token>
  <token t_id="285" sentence="2" number="6">，</token>
  <token t_id="286" sentence="2" number="7">已</token>
  <token t_id="287" sentence="2" number="8">有</token>
  <token t_id="288" sentence="2" number="9">1</token>
  <token t_id="289" sentence="2" number="10">6</token>
  <token t_id="290" sentence="2" number="11">人</token>
  <token t_id="291" sentence="2" number="12">救</token>
  <token t_id="292" sentence="2" number="13">起</token>
  <token t_id="293" sentence="2" number="14">，</token>
  <token t_id="294" sentence="2" number="15">搜</token>
  <token t_id="295" sentence="2" number="16">救</token>
  <token t_id="296" sentence="2" number="17">工</token>
  <token t_id="297" sentence="2" number="18">作</token>
  <token t_id="298" sentence="2" number="19">正</token>
  <token t_id="299" sentence="2" number="20">在</token>
  <token t_id="300" sentence="2" number="21">紧</token>
  <token t_id="301" sentence="2" number="22">张</token>
  <token t_id="302" sentence="2" number="23">进</token>
  <token t_id="303" sentence="2" number="24">行</token>
  <token t_id="304" sentence="2" number="25">中</token>
  <Markables>
    <ACTION m_id="28009" comment="">
      <token_anchor t_id="33" />
      <token_anchor t_id="34" />
    </ACTION>
    <ACTION m_id="28010" comment="">
      <token_anchor t_id="46" />
      <token_anchor t_id="47" />
    </ACTION>
    <ACTION m_id="28011" comment="">
      <token_anchor t_id="79" />
      <token_anchor t_id="80" />
    </ACTION>
    <ACTION m_id="28012" comment="">
      <token_anchor t_id="96" />
      <token_anchor t_id="97" />
    </ACTION>
    <ACTION m_id="28013" comment="">
      <token_anchor t_id="108" />
      <token_anchor t_id="109" />
    </ACTION>
    <ACTION m_id="28014" comment="">
      <token_anchor t_id="126" />
      <token_anchor t_id="127" />
    </ACTION>
    <ACTION m_id="28015" comment="">
      <token_anchor t_id="129" />
      <token_anchor t_id="130" />
    </ACTION>
    <ACTION m_id="28016" comment="">
      <token_anchor t_id="146" />
      <token_anchor t_id="147" />
    </ACTION>
    <ACTION m_id="28017" comment="">
      <token_anchor t_id="155" />
      <token_anchor t_id="156" />
    </ACTION>
    <ACTION m_id="28018" comment="">
      <token_anchor t_id="211" />
      <token_anchor t_id="212" />
    </ACTION>
    <ACTION m_id="28019" comment="">
      <token_anchor t_id="220" />
      <token_anchor t_id="221" />
    </ACTION>
    <ACTION m_id="28020" comment="">
      <token_anchor t_id="270" />
      <token_anchor t_id="271" />
    </ACTION>
    <ACTION m_id="28021" comment="">
      <token_anchor t_id="274" />
      <token_anchor t_id="275" />
    </ACTION>
    <ACTION m_id="28023" comment="">
      <token_anchor t_id="291" />
      <token_anchor t_id="292" />
    </ACTION>
    <ACTION m_id="28025" comment="">
      <token_anchor t_id="302" />
      <token_anchor t_id="303" />
    </ACTION>
  </Markables>
  <Relations>
    <PLOT_LINK r_id="2020" SIGNAL="" relType="causation" CAUSES="FALSE" CAUSED_BY="FALSE">
      <source m_id="28014" />
      <target m_id="28013" />
    </PLOT_LINK>
    <PLOT_LINK r_id="2021" SIGNAL="" relType="causation" CAUSES="FALSE" CAUSED_BY="FALSE">
      <source m_id="28015" />
      <target m_id="28016" />
    </PLOT_LINK>
  </Relations>
</Document>