<?xml version="1.0" encoding="UTF-8"?>
<Document doc_name="3194_ecbplus.xml.xml">
  <token t_id="1" sentence="0" number="0">新</token>
  <token t_id="2" sentence="0" number="1">华</token>
  <token t_id="3" sentence="0" number="2">社</token>
  <token t_id="4" sentence="0" number="3">突</token>
  <token t_id="5" sentence="0" number="4">尼</token>
  <token t_id="6" sentence="0" number="5">斯</token>
  <token t_id="7" sentence="0" number="6">3</token>
  <token t_id="8" sentence="0" number="7">月</token>
  <token t_id="9" sentence="0" number="8">9</token>
  <token t_id="10" sentence="0" number="9">日</token>
  <token t_id="11" sentence="0" number="10">电</token>
  <token t_id="12" sentence="0" number="11">(</token>
  <token t_id="13" sentence="0" number="12">记</token>
  <token t_id="14" sentence="0" number="13">者</token>
  <token t_id="15" sentence="0" number="14">黄</token>
  <token t_id="16" sentence="0" number="15">灵</token>
  <token t_id="17" sentence="0" number="16">)</token>
  <token t_id="18" sentence="0" number="17">突</token>
  <token t_id="19" sentence="0" number="18">尼</token>
  <token t_id="20" sentence="0" number="19">斯</token>
  <token t_id="21" sentence="0" number="20">斯</token>
  <token t_id="22" sentence="0" number="21">法</token>
  <token t_id="23" sentence="0" number="22">克</token>
  <token t_id="24" sentence="0" number="23">斯</token>
  <token t_id="25" sentence="0" number="24">省</token>
  <token t_id="26" sentence="0" number="25">民</token>
  <token t_id="27" sentence="0" number="26">防</token>
  <token t_id="28" sentence="0" number="27">部</token>
  <token t_id="29" sentence="0" number="28">门</token>
  <token t_id="30" sentence="0" number="29">9</token>
  <token t_id="31" sentence="0" number="30">日</token>
  <token t_id="32" sentence="0" number="31">发</token>
  <token t_id="33" sentence="0" number="32">表</token>
  <token t_id="34" sentence="0" number="33">声</token>
  <token t_id="35" sentence="0" number="34">明</token>
  <token t_id="36" sentence="0" number="35">说</token>
  <token t_id="37" sentence="0" number="36">，</token>
  <token t_id="38" sentence="0" number="37">两</token>
  <token t_id="39" sentence="0" number="38">艘</token>
  <token t_id="40" sentence="0" number="39">偷</token>
  <token t_id="41" sentence="0" number="40">渡</token>
  <token t_id="42" sentence="0" number="41">船</token>
  <token t_id="43" sentence="0" number="42">8</token>
  <token t_id="44" sentence="0" number="43">日</token>
  <token t_id="45" sentence="0" number="44">深</token>
  <token t_id="46" sentence="0" number="45">夜</token>
  <token t_id="47" sentence="0" number="46">在</token>
  <token t_id="48" sentence="0" number="47">突</token>
  <token t_id="49" sentence="0" number="48">东</token>
  <token t_id="50" sentence="0" number="49">南</token>
  <token t_id="51" sentence="0" number="50">部</token>
  <token t_id="52" sentence="0" number="51">海</token>
  <token t_id="53" sentence="0" number="52">域</token>
  <token t_id="54" sentence="0" number="53">沉</token>
  <token t_id="55" sentence="0" number="54">没</token>
  <token t_id="56" sentence="0" number="55">，</token>
  <token t_id="57" sentence="0" number="56">目</token>
  <token t_id="58" sentence="0" number="57">前</token>
  <token t_id="59" sentence="0" number="58">已</token>
  <token t_id="60" sentence="0" number="59">发</token>
  <token t_id="61" sentence="0" number="60">现</token>
  <token t_id="62" sentence="0" number="61">1</token>
  <token t_id="63" sentence="0" number="62">4</token>
  <token t_id="64" sentence="0" number="63">具</token>
  <token t_id="65" sentence="0" number="64">偷</token>
  <token t_id="66" sentence="0" number="65">渡</token>
  <token t_id="67" sentence="0" number="66">者</token>
  <token t_id="68" sentence="0" number="67">尸</token>
  <token t_id="69" sentence="0" number="68">体</token>
  <token t_id="70" sentence="0" number="69">。</token>
  <token t_id="71" sentence="1" number="0">声</token>
  <token t_id="72" sentence="1" number="1">明</token>
  <token t_id="73" sentence="1" number="2">说</token>
  <token t_id="74" sentence="1" number="3">，</token>
  <token t_id="75" sentence="1" number="4">救</token>
  <token t_id="76" sentence="1" number="5">援</token>
  <token t_id="77" sentence="1" number="6">人</token>
  <token t_id="78" sentence="1" number="7">员</token>
  <token t_id="79" sentence="1" number="8">已</token>
  <token t_id="80" sentence="1" number="9">在</token>
  <token t_id="81" sentence="1" number="10">相</token>
  <token t_id="82" sentence="1" number="11">关</token>
  <token t_id="83" sentence="1" number="12">海</token>
  <token t_id="84" sentence="1" number="13">域</token>
  <token t_id="85" sentence="1" number="14">救</token>
  <token t_id="86" sentence="1" number="15">起</token>
  <token t_id="87" sentence="1" number="16">1</token>
  <token t_id="88" sentence="1" number="17">4</token>
  <token t_id="89" sentence="1" number="18">0</token>
  <token t_id="90" sentence="1" number="19">多</token>
  <token t_id="91" sentence="1" number="20">名</token>
  <token t_id="92" sentence="1" number="21">幸</token>
  <token t_id="93" sentence="1" number="22">存</token>
  <token t_id="94" sentence="1" number="23">者</token>
  <token t_id="95" sentence="1" number="24">，</token>
  <token t_id="96" sentence="1" number="25">遇</token>
  <token t_id="97" sentence="1" number="26">难</token>
  <token t_id="98" sentence="1" number="27">者</token>
  <token t_id="99" sentence="1" number="28">大</token>
  <token t_id="100" sentence="1" number="29">多</token>
  <token t_id="101" sentence="1" number="30">为</token>
  <token t_id="102" sentence="1" number="31">妇</token>
  <token t_id="103" sentence="1" number="32">女</token>
  <token t_id="104" sentence="1" number="33">、</token>
  <token t_id="105" sentence="1" number="34">儿</token>
  <token t_id="106" sentence="1" number="35">童</token>
  <token t_id="107" sentence="1" number="36">及</token>
  <token t_id="108" sentence="1" number="37">老</token>
  <token t_id="109" sentence="1" number="38">人</token>
  <token t_id="110" sentence="1" number="39">。</token>
  <token t_id="111" sentence="2" number="0">据</token>
  <token t_id="112" sentence="2" number="1">透</token>
  <token t_id="113" sentence="2" number="2">露</token>
  <token t_id="114" sentence="2" number="3">，</token>
  <token t_id="115" sentence="2" number="4">沉</token>
  <token t_id="116" sentence="2" number="5">没</token>
  <token t_id="117" sentence="2" number="6">船</token>
  <token t_id="118" sentence="2" number="7">只</token>
  <token t_id="119" sentence="2" number="8">原</token>
  <token t_id="120" sentence="2" number="9">本</token>
  <token t_id="121" sentence="2" number="10">准</token>
  <token t_id="122" sentence="2" number="11">备</token>
  <token t_id="123" sentence="2" number="12">前</token>
  <token t_id="124" sentence="2" number="13">往</token>
  <token t_id="125" sentence="2" number="14">意</token>
  <token t_id="126" sentence="2" number="15">大</token>
  <token t_id="127" sentence="2" number="16">利</token>
  <token t_id="128" sentence="2" number="17">兰</token>
  <token t_id="129" sentence="2" number="18">佩</token>
  <token t_id="130" sentence="2" number="19">杜</token>
  <token t_id="131" sentence="2" number="20">萨</token>
  <token t_id="132" sentence="2" number="21">岛</token>
  <token t_id="133" sentence="2" number="22">。</token>
  <token t_id="134" sentence="3" number="0">突</token>
  <token t_id="135" sentence="3" number="1">尼</token>
  <token t_id="136" sentence="3" number="2">斯</token>
  <token t_id="137" sentence="3" number="3">位</token>
  <token t_id="138" sentence="3" number="4">于</token>
  <token t_id="139" sentence="3" number="5">非</token>
  <token t_id="140" sentence="3" number="6">洲</token>
  <token t_id="141" sentence="3" number="7">大</token>
  <token t_id="142" sentence="3" number="8">陆</token>
  <token t_id="143" sentence="3" number="9">北</token>
  <token t_id="144" sentence="3" number="10">端</token>
  <token t_id="145" sentence="3" number="11">，</token>
  <token t_id="146" sentence="3" number="12">与</token>
  <token t_id="147" sentence="3" number="13">意</token>
  <token t_id="148" sentence="3" number="14">大</token>
  <token t_id="149" sentence="3" number="15">利</token>
  <token t_id="150" sentence="3" number="16">等</token>
  <token t_id="151" sentence="3" number="17">欧</token>
  <token t_id="152" sentence="3" number="18">洲</token>
  <token t_id="153" sentence="3" number="19">国</token>
  <token t_id="154" sentence="3" number="20">家</token>
  <token t_id="155" sentence="3" number="21">隔</token>
  <token t_id="156" sentence="3" number="22">海</token>
  <token t_id="157" sentence="3" number="23">相</token>
  <token t_id="158" sentence="3" number="24">望</token>
  <token t_id="159" sentence="3" number="25">。</token>
  <token t_id="160" sentence="4" number="0">近</token>
  <token t_id="161" sentence="4" number="1">年</token>
  <token t_id="162" sentence="4" number="2">来</token>
  <token t_id="163" sentence="4" number="3">，</token>
  <token t_id="164" sentence="4" number="4">突</token>
  <token t_id="165" sentence="4" number="5">尼</token>
  <token t_id="166" sentence="4" number="6">斯</token>
  <token t_id="167" sentence="4" number="7">政</token>
  <token t_id="168" sentence="4" number="8">府</token>
  <token t_id="169" sentence="4" number="9">加</token>
  <token t_id="170" sentence="4" number="10">大</token>
  <token t_id="171" sentence="4" number="11">打</token>
  <token t_id="172" sentence="4" number="12">击</token>
  <token t_id="173" sentence="4" number="13">偷</token>
  <token t_id="174" sentence="4" number="14">渡</token>
  <token t_id="175" sentence="4" number="15">力</token>
  <token t_id="176" sentence="4" number="16">度</token>
  <token t_id="177" sentence="4" number="17">，</token>
  <token t_id="178" sentence="4" number="18">但</token>
  <token t_id="179" sentence="4" number="19">偷</token>
  <token t_id="180" sentence="4" number="20">渡</token>
  <token t_id="181" sentence="4" number="21">事</token>
  <token t_id="182" sentence="4" number="22">件</token>
  <token t_id="183" sentence="4" number="23">仍</token>
  <token t_id="184" sentence="4" number="24">时</token>
  <token t_id="185" sentence="4" number="25">有</token>
  <token t_id="186" sentence="4" number="26">发</token>
  <token t_id="187" sentence="4" number="27">生</token>
  <Markables>
    <ACTION m_id="36186" comment="">
      <token_anchor t_id="36" />
    </ACTION>
    <ACTION m_id="36187" comment="">
      <token_anchor t_id="54" />
      <token_anchor t_id="55" />
    </ACTION>
    <ACTION m_id="36188" comment="">
      <token_anchor t_id="60" />
      <token_anchor t_id="61" />
    </ACTION>
    <ACTION m_id="36189" comment="">
      <token_anchor t_id="73" />
    </ACTION>
    <ACTION m_id="36190" comment="">
      <token_anchor t_id="85" />
      <token_anchor t_id="86" />
    </ACTION>
    <ACTION m_id="36191" comment="">
      <token_anchor t_id="111" />
      <token_anchor t_id="112" />
      <token_anchor t_id="113" />
    </ACTION>
    <ACTION m_id="36192" comment="">
      <token_anchor t_id="123" />
      <token_anchor t_id="124" />
    </ACTION>
    <ACTION m_id="36193" comment="">
      <token_anchor t_id="171" />
      <token_anchor t_id="172" />
    </ACTION>
    <ACTION m_id="36194" comment="">
      <token_anchor t_id="186" />
      <token_anchor t_id="187" />
    </ACTION>
  </Markables>
  <Relations>
  </Relations>
</Document>