<?xml version="1.0" encoding="UTF-8"?>
<Document doc_name="3205_ecbplus.xml.xml">
  <token t_id="1" sentence="0" number="0">记</token>
  <token t_id="2" sentence="0" number="1">者</token>
  <token t_id="3" sentence="0" number="2">从</token>
  <token t_id="4" sentence="0" number="3">广</token>
  <token t_id="5" sentence="0" number="4">西</token>
  <token t_id="6" sentence="0" number="5">海</token>
  <token t_id="7" sentence="0" number="6">事</token>
  <token t_id="8" sentence="0" number="7">局</token>
  <token t_id="9" sentence="0" number="8">获</token>
  <token t_id="10" sentence="0" number="9">悉</token>
  <token t_id="11" sentence="0" number="10">，</token>
  <token t_id="12" sentence="0" number="11">5</token>
  <token t_id="13" sentence="0" number="12">月</token>
  <token t_id="14" sentence="0" number="13">6</token>
  <token t_id="15" sentence="0" number="14">日</token>
  <token t_id="16" sentence="0" number="15">凌</token>
  <token t_id="17" sentence="0" number="16">晨</token>
  <token t_id="18" sentence="0" number="17">两</token>
  <token t_id="19" sentence="0" number="18">点</token>
  <token t_id="20" sentence="0" number="19">左</token>
  <token t_id="21" sentence="0" number="20">右</token>
  <token t_id="22" sentence="0" number="21">，</token>
  <token t_id="23" sentence="0" number="22">一</token>
  <token t_id="24" sentence="0" number="23">辆</token>
  <token t_id="25" sentence="0" number="24">载</token>
  <token t_id="26" sentence="0" number="25">运</token>
  <token t_id="27" sentence="0" number="26">上</token>
  <token t_id="28" sentence="0" number="27">千</token>
  <token t_id="29" sentence="0" number="28">吨</token>
  <token t_id="30" sentence="0" number="29">水</token>
  <token t_id="31" sentence="0" number="30">泥</token>
  <token t_id="32" sentence="0" number="31">的</token>
  <token t_id="33" sentence="0" number="32">“</token>
  <token t_id="34" sentence="0" number="33">宁</token>
  <token t_id="35" sentence="0" number="34">通</token>
  <token t_id="36" sentence="0" number="35">5</token>
  <token t_id="37" sentence="0" number="36">5</token>
  <token t_id="38" sentence="0" number="37">5</token>
  <token t_id="39" sentence="0" number="38">”</token>
  <token t_id="40" sentence="0" number="39">号</token>
  <token t_id="41" sentence="0" number="40">货</token>
  <token t_id="42" sentence="0" number="41">船</token>
  <token t_id="43" sentence="0" number="42">自</token>
  <token t_id="44" sentence="0" number="43">广</token>
  <token t_id="45" sentence="0" number="44">西</token>
  <token t_id="46" sentence="0" number="45">崇</token>
  <token t_id="47" sentence="0" number="46">左</token>
  <token t_id="48" sentence="0" number="47">市</token>
  <token t_id="49" sentence="0" number="48">下</token>
  <token t_id="50" sentence="0" number="49">航</token>
  <token t_id="51" sentence="0" number="50">广</token>
  <token t_id="52" sentence="0" number="51">东</token>
  <token t_id="53" sentence="0" number="52">江</token>
  <token t_id="54" sentence="0" number="53">门</token>
  <token t_id="55" sentence="0" number="54">市</token>
  <token t_id="56" sentence="0" number="55">，</token>
  <token t_id="57" sentence="0" number="56">在</token>
  <token t_id="58" sentence="0" number="57">广</token>
  <token t_id="59" sentence="0" number="58">西</token>
  <token t_id="60" sentence="0" number="59">境</token>
  <token t_id="61" sentence="0" number="60">内</token>
  <token t_id="62" sentence="0" number="61">的</token>
  <token t_id="63" sentence="0" number="62">浔</token>
  <token t_id="64" sentence="0" number="63">江</token>
  <token t_id="65" sentence="0" number="64">桂</token>
  <token t_id="66" sentence="0" number="65">平</token>
  <token t_id="67" sentence="0" number="66">牛</token>
  <token t_id="68" sentence="0" number="67">屎</token>
  <token t_id="69" sentence="0" number="68">湾</token>
  <token t_id="70" sentence="0" number="69">水</token>
  <token t_id="71" sentence="0" number="70">域</token>
  <token t_id="72" sentence="0" number="71">沉</token>
  <token t_id="73" sentence="0" number="72">没</token>
  <token t_id="74" sentence="0" number="73">，</token>
  <token t_id="75" sentence="0" number="74">5</token>
  <token t_id="76" sentence="0" number="75">人</token>
  <token t_id="77" sentence="0" number="76">遇</token>
  <token t_id="78" sentence="0" number="77">险</token>
  <token t_id="79" sentence="0" number="78">，</token>
  <token t_id="80" sentence="0" number="79">3</token>
  <token t_id="81" sentence="0" number="80">人</token>
  <token t_id="82" sentence="0" number="81">被</token>
  <token t_id="83" sentence="0" number="82">救</token>
  <token t_id="84" sentence="0" number="83">起</token>
  <token t_id="85" sentence="0" number="84">，</token>
  <token t_id="86" sentence="0" number="85">2</token>
  <token t_id="87" sentence="0" number="86">人</token>
  <token t_id="88" sentence="0" number="87">失</token>
  <token t_id="89" sentence="0" number="88">踪</token>
  <token t_id="90" sentence="0" number="89">。</token>
  <token t_id="91" sentence="1" number="0">目</token>
  <token t_id="92" sentence="1" number="1">前</token>
  <token t_id="93" sentence="1" number="2">，</token>
  <token t_id="94" sentence="1" number="3">救</token>
  <token t_id="95" sentence="1" number="4">援</token>
  <token t_id="96" sentence="1" number="5">力</token>
  <token t_id="97" sentence="1" number="6">量</token>
  <token t_id="98" sentence="1" number="7">正</token>
  <token t_id="99" sentence="1" number="8">在</token>
  <token t_id="100" sentence="1" number="9">全</token>
  <token t_id="101" sentence="1" number="10">力</token>
  <token t_id="102" sentence="1" number="11">搜</token>
  <token t_id="103" sentence="1" number="12">寻</token>
  <token t_id="104" sentence="1" number="13">失</token>
  <token t_id="105" sentence="1" number="14">踪</token>
  <token t_id="106" sentence="1" number="15">人</token>
  <token t_id="107" sentence="1" number="16">员</token>
  <token t_id="108" sentence="1" number="17">，</token>
  <token t_id="109" sentence="1" number="18">事</token>
  <token t_id="110" sentence="1" number="19">故</token>
  <token t_id="111" sentence="1" number="20">原</token>
  <token t_id="112" sentence="1" number="21">因</token>
  <token t_id="113" sentence="1" number="22">正</token>
  <token t_id="114" sentence="1" number="23">在</token>
  <token t_id="115" sentence="1" number="24">进</token>
  <token t_id="116" sentence="1" number="25">一</token>
  <token t_id="117" sentence="1" number="26">步</token>
  <token t_id="118" sentence="1" number="27">调</token>
  <token t_id="119" sentence="1" number="28">查</token>
  <token t_id="120" sentence="1" number="29">中</token>
  <token t_id="121" sentence="1" number="30">。</token>
  <token t_id="122" sentence="2" number="0">据</token>
  <token t_id="123" sentence="2" number="1">了</token>
  <token t_id="124" sentence="2" number="2">解</token>
  <token t_id="125" sentence="2" number="3">，</token>
  <token t_id="126" sentence="2" number="4">失</token>
  <token t_id="127" sentence="2" number="5">事</token>
  <token t_id="128" sentence="2" number="6">船</token>
  <token t_id="129" sentence="2" number="7">舶</token>
  <token t_id="130" sentence="2" number="8">类</token>
  <token t_id="131" sentence="2" number="9">型</token>
  <token t_id="132" sentence="2" number="10">为</token>
  <token t_id="133" sentence="2" number="11">多</token>
  <token t_id="134" sentence="2" number="12">用</token>
  <token t_id="135" sentence="2" number="13">途</token>
  <token t_id="136" sentence="2" number="14">船</token>
  <token t_id="137" sentence="2" number="15">，</token>
  <token t_id="138" sentence="2" number="16">船</token>
  <token t_id="139" sentence="2" number="17">籍</token>
  <token t_id="140" sentence="2" number="18">港</token>
  <token t_id="141" sentence="2" number="19">为</token>
  <token t_id="142" sentence="2" number="20">南</token>
  <token t_id="143" sentence="2" number="21">宁</token>
  <Markables>
    <ACTION m_id="36383" comment="">
      <token_anchor t_id="9" />
      <token_anchor t_id="10" />
    </ACTION>
    <ACTION m_id="36384" comment="">
      <token_anchor t_id="25" />
      <token_anchor t_id="26" />
    </ACTION>
    <ACTION m_id="36385" comment="">
      <token_anchor t_id="72" />
      <token_anchor t_id="73" />
    </ACTION>
    <ACTION m_id="36386" comment="">
      <token_anchor t_id="77" />
      <token_anchor t_id="78" />
    </ACTION>
    <ACTION m_id="36387" comment="">
      <token_anchor t_id="83" />
      <token_anchor t_id="84" />
    </ACTION>
    <ACTION m_id="36388" comment="">
      <token_anchor t_id="88" />
      <token_anchor t_id="89" />
    </ACTION>
    <ACTION m_id="36389" comment="">
      <token_anchor t_id="102" />
      <token_anchor t_id="103" />
    </ACTION>
    <ACTION m_id="36391" comment="">
      <token_anchor t_id="118" />
      <token_anchor t_id="119" />
      <token_anchor t_id="120" />
    </ACTION>
    <ACTION m_id="36392" comment="">
      <token_anchor t_id="122" />
      <token_anchor t_id="123" />
      <token_anchor t_id="124" />
    </ACTION>
  </Markables>
  <Relations>
    <PLOT_LINK r_id="4662" SIGNAL="" relType="causation" CAUSES="FALSE" CAUSED_BY="FALSE">
      <source m_id="36385" />
      <target m_id="36386" />
    </PLOT_LINK>
    <PLOT_LINK r_id="4663" SIGNAL="" relType="causation" CAUSES="FALSE" CAUSED_BY="FALSE">
      <source m_id="36385" />
      <target m_id="36387" />
    </PLOT_LINK>
    <PLOT_LINK r_id="4664" SIGNAL="" relType="causation" CAUSES="FALSE" CAUSED_BY="FALSE">
      <source m_id="36385" />
      <target m_id="36388" />
    </PLOT_LINK>
  </Relations>
</Document>