<?xml version="1.0" encoding="UTF-8"?>
<Document doc_name="3207_ecbplus.xml.xml">
  <token t_id="1" sentence="0" number="0">北</token>
  <token t_id="2" sentence="0" number="1">海</token>
  <token t_id="3" sentence="0" number="2">6</token>
  <token t_id="4" sentence="0" number="3">月</token>
  <token t_id="5" sentence="0" number="4">1</token>
  <token t_id="6" sentence="0" number="5">6</token>
  <token t_id="7" sentence="0" number="6">日</token>
  <token t_id="8" sentence="0" number="7">电</token>
  <token t_id="9" sentence="0" number="8">(</token>
  <token t_id="10" sentence="0" number="9">罗</token>
  <token t_id="11" sentence="0" number="10">长</token>
  <token t_id="12" sentence="0" number="11">胜</token>
  <token t_id="13" sentence="0" number="12">黄</token>
  <token t_id="14" sentence="0" number="13">艳</token>
  <token t_id="15" sentence="0" number="14">梅</token>
  <token t_id="16" sentence="0" number="15">)</token>
  <token t_id="17" sentence="0" number="16">北</token>
  <token t_id="18" sentence="0" number="17">海</token>
  <token t_id="19" sentence="0" number="18">海</token>
  <token t_id="20" sentence="0" number="19">事</token>
  <token t_id="21" sentence="0" number="20">局</token>
  <token t_id="22" sentence="0" number="21">1</token>
  <token t_id="23" sentence="0" number="22">6</token>
  <token t_id="24" sentence="0" number="23">日</token>
  <token t_id="25" sentence="0" number="24">介</token>
  <token t_id="26" sentence="0" number="25">绍</token>
  <token t_id="27" sentence="0" number="26">，</token>
  <token t_id="28" sentence="0" number="27">6</token>
  <token t_id="29" sentence="0" number="28">月</token>
  <token t_id="30" sentence="0" number="29">1</token>
  <token t_id="31" sentence="0" number="30">6</token>
  <token t_id="32" sentence="0" number="31">日</token>
  <token t_id="33" sentence="0" number="32">凌</token>
  <token t_id="34" sentence="0" number="33">晨</token>
  <token t_id="35" sentence="0" number="34">4</token>
  <token t_id="36" sentence="0" number="35">时</token>
  <token t_id="37" sentence="0" number="36">许</token>
  <token t_id="38" sentence="0" number="37">，</token>
  <token t_id="39" sentence="0" number="38">广</token>
  <token t_id="40" sentence="0" number="39">西</token>
  <token t_id="41" sentence="0" number="40">北</token>
  <token t_id="42" sentence="0" number="41">海</token>
  <token t_id="43" sentence="0" number="42">市</token>
  <token t_id="44" sentence="0" number="43">一</token>
  <token t_id="45" sentence="0" number="44">艘</token>
  <token t_id="46" sentence="0" number="45">货</token>
  <token t_id="47" sentence="0" number="46">船</token>
  <token t_id="48" sentence="0" number="47">遇</token>
  <token t_id="49" sentence="0" number="48">险</token>
  <token t_id="50" sentence="0" number="49">沉</token>
  <token t_id="51" sentence="0" number="50">没</token>
  <token t_id="52" sentence="0" number="51">。</token>
  <token t_id="53" sentence="1" number="0">经</token>
  <token t_id="54" sentence="1" number="1">救</token>
  <token t_id="55" sentence="1" number="2">援</token>
  <token t_id="56" sentence="1" number="3">，</token>
  <token t_id="57" sentence="1" number="4">船</token>
  <token t_id="58" sentence="1" number="5">上</token>
  <token t_id="59" sentence="1" number="6">1</token>
  <token t_id="60" sentence="1" number="7">2</token>
  <token t_id="61" sentence="1" number="8">人</token>
  <token t_id="62" sentence="1" number="9">安</token>
  <token t_id="63" sentence="1" number="10">全</token>
  <token t_id="64" sentence="1" number="11">获</token>
  <token t_id="65" sentence="1" number="12">救</token>
  <token t_id="66" sentence="1" number="13">。</token>
  <token t_id="67" sentence="2" number="0">据</token>
  <token t_id="68" sentence="2" number="1">介</token>
  <token t_id="69" sentence="2" number="2">绍</token>
  <token t_id="70" sentence="2" number="3">，</token>
  <token t_id="71" sentence="2" number="4">6</token>
  <token t_id="72" sentence="2" number="5">月</token>
  <token t_id="73" sentence="2" number="6">1</token>
  <token t_id="74" sentence="2" number="7">6</token>
  <token t_id="75" sentence="2" number="8">日</token>
  <token t_id="76" sentence="2" number="9">4</token>
  <token t_id="77" sentence="2" number="10">时</token>
  <token t_id="78" sentence="2" number="11">3</token>
  <token t_id="79" sentence="2" number="12">5</token>
  <token t_id="80" sentence="2" number="13">分</token>
  <token t_id="81" sentence="2" number="14">，</token>
  <token t_id="82" sentence="2" number="15">北</token>
  <token t_id="83" sentence="2" number="16">海</token>
  <token t_id="84" sentence="2" number="17">海</token>
  <token t_id="85" sentence="2" number="18">上</token>
  <token t_id="86" sentence="2" number="19">搜</token>
  <token t_id="87" sentence="2" number="20">救</token>
  <token t_id="88" sentence="2" number="21">中</token>
  <token t_id="89" sentence="2" number="22">心</token>
  <token t_id="90" sentence="2" number="23">接</token>
  <token t_id="91" sentence="2" number="24">到</token>
  <token t_id="92" sentence="2" number="25">报</token>
  <token t_id="93" sentence="2" number="26">警</token>
  <token t_id="94" sentence="2" number="27">：</token>
  <token t_id="95" sentence="2" number="28">在</token>
  <token t_id="96" sentence="2" number="29">距</token>
  <token t_id="97" sentence="2" number="30">离</token>
  <token t_id="98" sentence="2" number="31">北</token>
  <token t_id="99" sentence="2" number="32">海</token>
  <token t_id="100" sentence="2" number="33">斜</token>
  <token t_id="101" sentence="2" number="34">阳</token>
  <token t_id="102" sentence="2" number="35">岛</token>
  <token t_id="103" sentence="2" number="36">东</token>
  <token t_id="104" sentence="2" number="37">南</token>
  <token t_id="105" sentence="2" number="38">面</token>
  <token t_id="106" sentence="2" number="39">海</token>
  <token t_id="107" sentence="2" number="40">域</token>
  <token t_id="108" sentence="2" number="41">约</token>
  <token t_id="109" sentence="2" number="42">1</token>
  <token t_id="110" sentence="2" number="43">0</token>
  <token t_id="111" sentence="2" number="44">海</token>
  <token t_id="112" sentence="2" number="45">里</token>
  <token t_id="113" sentence="2" number="46">处</token>
  <token t_id="114" sentence="2" number="47">，</token>
  <token t_id="115" sentence="2" number="48">一</token>
  <token t_id="116" sentence="2" number="49">艘</token>
  <token t_id="117" sentence="2" number="50">货</token>
  <token t_id="118" sentence="2" number="51">船</token>
  <token t_id="119" sentence="2" number="52">与</token>
  <token t_id="120" sentence="2" number="53">一</token>
  <token t_id="121" sentence="2" number="54">无</token>
  <token t_id="122" sentence="2" number="55">名</token>
  <token t_id="123" sentence="2" number="56">船</token>
  <token t_id="124" sentence="2" number="57">舶</token>
  <token t_id="125" sentence="2" number="58">发</token>
  <token t_id="126" sentence="2" number="59">生</token>
  <token t_id="127" sentence="2" number="60">碰</token>
  <token t_id="128" sentence="2" number="61">撞</token>
  <token t_id="129" sentence="2" number="62">，</token>
  <token t_id="130" sentence="2" number="63">导</token>
  <token t_id="131" sentence="2" number="64">致</token>
  <token t_id="132" sentence="2" number="65">货</token>
  <token t_id="133" sentence="2" number="66">船</token>
  <token t_id="134" sentence="2" number="67">船</token>
  <token t_id="135" sentence="2" number="68">舱</token>
  <token t_id="136" sentence="2" number="69">进</token>
  <token t_id="137" sentence="2" number="70">水</token>
  <token t_id="138" sentence="2" number="71">后</token>
  <token t_id="139" sentence="2" number="72">沉</token>
  <token t_id="140" sentence="2" number="73">没</token>
  <token t_id="141" sentence="2" number="74">。</token>
  <token t_id="142" sentence="3" number="0">船</token>
  <token t_id="143" sentence="3" number="1">上</token>
  <token t_id="144" sentence="3" number="2">有</token>
  <token t_id="145" sentence="3" number="3">1</token>
  <token t_id="146" sentence="3" number="4">2</token>
  <token t_id="147" sentence="3" number="5">人</token>
  <token t_id="148" sentence="3" number="6">弃</token>
  <token t_id="149" sentence="3" number="7">船</token>
  <token t_id="150" sentence="3" number="8">，</token>
  <token t_id="151" sentence="3" number="9">请</token>
  <token t_id="152" sentence="3" number="10">求</token>
  <token t_id="153" sentence="3" number="11">救</token>
  <token t_id="154" sentence="3" number="12">援</token>
  <token t_id="155" sentence="3" number="13">。</token>
  <token t_id="156" sentence="4" number="0">接</token>
  <token t_id="157" sentence="4" number="1">报</token>
  <token t_id="158" sentence="4" number="2">后</token>
  <token t_id="159" sentence="4" number="3">，</token>
  <token t_id="160" sentence="4" number="4">北</token>
  <token t_id="161" sentence="4" number="5">海</token>
  <token t_id="162" sentence="4" number="6">海</token>
  <token t_id="163" sentence="4" number="7">上</token>
  <token t_id="164" sentence="4" number="8">搜</token>
  <token t_id="165" sentence="4" number="9">救</token>
  <token t_id="166" sentence="4" number="10">中</token>
  <token t_id="167" sentence="4" number="11">心</token>
  <token t_id="168" sentence="4" number="12">迅</token>
  <token t_id="169" sentence="4" number="13">速</token>
  <token t_id="170" sentence="4" number="14">开</token>
  <token t_id="171" sentence="4" number="15">展</token>
  <token t_id="172" sentence="4" number="16">搜</token>
  <token t_id="173" sentence="4" number="17">救</token>
  <token t_id="174" sentence="4" number="18">行</token>
  <token t_id="175" sentence="4" number="19">动</token>
  <token t_id="176" sentence="4" number="20">，</token>
  <token t_id="177" sentence="4" number="21">通</token>
  <token t_id="178" sentence="4" number="22">过</token>
  <token t_id="179" sentence="4" number="23">V</token>
  <token t_id="180" sentence="4" number="24">T</token>
  <token t_id="181" sentence="4" number="25">S</token>
  <token t_id="182" sentence="4" number="26">(</token>
  <token t_id="183" sentence="4" number="27">船</token>
  <token t_id="184" sentence="4" number="28">舶</token>
  <token t_id="185" sentence="4" number="29">交</token>
  <token t_id="186" sentence="4" number="30">通</token>
  <token t_id="187" sentence="4" number="31">服</token>
  <token t_id="188" sentence="4" number="32">务</token>
  <token t_id="189" sentence="4" number="33">)</token>
  <token t_id="190" sentence="4" number="34">协</token>
  <token t_id="191" sentence="4" number="35">调</token>
  <token t_id="192" sentence="4" number="36">附</token>
  <token t_id="193" sentence="4" number="37">近</token>
  <token t_id="194" sentence="4" number="38">船</token>
  <token t_id="195" sentence="4" number="39">舶</token>
  <token t_id="196" sentence="4" number="40">“</token>
  <token t_id="197" sentence="4" number="41">华</token>
  <token t_id="198" sentence="4" number="42">盛</token>
  <token t_id="199" sentence="4" number="43">6</token>
  <token t_id="200" sentence="4" number="44">6</token>
  <token t_id="201" sentence="4" number="45">6</token>
  <token t_id="202" sentence="4" number="46">”</token>
  <token t_id="203" sentence="4" number="47">轮</token>
  <token t_id="204" sentence="4" number="48">、</token>
  <token t_id="205" sentence="4" number="49">“</token>
  <token t_id="206" sentence="4" number="50">顺</token>
  <token t_id="207" sentence="4" number="51">源</token>
  <token t_id="208" sentence="4" number="52">2</token>
  <token t_id="209" sentence="4" number="53">7</token>
  <token t_id="210" sentence="4" number="54">”</token>
  <token t_id="211" sentence="4" number="55">轮</token>
  <token t_id="212" sentence="4" number="56">等</token>
  <token t_id="213" sentence="4" number="57">前</token>
  <token t_id="214" sentence="4" number="58">往</token>
  <token t_id="215" sentence="4" number="59">搜</token>
  <token t_id="216" sentence="4" number="60">救</token>
  <token t_id="217" sentence="4" number="61">；</token>
  <token t_id="218" sentence="4" number="62">派</token>
  <token t_id="219" sentence="4" number="63">出</token>
  <token t_id="220" sentence="4" number="64">“</token>
  <token t_id="221" sentence="4" number="65">厦</token>
  <token t_id="222" sentence="4" number="66">港</token>
  <token t_id="223" sentence="4" number="67">拖</token>
  <token t_id="224" sentence="4" number="68">2</token>
  <token t_id="225" sentence="4" number="69">0</token>
  <token t_id="226" sentence="4" number="70">”</token>
  <token t_id="227" sentence="4" number="71">搭</token>
  <token t_id="228" sentence="4" number="72">载</token>
  <token t_id="229" sentence="4" number="73">海</token>
  <token t_id="230" sentence="4" number="74">事</token>
  <token t_id="231" sentence="4" number="75">执</token>
  <token t_id="232" sentence="4" number="76">法</token>
  <token t_id="233" sentence="4" number="77">人</token>
  <token t_id="234" sentence="4" number="78">员</token>
  <token t_id="235" sentence="4" number="79">赶</token>
  <token t_id="236" sentence="4" number="80">往</token>
  <token t_id="237" sentence="4" number="81">现</token>
  <token t_id="238" sentence="4" number="82">场</token>
  <token t_id="239" sentence="4" number="83">组</token>
  <token t_id="240" sentence="4" number="84">织</token>
  <token t_id="241" sentence="4" number="85">搜</token>
  <token t_id="242" sentence="4" number="86">救</token>
  <token t_id="243" sentence="4" number="87">。</token>
  <token t_id="244" sentence="5" number="0">同</token>
  <token t_id="245" sentence="5" number="1">时</token>
  <token t_id="246" sentence="5" number="2">，</token>
  <token t_id="247" sentence="5" number="3">播</token>
  <token t_id="248" sentence="5" number="4">发</token>
  <token t_id="249" sentence="5" number="5">海</token>
  <token t_id="250" sentence="5" number="6">上</token>
  <token t_id="251" sentence="5" number="7">安</token>
  <token t_id="252" sentence="5" number="8">全</token>
  <token t_id="253" sentence="5" number="9">信</token>
  <token t_id="254" sentence="5" number="10">息</token>
  <token t_id="255" sentence="5" number="11">，</token>
  <token t_id="256" sentence="5" number="12">提</token>
  <token t_id="257" sentence="5" number="13">醒</token>
  <token t_id="258" sentence="5" number="14">过</token>
  <token t_id="259" sentence="5" number="15">往</token>
  <token t_id="260" sentence="5" number="16">船</token>
  <token t_id="261" sentence="5" number="17">舶</token>
  <token t_id="262" sentence="5" number="18">加</token>
  <token t_id="263" sentence="5" number="19">强</token>
  <token t_id="264" sentence="5" number="20">瞭</token>
  <token t_id="265" sentence="5" number="21">望</token>
  <token t_id="266" sentence="5" number="22">，</token>
  <token t_id="267" sentence="5" number="23">注</token>
  <token t_id="268" sentence="5" number="24">意</token>
  <token t_id="269" sentence="5" number="25">避</token>
  <token t_id="270" sentence="5" number="26">让</token>
  <token t_id="271" sentence="5" number="27">沉</token>
  <token t_id="272" sentence="5" number="28">船</token>
  <token t_id="273" sentence="5" number="29">位</token>
  <token t_id="274" sentence="5" number="30">置</token>
  <token t_id="275" sentence="5" number="31">。</token>
  <token t_id="276" sentence="6" number="0">6</token>
  <token t_id="277" sentence="6" number="1">时</token>
  <token t_id="278" sentence="6" number="2">3</token>
  <token t_id="279" sentence="6" number="3">8</token>
  <token t_id="280" sentence="6" number="4">分</token>
  <token t_id="281" sentence="6" number="5">，</token>
  <token t_id="282" sentence="6" number="6">“</token>
  <token t_id="283" sentence="6" number="7">顺</token>
  <token t_id="284" sentence="6" number="8">源</token>
  <token t_id="285" sentence="6" number="9">2</token>
  <token t_id="286" sentence="6" number="10">7</token>
  <token t_id="287" sentence="6" number="11">”</token>
  <token t_id="288" sentence="6" number="12">轮</token>
  <token t_id="289" sentence="6" number="13">发</token>
  <token t_id="290" sentence="6" number="14">现</token>
  <token t_id="291" sentence="6" number="15">遇</token>
  <token t_id="292" sentence="6" number="16">险</token>
  <token t_id="293" sentence="6" number="17">船</token>
  <token t_id="294" sentence="6" number="18">员</token>
  <token t_id="295" sentence="6" number="19">救</token>
  <token t_id="296" sentence="6" number="20">生</token>
  <token t_id="297" sentence="6" number="21">艇</token>
  <token t_id="298" sentence="6" number="22">后</token>
  <token t_id="299" sentence="6" number="23">，</token>
  <token t_id="300" sentence="6" number="24">加</token>
  <token t_id="301" sentence="6" number="25">速</token>
  <token t_id="302" sentence="6" number="26">前</token>
  <token t_id="303" sentence="6" number="27">往</token>
  <token t_id="304" sentence="6" number="28">事</token>
  <token t_id="305" sentence="6" number="29">发</token>
  <token t_id="306" sentence="6" number="30">海</token>
  <token t_id="307" sentence="6" number="31">域</token>
  <token t_id="308" sentence="6" number="32">，</token>
  <token t_id="309" sentence="6" number="33">当</token>
  <token t_id="310" sentence="6" number="34">日</token>
  <token t_id="311" sentence="6" number="35">7</token>
  <token t_id="312" sentence="6" number="36">时</token>
  <token t_id="313" sentence="6" number="37">0</token>
  <token t_id="314" sentence="6" number="38">1</token>
  <token t_id="315" sentence="6" number="39">分</token>
  <token t_id="316" sentence="6" number="40">，</token>
  <token t_id="317" sentence="6" number="41">“</token>
  <token t_id="318" sentence="6" number="42">顺</token>
  <token t_id="319" sentence="6" number="43">源</token>
  <token t_id="320" sentence="6" number="44">2</token>
  <token t_id="321" sentence="6" number="45">7</token>
  <token t_id="322" sentence="6" number="46">”</token>
  <token t_id="323" sentence="6" number="47">轮</token>
  <token t_id="324" sentence="6" number="48">成</token>
  <token t_id="325" sentence="6" number="49">功</token>
  <token t_id="326" sentence="6" number="50">将</token>
  <token t_id="327" sentence="6" number="51">1</token>
  <token t_id="328" sentence="6" number="52">2</token>
  <token t_id="329" sentence="6" number="53">名</token>
  <token t_id="330" sentence="6" number="54">遇</token>
  <token t_id="331" sentence="6" number="55">险</token>
  <token t_id="332" sentence="6" number="56">船</token>
  <token t_id="333" sentence="6" number="57">员</token>
  <token t_id="334" sentence="6" number="58">安</token>
  <token t_id="335" sentence="6" number="59">全</token>
  <token t_id="336" sentence="6" number="60">救</token>
  <token t_id="337" sentence="6" number="61">起</token>
  <token t_id="338" sentence="6" number="62">。</token>
  <token t_id="339" sentence="7" number="0">目</token>
  <token t_id="340" sentence="7" number="1">前</token>
  <token t_id="341" sentence="7" number="2">，</token>
  <token t_id="342" sentence="7" number="3">1</token>
  <token t_id="343" sentence="7" number="4">2</token>
  <token t_id="344" sentence="7" number="5">名</token>
  <token t_id="345" sentence="7" number="6">船</token>
  <token t_id="346" sentence="7" number="7">员</token>
  <token t_id="347" sentence="7" number="8">被</token>
  <token t_id="348" sentence="7" number="9">“</token>
  <token t_id="349" sentence="7" number="10">厦</token>
  <token t_id="350" sentence="7" number="11">港</token>
  <token t_id="351" sentence="7" number="12">拖</token>
  <token t_id="352" sentence="7" number="13">2</token>
  <token t_id="353" sentence="7" number="14">0</token>
  <token t_id="354" sentence="7" number="15">”</token>
  <token t_id="355" sentence="7" number="16">接</token>
  <token t_id="356" sentence="7" number="17">回</token>
  <token t_id="357" sentence="7" number="18">北</token>
  <token t_id="358" sentence="7" number="19">海</token>
  <token t_id="359" sentence="7" number="20">涠</token>
  <token t_id="360" sentence="7" number="21">洲</token>
  <token t_id="361" sentence="7" number="22">岛</token>
  <token t_id="362" sentence="7" number="23">，</token>
  <token t_id="363" sentence="7" number="24">无</token>
  <token t_id="364" sentence="7" number="25">人</token>
  <token t_id="365" sentence="7" number="26">员</token>
  <token t_id="366" sentence="7" number="27">伤</token>
  <token t_id="367" sentence="7" number="28">亡</token>
  <Markables>
    <ACTION m_id="36403" comment="">
      <token_anchor t_id="25" />
      <token_anchor t_id="26" />
    </ACTION>
    <ACTION m_id="36404" comment="">
      <token_anchor t_id="50" />
      <token_anchor t_id="51" />
    </ACTION>
    <ACTION m_id="36405" comment="">
      <token_anchor t_id="54" />
      <token_anchor t_id="55" />
    </ACTION>
    <ACTION m_id="36406" comment="">
      <token_anchor t_id="64" />
      <token_anchor t_id="65" />
    </ACTION>
    <ACTION m_id="36407" comment="">
      <token_anchor t_id="68" />
      <token_anchor t_id="69" />
    </ACTION>
    <ACTION m_id="36408" comment="">
      <token_anchor t_id="90" />
      <token_anchor t_id="91" />
    </ACTION>
    <ACTION m_id="36410" comment="">
      <token_anchor t_id="127" />
      <token_anchor t_id="128" />
    </ACTION>
    <ACTION m_id="36411" comment="">
      <token_anchor t_id="136" />
      <token_anchor t_id="137" />
    </ACTION>
    <ACTION m_id="36412" comment="">
      <token_anchor t_id="139" />
      <token_anchor t_id="140" />
    </ACTION>
    <ACTION m_id="36413" comment="">
      <token_anchor t_id="148" />
      <token_anchor t_id="149" />
    </ACTION>
    <ACTION_CAUSATIVE m_id="36415" comment="">
      <token_anchor t_id="130" />
      <token_anchor t_id="131" />
    </ACTION_CAUSATIVE>
    <ACTION m_id="36416" comment="">
      <token_anchor t_id="156" />
      <token_anchor t_id="157" />
      <token_anchor t_id="158" />
    </ACTION>
    <ACTION m_id="36417" comment="">
      <token_anchor t_id="172" />
      <token_anchor t_id="173" />
    </ACTION>
    <ACTION m_id="36419" comment="">
      <token_anchor t_id="190" />
      <token_anchor t_id="191" />
    </ACTION>
    <ACTION m_id="36420" comment="">
      <token_anchor t_id="215" />
      <token_anchor t_id="216" />
    </ACTION>
    <ACTION m_id="36421" comment="">
      <token_anchor t_id="218" />
      <token_anchor t_id="219" />
    </ACTION>
    <ACTION m_id="36422" comment="">
      <token_anchor t_id="235" />
      <token_anchor t_id="236" />
    </ACTION>
    <ACTION m_id="36423" comment="">
      <token_anchor t_id="239" />
      <token_anchor t_id="240" />
    </ACTION>
    <ACTION m_id="36424" comment="">
      <token_anchor t_id="247" />
      <token_anchor t_id="248" />
    </ACTION>
    <ACTION m_id="36425" comment="">
      <token_anchor t_id="256" />
      <token_anchor t_id="257" />
    </ACTION>
    <ACTION m_id="36427" comment="">
      <token_anchor t_id="269" />
      <token_anchor t_id="270" />
    </ACTION>
    <ACTION m_id="36428" comment="">
      <token_anchor t_id="289" />
      <token_anchor t_id="290" />
    </ACTION>
    <ACTION m_id="36429" comment="">
      <token_anchor t_id="302" />
      <token_anchor t_id="303" />
    </ACTION>
    <ACTION m_id="36430" comment="">
      <token_anchor t_id="336" />
      <token_anchor t_id="337" />
    </ACTION>
    <ACTION m_id="36431" comment="">
      <token_anchor t_id="355" />
      <token_anchor t_id="356" />
    </ACTION>
    <ACTION m_id="36432" comment="">
      <token_anchor t_id="366" />
      <token_anchor t_id="367" />
    </ACTION>
    <ACTION m_id="53119" comment="">
      <token_anchor t_id="262" />
      <token_anchor t_id="263" />
    </ACTION>
    <ACTION m_id="54372" comment="">
      <token_anchor t_id="151" />
      <token_anchor t_id="152" />
    </ACTION>
  </Markables>
  <Relations>
    <PLOT_LINK r_id="4665" SIGNAL="" relType="causation" CAUSES="FALSE" CAUSED_BY="FALSE">
      <source m_id="36405" />
      <target m_id="36406" />
    </PLOT_LINK>
    <PLOT_LINK r_id="4666" SIGNAL="" relType="causation" CAUSES="FALSE" CAUSED_BY="FALSE">
      <source m_id="36410" />
      <target m_id="36411" />
    </PLOT_LINK>
    <PLOT_LINK r_id="4667" SIGNAL="" relType="causation" CAUSES="FALSE" CAUSED_BY="FALSE">
      <source m_id="36411" />
      <target m_id="36412" />
    </PLOT_LINK>
    <PLOT_LINK r_id="4668" SIGNAL="" relType="causation" CAUSES="FALSE" CAUSED_BY="FALSE">
      <source m_id="36416" />
      <target m_id="36417" />
    </PLOT_LINK>
    <PLOT_LINK r_id="4669" SIGNAL="" relType="causation" CAUSES="FALSE" CAUSED_BY="FALSE">
      <source m_id="36416" />
      <target m_id="36419" />
    </PLOT_LINK>
    <PLOT_LINK r_id="4670" SIGNAL="" relType="causation" CAUSES="FALSE" CAUSED_BY="FALSE">
      <source m_id="36416" />
      <target m_id="36421" />
    </PLOT_LINK>
    <PLOT_LINK r_id="4671" SIGNAL="" relType="causation" CAUSES="FALSE" CAUSED_BY="FALSE">
      <source m_id="36416" />
      <target m_id="36422" />
    </PLOT_LINK>
  </Relations>
</Document>