<?xml version="1.0" encoding="UTF-8"?>
<Document doc_name="3210_ecbplus.xml.xml">
  <token t_id="1" sentence="0" number="0">1</token>
  <token t_id="2" sentence="0" number="1">7</token>
  <token t_id="3" sentence="0" number="2">日</token>
  <token t_id="4" sentence="0" number="3">2</token>
  <token t_id="5" sentence="0" number="4">1</token>
  <token t_id="6" sentence="0" number="5">时</token>
  <token t_id="7" sentence="0" number="6">0</token>
  <token t_id="8" sentence="0" number="7">1</token>
  <token t_id="9" sentence="0" number="8">分</token>
  <token t_id="10" sentence="0" number="9">，</token>
  <token t_id="11" sentence="0" number="10">浙</token>
  <token t_id="12" sentence="0" number="11">江</token>
  <token t_id="13" sentence="0" number="12">省</token>
  <token t_id="14" sentence="0" number="13">海</token>
  <token t_id="15" sentence="0" number="14">上</token>
  <token t_id="16" sentence="0" number="15">搜</token>
  <token t_id="17" sentence="0" number="16">救</token>
  <token t_id="18" sentence="0" number="17">中</token>
  <token t_id="19" sentence="0" number="18">心</token>
  <token t_id="20" sentence="0" number="19">接</token>
  <token t_id="21" sentence="0" number="20">报</token>
  <token t_id="22" sentence="0" number="21">，</token>
  <token t_id="23" sentence="0" number="22">湖</token>
  <token t_id="24" sentence="0" number="23">南</token>
  <token t_id="25" sentence="0" number="24">岳</token>
  <token t_id="26" sentence="0" number="25">阳</token>
  <token t_id="27" sentence="0" number="26">籍</token>
  <token t_id="28" sentence="0" number="27">货</token>
  <token t_id="29" sentence="0" number="28">船</token>
  <token t_id="30" sentence="0" number="29">“</token>
  <token t_id="31" sentence="0" number="30">利</token>
  <token t_id="32" sentence="0" number="31">通</token>
  <token t_id="33" sentence="0" number="32">5</token>
  <token t_id="34" sentence="0" number="33">8</token>
  <token t_id="35" sentence="0" number="34">”</token>
  <token t_id="36" sentence="0" number="35">轮</token>
  <token t_id="37" sentence="0" number="36">从</token>
  <token t_id="38" sentence="0" number="37">安</token>
  <token t_id="39" sentence="0" number="38">徽</token>
  <token t_id="40" sentence="0" number="39">安</token>
  <token t_id="41" sentence="0" number="40">庆</token>
  <token t_id="42" sentence="0" number="41">到</token>
  <token t_id="43" sentence="0" number="42">福</token>
  <token t_id="44" sentence="0" number="43">建</token>
  <token t_id="45" sentence="0" number="44">福</token>
  <token t_id="46" sentence="0" number="45">州</token>
  <token t_id="47" sentence="0" number="46">途</token>
  <token t_id="48" sentence="0" number="47">中</token>
  <token t_id="49" sentence="0" number="48">，</token>
  <token t_id="50" sentence="0" number="49">在</token>
  <token t_id="51" sentence="0" number="50">浙</token>
  <token t_id="52" sentence="0" number="51">江</token>
  <token t_id="53" sentence="0" number="52">台</token>
  <token t_id="54" sentence="0" number="53">州</token>
  <token t_id="55" sentence="0" number="54">东</token>
  <token t_id="56" sentence="0" number="55">廊</token>
  <token t_id="57" sentence="0" number="56">岛</token>
  <token t_id="58" sentence="0" number="57">以</token>
  <token t_id="59" sentence="0" number="58">东</token>
  <token t_id="60" sentence="0" number="59">3</token>
  <token t_id="61" sentence="0" number="60">.</token>
  <token t_id="62" sentence="0" number="61">5</token>
  <token t_id="63" sentence="0" number="62">海</token>
  <token t_id="64" sentence="0" number="63">里</token>
  <token t_id="65" sentence="0" number="64">附</token>
  <token t_id="66" sentence="0" number="65">近</token>
  <token t_id="67" sentence="0" number="66">海</token>
  <token t_id="68" sentence="0" number="67">域</token>
  <token t_id="69" sentence="0" number="68">遇</token>
  <token t_id="70" sentence="0" number="69">风</token>
  <token t_id="71" sentence="0" number="70">浪</token>
  <token t_id="72" sentence="0" number="71">沉</token>
  <token t_id="73" sentence="0" number="72">没</token>
  <token t_id="74" sentence="0" number="73">，</token>
  <token t_id="75" sentence="0" number="74">船</token>
  <token t_id="76" sentence="0" number="75">上</token>
  <token t_id="77" sentence="0" number="76">6</token>
  <token t_id="78" sentence="0" number="77">人</token>
  <token t_id="79" sentence="0" number="78">。</token>
  <token t_id="80" sentence="1" number="0">浙</token>
  <token t_id="81" sentence="1" number="1">江</token>
  <token t_id="82" sentence="1" number="2">省</token>
  <token t_id="83" sentence="1" number="3">海</token>
  <token t_id="84" sentence="1" number="4">上</token>
  <token t_id="85" sentence="1" number="5">搜</token>
  <token t_id="86" sentence="1" number="6">救</token>
  <token t_id="87" sentence="1" number="7">中</token>
  <token t_id="88" sentence="1" number="8">心</token>
  <token t_id="89" sentence="1" number="9">立</token>
  <token t_id="90" sentence="1" number="10">即</token>
  <token t_id="91" sentence="1" number="11">启</token>
  <token t_id="92" sentence="1" number="12">动</token>
  <token t_id="93" sentence="1" number="13">应</token>
  <token t_id="94" sentence="1" number="14">急</token>
  <token t_id="95" sentence="1" number="15">预</token>
  <token t_id="96" sentence="1" number="16">案</token>
  <token t_id="97" sentence="1" number="17">，</token>
  <token t_id="98" sentence="1" number="18">迅</token>
  <token t_id="99" sentence="1" number="19">速</token>
  <token t_id="100" sentence="1" number="20">调</token>
  <token t_id="101" sentence="1" number="21">派</token>
  <token t_id="102" sentence="1" number="22">海</token>
  <token t_id="103" sentence="1" number="23">事</token>
  <token t_id="104" sentence="1" number="24">、</token>
  <token t_id="105" sentence="1" number="25">海</token>
  <token t_id="106" sentence="1" number="26">警</token>
  <token t_id="107" sentence="1" number="27">、</token>
  <token t_id="108" sentence="1" number="28">渔</token>
  <token t_id="109" sentence="1" number="29">政</token>
  <token t_id="110" sentence="1" number="30">等</token>
  <token t_id="111" sentence="1" number="31">8</token>
  <token t_id="112" sentence="1" number="32">艘</token>
  <token t_id="113" sentence="1" number="33">公</token>
  <token t_id="114" sentence="1" number="34">务</token>
  <token t_id="115" sentence="1" number="35">船</token>
  <token t_id="116" sentence="1" number="36">艇</token>
  <token t_id="117" sentence="1" number="37">、</token>
  <token t_id="118" sentence="1" number="38">东</token>
  <token t_id="119" sentence="1" number="39">海</token>
  <token t_id="120" sentence="1" number="40">救</token>
  <token t_id="121" sentence="1" number="41">1</token>
  <token t_id="122" sentence="1" number="42">架</token>
  <token t_id="123" sentence="1" number="43">直</token>
  <token t_id="124" sentence="1" number="44">升</token>
  <token t_id="125" sentence="1" number="45">飞</token>
  <token t_id="126" sentence="1" number="46">机</token>
  <token t_id="127" sentence="1" number="47">前</token>
  <token t_id="128" sentence="1" number="48">往</token>
  <token t_id="129" sentence="1" number="49">事</token>
  <token t_id="130" sentence="1" number="50">发</token>
  <token t_id="131" sentence="1" number="51">水</token>
  <token t_id="132" sentence="1" number="52">域</token>
  <token t_id="133" sentence="1" number="53">开</token>
  <token t_id="134" sentence="1" number="54">展</token>
  <token t_id="135" sentence="1" number="55">搜</token>
  <token t_id="136" sentence="1" number="56">救</token>
  <token t_id="137" sentence="1" number="57">，</token>
  <token t_id="138" sentence="1" number="58">协</token>
  <token t_id="139" sentence="1" number="59">调</token>
  <token t_id="140" sentence="1" number="60">组</token>
  <token t_id="141" sentence="1" number="61">织</token>
  <token t_id="142" sentence="1" number="62">1</token>
  <token t_id="143" sentence="1" number="63">0</token>
  <token t_id="144" sentence="1" number="64">余</token>
  <token t_id="145" sentence="1" number="65">艘</token>
  <token t_id="146" sentence="1" number="66">过</token>
  <token t_id="147" sentence="1" number="67">往</token>
  <token t_id="148" sentence="1" number="68">商</token>
  <token t_id="149" sentence="1" number="69">渔</token>
  <token t_id="150" sentence="1" number="70">船</token>
  <token t_id="151" sentence="1" number="71">参</token>
  <token t_id="152" sentence="1" number="72">与</token>
  <token t_id="153" sentence="1" number="73">救</token>
  <token t_id="154" sentence="1" number="74">助</token>
  <token t_id="155" sentence="1" number="75">，</token>
  <token t_id="156" sentence="1" number="76">并</token>
  <token t_id="157" sentence="1" number="77">对</token>
  <token t_id="158" sentence="1" number="78">事</token>
  <token t_id="159" sentence="1" number="79">发</token>
  <token t_id="160" sentence="1" number="80">水</token>
  <token t_id="161" sentence="1" number="81">域</token>
  <token t_id="162" sentence="1" number="82">实</token>
  <token t_id="163" sentence="1" number="83">施</token>
  <token t_id="164" sentence="1" number="84">临</token>
  <token t_id="165" sentence="1" number="85">时</token>
  <token t_id="166" sentence="1" number="86">交</token>
  <token t_id="167" sentence="1" number="87">通</token>
  <token t_id="168" sentence="1" number="88">管</token>
  <token t_id="169" sentence="1" number="89">制</token>
  <token t_id="170" sentence="1" number="90">。</token>
  <token t_id="171" sentence="2" number="0">截</token>
  <token t_id="172" sentence="2" number="1">至</token>
  <token t_id="173" sentence="2" number="2">今</token>
  <token t_id="174" sentence="2" number="3">天</token>
  <token t_id="175" sentence="2" number="4">1</token>
  <token t_id="176" sentence="2" number="5">0</token>
  <token t_id="177" sentence="2" number="6">时</token>
  <token t_id="178" sentence="2" number="7">3</token>
  <token t_id="179" sentence="2" number="8">0</token>
  <token t_id="180" sentence="2" number="9">分</token>
  <token t_id="181" sentence="2" number="10">，</token>
  <token t_id="182" sentence="2" number="11">1</token>
  <token t_id="183" sentence="2" number="12">人</token>
  <token t_id="184" sentence="2" number="13">获</token>
  <token t_id="185" sentence="2" number="14">救</token>
  <token t_id="186" sentence="2" number="15">，</token>
  <token t_id="187" sentence="2" number="16">5</token>
  <token t_id="188" sentence="2" number="17">人</token>
  <token t_id="189" sentence="2" number="18">失</token>
  <token t_id="190" sentence="2" number="19">联</token>
  <token t_id="191" sentence="2" number="20">。</token>
  <token t_id="192" sentence="3" number="0">目</token>
  <token t_id="193" sentence="3" number="1">前</token>
  <token t_id="194" sentence="3" number="2">，</token>
  <token t_id="195" sentence="3" number="3">各</token>
  <token t_id="196" sentence="3" number="4">救</token>
  <token t_id="197" sentence="3" number="5">援</token>
  <token t_id="198" sentence="3" number="6">力</token>
  <token t_id="199" sentence="3" number="7">量</token>
  <token t_id="200" sentence="3" number="8">仍</token>
  <token t_id="201" sentence="3" number="9">在</token>
  <token t_id="202" sentence="3" number="10">海</token>
  <token t_id="203" sentence="3" number="11">上</token>
  <token t_id="204" sentence="3" number="12">全</token>
  <token t_id="205" sentence="3" number="13">力</token>
  <token t_id="206" sentence="3" number="14">搜</token>
  <token t_id="207" sentence="3" number="15">救</token>
  <Markables>
    <ACTION m_id="36479" comment="">
      <token_anchor t_id="20" />
      <token_anchor t_id="21" />
    </ACTION>
    <ACTION m_id="36480" comment="">
      <token_anchor t_id="72" />
      <token_anchor t_id="73" />
    </ACTION>
    <ACTION m_id="36481" comment="">
      <token_anchor t_id="91" />
      <token_anchor t_id="92" />
    </ACTION>
    <ACTION m_id="36482" comment="">
      <token_anchor t_id="100" />
      <token_anchor t_id="101" />
    </ACTION>
    <ACTION m_id="36483" comment="">
      <token_anchor t_id="127" />
      <token_anchor t_id="128" />
    </ACTION>
    <ACTION m_id="36484" comment="">
      <token_anchor t_id="135" />
      <token_anchor t_id="136" />
    </ACTION>
    <ACTION m_id="36485" comment="">
      <token_anchor t_id="140" />
      <token_anchor t_id="141" />
    </ACTION>
    <ACTION m_id="36486" comment="">
      <token_anchor t_id="153" />
      <token_anchor t_id="154" />
    </ACTION>
    <ACTION m_id="36487" comment="">
      <token_anchor t_id="168" />
      <token_anchor t_id="169" />
    </ACTION>
    <ACTION m_id="36488" comment="">
      <token_anchor t_id="184" />
      <token_anchor t_id="185" />
    </ACTION>
    <ACTION m_id="36489" comment="">
      <token_anchor t_id="189" />
      <token_anchor t_id="190" />
    </ACTION>
    <ACTION m_id="36490" comment="">
      <token_anchor t_id="206" />
      <token_anchor t_id="207" />
    </ACTION>
  </Markables>
  <Relations>
    <PLOT_LINK r_id="4676" SIGNAL="" relType="causation" CAUSES="FALSE" CAUSED_BY="FALSE">
      <source m_id="36481" />
      <target m_id="36482" />
    </PLOT_LINK>
  </Relations>
</Document>