<?xml version="1.0" encoding="UTF-8"?>
<Document doc_name="3665_ecbplus.xml.xml">
  <token t_id="1" sentence="0" number="0">记</token>
  <token t_id="2" sentence="0" number="1">者</token>
  <token t_id="3" sentence="0" number="2">从</token>
  <token t_id="4" sentence="0" number="3">现</token>
  <token t_id="5" sentence="0" number="4">场</token>
  <token t_id="6" sentence="0" number="5">救</token>
  <token t_id="7" sentence="0" number="6">援</token>
  <token t_id="8" sentence="0" number="7">人</token>
  <token t_id="9" sentence="0" number="8">员</token>
  <token t_id="10" sentence="0" number="9">获</token>
  <token t_id="11" sentence="0" number="10">得</token>
  <token t_id="12" sentence="0" number="11">消</token>
  <token t_id="13" sentence="0" number="12">息</token>
  <token t_id="14" sentence="0" number="13">，</token>
  <token t_id="15" sentence="0" number="14">今</token>
  <token t_id="16" sentence="0" number="15">天</token>
  <token t_id="17" sentence="0" number="16">（</token>
  <token t_id="18" sentence="0" number="17">3</token>
  <token t_id="19" sentence="0" number="18">0</token>
  <token t_id="20" sentence="0" number="19">日</token>
  <token t_id="21" sentence="0" number="20">）</token>
  <token t_id="22" sentence="0" number="21">凌</token>
  <token t_id="23" sentence="0" number="22">晨</token>
  <token t_id="24" sentence="0" number="23">，</token>
  <token t_id="25" sentence="0" number="24">一</token>
  <token t_id="26" sentence="0" number="25">艘</token>
  <token t_id="27" sentence="0" number="26">福</token>
  <token t_id="28" sentence="0" number="27">建</token>
  <token t_id="29" sentence="0" number="28">晋</token>
  <token t_id="30" sentence="0" number="29">江</token>
  <token t_id="31" sentence="0" number="30">籍</token>
  <token t_id="32" sentence="0" number="31">的</token>
  <token t_id="33" sentence="0" number="32">渔</token>
  <token t_id="34" sentence="0" number="33">船</token>
  <token t_id="35" sentence="0" number="34">在</token>
  <token t_id="36" sentence="0" number="35">台</token>
  <token t_id="37" sentence="0" number="36">湾</token>
  <token t_id="38" sentence="0" number="37">海</token>
  <token t_id="39" sentence="0" number="38">峡</token>
  <token t_id="40" sentence="0" number="39">平</token>
  <token t_id="41" sentence="0" number="40">潭</token>
  <token t_id="42" sentence="0" number="41">岛</token>
  <token t_id="43" sentence="0" number="42">附</token>
  <token t_id="44" sentence="0" number="43">近</token>
  <token t_id="45" sentence="0" number="44">海</token>
  <token t_id="46" sentence="0" number="45">域</token>
  <token t_id="47" sentence="0" number="46">沉</token>
  <token t_id="48" sentence="0" number="47">没</token>
  <token t_id="49" sentence="0" number="48">。</token>
  <token t_id="50" sentence="1" number="0">船</token>
  <token t_id="51" sentence="1" number="1">上</token>
  <token t_id="52" sentence="1" number="2">1</token>
  <token t_id="53" sentence="1" number="3">4</token>
  <token t_id="54" sentence="1" number="4">人</token>
  <token t_id="55" sentence="1" number="5">，</token>
  <token t_id="56" sentence="1" number="6">2</token>
  <token t_id="57" sentence="1" number="7">人</token>
  <token t_id="58" sentence="1" number="8">获</token>
  <token t_id="59" sentence="1" number="9">救</token>
  <token t_id="60" sentence="1" number="10">，</token>
  <token t_id="61" sentence="1" number="11">1</token>
  <token t_id="62" sentence="1" number="12">2</token>
  <token t_id="63" sentence="1" number="13">人</token>
  <token t_id="64" sentence="1" number="14">失</token>
  <token t_id="65" sentence="1" number="15">踪</token>
  <token t_id="66" sentence="1" number="16">。</token>
  <token t_id="67" sentence="2" number="0">沉</token>
  <token t_id="68" sentence="2" number="1">没</token>
  <token t_id="69" sentence="2" number="2">原</token>
  <token t_id="70" sentence="2" number="3">因</token>
  <token t_id="71" sentence="2" number="4">暂</token>
  <token t_id="72" sentence="2" number="5">不</token>
  <token t_id="73" sentence="2" number="6">明</token>
  <token t_id="74" sentence="2" number="7">确</token>
  <token t_id="75" sentence="2" number="8">，</token>
  <token t_id="76" sentence="2" number="9">疑</token>
  <token t_id="77" sentence="2" number="10">似</token>
  <token t_id="78" sentence="2" number="11">和</token>
  <token t_id="79" sentence="2" number="12">其</token>
  <token t_id="80" sentence="2" number="13">他</token>
  <token t_id="81" sentence="2" number="14">船</token>
  <token t_id="82" sentence="2" number="15">舶</token>
  <token t_id="83" sentence="2" number="16">相</token>
  <token t_id="84" sentence="2" number="17">撞</token>
  <token t_id="85" sentence="2" number="18">。</token>
  <token t_id="86" sentence="3" number="0">目</token>
  <token t_id="87" sentence="3" number="1">前</token>
  <token t_id="88" sentence="3" number="2">，</token>
  <token t_id="89" sentence="3" number="3">搜</token>
  <token t_id="90" sentence="3" number="4">救</token>
  <token t_id="91" sentence="3" number="5">工</token>
  <token t_id="92" sentence="3" number="6">作</token>
  <token t_id="93" sentence="3" number="7">正</token>
  <token t_id="94" sentence="3" number="8">在</token>
  <token t_id="95" sentence="3" number="9">进</token>
  <token t_id="96" sentence="3" number="10">行</token>
  <token t_id="97" sentence="3" number="11">中</token>
  <Markables>
    <ACTION m_id="45788" comment="">
      <token_anchor t_id="47" />
      <token_anchor t_id="48" />
    </ACTION>
    <ACTION m_id="45789" comment="">
      <token_anchor t_id="58" />
      <token_anchor t_id="59" />
    </ACTION>
    <ACTION m_id="45790" comment="">
      <token_anchor t_id="64" />
      <token_anchor t_id="65" />
    </ACTION>
    <ACTION m_id="45792" comment="">
      <token_anchor t_id="83" />
      <token_anchor t_id="84" />
    </ACTION>
    <ACTION m_id="57635" comment="">
      <token_anchor t_id="95" />
      <token_anchor t_id="96" />
    </ACTION>
  </Markables>
  <Relations>
  </Relations>
</Document>