<?xml version="1.0" encoding="UTF-8"?>
<Document doc_name="3785_ecbplus.xml.xml">
  <token t_id="1" sentence="0" number="0">杭</token>
  <token t_id="2" sentence="0" number="1">州</token>
  <token t_id="3" sentence="0" number="2">4</token>
  <token t_id="4" sentence="0" number="3">月</token>
  <token t_id="5" sentence="0" number="4">2</token>
  <token t_id="6" sentence="0" number="5">2</token>
  <token t_id="7" sentence="0" number="6">日</token>
  <token t_id="8" sentence="0" number="7">电</token>
  <token t_id="9" sentence="0" number="8">(</token>
  <token t_id="10" sentence="0" number="9">钱</token>
  <token t_id="11" sentence="0" number="10">晨</token>
  <token t_id="12" sentence="0" number="11">菲</token>
  <token t_id="13" sentence="0" number="12">)</token>
  <token t_id="14" sentence="0" number="13">2</token>
  <token t_id="15" sentence="0" number="14">2</token>
  <token t_id="16" sentence="0" number="15">日</token>
  <token t_id="17" sentence="0" number="16">，</token>
  <token t_id="18" sentence="0" number="17">记</token>
  <token t_id="19" sentence="0" number="18">者</token>
  <token t_id="20" sentence="0" number="19">从</token>
  <token t_id="21" sentence="0" number="20">浙</token>
  <token t_id="22" sentence="0" number="21">江</token>
  <token t_id="23" sentence="0" number="22">海</token>
  <token t_id="24" sentence="0" number="23">事</token>
  <token t_id="25" sentence="0" number="24">部</token>
  <token t_id="26" sentence="0" number="25">门</token>
  <token t_id="27" sentence="0" number="26">了</token>
  <token t_id="28" sentence="0" number="27">解</token>
  <token t_id="29" sentence="0" number="28">到</token>
  <token t_id="30" sentence="0" number="29">，</token>
  <token t_id="31" sentence="0" number="30">2</token>
  <token t_id="32" sentence="0" number="31">1</token>
  <token t_id="33" sentence="0" number="32">日</token>
  <token t_id="34" sentence="0" number="33">2</token>
  <token t_id="35" sentence="0" number="34">0</token>
  <token t_id="36" sentence="0" number="35">时</token>
  <token t_id="37" sentence="0" number="36">4</token>
  <token t_id="38" sentence="0" number="37">0</token>
  <token t_id="39" sentence="0" number="38">分</token>
  <token t_id="40" sentence="0" number="39">，</token>
  <token t_id="41" sentence="0" number="40">该</token>
  <token t_id="42" sentence="0" number="41">省</token>
  <token t_id="43" sentence="0" number="42">海</token>
  <token t_id="44" sentence="0" number="43">上</token>
  <token t_id="45" sentence="0" number="44">搜</token>
  <token t_id="46" sentence="0" number="45">救</token>
  <token t_id="47" sentence="0" number="46">中</token>
  <token t_id="48" sentence="0" number="47">心</token>
  <token t_id="49" sentence="0" number="48">接</token>
  <token t_id="50" sentence="0" number="49">到</token>
  <token t_id="51" sentence="0" number="50">中</token>
  <token t_id="52" sentence="0" number="51">国</token>
  <token t_id="53" sentence="0" number="52">海</token>
  <token t_id="54" sentence="0" number="53">上</token>
  <token t_id="55" sentence="0" number="54">搜</token>
  <token t_id="56" sentence="0" number="55">救</token>
  <token t_id="57" sentence="0" number="56">中</token>
  <token t_id="58" sentence="0" number="57">心</token>
  <token t_id="59" sentence="0" number="58">报</token>
  <token t_id="60" sentence="0" number="59">警</token>
  <token t_id="61" sentence="0" number="60">信</token>
  <token t_id="62" sentence="0" number="61">息</token>
  <token t_id="63" sentence="0" number="62">，</token>
  <token t_id="64" sentence="0" number="63">并</token>
  <token t_id="65" sentence="0" number="64">经</token>
  <token t_id="66" sentence="0" number="65">初</token>
  <token t_id="67" sentence="0" number="66">步</token>
  <token t_id="68" sentence="0" number="67">核</token>
  <token t_id="69" sentence="0" number="68">实</token>
  <token t_id="70" sentence="0" number="69">，</token>
  <token t_id="71" sentence="0" number="70">“</token>
  <token t_id="72" sentence="0" number="71">浙</token>
  <token t_id="73" sentence="0" number="72">象</token>
  <token t_id="74" sentence="0" number="73">渔</token>
  <token t_id="75" sentence="0" number="74">运</token>
  <token t_id="76" sentence="0" number="75">0</token>
  <token t_id="77" sentence="0" number="76">1</token>
  <token t_id="78" sentence="0" number="77">1</token>
  <token t_id="79" sentence="0" number="78">1</token>
  <token t_id="80" sentence="0" number="79">9</token>
  <token t_id="81" sentence="0" number="80">”</token>
  <token t_id="82" sentence="0" number="81">轮</token>
  <token t_id="83" sentence="0" number="82">在</token>
  <token t_id="84" sentence="0" number="83">舟</token>
  <token t_id="85" sentence="0" number="84">山</token>
  <token t_id="86" sentence="0" number="85">两</token>
  <token t_id="87" sentence="0" number="86">兄</token>
  <token t_id="88" sentence="0" number="87">弟</token>
  <token t_id="89" sentence="0" number="88">屿</token>
  <token t_id="90" sentence="0" number="89">以</token>
  <token t_id="91" sentence="0" number="90">东</token>
  <token t_id="92" sentence="0" number="91">海</token>
  <token t_id="93" sentence="0" number="92">域</token>
  <token t_id="94" sentence="0" number="93">疑</token>
  <token t_id="95" sentence="0" number="94">似</token>
  <token t_id="96" sentence="0" number="95">与</token>
  <token t_id="97" sentence="0" number="96">一</token>
  <token t_id="98" sentence="0" number="97">货</token>
  <token t_id="99" sentence="0" number="98">船</token>
  <token t_id="100" sentence="0" number="99">发</token>
  <token t_id="101" sentence="0" number="100">生</token>
  <token t_id="102" sentence="0" number="101">碰</token>
  <token t_id="103" sentence="0" number="102">撞</token>
  <token t_id="104" sentence="0" number="103">沉</token>
  <token t_id="105" sentence="0" number="104">没</token>
  <token t_id="106" sentence="0" number="105">，</token>
  <token t_id="107" sentence="0" number="106">船</token>
  <token t_id="108" sentence="0" number="107">上</token>
  <token t_id="109" sentence="0" number="108">6</token>
  <token t_id="110" sentence="0" number="109">人</token>
  <token t_id="111" sentence="0" number="110">遇</token>
  <token t_id="112" sentence="0" number="111">险</token>
  <token t_id="113" sentence="0" number="112">失</token>
  <token t_id="114" sentence="0" number="113">联</token>
  <token t_id="115" sentence="0" number="114">。</token>
  <token t_id="116" sentence="1" number="0">根</token>
  <token t_id="117" sentence="1" number="1">据</token>
  <token t_id="118" sentence="1" number="2">浙</token>
  <token t_id="119" sentence="1" number="3">江</token>
  <token t_id="120" sentence="1" number="4">官</token>
  <token t_id="121" sentence="1" number="5">方</token>
  <token t_id="122" sentence="1" number="6">发</token>
  <token t_id="123" sentence="1" number="7">布</token>
  <token t_id="124" sentence="1" number="8">消</token>
  <token t_id="125" sentence="1" number="9">息</token>
  <token t_id="126" sentence="1" number="10">：</token>
  <token t_id="127" sentence="1" number="11">接</token>
  <token t_id="128" sentence="1" number="12">报</token>
  <token t_id="129" sentence="1" number="13">后</token>
  <token t_id="130" sentence="1" number="14">，</token>
  <token t_id="131" sentence="1" number="15">浙</token>
  <token t_id="132" sentence="1" number="16">江</token>
  <token t_id="133" sentence="1" number="17">省</token>
  <token t_id="134" sentence="1" number="18">委</token>
  <token t_id="135" sentence="1" number="19">书</token>
  <token t_id="136" sentence="1" number="20">记</token>
  <token t_id="137" sentence="1" number="21">袁</token>
  <token t_id="138" sentence="1" number="22">家</token>
  <token t_id="139" sentence="1" number="23">军</token>
  <token t_id="140" sentence="1" number="24">、</token>
  <token t_id="141" sentence="1" number="25">浙</token>
  <token t_id="142" sentence="1" number="26">江</token>
  <token t_id="143" sentence="1" number="27">省</token>
  <token t_id="144" sentence="1" number="28">长</token>
  <token t_id="145" sentence="1" number="29">郑</token>
  <token t_id="146" sentence="1" number="30">栅</token>
  <token t_id="147" sentence="1" number="31">洁</token>
  <token t_id="148" sentence="1" number="32">等</token>
  <token t_id="149" sentence="1" number="33">领</token>
  <token t_id="150" sentence="1" number="34">导</token>
  <token t_id="151" sentence="1" number="35">分</token>
  <token t_id="152" sentence="1" number="36">别</token>
  <token t_id="153" sentence="1" number="37">作</token>
  <token t_id="154" sentence="1" number="38">出</token>
  <token t_id="155" sentence="1" number="39">批</token>
  <token t_id="156" sentence="1" number="40">示</token>
  <token t_id="157" sentence="1" number="41">，</token>
  <token t_id="158" sentence="1" number="42">要</token>
  <token t_id="159" sentence="1" number="43">求</token>
  <token t_id="160" sentence="1" number="44">全</token>
  <token t_id="161" sentence="1" number="45">力</token>
  <token t_id="162" sentence="1" number="46">搜</token>
  <token t_id="163" sentence="1" number="47">救</token>
  <token t_id="164" sentence="1" number="48">遇</token>
  <token t_id="165" sentence="1" number="49">险</token>
  <token t_id="166" sentence="1" number="50">人</token>
  <token t_id="167" sentence="1" number="51">员</token>
  <token t_id="168" sentence="1" number="52">，</token>
  <token t_id="169" sentence="1" number="53">尽</token>
  <token t_id="170" sentence="1" number="54">快</token>
  <token t_id="171" sentence="1" number="55">查</token>
  <token t_id="172" sentence="1" number="56">明</token>
  <token t_id="173" sentence="1" number="57">事</token>
  <token t_id="174" sentence="1" number="58">故</token>
  <token t_id="175" sentence="1" number="59">原</token>
  <token t_id="176" sentence="1" number="60">因</token>
  <token t_id="177" sentence="1" number="61">，</token>
  <token t_id="178" sentence="1" number="62">同</token>
  <token t_id="179" sentence="1" number="63">时</token>
  <token t_id="180" sentence="1" number="64">综</token>
  <token t_id="181" sentence="1" number="65">合</token>
  <token t_id="182" sentence="1" number="66">施</token>
  <token t_id="183" sentence="1" number="67">策</token>
  <token t_id="184" sentence="1" number="68">、</token>
  <token t_id="185" sentence="1" number="69">精</token>
  <token t_id="186" sentence="1" number="70">准</token>
  <token t_id="187" sentence="1" number="71">管</token>
  <token t_id="188" sentence="1" number="72">控</token>
  <token t_id="189" sentence="1" number="73">，</token>
  <token t_id="190" sentence="1" number="74">强</token>
  <token t_id="191" sentence="1" number="75">化</token>
  <token t_id="192" sentence="1" number="76">责</token>
  <token t_id="193" sentence="1" number="77">任</token>
  <token t_id="194" sentence="1" number="78">、</token>
  <token t_id="195" sentence="1" number="79">严</token>
  <token t_id="196" sentence="1" number="80">管</token>
  <token t_id="197" sentence="1" number="81">违</token>
  <token t_id="198" sentence="1" number="82">规</token>
  <token t_id="199" sentence="1" number="83">，</token>
  <token t_id="200" sentence="1" number="84">狠</token>
  <token t_id="201" sentence="1" number="85">抓</token>
  <token t_id="202" sentence="1" number="86">工</token>
  <token t_id="203" sentence="1" number="87">作</token>
  <token t_id="204" sentence="1" number="88">责</token>
  <token t_id="205" sentence="1" number="89">任</token>
  <token t_id="206" sentence="1" number="90">和</token>
  <token t_id="207" sentence="1" number="91">工</token>
  <token t_id="208" sentence="1" number="92">作</token>
  <token t_id="209" sentence="1" number="93">措</token>
  <token t_id="210" sentence="1" number="94">施</token>
  <token t_id="211" sentence="1" number="95">的</token>
  <token t_id="212" sentence="1" number="96">落</token>
  <token t_id="213" sentence="1" number="97">实</token>
  <token t_id="214" sentence="1" number="98">，</token>
  <token t_id="215" sentence="1" number="99">坚</token>
  <token t_id="216" sentence="1" number="100">决</token>
  <token t_id="217" sentence="1" number="101">遏</token>
  <token t_id="218" sentence="1" number="102">住</token>
  <token t_id="219" sentence="1" number="103">事</token>
  <token t_id="220" sentence="1" number="104">故</token>
  <token t_id="221" sentence="1" number="105">高</token>
  <token t_id="222" sentence="1" number="106">发</token>
  <token t_id="223" sentence="1" number="107">势</token>
  <token t_id="224" sentence="1" number="108">头</token>
  <token t_id="225" sentence="1" number="109">。</token>
  <token t_id="226" sentence="2" number="0">浙</token>
  <token t_id="227" sentence="2" number="1">江</token>
  <token t_id="228" sentence="2" number="2">省</token>
  <token t_id="229" sentence="2" number="3">海</token>
  <token t_id="230" sentence="2" number="4">上</token>
  <token t_id="231" sentence="2" number="5">搜</token>
  <token t_id="232" sentence="2" number="6">救</token>
  <token t_id="233" sentence="2" number="7">中</token>
  <token t_id="234" sentence="2" number="8">心</token>
  <token t_id="235" sentence="2" number="9">立</token>
  <token t_id="236" sentence="2" number="10">即</token>
  <token t_id="237" sentence="2" number="11">启</token>
  <token t_id="238" sentence="2" number="12">动</token>
  <token t_id="239" sentence="2" number="13">应</token>
  <token t_id="240" sentence="2" number="14">急</token>
  <token t_id="241" sentence="2" number="15">预</token>
  <token t_id="242" sentence="2" number="16">案</token>
  <token t_id="243" sentence="2" number="17">，</token>
  <token t_id="244" sentence="2" number="18">迅</token>
  <token t_id="245" sentence="2" number="19">速</token>
  <token t_id="246" sentence="2" number="20">调</token>
  <token t_id="247" sentence="2" number="21">派</token>
  <token t_id="248" sentence="2" number="22">海</token>
  <token t_id="249" sentence="2" number="23">事</token>
  <token t_id="250" sentence="2" number="24">、</token>
  <token t_id="251" sentence="2" number="25">海</token>
  <token t_id="252" sentence="2" number="26">警</token>
  <token t_id="253" sentence="2" number="27">、</token>
  <token t_id="254" sentence="2" number="28">渔</token>
  <token t_id="255" sentence="2" number="29">政</token>
  <token t_id="256" sentence="2" number="30">、</token>
  <token t_id="257" sentence="2" number="31">海</token>
  <token t_id="258" sentence="2" number="32">军</token>
  <token t_id="259" sentence="2" number="33">、</token>
  <token t_id="260" sentence="2" number="34">东</token>
  <token t_id="261" sentence="2" number="35">海</token>
  <token t_id="262" sentence="2" number="36">救</token>
  <token t_id="263" sentence="2" number="37">等</token>
  <token t_id="264" sentence="2" number="38">专</token>
  <token t_id="265" sentence="2" number="39">业</token>
  <token t_id="266" sentence="2" number="40">救</token>
  <token t_id="267" sentence="2" number="41">助</token>
  <token t_id="268" sentence="2" number="42">船</token>
  <token t_id="269" sentence="2" number="43">艇</token>
  <token t_id="270" sentence="2" number="44">及</token>
  <token t_id="271" sentence="2" number="45">救</token>
  <token t_id="272" sentence="2" number="46">助</token>
  <token t_id="273" sentence="2" number="47">飞</token>
  <token t_id="274" sentence="2" number="48">机</token>
  <token t_id="275" sentence="2" number="49">前</token>
  <token t_id="276" sentence="2" number="50">往</token>
  <token t_id="277" sentence="2" number="51">事</token>
  <token t_id="278" sentence="2" number="52">发</token>
  <token t_id="279" sentence="2" number="53">水</token>
  <token t_id="280" sentence="2" number="54">域</token>
  <token t_id="281" sentence="2" number="55">开</token>
  <token t_id="282" sentence="2" number="56">展</token>
  <token t_id="283" sentence="2" number="57">搜</token>
  <token t_id="284" sentence="2" number="58">救</token>
  <token t_id="285" sentence="2" number="59">，</token>
  <token t_id="286" sentence="2" number="60">协</token>
  <token t_id="287" sentence="2" number="61">调</token>
  <token t_id="288" sentence="2" number="62">组</token>
  <token t_id="289" sentence="2" number="63">织</token>
  <token t_id="290" sentence="2" number="64">3</token>
  <token t_id="291" sentence="2" number="65">0</token>
  <token t_id="292" sentence="2" number="66">余</token>
  <token t_id="293" sentence="2" number="67">艘</token>
  <token t_id="294" sentence="2" number="68">商</token>
  <token t_id="295" sentence="2" number="69">渔</token>
  <token t_id="296" sentence="2" number="70">船</token>
  <token t_id="297" sentence="2" number="71">参</token>
  <token t_id="298" sentence="2" number="72">与</token>
  <token t_id="299" sentence="2" number="73">救</token>
  <token t_id="300" sentence="2" number="74">助</token>
  <token t_id="301" sentence="2" number="75">，</token>
  <token t_id="302" sentence="2" number="76">并</token>
  <token t_id="303" sentence="2" number="77">对</token>
  <token t_id="304" sentence="2" number="78">事</token>
  <token t_id="305" sentence="2" number="79">发</token>
  <token t_id="306" sentence="2" number="80">水</token>
  <token t_id="307" sentence="2" number="81">域</token>
  <token t_id="308" sentence="2" number="82">实</token>
  <token t_id="309" sentence="2" number="83">施</token>
  <token t_id="310" sentence="2" number="84">临</token>
  <token t_id="311" sentence="2" number="85">时</token>
  <token t_id="312" sentence="2" number="86">交</token>
  <token t_id="313" sentence="2" number="87">通</token>
  <token t_id="314" sentence="2" number="88">管</token>
  <token t_id="315" sentence="2" number="89">制</token>
  <token t_id="316" sentence="2" number="90">。</token>
  <token t_id="317" sentence="3" number="0">截</token>
  <token t_id="318" sentence="3" number="1">至</token>
  <token t_id="319" sentence="3" number="2">2</token>
  <token t_id="320" sentence="3" number="3">2</token>
  <token t_id="321" sentence="3" number="4">日</token>
  <token t_id="322" sentence="3" number="5">1</token>
  <token t_id="323" sentence="3" number="6">6</token>
  <token t_id="324" sentence="3" number="7">时</token>
  <token t_id="325" sentence="3" number="8">，</token>
  <token t_id="326" sentence="3" number="9">现</token>
  <token t_id="327" sentence="3" number="10">场</token>
  <token t_id="328" sentence="3" number="11">成</token>
  <token t_id="329" sentence="3" number="12">功</token>
  <token t_id="330" sentence="3" number="13">救</token>
  <token t_id="331" sentence="3" number="14">起</token>
  <token t_id="332" sentence="3" number="15">1</token>
  <token t_id="333" sentence="3" number="16">人</token>
  <token t_id="334" sentence="3" number="17">，</token>
  <token t_id="335" sentence="3" number="18">5</token>
  <token t_id="336" sentence="3" number="19">人</token>
  <token t_id="337" sentence="3" number="20">尚</token>
  <token t_id="338" sentence="3" number="21">下</token>
  <token t_id="339" sentence="3" number="22">落</token>
  <token t_id="340" sentence="3" number="23">不</token>
  <token t_id="341" sentence="3" number="24">明</token>
  <token t_id="342" sentence="3" number="25">，</token>
  <token t_id="343" sentence="3" number="26">各</token>
  <token t_id="344" sentence="3" number="27">救</token>
  <token t_id="345" sentence="3" number="28">援</token>
  <token t_id="346" sentence="3" number="29">力</token>
  <token t_id="347" sentence="3" number="30">量</token>
  <token t_id="348" sentence="3" number="31">仍</token>
  <token t_id="349" sentence="3" number="32">在</token>
  <token t_id="350" sentence="3" number="33">海</token>
  <token t_id="351" sentence="3" number="34">上</token>
  <token t_id="352" sentence="3" number="35">全</token>
  <token t_id="353" sentence="3" number="36">力</token>
  <token t_id="354" sentence="3" number="37">搜</token>
  <token t_id="355" sentence="3" number="38">救</token>
  <token t_id="356" sentence="3" number="39">。</token>
  <token t_id="357" sentence="4" number="0">事</token>
  <token t_id="358" sentence="4" number="1">故</token>
  <token t_id="359" sentence="4" number="2">原</token>
  <token t_id="360" sentence="4" number="3">因</token>
  <token t_id="361" sentence="4" number="4">正</token>
  <token t_id="362" sentence="4" number="5">在</token>
  <token t_id="363" sentence="4" number="6">进</token>
  <token t_id="364" sentence="4" number="7">一</token>
  <token t_id="365" sentence="4" number="8">步</token>
  <token t_id="366" sentence="4" number="9">调</token>
  <token t_id="367" sentence="4" number="10">查</token>
  <token t_id="368" sentence="4" number="11">中</token>
  <Markables>
    <ACTION m_id="48271" comment="">
      <token_anchor t_id="27" />
      <token_anchor t_id="28" />
      <token_anchor t_id="29" />
    </ACTION>
    <ACTION m_id="48272" comment="">
      <token_anchor t_id="49" />
      <token_anchor t_id="50" />
    </ACTION>
    <ACTION m_id="48273" comment="">
      <token_anchor t_id="68" />
      <token_anchor t_id="69" />
    </ACTION>
    <ACTION m_id="48274" comment="">
      <token_anchor t_id="102" />
      <token_anchor t_id="103" />
    </ACTION>
    <ACTION m_id="48275" comment="">
      <token_anchor t_id="104" />
      <token_anchor t_id="105" />
    </ACTION>
    <ACTION m_id="48276" comment="">
      <token_anchor t_id="113" />
      <token_anchor t_id="114" />
    </ACTION>
    <ACTION m_id="48277" comment="">
      <token_anchor t_id="127" />
      <token_anchor t_id="128" />
    </ACTION>
    <ACTION m_id="48278" comment="">
      <token_anchor t_id="153" />
      <token_anchor t_id="154" />
    </ACTION>
    <ACTION m_id="48279" comment="">
      <token_anchor t_id="162" />
      <token_anchor t_id="163" />
    </ACTION>
    <ACTION m_id="48280" comment="">
      <token_anchor t_id="171" />
      <token_anchor t_id="172" />
    </ACTION>
    <ACTION m_id="48281" comment="">
      <token_anchor t_id="182" />
      <token_anchor t_id="183" />
    </ACTION>
    <ACTION m_id="48282" comment="">
      <token_anchor t_id="187" />
      <token_anchor t_id="188" />
    </ACTION>
    <ACTION m_id="48283" comment="">
      <token_anchor t_id="197" />
      <token_anchor t_id="198" />
    </ACTION>
    <ACTION m_id="48284" comment="">
      <token_anchor t_id="200" />
      <token_anchor t_id="201" />
    </ACTION>
    <ACTION m_id="48286" comment="">
      <token_anchor t_id="217" />
      <token_anchor t_id="218" />
    </ACTION>
    <ACTION m_id="48287" comment="">
      <token_anchor t_id="237" />
      <token_anchor t_id="238" />
    </ACTION>
    <ACTION m_id="48288" comment="">
      <token_anchor t_id="246" />
      <token_anchor t_id="247" />
    </ACTION>
    <ACTION m_id="48289" comment="">
      <token_anchor t_id="275" />
      <token_anchor t_id="276" />
    </ACTION>
    <ACTION m_id="48290" comment="">
      <token_anchor t_id="283" />
      <token_anchor t_id="284" />
    </ACTION>
    <ACTION m_id="48291" comment="">
      <token_anchor t_id="286" />
      <token_anchor t_id="287" />
    </ACTION>
    <ACTION m_id="48293" comment="">
      <token_anchor t_id="297" />
      <token_anchor t_id="298" />
    </ACTION>
    <ACTION m_id="48295" comment="">
      <token_anchor t_id="308" />
      <token_anchor t_id="309" />
    </ACTION>
    <ACTION m_id="48297" comment="">
      <token_anchor t_id="330" />
      <token_anchor t_id="331" />
    </ACTION>
    <ACTION m_id="48298" comment="">
      <token_anchor t_id="354" />
      <token_anchor t_id="355" />
    </ACTION>
    <ACTION m_id="48299" comment="">
      <token_anchor t_id="366" />
      <token_anchor t_id="367" />
    </ACTION>
  </Markables>
  <Relations>
    <PLOT_LINK r_id="6232" SIGNAL="" relType="causation" CAUSES="FALSE" CAUSED_BY="FALSE">
      <source m_id="48274" />
      <target m_id="48275" />
    </PLOT_LINK>
    <PLOT_LINK r_id="6233" SIGNAL="" relType="causation" CAUSES="FALSE" CAUSED_BY="FALSE">
      <source m_id="48275" />
      <target m_id="48276" />
    </PLOT_LINK>
    <PLOT_LINK r_id="6234" SIGNAL="" relType="causation" CAUSES="FALSE" CAUSED_BY="FALSE">
      <source m_id="48277" />
      <target m_id="48278" />
    </PLOT_LINK>
  </Relations>
</Document>