<?xml version="1.0" encoding="UTF-8"?>
<Document doc_name="3786_ecbplus.xml.xml">
  <token t_id="1" sentence="0" number="0">台</token>
  <token t_id="2" sentence="0" number="1">州</token>
  <token t_id="3" sentence="0" number="2">4</token>
  <token t_id="4" sentence="0" number="3">月</token>
  <token t_id="5" sentence="0" number="4">1</token>
  <token t_id="6" sentence="0" number="5">8</token>
  <token t_id="7" sentence="0" number="6">日</token>
  <token t_id="8" sentence="0" number="7">电</token>
  <token t_id="9" sentence="0" number="8">(</token>
  <token t_id="10" sentence="0" number="9">记</token>
  <token t_id="11" sentence="0" number="10">者</token>
  <token t_id="12" sentence="0" number="11"> </token>
  <token t_id="13" sentence="0" number="12">范</token>
  <token t_id="14" sentence="0" number="13">宇</token>
  <token t_id="15" sentence="0" number="14">斌</token>
  <token t_id="16" sentence="0" number="15">)</token>
  <token t_id="17" sentence="0" number="16">据</token>
  <token t_id="18" sentence="0" number="17">浙</token>
  <token t_id="19" sentence="0" number="18">江</token>
  <token t_id="20" sentence="0" number="19">海</token>
  <token t_id="21" sentence="0" number="20">事</token>
  <token t_id="22" sentence="0" number="21">部</token>
  <token t_id="23" sentence="0" number="22">门</token>
  <token t_id="24" sentence="0" number="23">1</token>
  <token t_id="25" sentence="0" number="24">8</token>
  <token t_id="26" sentence="0" number="25">日</token>
  <token t_id="27" sentence="0" number="26">通</token>
  <token t_id="28" sentence="0" number="27">报</token>
  <token t_id="29" sentence="0" number="28">，</token>
  <token t_id="30" sentence="0" number="29">1</token>
  <token t_id="31" sentence="0" number="30">7</token>
  <token t_id="32" sentence="0" number="31">日</token>
  <token t_id="33" sentence="0" number="32">2</token>
  <token t_id="34" sentence="0" number="33">1</token>
  <token t_id="35" sentence="0" number="34">时</token>
  <token t_id="36" sentence="0" number="35">0</token>
  <token t_id="37" sentence="0" number="36">1</token>
  <token t_id="38" sentence="0" number="37">分</token>
  <token t_id="39" sentence="0" number="38">，</token>
  <token t_id="40" sentence="0" number="39">浙</token>
  <token t_id="41" sentence="0" number="40">江</token>
  <token t_id="42" sentence="0" number="41">省</token>
  <token t_id="43" sentence="0" number="42">海</token>
  <token t_id="44" sentence="0" number="43">上</token>
  <token t_id="45" sentence="0" number="44">搜</token>
  <token t_id="46" sentence="0" number="45">救</token>
  <token t_id="47" sentence="0" number="46">中</token>
  <token t_id="48" sentence="0" number="47">心</token>
  <token t_id="49" sentence="0" number="48">接</token>
  <token t_id="50" sentence="0" number="49">报</token>
  <token t_id="51" sentence="0" number="50">，</token>
  <token t_id="52" sentence="0" number="51">湖</token>
  <token t_id="53" sentence="0" number="52">南</token>
  <token t_id="54" sentence="0" number="53">岳</token>
  <token t_id="55" sentence="0" number="54">阳</token>
  <token t_id="56" sentence="0" number="55">籍</token>
  <token t_id="57" sentence="0" number="56">货</token>
  <token t_id="58" sentence="0" number="57">船</token>
  <token t_id="59" sentence="0" number="58">“</token>
  <token t_id="60" sentence="0" number="59">利</token>
  <token t_id="61" sentence="0" number="60">通</token>
  <token t_id="62" sentence="0" number="61">5</token>
  <token t_id="63" sentence="0" number="62">8</token>
  <token t_id="64" sentence="0" number="63">”</token>
  <token t_id="65" sentence="0" number="64">轮</token>
  <token t_id="66" sentence="0" number="65">从</token>
  <token t_id="67" sentence="0" number="66">安</token>
  <token t_id="68" sentence="0" number="67">徽</token>
  <token t_id="69" sentence="0" number="68">安</token>
  <token t_id="70" sentence="0" number="69">庆</token>
  <token t_id="71" sentence="0" number="70">到</token>
  <token t_id="72" sentence="0" number="71">福</token>
  <token t_id="73" sentence="0" number="72">建</token>
  <token t_id="74" sentence="0" number="73">福</token>
  <token t_id="75" sentence="0" number="74">州</token>
  <token t_id="76" sentence="0" number="75">途</token>
  <token t_id="77" sentence="0" number="76">中</token>
  <token t_id="78" sentence="0" number="77">，</token>
  <token t_id="79" sentence="0" number="78">在</token>
  <token t_id="80" sentence="0" number="79">浙</token>
  <token t_id="81" sentence="0" number="80">江</token>
  <token t_id="82" sentence="0" number="81">台</token>
  <token t_id="83" sentence="0" number="82">州</token>
  <token t_id="84" sentence="0" number="83">东</token>
  <token t_id="85" sentence="0" number="84">廊</token>
  <token t_id="86" sentence="0" number="85">岛</token>
  <token t_id="87" sentence="0" number="86">以</token>
  <token t_id="88" sentence="0" number="87">东</token>
  <token t_id="89" sentence="0" number="88">3</token>
  <token t_id="90" sentence="0" number="89">.</token>
  <token t_id="91" sentence="0" number="90">5</token>
  <token t_id="92" sentence="0" number="91">海</token>
  <token t_id="93" sentence="0" number="92">里</token>
  <token t_id="94" sentence="0" number="93">附</token>
  <token t_id="95" sentence="0" number="94">近</token>
  <token t_id="96" sentence="0" number="95">海</token>
  <token t_id="97" sentence="0" number="96">域</token>
  <token t_id="98" sentence="0" number="97">遇</token>
  <token t_id="99" sentence="0" number="98">风</token>
  <token t_id="100" sentence="0" number="99">浪</token>
  <token t_id="101" sentence="0" number="100">沉</token>
  <token t_id="102" sentence="0" number="101">没</token>
  <token t_id="103" sentence="0" number="102">，</token>
  <token t_id="104" sentence="0" number="103">船</token>
  <token t_id="105" sentence="0" number="104">上</token>
  <token t_id="106" sentence="0" number="105">6</token>
  <token t_id="107" sentence="0" number="106">人</token>
  <token t_id="108" sentence="0" number="107">。</token>
  <token t_id="109" sentence="1" number="0">截</token>
  <token t_id="110" sentence="1" number="1">至</token>
  <token t_id="111" sentence="1" number="2">4</token>
  <token t_id="112" sentence="1" number="3">月</token>
  <token t_id="113" sentence="1" number="4">1</token>
  <token t_id="114" sentence="1" number="5">8</token>
  <token t_id="115" sentence="1" number="6">日</token>
  <token t_id="116" sentence="1" number="7">1</token>
  <token t_id="117" sentence="1" number="8">0</token>
  <token t_id="118" sentence="1" number="9">时</token>
  <token t_id="119" sentence="1" number="10">3</token>
  <token t_id="120" sentence="1" number="11">0</token>
  <token t_id="121" sentence="1" number="12">分</token>
  <token t_id="122" sentence="1" number="13">，</token>
  <token t_id="123" sentence="1" number="14">1</token>
  <token t_id="124" sentence="1" number="15">人</token>
  <token t_id="125" sentence="1" number="16">获</token>
  <token t_id="126" sentence="1" number="17">救</token>
  <token t_id="127" sentence="1" number="18">，</token>
  <token t_id="128" sentence="1" number="19">5</token>
  <token t_id="129" sentence="1" number="20">人</token>
  <token t_id="130" sentence="1" number="21">失</token>
  <token t_id="131" sentence="1" number="22">联</token>
  <token t_id="132" sentence="1" number="23">。</token>
  <token t_id="133" sentence="2" number="0">据</token>
  <token t_id="134" sentence="2" number="1">悉</token>
  <token t_id="135" sentence="2" number="2">，</token>
  <token t_id="136" sentence="2" number="3">浙</token>
  <token t_id="137" sentence="2" number="4">江</token>
  <token t_id="138" sentence="2" number="5">省</token>
  <token t_id="139" sentence="2" number="6">海</token>
  <token t_id="140" sentence="2" number="7">上</token>
  <token t_id="141" sentence="2" number="8">搜</token>
  <token t_id="142" sentence="2" number="9">救</token>
  <token t_id="143" sentence="2" number="10">中</token>
  <token t_id="144" sentence="2" number="11">心</token>
  <token t_id="145" sentence="2" number="12">接</token>
  <token t_id="146" sentence="2" number="13">报</token>
  <token t_id="147" sentence="2" number="14">后</token>
  <token t_id="148" sentence="2" number="15">，</token>
  <token t_id="149" sentence="2" number="16">立</token>
  <token t_id="150" sentence="2" number="17">即</token>
  <token t_id="151" sentence="2" number="18">启</token>
  <token t_id="152" sentence="2" number="19">动</token>
  <token t_id="153" sentence="2" number="20">应</token>
  <token t_id="154" sentence="2" number="21">急</token>
  <token t_id="155" sentence="2" number="22">预</token>
  <token t_id="156" sentence="2" number="23">案</token>
  <token t_id="157" sentence="2" number="24">，</token>
  <token t_id="158" sentence="2" number="25">迅</token>
  <token t_id="159" sentence="2" number="26">速</token>
  <token t_id="160" sentence="2" number="27">调</token>
  <token t_id="161" sentence="2" number="28">派</token>
  <token t_id="162" sentence="2" number="29">海</token>
  <token t_id="163" sentence="2" number="30">事</token>
  <token t_id="164" sentence="2" number="31">、</token>
  <token t_id="165" sentence="2" number="32">海</token>
  <token t_id="166" sentence="2" number="33">警</token>
  <token t_id="167" sentence="2" number="34">、</token>
  <token t_id="168" sentence="2" number="35">渔</token>
  <token t_id="169" sentence="2" number="36">政</token>
  <token t_id="170" sentence="2" number="37">等</token>
  <token t_id="171" sentence="2" number="38">8</token>
  <token t_id="172" sentence="2" number="39">艘</token>
  <token t_id="173" sentence="2" number="40">公</token>
  <token t_id="174" sentence="2" number="41">务</token>
  <token t_id="175" sentence="2" number="42">船</token>
  <token t_id="176" sentence="2" number="43">艇</token>
  <token t_id="177" sentence="2" number="44">、</token>
  <token t_id="178" sentence="2" number="45">东</token>
  <token t_id="179" sentence="2" number="46">海</token>
  <token t_id="180" sentence="2" number="47">救</token>
  <token t_id="181" sentence="2" number="48">1</token>
  <token t_id="182" sentence="2" number="49">架</token>
  <token t_id="183" sentence="2" number="50">直</token>
  <token t_id="184" sentence="2" number="51">升</token>
  <token t_id="185" sentence="2" number="52">飞</token>
  <token t_id="186" sentence="2" number="53">机</token>
  <token t_id="187" sentence="2" number="54">前</token>
  <token t_id="188" sentence="2" number="55">往</token>
  <token t_id="189" sentence="2" number="56">事</token>
  <token t_id="190" sentence="2" number="57">发</token>
  <token t_id="191" sentence="2" number="58">水</token>
  <token t_id="192" sentence="2" number="59">域</token>
  <token t_id="193" sentence="2" number="60">开</token>
  <token t_id="194" sentence="2" number="61">展</token>
  <token t_id="195" sentence="2" number="62">搜</token>
  <token t_id="196" sentence="2" number="63">救</token>
  <token t_id="197" sentence="2" number="64">，</token>
  <token t_id="198" sentence="2" number="65">协</token>
  <token t_id="199" sentence="2" number="66">调</token>
  <token t_id="200" sentence="2" number="67">组</token>
  <token t_id="201" sentence="2" number="68">织</token>
  <token t_id="202" sentence="2" number="69">1</token>
  <token t_id="203" sentence="2" number="70">0</token>
  <token t_id="204" sentence="2" number="71">余</token>
  <token t_id="205" sentence="2" number="72">艘</token>
  <token t_id="206" sentence="2" number="73">过</token>
  <token t_id="207" sentence="2" number="74">往</token>
  <token t_id="208" sentence="2" number="75">商</token>
  <token t_id="209" sentence="2" number="76">渔</token>
  <token t_id="210" sentence="2" number="77">船</token>
  <token t_id="211" sentence="2" number="78">参</token>
  <token t_id="212" sentence="2" number="79">与</token>
  <token t_id="213" sentence="2" number="80">救</token>
  <token t_id="214" sentence="2" number="81">助</token>
  <token t_id="215" sentence="2" number="82">，</token>
  <token t_id="216" sentence="2" number="83">并</token>
  <token t_id="217" sentence="2" number="84">对</token>
  <token t_id="218" sentence="2" number="85">事</token>
  <token t_id="219" sentence="2" number="86">发</token>
  <token t_id="220" sentence="2" number="87">水</token>
  <token t_id="221" sentence="2" number="88">域</token>
  <token t_id="222" sentence="2" number="89">实</token>
  <token t_id="223" sentence="2" number="90">施</token>
  <token t_id="224" sentence="2" number="91">临</token>
  <token t_id="225" sentence="2" number="92">时</token>
  <token t_id="226" sentence="2" number="93">交</token>
  <token t_id="227" sentence="2" number="94">通</token>
  <token t_id="228" sentence="2" number="95">管</token>
  <token t_id="229" sentence="2" number="96">制</token>
  <token t_id="230" sentence="2" number="97">。</token>
  <token t_id="231" sentence="3" number="0">目</token>
  <token t_id="232" sentence="3" number="1">前</token>
  <token t_id="233" sentence="3" number="2">，</token>
  <token t_id="234" sentence="3" number="3">各</token>
  <token t_id="235" sentence="3" number="4">救</token>
  <token t_id="236" sentence="3" number="5">援</token>
  <token t_id="237" sentence="3" number="6">力</token>
  <token t_id="238" sentence="3" number="7">量</token>
  <token t_id="239" sentence="3" number="8">仍</token>
  <token t_id="240" sentence="3" number="9">在</token>
  <token t_id="241" sentence="3" number="10">海</token>
  <token t_id="242" sentence="3" number="11">上</token>
  <token t_id="243" sentence="3" number="12">全</token>
  <token t_id="244" sentence="3" number="13">力</token>
  <token t_id="245" sentence="3" number="14">搜</token>
  <token t_id="246" sentence="3" number="15">救</token>
  <Markables>
    <ACTION m_id="48255" comment="">
      <token_anchor t_id="49" />
      <token_anchor t_id="50" />
    </ACTION>
    <ACTION m_id="48256" comment="">
      <token_anchor t_id="101" />
      <token_anchor t_id="102" />
    </ACTION>
    <ACTION m_id="48257" comment="">
      <token_anchor t_id="125" />
      <token_anchor t_id="126" />
    </ACTION>
    <ACTION m_id="48258" comment="">
      <token_anchor t_id="130" />
      <token_anchor t_id="131" />
    </ACTION>
    <ACTION m_id="48259" comment="">
      <token_anchor t_id="133" />
      <token_anchor t_id="134" />
    </ACTION>
    <ACTION m_id="48260" comment="">
      <token_anchor t_id="145" />
      <token_anchor t_id="146" />
    </ACTION>
    <ACTION m_id="48261" comment="">
      <token_anchor t_id="151" />
      <token_anchor t_id="152" />
    </ACTION>
    <ACTION m_id="48262" comment="">
      <token_anchor t_id="160" />
      <token_anchor t_id="161" />
    </ACTION>
    <ACTION m_id="48263" comment="">
      <token_anchor t_id="187" />
      <token_anchor t_id="188" />
    </ACTION>
    <ACTION m_id="48264" comment="">
      <token_anchor t_id="195" />
      <token_anchor t_id="196" />
    </ACTION>
    <ACTION m_id="48266" comment="">
      <token_anchor t_id="200" />
      <token_anchor t_id="201" />
    </ACTION>
    <ACTION m_id="48267" comment="">
      <token_anchor t_id="211" />
      <token_anchor t_id="212" />
    </ACTION>
    <ACTION m_id="48270" comment="">
      <token_anchor t_id="245" />
      <token_anchor t_id="246" />
    </ACTION>
    <ACTION m_id="58084" comment="">
      <token_anchor t_id="222" />
      <token_anchor t_id="223" />
    </ACTION>
  </Markables>
  <Relations>
    <PLOT_LINK r_id="6235" SIGNAL="" relType="causation" CAUSES="FALSE" CAUSED_BY="FALSE">
      <source m_id="48260" />
      <target m_id="48261" />
    </PLOT_LINK>
    <PLOT_LINK r_id="6236" SIGNAL="" relType="causation" CAUSES="FALSE" CAUSED_BY="FALSE">
      <source m_id="48260" />
      <target m_id="48262" />
    </PLOT_LINK>
  </Relations>
</Document>