<?xml version="1.0" encoding="UTF-8"?>
<Document doc_name="3807_ecbplus.xml.xml">
  <token t_id="1" sentence="0" number="0">澳</token>
  <token t_id="2" sentence="0" number="1">门</token>
  <token t_id="3" sentence="0" number="2">9</token>
  <token t_id="4" sentence="0" number="3">月</token>
  <token t_id="5" sentence="0" number="4">4</token>
  <token t_id="6" sentence="0" number="5">日</token>
  <token t_id="7" sentence="0" number="6">电</token>
  <token t_id="8" sentence="0" number="7"> </token>
  <token t_id="9" sentence="0" number="8">(</token>
  <token t_id="10" sentence="0" number="9">记</token>
  <token t_id="11" sentence="0" number="10">者</token>
  <token t_id="12" sentence="0" number="11"> </token>
  <token t_id="13" sentence="0" number="12">龙</token>
  <token t_id="14" sentence="0" number="13">土</token>
  <token t_id="15" sentence="0" number="14">有</token>
  <token t_id="16" sentence="0" number="15">)</token>
  <token t_id="17" sentence="0" number="16">4</token>
  <token t_id="18" sentence="0" number="17">日</token>
  <token t_id="19" sentence="0" number="18">上</token>
  <token t_id="20" sentence="0" number="19">午</token>
  <token t_id="21" sentence="0" number="20">9</token>
  <token t_id="22" sentence="0" number="21">时</token>
  <token t_id="23" sentence="0" number="22">4</token>
  <token t_id="24" sentence="0" number="23">0</token>
  <token t_id="25" sentence="0" number="24">分</token>
  <token t_id="26" sentence="0" number="25">，</token>
  <token t_id="27" sentence="0" number="26">澳</token>
  <token t_id="28" sentence="0" number="27">门</token>
  <token t_id="29" sentence="0" number="28">海</token>
  <token t_id="30" sentence="0" number="29">事</token>
  <token t_id="31" sentence="0" number="30">局</token>
  <token t_id="32" sentence="0" number="31">船</token>
  <token t_id="33" sentence="0" number="32">舶</token>
  <token t_id="34" sentence="0" number="33">交</token>
  <token t_id="35" sentence="0" number="34">通</token>
  <token t_id="36" sentence="0" number="35">管</token>
  <token t_id="37" sentence="0" number="36">理</token>
  <token t_id="38" sentence="0" number="37">中</token>
  <token t_id="39" sentence="0" number="38">心</token>
  <token t_id="40" sentence="0" number="39">接</token>
  <token t_id="41" sentence="0" number="40">报</token>
  <token t_id="42" sentence="0" number="41">，</token>
  <token t_id="43" sentence="0" number="42">指</token>
  <token t_id="44" sentence="0" number="43">澳</token>
  <token t_id="45" sentence="0" number="44">门</token>
  <token t_id="46" sentence="0" number="45">国</token>
  <token t_id="47" sentence="0" number="46">际</token>
  <token t_id="48" sentence="0" number="47">机</token>
  <token t_id="49" sentence="0" number="48">场</token>
  <token t_id="50" sentence="0" number="49">跑</token>
  <token t_id="51" sentence="0" number="50">道</token>
  <token t_id="52" sentence="0" number="51">东</token>
  <token t_id="53" sentence="0" number="52">南</token>
  <token t_id="54" sentence="0" number="53">方</token>
  <token t_id="55" sentence="0" number="54">约</token>
  <token t_id="56" sentence="0" number="55">2</token>
  <token t_id="57" sentence="0" number="56">海</token>
  <token t_id="58" sentence="0" number="57">里</token>
  <token t_id="59" sentence="0" number="58">(</token>
  <token t_id="60" sentence="0" number="59">黑</token>
  <token t_id="61" sentence="0" number="60">沙</token>
  <token t_id="62" sentence="0" number="61">海</token>
  <token t_id="63" sentence="0" number="62">滩</token>
  <token t_id="64" sentence="0" number="63">以</token>
  <token t_id="65" sentence="0" number="64">东</token>
  <token t_id="66" sentence="0" number="65">)</token>
  <token t_id="67" sentence="0" number="66">有</token>
  <token t_id="68" sentence="0" number="67">一</token>
  <token t_id="69" sentence="0" number="68">艘</token>
  <token t_id="70" sentence="0" number="69">渔</token>
  <token t_id="71" sentence="0" number="70">船</token>
  <token t_id="72" sentence="0" number="71">起</token>
  <token t_id="73" sentence="0" number="72">火</token>
  <token t_id="74" sentence="0" number="73">，</token>
  <token t_id="75" sentence="0" number="74">随</token>
  <token t_id="76" sentence="0" number="75">即</token>
  <token t_id="77" sentence="0" number="76">与</token>
  <token t_id="78" sentence="0" number="77">海</token>
  <token t_id="79" sentence="0" number="78">关</token>
  <token t_id="80" sentence="0" number="79">派</token>
  <token t_id="81" sentence="0" number="80">出</token>
  <token t_id="82" sentence="0" number="81">救</token>
  <token t_id="83" sentence="0" number="82">援</token>
  <token t_id="84" sentence="0" number="83">船</token>
  <token t_id="85" sentence="0" number="84">赶</token>
  <token t_id="86" sentence="0" number="85">赴</token>
  <token t_id="87" sentence="0" number="86">现</token>
  <token t_id="88" sentence="0" number="87">场</token>
  <token t_id="89" sentence="0" number="88">救</token>
  <token t_id="90" sentence="0" number="89">援</token>
  <token t_id="91" sentence="0" number="90">，</token>
  <token t_id="92" sentence="0" number="91">迅</token>
  <token t_id="93" sentence="0" number="92">速</token>
  <token t_id="94" sentence="0" number="93">将</token>
  <token t_id="95" sentence="0" number="94">渔</token>
  <token t_id="96" sentence="0" number="95">船</token>
  <token t_id="97" sentence="0" number="96">火</token>
  <token t_id="98" sentence="0" number="97">势</token>
  <token t_id="99" sentence="0" number="98">救</token>
  <token t_id="100" sentence="0" number="99">熄</token>
  <token t_id="101" sentence="0" number="100">。</token>
  <token t_id="102" sentence="1" number="0">海</token>
  <token t_id="103" sentence="1" number="1">事</token>
  <token t_id="104" sentence="1" number="2">及</token>
  <token t_id="105" sentence="1" number="3">水</token>
  <token t_id="106" sentence="1" number="4">务</token>
  <token t_id="107" sentence="1" number="5">局</token>
  <token t_id="108" sentence="1" number="6">称</token>
  <token t_id="109" sentence="1" number="7">，</token>
  <token t_id="110" sentence="1" number="8">肇</token>
  <token t_id="111" sentence="1" number="9">事</token>
  <token t_id="112" sentence="1" number="10">船</token>
  <token t_id="113" sentence="1" number="11">只</token>
  <token t_id="114" sentence="1" number="12">“</token>
  <token t_id="115" sentence="1" number="13">粤</token>
  <token t_id="116" sentence="1" number="14">阳</token>
  <token t_id="117" sentence="1" number="15">江</token>
  <token t_id="118" sentence="1" number="16">渔</token>
  <token t_id="119" sentence="1" number="17">0</token>
  <token t_id="120" sentence="1" number="18">4</token>
  <token t_id="121" sentence="1" number="19">1</token>
  <token t_id="122" sentence="1" number="20">X</token>
  <token t_id="123" sentence="1" number="21">X</token>
  <token t_id="124" sentence="1" number="22">”</token>
  <token t_id="125" sentence="1" number="23">为</token>
  <token t_id="126" sentence="1" number="24">一</token>
  <token t_id="127" sentence="1" number="25">艘</token>
  <token t_id="128" sentence="1" number="26">内</token>
  <token t_id="129" sentence="1" number="27">地</token>
  <token t_id="130" sentence="1" number="28">注</token>
  <token t_id="131" sentence="1" number="29">册</token>
  <token t_id="132" sentence="1" number="30">的</token>
  <token t_id="133" sentence="1" number="31">渔</token>
  <token t_id="134" sentence="1" number="32">船</token>
  <token t_id="135" sentence="1" number="33">，</token>
  <token t_id="136" sentence="1" number="34">船</token>
  <token t_id="137" sentence="1" number="35">上</token>
  <token t_id="138" sentence="1" number="36">4</token>
  <token t_id="139" sentence="1" number="37">名</token>
  <token t_id="140" sentence="1" number="38">人</token>
  <token t_id="141" sentence="1" number="39">员</token>
  <token t_id="142" sentence="1" number="40">已</token>
  <token t_id="143" sentence="1" number="41">经</token>
  <token t_id="144" sentence="1" number="42">被</token>
  <token t_id="145" sentence="1" number="43">附</token>
  <token t_id="146" sentence="1" number="44">近</token>
  <token t_id="147" sentence="1" number="45">路</token>
  <token t_id="148" sentence="1" number="46">过</token>
  <token t_id="149" sentence="1" number="47">的</token>
  <token t_id="150" sentence="1" number="48">船</token>
  <token t_id="151" sentence="1" number="49">只</token>
  <token t_id="152" sentence="1" number="50">救</token>
  <token t_id="153" sentence="1" number="51">起</token>
  <token t_id="154" sentence="1" number="52">，</token>
  <token t_id="155" sentence="1" number="53">并</token>
  <token t_id="156" sentence="1" number="54">已</token>
  <token t_id="157" sentence="1" number="55">安</token>
  <token t_id="158" sentence="1" number="56">全</token>
  <token t_id="159" sentence="1" number="57">地</token>
  <token t_id="160" sentence="1" number="58">转</token>
  <token t_id="161" sentence="1" number="59">移</token>
  <token t_id="162" sentence="1" number="60">到</token>
  <token t_id="163" sentence="1" number="61">内</token>
  <token t_id="164" sentence="1" number="62">地</token>
  <token t_id="165" sentence="1" number="63">渔</token>
  <token t_id="166" sentence="1" number="64">政</token>
  <token t_id="167" sentence="1" number="65">船</token>
  <token t_id="168" sentence="1" number="66">只</token>
  <token t_id="169" sentence="1" number="67">上</token>
  <token t_id="170" sentence="1" number="68">。</token>
  <token t_id="171" sentence="2" number="0">肇</token>
  <token t_id="172" sentence="2" number="1">事</token>
  <token t_id="173" sentence="2" number="2">渔</token>
  <token t_id="174" sentence="2" number="3">船</token>
  <token t_id="175" sentence="2" number="4">由</token>
  <token t_id="176" sentence="2" number="5">于</token>
  <token t_id="177" sentence="2" number="6">船</token>
  <token t_id="178" sentence="2" number="7">尾</token>
  <token t_id="179" sentence="2" number="8">被</token>
  <token t_id="180" sentence="2" number="9">烧</token>
  <token t_id="181" sentence="2" number="10">毁</token>
  <token t_id="182" sentence="2" number="11">受</token>
  <token t_id="183" sentence="2" number="12">损</token>
  <token t_id="184" sentence="2" number="13">，</token>
  <token t_id="185" sentence="2" number="14">出</token>
  <token t_id="186" sentence="2" number="15">现</token>
  <token t_id="187" sentence="2" number="16">严</token>
  <token t_id="188" sentence="2" number="17">重</token>
  <token t_id="189" sentence="2" number="18">入</token>
  <token t_id="190" sentence="2" number="19">水</token>
  <token t_id="191" sentence="2" number="20">情</token>
  <token t_id="192" sentence="2" number="21">况</token>
  <token t_id="193" sentence="2" number="22">，</token>
  <token t_id="194" sentence="2" number="23">至</token>
  <token t_id="195" sentence="2" number="24">记</token>
  <token t_id="196" sentence="2" number="25">者</token>
  <token t_id="197" sentence="2" number="26">发</token>
  <token t_id="198" sentence="2" number="27">稿</token>
  <token t_id="199" sentence="2" number="28">时</token>
  <token t_id="200" sentence="2" number="29">已</token>
  <token t_id="201" sentence="2" number="30">经</token>
  <token t_id="202" sentence="2" number="31">沉</token>
  <token t_id="203" sentence="2" number="32">没</token>
  <token t_id="204" sentence="2" number="33">。</token>
  <token t_id="205" sentence="3" number="0">海</token>
  <token t_id="206" sentence="3" number="1">事</token>
  <token t_id="207" sentence="3" number="2">及</token>
  <token t_id="208" sentence="3" number="3">水</token>
  <token t_id="209" sentence="3" number="4">务</token>
  <token t_id="210" sentence="3" number="5">局</token>
  <token t_id="211" sentence="3" number="6">船</token>
  <token t_id="212" sentence="3" number="7">只</token>
  <token t_id="213" sentence="3" number="8">仍</token>
  <token t_id="214" sentence="3" number="9">在</token>
  <token t_id="215" sentence="3" number="10">周</token>
  <token t_id="216" sentence="3" number="11">围</token>
  <token t_id="217" sentence="3" number="12">水</token>
  <token t_id="218" sentence="3" number="13">域</token>
  <token t_id="219" sentence="3" number="14">戒</token>
  <token t_id="220" sentence="3" number="15">备</token>
  <token t_id="221" sentence="3" number="16">当</token>
  <token t_id="222" sentence="3" number="17">中</token>
  <token t_id="223" sentence="3" number="18">，</token>
  <token t_id="224" sentence="3" number="19">并</token>
  <token t_id="225" sentence="3" number="20">协</token>
  <token t_id="226" sentence="3" number="21">助</token>
  <token t_id="227" sentence="3" number="22">跟</token>
  <token t_id="228" sentence="3" number="23">进</token>
  <token t_id="229" sentence="3" number="24">善</token>
  <token t_id="230" sentence="3" number="25">后</token>
  <token t_id="231" sentence="3" number="26">工</token>
  <token t_id="232" sentence="3" number="27">作</token>
  <Markables>
    <ACTION m_id="48774" comment="">
      <token_anchor t_id="40" />
      <token_anchor t_id="41" />
    </ACTION>
    <ACTION m_id="48775" comment="">
      <token_anchor t_id="72" />
      <token_anchor t_id="73" />
    </ACTION>
    <ACTION m_id="48776" comment="">
      <token_anchor t_id="80" />
      <token_anchor t_id="81" />
    </ACTION>
    <ACTION m_id="48777" comment="">
      <token_anchor t_id="85" />
      <token_anchor t_id="86" />
    </ACTION>
    <ACTION m_id="48778" comment="">
      <token_anchor t_id="89" />
      <token_anchor t_id="90" />
    </ACTION>
    <ACTION m_id="48779" comment="">
      <token_anchor t_id="99" />
      <token_anchor t_id="100" />
    </ACTION>
    <ACTION m_id="48780" comment="">
      <token_anchor t_id="108" />
    </ACTION>
    <ACTION m_id="48781" comment="">
      <token_anchor t_id="152" />
      <token_anchor t_id="153" />
    </ACTION>
    <ACTION m_id="48782" comment="">
      <token_anchor t_id="160" />
      <token_anchor t_id="161" />
    </ACTION>
    <ACTION m_id="48783" comment="">
      <token_anchor t_id="180" />
      <token_anchor t_id="181" />
    </ACTION>
    <ACTION m_id="48786" comment="">
      <token_anchor t_id="202" />
      <token_anchor t_id="203" />
    </ACTION>
    <ACTION m_id="48787" comment="">
      <token_anchor t_id="219" />
      <token_anchor t_id="220" />
    </ACTION>
    <ACTION m_id="48788" comment="">
      <token_anchor t_id="225" />
      <token_anchor t_id="226" />
    </ACTION>
    <ACTION_CAUSATIVE m_id="59785" comment="">
      <token_anchor t_id="175" />
      <token_anchor t_id="176" />
    </ACTION_CAUSATIVE>
    <ACTION m_id="59786" comment="">
      <token_anchor t_id="182" />
      <token_anchor t_id="183" />
    </ACTION>
    <ACTION m_id="59787" comment="">
      <token_anchor t_id="185" />
      <token_anchor t_id="186" />
    </ACTION>
  </Markables>
  <Relations>
    <PLOT_LINK r_id="6318" SIGNAL="" relType="causation" CAUSES="FALSE" CAUSED_BY="FALSE">
      <source m_id="48778" />
      <target m_id="48779" />
    </PLOT_LINK>
    <PLOT_LINK r_id="6319" SIGNAL="" relType="causation" CAUSES="FALSE" CAUSED_BY="FALSE">
      <source m_id="48783" />
      <target m_id="59786" />
    </PLOT_LINK>
    <PLOT_LINK r_id="6320" SIGNAL="" relType="causation" CAUSES="FALSE" CAUSED_BY="FALSE">
      <source m_id="59786" />
      <target m_id="59787" />
    </PLOT_LINK>
    <PLOT_LINK r_id="6321" SIGNAL="" relType="causation" CAUSES="FALSE" CAUSED_BY="FALSE">
      <source m_id="59787" />
      <target m_id="48786" />
    </PLOT_LINK>
  </Relations>
</Document>