<?xml version="1.0" encoding="UTF-8"?>
<Document doc_name="3808_ecbplus.xml.xml">
  <token t_id="1" sentence="0" number="0">福</token>
  <token t_id="2" sentence="0" number="1">州</token>
  <token t_id="3" sentence="0" number="2">8</token>
  <token t_id="4" sentence="0" number="3">月</token>
  <token t_id="5" sentence="0" number="4">3</token>
  <token t_id="6" sentence="0" number="5">0</token>
  <token t_id="7" sentence="0" number="6">日</token>
  <token t_id="8" sentence="0" number="7">电</token>
  <token t_id="9" sentence="0" number="8"> </token>
  <token t_id="10" sentence="0" number="9">(</token>
  <token t_id="11" sentence="0" number="10">记</token>
  <token t_id="12" sentence="0" number="11">者</token>
  <token t_id="13" sentence="0" number="12"> </token>
  <token t_id="14" sentence="0" number="13">龙</token>
  <token t_id="15" sentence="0" number="14">敏</token>
  <token t_id="16" sentence="0" number="15">)</token>
  <token t_id="17" sentence="0" number="16">3</token>
  <token t_id="18" sentence="0" number="17">0</token>
  <token t_id="19" sentence="0" number="18">日</token>
  <token t_id="20" sentence="0" number="19">凌</token>
  <token t_id="21" sentence="0" number="20">晨</token>
  <token t_id="22" sentence="0" number="21">，</token>
  <token t_id="23" sentence="0" number="22">福</token>
  <token t_id="24" sentence="0" number="23">建</token>
  <token t_id="25" sentence="0" number="24">泉</token>
  <token t_id="26" sentence="0" number="25">州</token>
  <token t_id="27" sentence="0" number="26">深</token>
  <token t_id="28" sentence="0" number="27">沪</token>
  <token t_id="29" sentence="0" number="28">籍</token>
  <token t_id="30" sentence="0" number="29">渔</token>
  <token t_id="31" sentence="0" number="30">船</token>
  <token t_id="32" sentence="0" number="31">“</token>
  <token t_id="33" sentence="0" number="32">闽</token>
  <token t_id="34" sentence="0" number="33">晋</token>
  <token t_id="35" sentence="0" number="34">渔</token>
  <token t_id="36" sentence="0" number="35">0</token>
  <token t_id="37" sentence="0" number="36">5</token>
  <token t_id="38" sentence="0" number="37">1</token>
  <token t_id="39" sentence="0" number="38">1</token>
  <token t_id="40" sentence="0" number="39">9</token>
  <token t_id="41" sentence="0" number="40">”</token>
  <token t_id="42" sentence="0" number="41">在</token>
  <token t_id="43" sentence="0" number="42">距</token>
  <token t_id="44" sentence="0" number="43">平</token>
  <token t_id="45" sentence="0" number="44">潭</token>
  <token t_id="46" sentence="0" number="45">岛</token>
  <token t_id="47" sentence="0" number="46">正</token>
  <token t_id="48" sentence="0" number="47">东</token>
  <token t_id="49" sentence="0" number="48">4</token>
  <token t_id="50" sentence="0" number="49">5</token>
  <token t_id="51" sentence="0" number="50">海</token>
  <token t_id="52" sentence="0" number="51">里</token>
  <token t_id="53" sentence="0" number="52">海</token>
  <token t_id="54" sentence="0" number="53">域</token>
  <token t_id="55" sentence="0" number="54">沉</token>
  <token t_id="56" sentence="0" number="55">没</token>
  <token t_id="57" sentence="0" number="56">，</token>
  <token t_id="58" sentence="0" number="57">渔</token>
  <token t_id="59" sentence="0" number="58">船</token>
  <token t_id="60" sentence="0" number="59">上</token>
  <token t_id="61" sentence="0" number="60">1</token>
  <token t_id="62" sentence="0" number="61">4</token>
  <token t_id="63" sentence="0" number="62">人</token>
  <token t_id="64" sentence="0" number="63">遇</token>
  <token t_id="65" sentence="0" number="64">险</token>
  <token t_id="66" sentence="0" number="65">，</token>
  <token t_id="67" sentence="0" number="66">两</token>
  <token t_id="68" sentence="0" number="67">名</token>
  <token t_id="69" sentence="0" number="68">船</token>
  <token t_id="70" sentence="0" number="69">员</token>
  <token t_id="71" sentence="0" number="70">被</token>
  <token t_id="72" sentence="0" number="71">周</token>
  <token t_id="73" sentence="0" number="72">边</token>
  <token t_id="74" sentence="0" number="73">作</token>
  <token t_id="75" sentence="0" number="74">业</token>
  <token t_id="76" sentence="0" number="75">渔</token>
  <token t_id="77" sentence="0" number="76">船</token>
  <token t_id="78" sentence="0" number="77">“</token>
  <token t_id="79" sentence="0" number="78">闽</token>
  <token t_id="80" sentence="0" number="79">晋</token>
  <token t_id="81" sentence="0" number="80">渔</token>
  <token t_id="82" sentence="0" number="81">0</token>
  <token t_id="83" sentence="0" number="82">5</token>
  <token t_id="84" sentence="0" number="83">7</token>
  <token t_id="85" sentence="0" number="84">6</token>
  <token t_id="86" sentence="0" number="85">9</token>
  <token t_id="87" sentence="0" number="86">”</token>
  <token t_id="88" sentence="0" number="87">救</token>
  <token t_id="89" sentence="0" number="88">起</token>
  <token t_id="90" sentence="0" number="89">，</token>
  <token t_id="91" sentence="0" number="90">另</token>
  <token t_id="92" sentence="0" number="91">外</token>
  <token t_id="93" sentence="0" number="92">1</token>
  <token t_id="94" sentence="0" number="93">2</token>
  <token t_id="95" sentence="0" number="94">名</token>
  <token t_id="96" sentence="0" number="95">船</token>
  <token t_id="97" sentence="0" number="96">员</token>
  <token t_id="98" sentence="0" number="97">失</token>
  <token t_id="99" sentence="0" number="98">联</token>
  <token t_id="100" sentence="0" number="99">。</token>
  <token t_id="101" sentence="1" number="0">福</token>
  <token t_id="102" sentence="1" number="1">建</token>
  <token t_id="103" sentence="1" number="2">省</token>
  <token t_id="104" sentence="1" number="3">海</token>
  <token t_id="105" sentence="1" number="4">上</token>
  <token t_id="106" sentence="1" number="5">搜</token>
  <token t_id="107" sentence="1" number="6">救</token>
  <token t_id="108" sentence="1" number="7">中</token>
  <token t_id="109" sentence="1" number="8">心</token>
  <token t_id="110" sentence="1" number="9">今</token>
  <token t_id="111" sentence="1" number="10">天</token>
  <token t_id="112" sentence="1" number="11">晚</token>
  <token t_id="113" sentence="1" number="12">间</token>
  <token t_id="114" sentence="1" number="13">通</token>
  <token t_id="115" sentence="1" number="14">报</token>
  <token t_id="116" sentence="1" number="15">，</token>
  <token t_id="117" sentence="1" number="16">截</token>
  <token t_id="118" sentence="1" number="17">至</token>
  <token t_id="119" sentence="1" number="18">3</token>
  <token t_id="120" sentence="1" number="19">0</token>
  <token t_id="121" sentence="1" number="20">日</token>
  <token t_id="122" sentence="1" number="21">1</token>
  <token t_id="123" sentence="1" number="22">8</token>
  <token t_id="124" sentence="1" number="23">时</token>
  <token t_id="125" sentence="1" number="24">3</token>
  <token t_id="126" sentence="1" number="25">0</token>
  <token t_id="127" sentence="1" number="26">分</token>
  <token t_id="128" sentence="1" number="27">，</token>
  <token t_id="129" sentence="1" number="28">1</token>
  <token t_id="130" sentence="1" number="29">2</token>
  <token t_id="131" sentence="1" number="30">名</token>
  <token t_id="132" sentence="1" number="31">船</token>
  <token t_id="133" sentence="1" number="32">员</token>
  <token t_id="134" sentence="1" number="33">仍</token>
  <token t_id="135" sentence="1" number="34">处</token>
  <token t_id="136" sentence="1" number="35">于</token>
  <token t_id="137" sentence="1" number="36">失</token>
  <token t_id="138" sentence="1" number="37">联</token>
  <token t_id="139" sentence="1" number="38">状</token>
  <token t_id="140" sentence="1" number="39">态</token>
  <token t_id="141" sentence="1" number="40">。</token>
  <token t_id="142" sentence="2" number="0">两</token>
  <token t_id="143" sentence="2" number="1">名</token>
  <token t_id="144" sentence="2" number="2">获</token>
  <token t_id="145" sentence="2" number="3">救</token>
  <token t_id="146" sentence="2" number="4">人</token>
  <token t_id="147" sentence="2" number="5">员</token>
  <token t_id="148" sentence="2" number="6">由</token>
  <token t_id="149" sentence="2" number="7">“</token>
  <token t_id="150" sentence="2" number="8">闽</token>
  <token t_id="151" sentence="2" number="9">晋</token>
  <token t_id="152" sentence="2" number="10">渔</token>
  <token t_id="153" sentence="2" number="11">0</token>
  <token t_id="154" sentence="2" number="12">5</token>
  <token t_id="155" sentence="2" number="13">7</token>
  <token t_id="156" sentence="2" number="14">6</token>
  <token t_id="157" sentence="2" number="15">9</token>
  <token t_id="158" sentence="2" number="16">”</token>
  <token t_id="159" sentence="2" number="17">安</token>
  <token t_id="160" sentence="2" number="18">全</token>
  <token t_id="161" sentence="2" number="19">带</token>
  <token t_id="162" sentence="2" number="20">回</token>
  <token t_id="163" sentence="2" number="21">。</token>
  <token t_id="164" sentence="3" number="0">据</token>
  <token t_id="165" sentence="3" number="1">获</token>
  <token t_id="166" sentence="3" number="2">救</token>
  <token t_id="167" sentence="3" number="3">船</token>
  <token t_id="168" sentence="3" number="4">员</token>
  <token t_id="169" sentence="3" number="5">回</token>
  <token t_id="170" sentence="3" number="6">忆</token>
  <token t_id="171" sentence="3" number="7">，</token>
  <token t_id="172" sentence="3" number="8">“</token>
  <token t_id="173" sentence="3" number="9">闽</token>
  <token t_id="174" sentence="3" number="10">晋</token>
  <token t_id="175" sentence="3" number="11">渔</token>
  <token t_id="176" sentence="3" number="12">0</token>
  <token t_id="177" sentence="3" number="13">5</token>
  <token t_id="178" sentence="3" number="14">1</token>
  <token t_id="179" sentence="3" number="15">1</token>
  <token t_id="180" sentence="3" number="16">9</token>
  <token t_id="181" sentence="3" number="17">”</token>
  <token t_id="182" sentence="3" number="18">疑</token>
  <token t_id="183" sentence="3" number="19">似</token>
  <token t_id="184" sentence="3" number="20">与</token>
  <token t_id="185" sentence="3" number="21">一</token>
  <token t_id="186" sentence="3" number="22">艘</token>
  <token t_id="187" sentence="3" number="23">外</token>
  <token t_id="188" sentence="3" number="24">国</token>
  <token t_id="189" sentence="3" number="25">籍</token>
  <token t_id="190" sentence="3" number="26">商</token>
  <token t_id="191" sentence="3" number="27">船</token>
  <token t_id="192" sentence="3" number="28">发</token>
  <token t_id="193" sentence="3" number="29">生</token>
  <token t_id="194" sentence="3" number="30">碰</token>
  <token t_id="195" sentence="3" number="31">撞</token>
  <token t_id="196" sentence="3" number="32">。</token>
  <token t_id="197" sentence="4" number="0">目</token>
  <token t_id="198" sentence="4" number="1">前</token>
  <token t_id="199" sentence="4" number="2">，</token>
  <token t_id="200" sentence="4" number="3">搜</token>
  <token t_id="201" sentence="4" number="4">救</token>
  <token t_id="202" sentence="4" number="5">行</token>
  <token t_id="203" sentence="4" number="6">动</token>
  <token t_id="204" sentence="4" number="7">仍</token>
  <token t_id="205" sentence="4" number="8">在</token>
  <token t_id="206" sentence="4" number="9">紧</token>
  <token t_id="207" sentence="4" number="10">张</token>
  <token t_id="208" sentence="4" number="11">进</token>
  <token t_id="209" sentence="4" number="12">行</token>
  <token t_id="210" sentence="4" number="13">中</token>
  <token t_id="211" sentence="4" number="14">。</token>
  <token t_id="212" sentence="5" number="0">福</token>
  <token t_id="213" sentence="5" number="1">建</token>
  <token t_id="214" sentence="5" number="2">省</token>
  <token t_id="215" sentence="5" number="3">海</token>
  <token t_id="216" sentence="5" number="4">上</token>
  <token t_id="217" sentence="5" number="5">搜</token>
  <token t_id="218" sentence="5" number="6">救</token>
  <token t_id="219" sentence="5" number="7">中</token>
  <token t_id="220" sentence="5" number="8">心</token>
  <token t_id="221" sentence="5" number="9">披</token>
  <token t_id="222" sentence="5" number="10">露</token>
  <token t_id="223" sentence="5" number="11">，</token>
  <token t_id="224" sentence="5" number="12">该</token>
  <token t_id="225" sentence="5" number="13">中</token>
  <token t_id="226" sentence="5" number="14">心</token>
  <token t_id="227" sentence="5" number="15">调</token>
  <token t_id="228" sentence="5" number="16">派</token>
  <token t_id="229" sentence="5" number="17">泉</token>
  <token t_id="230" sentence="5" number="18">州</token>
  <token t_id="231" sentence="5" number="19">海</token>
  <token t_id="232" sentence="5" number="20">事</token>
  <token t_id="233" sentence="5" number="21">局</token>
  <token t_id="234" sentence="5" number="22">海</token>
  <token t_id="235" sentence="5" number="23">事</token>
  <token t_id="236" sentence="5" number="24">巡</token>
  <token t_id="237" sentence="5" number="25">逻</token>
  <token t_id="238" sentence="5" number="26">船</token>
  <token t_id="239" sentence="5" number="27">“</token>
  <token t_id="240" sentence="5" number="28">海</token>
  <token t_id="241" sentence="5" number="29">巡</token>
  <token t_id="242" sentence="5" number="30">0</token>
  <token t_id="243" sentence="5" number="31">8</token>
  <token t_id="244" sentence="5" number="32">0</token>
  <token t_id="245" sentence="5" number="33">6</token>
  <token t_id="246" sentence="5" number="34">”</token>
  <token t_id="247" sentence="5" number="35">、</token>
  <token t_id="248" sentence="5" number="36">东</token>
  <token t_id="249" sentence="5" number="37">海</token>
  <token t_id="250" sentence="5" number="38">救</token>
  <token t_id="251" sentence="5" number="39">助</token>
  <token t_id="252" sentence="5" number="40">局</token>
  <token t_id="253" sentence="5" number="41">专</token>
  <token t_id="254" sentence="5" number="42">业</token>
  <token t_id="255" sentence="5" number="43">救</token>
  <token t_id="256" sentence="5" number="44">助</token>
  <token t_id="257" sentence="5" number="45">船</token>
  <token t_id="258" sentence="5" number="46">“</token>
  <token t_id="259" sentence="5" number="47">东</token>
  <token t_id="260" sentence="5" number="48">海</token>
  <token t_id="261" sentence="5" number="49">救</token>
  <token t_id="262" sentence="5" number="50">1</token>
  <token t_id="263" sentence="5" number="51">1</token>
  <token t_id="264" sentence="5" number="52">6</token>
  <token t_id="265" sentence="5" number="53">”</token>
  <token t_id="266" sentence="5" number="54">、</token>
  <token t_id="267" sentence="5" number="55">福</token>
  <token t_id="268" sentence="5" number="56">建</token>
  <token t_id="269" sentence="5" number="57">省</token>
  <token t_id="270" sentence="5" number="58">海</token>
  <token t_id="271" sentence="5" number="59">洋</token>
  <token t_id="272" sentence="5" number="60">与</token>
  <token t_id="273" sentence="5" number="61">渔</token>
  <token t_id="274" sentence="5" number="62">业</token>
  <token t_id="275" sentence="5" number="63">局</token>
  <token t_id="276" sentence="5" number="64">“</token>
  <token t_id="277" sentence="5" number="65">海</token>
  <token t_id="278" sentence="5" number="66">监</token>
  <token t_id="279" sentence="5" number="67">8</token>
  <token t_id="280" sentence="5" number="68">0</token>
  <token t_id="281" sentence="5" number="69">0</token>
  <token t_id="282" sentence="5" number="70">1</token>
  <token t_id="283" sentence="5" number="71">”</token>
  <token t_id="284" sentence="5" number="72">和</token>
  <token t_id="285" sentence="5" number="73">“</token>
  <token t_id="286" sentence="5" number="74">海</token>
  <token t_id="287" sentence="5" number="75">监</token>
  <token t_id="288" sentence="5" number="76">8</token>
  <token t_id="289" sentence="5" number="77">0</token>
  <token t_id="290" sentence="5" number="78">0</token>
  <token t_id="291" sentence="5" number="79">2</token>
  <token t_id="292" sentence="5" number="80">”</token>
  <token t_id="293" sentence="5" number="81">赶</token>
  <token t_id="294" sentence="5" number="82">赴</token>
  <token t_id="295" sentence="5" number="83">事</token>
  <token t_id="296" sentence="5" number="84">发</token>
  <token t_id="297" sentence="5" number="85">海</token>
  <token t_id="298" sentence="5" number="86">域</token>
  <token t_id="299" sentence="5" number="87">；</token>
  <token t_id="300" sentence="5" number="88">福</token>
  <token t_id="301" sentence="5" number="89">建</token>
  <token t_id="302" sentence="5" number="90">省</token>
  <token t_id="303" sentence="5" number="91">海</token>
  <token t_id="304" sentence="5" number="92">洋</token>
  <token t_id="305" sentence="5" number="93">与</token>
  <token t_id="306" sentence="5" number="94">渔</token>
  <token t_id="307" sentence="5" number="95">业</token>
  <token t_id="308" sentence="5" number="96">局</token>
  <token t_id="309" sentence="5" number="97">通</token>
  <token t_id="310" sentence="5" number="98">过</token>
  <token t_id="311" sentence="5" number="99">手</token>
  <token t_id="312" sentence="5" number="100">机</token>
  <token t_id="313" sentence="5" number="101">、</token>
  <token t_id="314" sentence="5" number="102">电</token>
  <token t_id="315" sentence="5" number="103">台</token>
  <token t_id="316" sentence="5" number="104">和</token>
  <token t_id="317" sentence="5" number="105">北</token>
  <token t_id="318" sentence="5" number="106">斗</token>
  <token t_id="319" sentence="5" number="107">终</token>
  <token t_id="320" sentence="5" number="108">端</token>
  <token t_id="321" sentence="5" number="109">向</token>
  <token t_id="322" sentence="5" number="110">附</token>
  <token t_id="323" sentence="5" number="111">近</token>
  <token t_id="324" sentence="5" number="112">海</token>
  <token t_id="325" sentence="5" number="113">域</token>
  <token t_id="326" sentence="5" number="114">渔</token>
  <token t_id="327" sentence="5" number="115">船</token>
  <token t_id="328" sentence="5" number="116">发</token>
  <token t_id="329" sentence="5" number="117">出</token>
  <token t_id="330" sentence="5" number="118">事</token>
  <token t_id="331" sentence="5" number="119">故</token>
  <token t_id="332" sentence="5" number="120">信</token>
  <token t_id="333" sentence="5" number="121">息</token>
  <token t_id="334" sentence="5" number="122">，</token>
  <token t_id="335" sentence="5" number="123">组</token>
  <token t_id="336" sentence="5" number="124">织</token>
  <token t_id="337" sentence="5" number="125">附</token>
  <token t_id="338" sentence="5" number="126">近</token>
  <token t_id="339" sentence="5" number="127">1</token>
  <token t_id="340" sentence="5" number="128">7</token>
  <token t_id="341" sentence="5" number="129">艘</token>
  <token t_id="342" sentence="5" number="130">渔</token>
  <token t_id="343" sentence="5" number="131">船</token>
  <token t_id="344" sentence="5" number="132">参</token>
  <token t_id="345" sentence="5" number="133">与</token>
  <token t_id="346" sentence="5" number="134">搜</token>
  <token t_id="347" sentence="5" number="135">救</token>
  <token t_id="348" sentence="5" number="136">；</token>
  <token t_id="349" sentence="5" number="137">今</token>
  <token t_id="350" sentence="5" number="138">天</token>
  <token t_id="351" sentence="5" number="139">9</token>
  <token t_id="352" sentence="5" number="140">时</token>
  <token t_id="353" sentence="5" number="141">5</token>
  <token t_id="354" sentence="5" number="142">5</token>
  <token t_id="355" sentence="5" number="143">分</token>
  <token t_id="356" sentence="5" number="144">，</token>
  <token t_id="357" sentence="5" number="145">东</token>
  <token t_id="358" sentence="5" number="146">海</token>
  <token t_id="359" sentence="5" number="147">救</token>
  <token t_id="360" sentence="5" number="148">助</token>
  <token t_id="361" sentence="5" number="149">局</token>
  <token t_id="362" sentence="5" number="150">第</token>
  <token t_id="363" sentence="5" number="151">二</token>
  <token t_id="364" sentence="5" number="152">救</token>
  <token t_id="365" sentence="5" number="153">助</token>
  <token t_id="366" sentence="5" number="154">飞</token>
  <token t_id="367" sentence="5" number="155">行</token>
  <token t_id="368" sentence="5" number="156">队</token>
  <token t_id="369" sentence="5" number="157">救</token>
  <token t_id="370" sentence="5" number="158">助</token>
  <token t_id="371" sentence="5" number="159">直</token>
  <token t_id="372" sentence="5" number="160">升</token>
  <token t_id="373" sentence="5" number="161">机</token>
  <token t_id="374" sentence="5" number="162">“</token>
  <token t_id="375" sentence="5" number="163">B</token>
  <token t_id="376" sentence="5" number="164">—</token>
  <token t_id="377" sentence="5" number="165">7</token>
  <token t_id="378" sentence="5" number="166">3</token>
  <token t_id="379" sentence="5" number="167">4</token>
  <token t_id="380" sentence="5" number="168">5</token>
  <token t_id="381" sentence="5" number="169">”</token>
  <token t_id="382" sentence="5" number="170">从</token>
  <token t_id="383" sentence="5" number="171">福</token>
  <token t_id="384" sentence="5" number="172">州</token>
  <token t_id="385" sentence="5" number="173">长</token>
  <token t_id="386" sentence="5" number="174">乐</token>
  <token t_id="387" sentence="5" number="175">机</token>
  <token t_id="388" sentence="5" number="176">场</token>
  <token t_id="389" sentence="5" number="177">起</token>
  <token t_id="390" sentence="5" number="178">飞</token>
  <token t_id="391" sentence="5" number="179">前</token>
  <token t_id="392" sentence="5" number="180">往</token>
  <token t_id="393" sentence="5" number="181">参</token>
  <token t_id="394" sentence="5" number="182">与</token>
  <token t_id="395" sentence="5" number="183">搜</token>
  <token t_id="396" sentence="5" number="184">寻</token>
  <token t_id="397" sentence="5" number="185">救</token>
  <token t_id="398" sentence="5" number="186">助</token>
  <token t_id="399" sentence="5" number="187">。</token>
  <token t_id="400" sentence="6" number="0">同</token>
  <token t_id="401" sentence="6" number="1">时</token>
  <token t_id="402" sentence="6" number="2">，</token>
  <token t_id="403" sentence="6" number="3">福</token>
  <token t_id="404" sentence="6" number="4">建</token>
  <token t_id="405" sentence="6" number="5">省</token>
  <token t_id="406" sentence="6" number="6">海</token>
  <token t_id="407" sentence="6" number="7">上</token>
  <token t_id="408" sentence="6" number="8">搜</token>
  <token t_id="409" sentence="6" number="9">救</token>
  <token t_id="410" sentence="6" number="10">中</token>
  <token t_id="411" sentence="6" number="11">心</token>
  <token t_id="412" sentence="6" number="12">向</token>
  <token t_id="413" sentence="6" number="13">台</token>
  <token t_id="414" sentence="6" number="14">湾</token>
  <token t_id="415" sentence="6" number="15">海</token>
  <token t_id="416" sentence="6" number="16">上</token>
  <token t_id="417" sentence="6" number="17">搜</token>
  <token t_id="418" sentence="6" number="18">救</token>
  <token t_id="419" sentence="6" number="19">部</token>
  <token t_id="420" sentence="6" number="20">门</token>
  <token t_id="421" sentence="6" number="21">通</token>
  <token t_id="422" sentence="6" number="22">报</token>
  <token t_id="423" sentence="6" number="23">相</token>
  <token t_id="424" sentence="6" number="24">关</token>
  <token t_id="425" sentence="6" number="25">情</token>
  <token t_id="426" sentence="6" number="26">况</token>
  <token t_id="427" sentence="6" number="27">。</token>
  <token t_id="428" sentence="7" number="0">台</token>
  <token t_id="429" sentence="7" number="1">湾</token>
  <token t_id="430" sentence="7" number="2">有</token>
  <token t_id="431" sentence="7" number="3">关</token>
  <token t_id="432" sentence="7" number="4">方</token>
  <token t_id="433" sentence="7" number="5">面</token>
  <token t_id="434" sentence="7" number="6">出</token>
  <token t_id="435" sentence="7" number="7">动</token>
  <token t_id="436" sentence="7" number="8">了</token>
  <token t_id="437" sentence="7" number="9">救</token>
  <token t_id="438" sentence="7" number="10">援</token>
  <token t_id="439" sentence="7" number="11">力</token>
  <token t_id="440" sentence="7" number="12">量</token>
  <token t_id="441" sentence="7" number="13">参</token>
  <token t_id="442" sentence="7" number="14">与</token>
  <token t_id="443" sentence="7" number="15">搜</token>
  <token t_id="444" sentence="7" number="16">寻</token>
  <token t_id="445" sentence="7" number="17">救</token>
  <token t_id="446" sentence="7" number="18">助</token>
  <token t_id="447" sentence="7" number="19">。</token>
  <token t_id="448" sentence="8" number="0">今</token>
  <token t_id="449" sentence="8" number="1">年</token>
  <token t_id="450" sentence="8" number="2">第</token>
  <token t_id="451" sentence="8" number="3">9</token>
  <token t_id="452" sentence="8" number="4">号</token>
  <token t_id="453" sentence="8" number="5">台</token>
  <token t_id="454" sentence="8" number="6">风</token>
  <token t_id="455" sentence="8" number="7">“</token>
  <token t_id="456" sentence="8" number="8">美</token>
  <token t_id="457" sentence="8" number="9">莎</token>
  <token t_id="458" sentence="8" number="10">克</token>
  <token t_id="459" sentence="8" number="11">”</token>
  <token t_id="460" sentence="8" number="12">逐</token>
  <token t_id="461" sentence="8" number="13">渐</token>
  <token t_id="462" sentence="8" number="14">逼</token>
  <token t_id="463" sentence="8" number="15">近</token>
  <token t_id="464" sentence="8" number="16">或</token>
  <token t_id="465" sentence="8" number="17">是</token>
  <token t_id="466" sentence="8" number="18">此</token>
  <token t_id="467" sentence="8" number="19">次</token>
  <token t_id="468" sentence="8" number="20">搜</token>
  <token t_id="469" sentence="8" number="21">寻</token>
  <token t_id="470" sentence="8" number="22">救</token>
  <token t_id="471" sentence="8" number="23">助</token>
  <token t_id="472" sentence="8" number="24">的</token>
  <token t_id="473" sentence="8" number="25">不</token>
  <token t_id="474" sentence="8" number="26">利</token>
  <token t_id="475" sentence="8" number="27">因</token>
  <token t_id="476" sentence="8" number="28">素</token>
  <token t_id="477" sentence="8" number="29">。</token>
  <token t_id="478" sentence="9" number="0">福</token>
  <token t_id="479" sentence="9" number="1">建</token>
  <token t_id="480" sentence="9" number="2">省</token>
  <token t_id="481" sentence="9" number="3">气</token>
  <token t_id="482" sentence="9" number="4">象</token>
  <token t_id="483" sentence="9" number="5">局</token>
  <token t_id="484" sentence="9" number="6">预</token>
  <token t_id="485" sentence="9" number="7">测</token>
  <token t_id="486" sentence="9" number="8">，</token>
  <token t_id="487" sentence="9" number="9">台</token>
  <token t_id="488" sentence="9" number="10">风</token>
  <token t_id="489" sentence="9" number="11">“</token>
  <token t_id="490" sentence="9" number="12">美</token>
  <token t_id="491" sentence="9" number="13">莎</token>
  <token t_id="492" sentence="9" number="14">克</token>
  <token t_id="493" sentence="9" number="15">”</token>
  <token t_id="494" sentence="9" number="16">将</token>
  <token t_id="495" sentence="9" number="17">于</token>
  <token t_id="496" sentence="9" number="18">3</token>
  <token t_id="497" sentence="9" number="19">1</token>
  <token t_id="498" sentence="9" number="20">日</token>
  <token t_id="499" sentence="9" number="21">起</token>
  <token t_id="500" sentence="9" number="22">对</token>
  <token t_id="501" sentence="9" number="23">福</token>
  <token t_id="502" sentence="9" number="24">建</token>
  <token t_id="503" sentence="9" number="25">省</token>
  <token t_id="504" sentence="9" number="26">闽</token>
  <token t_id="505" sentence="9" number="27">外</token>
  <token t_id="506" sentence="9" number="28">渔</token>
  <token t_id="507" sentence="9" number="29">场</token>
  <token t_id="508" sentence="9" number="30">、</token>
  <token t_id="509" sentence="9" number="31">闽</token>
  <token t_id="510" sentence="9" number="32">东</token>
  <token t_id="511" sentence="9" number="33">渔</token>
  <token t_id="512" sentence="9" number="34">场</token>
  <token t_id="513" sentence="9" number="35">中</token>
  <token t_id="514" sentence="9" number="36">东</token>
  <token t_id="515" sentence="9" number="37">部</token>
  <token t_id="516" sentence="9" number="38">和</token>
  <token t_id="517" sentence="9" number="39">钓</token>
  <token t_id="518" sentence="9" number="40">鱼</token>
  <token t_id="519" sentence="9" number="41">岛</token>
  <token t_id="520" sentence="9" number="42">海</token>
  <token t_id="521" sentence="9" number="43">域</token>
  <token t_id="522" sentence="9" number="44">带</token>
  <token t_id="523" sentence="9" number="45">来</token>
  <token t_id="524" sentence="9" number="46">明</token>
  <token t_id="525" sentence="9" number="47">显</token>
  <token t_id="526" sentence="9" number="48">风</token>
  <token t_id="527" sentence="9" number="49">浪</token>
  <token t_id="528" sentence="9" number="50">影</token>
  <token t_id="529" sentence="9" number="51">响</token>
  <token t_id="530" sentence="9" number="52">。</token>
  <token t_id="531" sentence="10" number="0">目</token>
  <token t_id="532" sentence="10" number="1">前</token>
  <token t_id="533" sentence="10" number="2">，</token>
  <token t_id="534" sentence="10" number="3">福</token>
  <token t_id="535" sentence="10" number="4">建</token>
  <token t_id="536" sentence="10" number="5">已</token>
  <token t_id="537" sentence="10" number="6">启</token>
  <token t_id="538" sentence="10" number="7">动</token>
  <token t_id="539" sentence="10" number="8">了</token>
  <token t_id="540" sentence="10" number="9">防</token>
  <token t_id="541" sentence="10" number="10">台</token>
  <token t_id="542" sentence="10" number="11">风</token>
  <token t_id="543" sentence="10" number="12">Ⅳ</token>
  <token t_id="544" sentence="10" number="13">级</token>
  <token t_id="545" sentence="10" number="14">应</token>
  <token t_id="546" sentence="10" number="15">急</token>
  <token t_id="547" sentence="10" number="16">响</token>
  <token t_id="548" sentence="10" number="17">应</token>
  <Markables>
    <ACTION m_id="48790" comment="">
      <token_anchor t_id="55" />
      <token_anchor t_id="56" />
    </ACTION>
    <ACTION m_id="48791" comment="">
      <token_anchor t_id="64" />
      <token_anchor t_id="65" />
    </ACTION>
    <ACTION m_id="48792" comment="">
      <token_anchor t_id="88" />
      <token_anchor t_id="89" />
    </ACTION>
    <ACTION m_id="48793" comment="">
      <token_anchor t_id="98" />
      <token_anchor t_id="99" />
    </ACTION>
    <ACTION m_id="48794" comment="">
      <token_anchor t_id="114" />
      <token_anchor t_id="115" />
    </ACTION>
    <ACTION m_id="48796" comment="">
      <token_anchor t_id="161" />
      <token_anchor t_id="162" />
    </ACTION>
    <ACTION m_id="48799" comment="">
      <token_anchor t_id="194" />
      <token_anchor t_id="195" />
    </ACTION>
    <ACTION m_id="48801" comment="">
      <token_anchor t_id="221" />
      <token_anchor t_id="222" />
    </ACTION>
    <ACTION m_id="48802" comment="">
      <token_anchor t_id="227" />
      <token_anchor t_id="228" />
    </ACTION>
    <ACTION m_id="48803" comment="">
      <token_anchor t_id="293" />
      <token_anchor t_id="294" />
    </ACTION>
    <ACTION m_id="48804" comment="">
      <token_anchor t_id="328" />
      <token_anchor t_id="329" />
    </ACTION>
    <ACTION m_id="48805" comment="">
      <token_anchor t_id="335" />
      <token_anchor t_id="336" />
    </ACTION>
    <ACTION m_id="48806" comment="">
      <token_anchor t_id="346" />
      <token_anchor t_id="347" />
    </ACTION>
    <ACTION m_id="48807" comment="">
      <token_anchor t_id="364" />
      <token_anchor t_id="365" />
    </ACTION>
    <ACTION m_id="48808" comment="">
      <token_anchor t_id="393" />
      <token_anchor t_id="394" />
    </ACTION>
    <ACTION m_id="48810" comment="">
      <token_anchor t_id="434" />
      <token_anchor t_id="435" />
    </ACTION>
    <ACTION m_id="48811" comment="">
      <token_anchor t_id="441" />
      <token_anchor t_id="442" />
    </ACTION>
    <ACTION m_id="48814" comment="">
      <token_anchor t_id="537" />
      <token_anchor t_id="538" />
    </ACTION>
    <ACTION m_id="59788" comment="">
      <token_anchor t_id="135" />
      <token_anchor t_id="136" />
    </ACTION>
    <ACTION m_id="59789" comment="">
      <token_anchor t_id="208" />
      <token_anchor t_id="209" />
    </ACTION>
    <ACTION m_id="59790" comment="">
      <token_anchor t_id="522" />
      <token_anchor t_id="523" />
    </ACTION>
  </Markables>
  <Relations>
    <PLOT_LINK r_id="6322" SIGNAL="" relType="causation" CAUSES="FALSE" CAUSED_BY="FALSE">
      <source m_id="48790" />
      <target m_id="48791" />
    </PLOT_LINK>
    <PLOT_LINK r_id="6323" SIGNAL="" relType="causation" CAUSES="FALSE" CAUSED_BY="FALSE">
      <source m_id="48790" />
      <target m_id="48793" />
    </PLOT_LINK>
  </Relations>
</Document>