<?xml version="1.0" encoding="UTF-8"?>
<Document doc_name="3811_ecbplus.xml.xml">
  <token t_id="1" sentence="0" number="0">7</token>
  <token t_id="2" sentence="0" number="1">月</token>
  <token t_id="3" sentence="0" number="2">2</token>
  <token t_id="4" sentence="0" number="3">日</token>
  <token t_id="5" sentence="0" number="4">1</token>
  <token t_id="6" sentence="0" number="5">5</token>
  <token t_id="7" sentence="0" number="6">时</token>
  <token t_id="8" sentence="0" number="7">5</token>
  <token t_id="9" sentence="0" number="8">8</token>
  <token t_id="10" sentence="0" number="9">分</token>
  <token t_id="11" sentence="0" number="10">，</token>
  <token t_id="12" sentence="0" number="11">江</token>
  <token t_id="13" sentence="0" number="12">苏</token>
  <token t_id="14" sentence="0" number="13">太</token>
  <token t_id="15" sentence="0" number="14">仓</token>
  <token t_id="16" sentence="0" number="15">海</token>
  <token t_id="17" sentence="0" number="16">事</token>
  <token t_id="18" sentence="0" number="17">局</token>
  <token t_id="19" sentence="0" number="18">接</token>
  <token t_id="20" sentence="0" number="19">到</token>
  <token t_id="21" sentence="0" number="20">报</token>
  <token t_id="22" sentence="0" number="21">警</token>
  <token t_id="23" sentence="0" number="22">，</token>
  <token t_id="24" sentence="0" number="23">一</token>
  <token t_id="25" sentence="0" number="24">艘</token>
  <token t_id="26" sentence="0" number="25">“</token>
  <token t_id="27" sentence="0" number="26">鲁</token>
  <token t_id="28" sentence="0" number="27">济</token>
  <token t_id="29" sentence="0" number="28">宁</token>
  <token t_id="30" sentence="0" number="29">货</token>
  <token t_id="31" sentence="0" number="30">0</token>
  <token t_id="32" sentence="0" number="31">8</token>
  <token t_id="33" sentence="0" number="32">1</token>
  <token t_id="34" sentence="0" number="33">7</token>
  <token t_id="35" sentence="0" number="34">”</token>
  <token t_id="36" sentence="0" number="35">货</token>
  <token t_id="37" sentence="0" number="36">船</token>
  <token t_id="38" sentence="0" number="37">在</token>
  <token t_id="39" sentence="0" number="38">长</token>
  <token t_id="40" sentence="0" number="39">江</token>
  <token t_id="41" sentence="0" number="40">中</token>
  <token t_id="42" sentence="0" number="41">遇</token>
  <token t_id="43" sentence="0" number="42">险</token>
  <token t_id="44" sentence="0" number="43">沉</token>
  <token t_id="45" sentence="0" number="44">没</token>
  <token t_id="46" sentence="0" number="45">，</token>
  <token t_id="47" sentence="0" number="46">船</token>
  <token t_id="48" sentence="0" number="47">上</token>
  <token t_id="49" sentence="0" number="48">2</token>
  <token t_id="50" sentence="0" number="49">名</token>
  <token t_id="51" sentence="0" number="50">船</token>
  <token t_id="52" sentence="0" number="51">员</token>
  <token t_id="53" sentence="0" number="52">落</token>
  <token t_id="54" sentence="0" number="53">水</token>
  <token t_id="55" sentence="0" number="54">，</token>
  <token t_id="56" sentence="0" number="55">随</token>
  <token t_id="57" sentence="0" number="56">时</token>
  <token t_id="58" sentence="0" number="57">有</token>
  <token t_id="59" sentence="0" number="58">生</token>
  <token t_id="60" sentence="0" number="59">命</token>
  <token t_id="61" sentence="0" number="60">危</token>
  <token t_id="62" sentence="0" number="61">险</token>
  <token t_id="63" sentence="0" number="62">。</token>
  <token t_id="64" sentence="1" number="0">接</token>
  <token t_id="65" sentence="1" number="1">警</token>
  <token t_id="66" sentence="1" number="2">后</token>
  <token t_id="67" sentence="1" number="3">，</token>
  <token t_id="68" sentence="1" number="4">太</token>
  <token t_id="69" sentence="1" number="5">仓</token>
  <token t_id="70" sentence="1" number="6">海</token>
  <token t_id="71" sentence="1" number="7">事</token>
  <token t_id="72" sentence="1" number="8">局</token>
  <token t_id="73" sentence="1" number="9">立</token>
  <token t_id="74" sentence="1" number="10">即</token>
  <token t_id="75" sentence="1" number="11">调</token>
  <token t_id="76" sentence="1" number="12">派</token>
  <token t_id="77" sentence="1" number="13">4</token>
  <token t_id="78" sentence="1" number="14">艘</token>
  <token t_id="79" sentence="1" number="15">执</token>
  <token t_id="80" sentence="1" number="16">法</token>
  <token t_id="81" sentence="1" number="17">船</token>
  <token t_id="82" sentence="1" number="18">赶</token>
  <token t_id="83" sentence="1" number="19">赴</token>
  <token t_id="84" sentence="1" number="20">现</token>
  <token t_id="85" sentence="1" number="21">场</token>
  <token t_id="86" sentence="1" number="22">。</token>
  <token t_id="87" sentence="2" number="0">当</token>
  <token t_id="88" sentence="2" number="1">时</token>
  <token t_id="89" sentence="2" number="2">，</token>
  <token t_id="90" sentence="2" number="3">长</token>
  <token t_id="91" sentence="2" number="4">江</token>
  <token t_id="92" sentence="2" number="5">太</token>
  <token t_id="93" sentence="2" number="6">仓</token>
  <token t_id="94" sentence="2" number="7">段</token>
  <token t_id="95" sentence="2" number="8">东</token>
  <token t_id="96" sentence="2" number="9">南</token>
  <token t_id="97" sentence="2" number="10">风</token>
  <token t_id="98" sentence="2" number="11">4</token>
  <token t_id="99" sentence="2" number="12">~</token>
  <token t_id="100" sentence="2" number="13">5</token>
  <token t_id="101" sentence="2" number="14">级</token>
  <token t_id="102" sentence="2" number="15">，</token>
  <token t_id="103" sentence="2" number="16">江</token>
  <token t_id="104" sentence="2" number="17">面</token>
  <token t_id="105" sentence="2" number="18">上</token>
  <token t_id="106" sentence="2" number="19">风</token>
  <token t_id="107" sentence="2" number="20">大</token>
  <token t_id="108" sentence="2" number="21">浪</token>
  <token t_id="109" sentence="2" number="22">涌</token>
  <token t_id="110" sentence="2" number="23">。</token>
  <token t_id="111" sentence="3" number="0">海</token>
  <token t_id="112" sentence="3" number="1">事</token>
  <token t_id="113" sentence="3" number="2">艇</token>
  <token t_id="114" sentence="3" number="3">靠</token>
  <token t_id="115" sentence="3" number="4">近</token>
  <token t_id="116" sentence="3" number="5">落</token>
  <token t_id="117" sentence="3" number="6">水</token>
  <token t_id="118" sentence="3" number="7">人</token>
  <token t_id="119" sentence="3" number="8">员</token>
  <token t_id="120" sentence="3" number="9">十</token>
  <token t_id="121" sentence="3" number="10">分</token>
  <token t_id="122" sentence="3" number="11">困</token>
  <token t_id="123" sentence="3" number="12">难</token>
  <token t_id="124" sentence="3" number="13">，</token>
  <token t_id="125" sentence="3" number="14">在</token>
  <token t_id="126" sentence="3" number="15">江</token>
  <token t_id="127" sentence="3" number="16">面</token>
  <token t_id="128" sentence="3" number="17">与</token>
  <token t_id="129" sentence="3" number="18">风</token>
  <token t_id="130" sentence="3" number="19">浪</token>
  <token t_id="131" sentence="3" number="20">搏</token>
  <token t_id="132" sentence="3" number="21">斗</token>
  <token t_id="133" sentence="3" number="22">十</token>
  <token t_id="134" sentence="3" number="23">分</token>
  <token t_id="135" sentence="3" number="24">钟</token>
  <token t_id="136" sentence="3" number="25">后</token>
  <token t_id="137" sentence="3" number="26">，</token>
  <token t_id="138" sentence="3" number="27">在</token>
  <token t_id="139" sentence="3" number="28">1</token>
  <token t_id="140" sentence="3" number="29">6</token>
  <token t_id="141" sentence="3" number="30">时</token>
  <token t_id="142" sentence="3" number="31">1</token>
  <token t_id="143" sentence="3" number="32">1</token>
  <token t_id="144" sentence="3" number="33">分</token>
  <token t_id="145" sentence="3" number="34">，</token>
  <token t_id="146" sentence="3" number="35">终</token>
  <token t_id="147" sentence="3" number="36">于</token>
  <token t_id="148" sentence="3" number="37">将</token>
  <token t_id="149" sentence="3" number="38">2</token>
  <token t_id="150" sentence="3" number="39">名</token>
  <token t_id="151" sentence="3" number="40">落</token>
  <token t_id="152" sentence="3" number="41">水</token>
  <token t_id="153" sentence="3" number="42">人</token>
  <token t_id="154" sentence="3" number="43">员</token>
  <token t_id="155" sentence="3" number="44">成</token>
  <token t_id="156" sentence="3" number="45">功</token>
  <token t_id="157" sentence="3" number="46">救</token>
  <token t_id="158" sentence="3" number="47">起</token>
  <token t_id="159" sentence="3" number="48">。</token>
  <token t_id="160" sentence="4" number="0">据</token>
  <token t_id="161" sentence="4" number="1">悉</token>
  <token t_id="162" sentence="4" number="2">，</token>
  <token t_id="163" sentence="4" number="3">“</token>
  <token t_id="164" sentence="4" number="4">鲁</token>
  <token t_id="165" sentence="4" number="5">济</token>
  <token t_id="166" sentence="4" number="6">宁</token>
  <token t_id="167" sentence="4" number="7">货</token>
  <token t_id="168" sentence="4" number="8">0</token>
  <token t_id="169" sentence="4" number="9">8</token>
  <token t_id="170" sentence="4" number="10">1</token>
  <token t_id="171" sentence="4" number="11">7</token>
  <token t_id="172" sentence="4" number="12">”</token>
  <token t_id="173" sentence="4" number="13">轮</token>
  <token t_id="174" sentence="4" number="14">是</token>
  <token t_id="175" sentence="4" number="15">普</token>
  <token t_id="176" sentence="4" number="16">通</token>
  <token t_id="177" sentence="4" number="17">干</token>
  <token t_id="178" sentence="4" number="18">货</token>
  <token t_id="179" sentence="4" number="19">船</token>
  <token t_id="180" sentence="4" number="20">，</token>
  <token t_id="181" sentence="4" number="21">船</token>
  <token t_id="182" sentence="4" number="22">长</token>
  <token t_id="183" sentence="4" number="23">4</token>
  <token t_id="184" sentence="4" number="24">5</token>
  <token t_id="185" sentence="4" number="25">.</token>
  <token t_id="186" sentence="4" number="26">9</token>
  <token t_id="187" sentence="4" number="27">米</token>
  <token t_id="188" sentence="4" number="28">，</token>
  <token t_id="189" sentence="4" number="29">在</token>
  <token t_id="190" sentence="4" number="30">船</token>
  <token t_id="191" sentence="4" number="31">人</token>
  <token t_id="192" sentence="4" number="32">员</token>
  <token t_id="193" sentence="4" number="33">2</token>
  <token t_id="194" sentence="4" number="34">名</token>
  <token t_id="195" sentence="4" number="35">，</token>
  <token t_id="196" sentence="4" number="36">载</token>
  <token t_id="197" sentence="4" number="37">运</token>
  <token t_id="198" sentence="4" number="38">工</token>
  <token t_id="199" sentence="4" number="39">程</token>
  <token t_id="200" sentence="4" number="40">土</token>
  <token t_id="201" sentence="4" number="41">方</token>
  <token t_id="202" sentence="4" number="42">，</token>
  <token t_id="203" sentence="4" number="43">本</token>
  <token t_id="204" sentence="4" number="44">航</token>
  <token t_id="205" sentence="4" number="45">次</token>
  <token t_id="206" sentence="4" number="46">由</token>
  <token t_id="207" sentence="4" number="47">上</token>
  <token t_id="208" sentence="4" number="48">海</token>
  <token t_id="209" sentence="4" number="49">到</token>
  <token t_id="210" sentence="4" number="50">南</token>
  <token t_id="211" sentence="4" number="51">通</token>
  <token t_id="212" sentence="4" number="52">。</token>
  <token t_id="213" sentence="5" number="0">目</token>
  <token t_id="214" sentence="5" number="1">前</token>
  <token t_id="215" sentence="5" number="2">，</token>
  <token t_id="216" sentence="5" number="3">事</token>
  <token t_id="217" sentence="5" number="4">故</token>
  <token t_id="218" sentence="5" number="5">原</token>
  <token t_id="219" sentence="5" number="6">因</token>
  <token t_id="220" sentence="5" number="7">进</token>
  <token t_id="221" sentence="5" number="8">一</token>
  <token t_id="222" sentence="5" number="9">步</token>
  <token t_id="223" sentence="5" number="10">调</token>
  <token t_id="224" sentence="5" number="11">查</token>
  <token t_id="225" sentence="5" number="12">之</token>
  <token t_id="226" sentence="5" number="13">中</token>
  <Markables>
    <ACTION m_id="48876" comment="">
      <token_anchor t_id="19" />
      <token_anchor t_id="20" />
    </ACTION>
    <ACTION m_id="48877" comment="">
      <token_anchor t_id="44" />
      <token_anchor t_id="45" />
    </ACTION>
    <ACTION m_id="48878" comment="">
      <token_anchor t_id="53" />
      <token_anchor t_id="54" />
    </ACTION>
    <ACTION m_id="48879" comment="">
      <token_anchor t_id="64" />
      <token_anchor t_id="65" />
    </ACTION>
    <ACTION m_id="48880" comment="">
      <token_anchor t_id="75" />
      <token_anchor t_id="76" />
    </ACTION>
    <ACTION m_id="48883" comment="">
      <token_anchor t_id="131" />
      <token_anchor t_id="132" />
    </ACTION>
    <ACTION m_id="48884" comment="">
      <token_anchor t_id="157" />
      <token_anchor t_id="158" />
    </ACTION>
    <ACTION m_id="48885" comment="">
      <token_anchor t_id="160" />
      <token_anchor t_id="161" />
    </ACTION>
    <ACTION m_id="48886" comment="">
      <token_anchor t_id="196" />
      <token_anchor t_id="197" />
    </ACTION>
    <ACTION m_id="48887" comment="">
      <token_anchor t_id="223" />
      <token_anchor t_id="224" />
    </ACTION>
  </Markables>
  <Relations>
    <PLOT_LINK r_id="6329" SIGNAL="" relType="causation" CAUSES="FALSE" CAUSED_BY="FALSE">
      <source m_id="48877" />
      <target m_id="48878" />
    </PLOT_LINK>
    <PLOT_LINK r_id="6330" SIGNAL="" relType="causation" CAUSES="FALSE" CAUSED_BY="FALSE">
      <source m_id="48879" />
      <target m_id="48880" />
    </PLOT_LINK>
  </Relations>
</Document>