<?xml version="1.0" encoding="UTF-8"?>
<Document doc_name="3817_ecbplus.xml.xml">
  <token t_id="1" sentence="0" number="0">东</token>
  <token t_id="2" sentence="0" number="1">京</token>
  <token t_id="3" sentence="0" number="2">3</token>
  <token t_id="4" sentence="0" number="3">月</token>
  <token t_id="5" sentence="0" number="4">1</token>
  <token t_id="6" sentence="0" number="5">日</token>
  <token t_id="7" sentence="0" number="6">电</token>
  <token t_id="8" sentence="0" number="7"> </token>
  <token t_id="9" sentence="0" number="8">据</token>
  <token t_id="10" sentence="0" number="9">中</token>
  <token t_id="11" sentence="0" number="10">国</token>
  <token t_id="12" sentence="0" number="11">驻</token>
  <token t_id="13" sentence="0" number="12">札</token>
  <token t_id="14" sentence="0" number="13">幌</token>
  <token t_id="15" sentence="0" number="14">总</token>
  <token t_id="16" sentence="0" number="15">领</token>
  <token t_id="17" sentence="0" number="16">事</token>
  <token t_id="18" sentence="0" number="17">馆</token>
  <token t_id="19" sentence="0" number="18">消</token>
  <token t_id="20" sentence="0" number="19">息</token>
  <token t_id="21" sentence="0" number="20">，</token>
  <token t_id="22" sentence="0" number="21">伯</token>
  <token t_id="23" sentence="0" number="22">利</token>
  <token t_id="24" sentence="0" number="23">兹</token>
  <token t_id="25" sentence="0" number="24">籍</token>
  <token t_id="26" sentence="0" number="25">货</token>
  <token t_id="27" sentence="0" number="26">船</token>
  <token t_id="28" sentence="0" number="27">“</token>
  <token t_id="29" sentence="0" number="28">国</token>
  <token t_id="30" sentence="0" number="29">兴</token>
  <token t_id="31" sentence="0" number="30">1</token>
  <token t_id="32" sentence="0" number="31">”</token>
  <token t_id="33" sentence="0" number="32">号</token>
  <token t_id="34" sentence="0" number="33">2</token>
  <token t_id="35" sentence="0" number="34">月</token>
  <token t_id="36" sentence="0" number="35">2</token>
  <token t_id="37" sentence="0" number="36">9</token>
  <token t_id="38" sentence="0" number="37">日</token>
  <token t_id="39" sentence="0" number="38">晚</token>
  <token t_id="40" sentence="0" number="39">在</token>
  <token t_id="41" sentence="0" number="40">日</token>
  <token t_id="42" sentence="0" number="41">本</token>
  <token t_id="43" sentence="0" number="42">海</token>
  <token t_id="44" sentence="0" number="43">域</token>
  <token t_id="45" sentence="0" number="44">沉</token>
  <token t_id="46" sentence="0" number="45">没</token>
  <token t_id="47" sentence="0" number="46">，</token>
  <token t_id="48" sentence="0" number="47">1</token>
  <token t_id="49" sentence="0" number="48">3</token>
  <token t_id="50" sentence="0" number="49">人</token>
  <token t_id="51" sentence="0" number="50">失</token>
  <token t_id="52" sentence="0" number="51">踪</token>
  <token t_id="53" sentence="0" number="52">，</token>
  <token t_id="54" sentence="0" number="53">其</token>
  <token t_id="55" sentence="0" number="54">中</token>
  <token t_id="56" sentence="0" number="55">7</token>
  <token t_id="57" sentence="0" number="56">人</token>
  <token t_id="58" sentence="0" number="57">为</token>
  <token t_id="59" sentence="0" number="58">中</token>
  <token t_id="60" sentence="0" number="59">国</token>
  <token t_id="61" sentence="0" number="60">籍</token>
  <token t_id="62" sentence="0" number="61">船</token>
  <token t_id="63" sentence="0" number="62">员</token>
  <token t_id="64" sentence="0" number="63">。</token>
  <token t_id="65" sentence="1" number="0">2</token>
  <token t_id="66" sentence="1" number="1">月</token>
  <token t_id="67" sentence="1" number="2">2</token>
  <token t_id="68" sentence="1" number="3">9</token>
  <token t_id="69" sentence="1" number="4">日</token>
  <token t_id="70" sentence="1" number="5">2</token>
  <token t_id="71" sentence="1" number="6">2</token>
  <token t_id="72" sentence="1" number="7">时</token>
  <token t_id="73" sentence="1" number="8">1</token>
  <token t_id="74" sentence="1" number="9">7</token>
  <token t_id="75" sentence="1" number="10">分</token>
  <token t_id="76" sentence="1" number="11">，</token>
  <token t_id="77" sentence="1" number="12">“</token>
  <token t_id="78" sentence="1" number="13">国</token>
  <token t_id="79" sentence="1" number="14">兴</token>
  <token t_id="80" sentence="1" number="15">1</token>
  <token t_id="81" sentence="1" number="16">”</token>
  <token t_id="82" sentence="1" number="17">号</token>
  <token t_id="83" sentence="1" number="18">向</token>
  <token t_id="84" sentence="1" number="19">日</token>
  <token t_id="85" sentence="1" number="20">方</token>
  <token t_id="86" sentence="1" number="21">通</token>
  <token t_id="87" sentence="1" number="22">报</token>
  <token t_id="88" sentence="1" number="23">，</token>
  <token t_id="89" sentence="1" number="24">其</token>
  <token t_id="90" sentence="1" number="25">在</token>
  <token t_id="91" sentence="1" number="26">日</token>
  <token t_id="92" sentence="1" number="27">本</token>
  <token t_id="93" sentence="1" number="28">青</token>
  <token t_id="94" sentence="1" number="29">森</token>
  <token t_id="95" sentence="1" number="30">县</token>
  <token t_id="96" sentence="1" number="31">六</token>
  <token t_id="97" sentence="1" number="32">所</token>
  <token t_id="98" sentence="1" number="33">村</token>
  <token t_id="99" sentence="1" number="34">的</token>
  <token t_id="100" sentence="1" number="35">泊</token>
  <token t_id="101" sentence="1" number="36">渔</token>
  <token t_id="102" sentence="1" number="37">港</token>
  <token t_id="103" sentence="1" number="38">以</token>
  <token t_id="104" sentence="1" number="39">东</token>
  <token t_id="105" sentence="1" number="40">约</token>
  <token t_id="106" sentence="1" number="41">1</token>
  <token t_id="107" sentence="1" number="42">2</token>
  <token t_id="108" sentence="1" number="43">公</token>
  <token t_id="109" sentence="1" number="44">里</token>
  <token t_id="110" sentence="1" number="45">海</token>
  <token t_id="111" sentence="1" number="46">域</token>
  <token t_id="112" sentence="1" number="47">与</token>
  <token t_id="113" sentence="1" number="48">日</token>
  <token t_id="114" sentence="1" number="49">本</token>
  <token t_id="115" sentence="1" number="50">籍</token>
  <token t_id="116" sentence="1" number="51">渔</token>
  <token t_id="117" sentence="1" number="52">船</token>
  <token t_id="118" sentence="1" number="53">“</token>
  <token t_id="119" sentence="1" number="54">第</token>
  <token t_id="120" sentence="1" number="55">八</token>
  <token t_id="121" sentence="1" number="56">富</token>
  <token t_id="122" sentence="1" number="57">丸</token>
  <token t_id="123" sentence="1" number="58">”</token>
  <token t_id="124" sentence="1" number="59">号</token>
  <token t_id="125" sentence="1" number="60">发</token>
  <token t_id="126" sentence="1" number="61">生</token>
  <token t_id="127" sentence="1" number="62">碰</token>
  <token t_id="128" sentence="1" number="63">撞</token>
  <token t_id="129" sentence="1" number="64">，</token>
  <token t_id="130" sentence="1" number="65">船</token>
  <token t_id="131" sentence="1" number="66">体</token>
  <token t_id="132" sentence="1" number="67">进</token>
  <token t_id="133" sentence="1" number="68">水</token>
  <token t_id="134" sentence="1" number="69">。</token>
  <token t_id="135" sentence="2" number="0">“</token>
  <token t_id="136" sentence="2" number="1">国</token>
  <token t_id="137" sentence="2" number="2">兴</token>
  <token t_id="138" sentence="2" number="3">1</token>
  <token t_id="139" sentence="2" number="4">”</token>
  <token t_id="140" sentence="2" number="5">号</token>
  <token t_id="141" sentence="2" number="6">于</token>
  <token t_id="142" sentence="2" number="7">2</token>
  <token t_id="143" sentence="2" number="8">2</token>
  <token t_id="144" sentence="2" number="9">时</token>
  <token t_id="145" sentence="2" number="10">3</token>
  <token t_id="146" sentence="2" number="11">5</token>
  <token t_id="147" sentence="2" number="12">分</token>
  <token t_id="148" sentence="2" number="13">沉</token>
  <token t_id="149" sentence="2" number="14">没</token>
  <token t_id="150" sentence="2" number="15">，</token>
  <token t_id="151" sentence="2" number="16">1</token>
  <token t_id="152" sentence="2" number="17">4</token>
  <token t_id="153" sentence="2" number="18">名</token>
  <token t_id="154" sentence="2" number="19">船</token>
  <token t_id="155" sentence="2" number="20">员</token>
  <token t_id="156" sentence="2" number="21">1</token>
  <token t_id="157" sentence="2" number="22">人</token>
  <token t_id="158" sentence="2" number="23">获</token>
  <token t_id="159" sentence="2" number="24">救</token>
  <token t_id="160" sentence="2" number="25">，</token>
  <token t_id="161" sentence="2" number="26">1</token>
  <token t_id="162" sentence="2" number="27">3</token>
  <token t_id="163" sentence="2" number="28">人</token>
  <token t_id="164" sentence="2" number="29">失</token>
  <token t_id="165" sentence="2" number="30">踪</token>
  <token t_id="166" sentence="2" number="31">，</token>
  <token t_id="167" sentence="2" number="32">其</token>
  <token t_id="168" sentence="2" number="33">中</token>
  <token t_id="169" sentence="2" number="34">7</token>
  <token t_id="170" sentence="2" number="35">人</token>
  <token t_id="171" sentence="2" number="36">为</token>
  <token t_id="172" sentence="2" number="37">中</token>
  <token t_id="173" sentence="2" number="38">国</token>
  <token t_id="174" sentence="2" number="39">籍</token>
  <token t_id="175" sentence="2" number="40">船</token>
  <token t_id="176" sentence="2" number="41">员</token>
  <token t_id="177" sentence="2" number="42">。</token>
  <token t_id="178" sentence="3" number="0">总</token>
  <token t_id="179" sentence="3" number="1">领</token>
  <token t_id="180" sentence="3" number="2">馆</token>
  <token t_id="181" sentence="3" number="3">第</token>
  <token t_id="182" sentence="3" number="4">一</token>
  <token t_id="183" sentence="3" number="5">时</token>
  <token t_id="184" sentence="3" number="6">间</token>
  <token t_id="185" sentence="3" number="7">启</token>
  <token t_id="186" sentence="3" number="8">动</token>
  <token t_id="187" sentence="3" number="9">应</token>
  <token t_id="188" sentence="3" number="10">急</token>
  <token t_id="189" sentence="3" number="11">响</token>
  <token t_id="190" sentence="3" number="12">应</token>
  <token t_id="191" sentence="3" number="13">机</token>
  <token t_id="192" sentence="3" number="14">制</token>
  <token t_id="193" sentence="3" number="15">，</token>
  <token t_id="194" sentence="3" number="16">与</token>
  <token t_id="195" sentence="3" number="17">日</token>
  <token t_id="196" sentence="3" number="18">方</token>
  <token t_id="197" sentence="3" number="19">相</token>
  <token t_id="198" sentence="3" number="20">关</token>
  <token t_id="199" sentence="3" number="21">部</token>
  <token t_id="200" sentence="3" number="22">门</token>
  <token t_id="201" sentence="3" number="23">建</token>
  <token t_id="202" sentence="3" number="24">立</token>
  <token t_id="203" sentence="3" number="25">联</token>
  <token t_id="204" sentence="3" number="26">系</token>
  <token t_id="205" sentence="3" number="27">、</token>
  <token t_id="206" sentence="3" number="28">获</token>
  <token t_id="207" sentence="3" number="29">取</token>
  <token t_id="208" sentence="3" number="30">信</token>
  <token t_id="209" sentence="3" number="31">息</token>
  <token t_id="210" sentence="3" number="32">，</token>
  <token t_id="211" sentence="3" number="33">要</token>
  <token t_id="212" sentence="3" number="34">求</token>
  <token t_id="213" sentence="3" number="35">日</token>
  <token t_id="214" sentence="3" number="36">海</token>
  <token t_id="215" sentence="3" number="37">上</token>
  <token t_id="216" sentence="3" number="38">保</token>
  <token t_id="217" sentence="3" number="39">安</token>
  <token t_id="218" sentence="3" number="40">厅</token>
  <token t_id="219" sentence="3" number="41">等</token>
  <token t_id="220" sentence="3" number="42">相</token>
  <token t_id="221" sentence="3" number="43">关</token>
  <token t_id="222" sentence="3" number="44">单</token>
  <token t_id="223" sentence="3" number="45">位</token>
  <token t_id="224" sentence="3" number="46">全</token>
  <token t_id="225" sentence="3" number="47">力</token>
  <token t_id="226" sentence="3" number="48">展</token>
  <token t_id="227" sentence="3" number="49">开</token>
  <token t_id="228" sentence="3" number="50">搜</token>
  <token t_id="229" sentence="3" number="51">救</token>
  <token t_id="230" sentence="3" number="52">。</token>
  <token t_id="231" sentence="4" number="0">截</token>
  <token t_id="232" sentence="4" number="1">至</token>
  <token t_id="233" sentence="4" number="2">3</token>
  <token t_id="234" sentence="4" number="3">月</token>
  <token t_id="235" sentence="4" number="4">1</token>
  <token t_id="236" sentence="4" number="5">日</token>
  <token t_id="237" sentence="4" number="6">1</token>
  <token t_id="238" sentence="4" number="7">0</token>
  <token t_id="239" sentence="4" number="8">时</token>
  <token t_id="240" sentence="4" number="9">4</token>
  <token t_id="241" sentence="4" number="10">5</token>
  <token t_id="242" sentence="4" number="11">分</token>
  <token t_id="243" sentence="4" number="12">，</token>
  <token t_id="244" sentence="4" number="13">日</token>
  <token t_id="245" sentence="4" number="14">方</token>
  <token t_id="246" sentence="4" number="15">已</token>
  <token t_id="247" sentence="4" number="16">派</token>
  <token t_id="248" sentence="4" number="17">出</token>
  <token t_id="249" sentence="4" number="18">6</token>
  <token t_id="250" sentence="4" number="19">架</token>
  <token t_id="251" sentence="4" number="20">飞</token>
  <token t_id="252" sentence="4" number="21">机</token>
  <token t_id="253" sentence="4" number="22">、</token>
  <token t_id="254" sentence="4" number="23">6</token>
  <token t_id="255" sentence="4" number="24">艘</token>
  <token t_id="256" sentence="4" number="25">巡</token>
  <token t_id="257" sentence="4" number="26">视</token>
  <token t_id="258" sentence="4" number="27">船</token>
  <token t_id="259" sentence="4" number="28">、</token>
  <token t_id="260" sentence="4" number="29">数</token>
  <token t_id="261" sentence="4" number="30">十</token>
  <token t_id="262" sentence="4" number="31">名</token>
  <token t_id="263" sentence="4" number="32">救</token>
  <token t_id="264" sentence="4" number="33">援</token>
  <token t_id="265" sentence="4" number="34">人</token>
  <token t_id="266" sentence="4" number="35">员</token>
  <token t_id="267" sentence="4" number="36">执</token>
  <token t_id="268" sentence="4" number="37">行</token>
  <token t_id="269" sentence="4" number="38">搜</token>
  <token t_id="270" sentence="4" number="39">救</token>
  <token t_id="271" sentence="4" number="40">任</token>
  <token t_id="272" sentence="4" number="41">务</token>
  <token t_id="273" sentence="4" number="42">。</token>
  <token t_id="274" sentence="5" number="0">目</token>
  <token t_id="275" sentence="5" number="1">前</token>
  <token t_id="276" sentence="5" number="2">在</token>
  <token t_id="277" sentence="5" number="3">事</token>
  <token t_id="278" sentence="5" number="4">发</token>
  <token t_id="279" sentence="5" number="5">海</token>
  <token t_id="280" sentence="5" number="6">域</token>
  <token t_id="281" sentence="5" number="7">发</token>
  <token t_id="282" sentence="5" number="8">现</token>
  <token t_id="283" sentence="5" number="9">一</token>
  <token t_id="284" sentence="5" number="10">些</token>
  <token t_id="285" sentence="5" number="11">漂</token>
  <token t_id="286" sentence="5" number="12">浮</token>
  <token t_id="287" sentence="5" number="13">物</token>
  <token t_id="288" sentence="5" number="14">，</token>
  <token t_id="289" sentence="5" number="15">但</token>
  <token t_id="290" sentence="5" number="16">无</token>
  <token t_id="291" sentence="5" number="17">法</token>
  <token t_id="292" sentence="5" number="18">确</token>
  <token t_id="293" sentence="5" number="19">定</token>
  <token t_id="294" sentence="5" number="20">是</token>
  <token t_id="295" sentence="5" number="21">否</token>
  <token t_id="296" sentence="5" number="22">与</token>
  <token t_id="297" sentence="5" number="23">“</token>
  <token t_id="298" sentence="5" number="24">国</token>
  <token t_id="299" sentence="5" number="25">兴</token>
  <token t_id="300" sentence="5" number="26">1</token>
  <token t_id="301" sentence="5" number="27">”</token>
  <token t_id="302" sentence="5" number="28">号</token>
  <token t_id="303" sentence="5" number="29">有</token>
  <token t_id="304" sentence="5" number="30">关</token>
  <Markables>
    <ACTION m_id="49019" comment="">
      <token_anchor t_id="45" />
      <token_anchor t_id="46" />
    </ACTION>
    <ACTION m_id="49020" comment="">
      <token_anchor t_id="51" />
      <token_anchor t_id="52" />
    </ACTION>
    <ACTION m_id="49021" comment="">
      <token_anchor t_id="86" />
      <token_anchor t_id="87" />
    </ACTION>
    <ACTION m_id="49022" comment="">
      <token_anchor t_id="127" />
      <token_anchor t_id="128" />
    </ACTION>
    <ACTION m_id="49023" comment="">
      <token_anchor t_id="132" />
      <token_anchor t_id="133" />
    </ACTION>
    <ACTION m_id="49024" comment="">
      <token_anchor t_id="148" />
      <token_anchor t_id="149" />
    </ACTION>
    <ACTION m_id="49025" comment="">
      <token_anchor t_id="158" />
      <token_anchor t_id="159" />
    </ACTION>
    <ACTION m_id="49026" comment="">
      <token_anchor t_id="164" />
      <token_anchor t_id="165" />
    </ACTION>
    <ACTION m_id="49027" comment="">
      <token_anchor t_id="185" />
      <token_anchor t_id="186" />
    </ACTION>
    <ACTION m_id="49028" comment="">
      <token_anchor t_id="201" />
      <token_anchor t_id="202" />
    </ACTION>
    <ACTION m_id="49029" comment="">
      <token_anchor t_id="206" />
      <token_anchor t_id="207" />
    </ACTION>
    <ACTION m_id="49030" comment="">
      <token_anchor t_id="228" />
      <token_anchor t_id="229" />
    </ACTION>
    <ACTION m_id="49031" comment="">
      <token_anchor t_id="247" />
      <token_anchor t_id="248" />
    </ACTION>
    <ACTION m_id="49033" comment="">
      <token_anchor t_id="281" />
      <token_anchor t_id="282" />
    </ACTION>
    <ACTION m_id="59801" comment="">
      <token_anchor t_id="267" />
      <token_anchor t_id="268" />
    </ACTION>
  </Markables>
  <Relations>
    <PLOT_LINK r_id="6350" SIGNAL="" relType="causation" CAUSES="FALSE" CAUSED_BY="FALSE">
      <source m_id="49019" />
      <target m_id="49020" />
    </PLOT_LINK>
    <PLOT_LINK r_id="6351" SIGNAL="" relType="causation" CAUSES="FALSE" CAUSED_BY="FALSE">
      <source m_id="49022" />
      <target m_id="49023" />
    </PLOT_LINK>
    <PLOT_LINK r_id="6352" SIGNAL="" relType="causation" CAUSES="FALSE" CAUSED_BY="FALSE">
      <source m_id="49024" />
      <target m_id="49026" />
    </PLOT_LINK>
  </Relations>
</Document>