<?xml version="1.0" encoding="UTF-8"?>
<Document doc_name="3822_ecbplus.xml.xml">
  <token t_id="1" sentence="0" number="0">宁</token>
  <token t_id="2" sentence="0" number="1">波</token>
  <token t_id="3" sentence="0" number="2">1</token>
  <token t_id="4" sentence="0" number="3">2</token>
  <token t_id="5" sentence="0" number="4">月</token>
  <token t_id="6" sentence="0" number="5">1</token>
  <token t_id="7" sentence="0" number="6">7</token>
  <token t_id="8" sentence="0" number="7">日</token>
  <token t_id="9" sentence="0" number="8">电</token>
  <token t_id="10" sentence="0" number="9">(</token>
  <token t_id="11" sentence="0" number="10">记</token>
  <token t_id="12" sentence="0" number="11">者</token>
  <token t_id="13" sentence="0" number="12"> </token>
  <token t_id="14" sentence="0" number="13">林</token>
  <token t_id="15" sentence="0" number="14">波</token>
  <token t_id="16" sentence="0" number="15"> </token>
  <token t_id="17" sentence="0" number="16">通</token>
  <token t_id="18" sentence="0" number="17">讯</token>
  <token t_id="19" sentence="0" number="18">员</token>
  <token t_id="20" sentence="0" number="19"> </token>
  <token t_id="21" sentence="0" number="20">王</token>
  <token t_id="22" sentence="0" number="21">昱</token>
  <token t_id="23" sentence="0" number="22">飞</token>
  <token t_id="24" sentence="0" number="23"> </token>
  <token t_id="25" sentence="0" number="24">郑</token>
  <token t_id="26" sentence="0" number="25">霞</token>
  <token t_id="27" sentence="0" number="26">)</token>
  <token t_id="28" sentence="0" number="27">1</token>
  <token t_id="29" sentence="0" number="28">2</token>
  <token t_id="30" sentence="0" number="29">月</token>
  <token t_id="31" sentence="0" number="30">1</token>
  <token t_id="32" sentence="0" number="31">7</token>
  <token t_id="33" sentence="0" number="32">日</token>
  <token t_id="34" sentence="0" number="33">，</token>
  <token t_id="35" sentence="0" number="34">记</token>
  <token t_id="36" sentence="0" number="35">者</token>
  <token t_id="37" sentence="0" number="36">最</token>
  <token t_id="38" sentence="0" number="37">新</token>
  <token t_id="39" sentence="0" number="38">从</token>
  <token t_id="40" sentence="0" number="39">浙</token>
  <token t_id="41" sentence="0" number="40">江</token>
  <token t_id="42" sentence="0" number="41">宁</token>
  <token t_id="43" sentence="0" number="42">波</token>
  <token t_id="44" sentence="0" number="43">海</token>
  <token t_id="45" sentence="0" number="44">事</token>
  <token t_id="46" sentence="0" number="45">局</token>
  <token t_id="47" sentence="0" number="46">获</token>
  <token t_id="48" sentence="0" number="47">悉</token>
  <token t_id="49" sentence="0" number="48">，</token>
  <token t_id="50" sentence="0" number="49">一</token>
  <token t_id="51" sentence="0" number="50">船</token>
  <token t_id="52" sentence="0" number="51">舶</token>
  <token t_id="53" sentence="0" number="52">在</token>
  <token t_id="54" sentence="0" number="53">宁</token>
  <token t_id="55" sentence="0" number="54">波</token>
  <token t_id="56" sentence="0" number="55">象</token>
  <token t_id="57" sentence="0" number="56">山</token>
  <token t_id="58" sentence="0" number="57">海</token>
  <token t_id="59" sentence="0" number="58">域</token>
  <token t_id="60" sentence="0" number="59">沉</token>
  <token t_id="61" sentence="0" number="60">没</token>
  <token t_id="62" sentence="0" number="61">，</token>
  <token t_id="63" sentence="0" number="62">该</token>
  <token t_id="64" sentence="0" number="63">局</token>
  <token t_id="65" sentence="0" number="64">成</token>
  <token t_id="66" sentence="0" number="65">功</token>
  <token t_id="67" sentence="0" number="66">救</token>
  <token t_id="68" sentence="0" number="67">助</token>
  <token t_id="69" sentence="0" number="68">4</token>
  <token t_id="70" sentence="0" number="69">名</token>
  <token t_id="71" sentence="0" number="70">沉</token>
  <token t_id="72" sentence="0" number="71">船</token>
  <token t_id="73" sentence="0" number="72">遇</token>
  <token t_id="74" sentence="0" number="73">险</token>
  <token t_id="75" sentence="0" number="74">船</token>
  <token t_id="76" sentence="0" number="75">员</token>
  <token t_id="77" sentence="0" number="76">。</token>
  <token t_id="78" sentence="1" number="0">1</token>
  <token t_id="79" sentence="1" number="1">2</token>
  <token t_id="80" sentence="1" number="2">月</token>
  <token t_id="81" sentence="1" number="3">1</token>
  <token t_id="82" sentence="1" number="4">7</token>
  <token t_id="83" sentence="1" number="5">日</token>
  <token t_id="84" sentence="1" number="6">7</token>
  <token t_id="85" sentence="1" number="7">时</token>
  <token t_id="86" sentence="1" number="8">2</token>
  <token t_id="87" sentence="1" number="9">0</token>
  <token t_id="88" sentence="1" number="10">分</token>
  <token t_id="89" sentence="1" number="11">，</token>
  <token t_id="90" sentence="1" number="12">宁</token>
  <token t_id="91" sentence="1" number="13">波</token>
  <token t_id="92" sentence="1" number="14">海</token>
  <token t_id="93" sentence="1" number="15">事</token>
  <token t_id="94" sentence="1" number="16">局</token>
  <token t_id="95" sentence="1" number="17">接</token>
  <token t_id="96" sentence="1" number="18">报</token>
  <token t_id="97" sentence="1" number="19">：</token>
  <token t_id="98" sentence="1" number="20">“</token>
  <token t_id="99" sentence="1" number="21">闽</token>
  <token t_id="100" sentence="1" number="22">海</token>
  <token t_id="101" sentence="1" number="23">7</token>
  <token t_id="102" sentence="1" number="24">”</token>
  <token t_id="103" sentence="1" number="25">轮</token>
  <token t_id="104" sentence="1" number="26">在</token>
  <token t_id="105" sentence="1" number="27">象</token>
  <token t_id="106" sentence="1" number="28">山</token>
  <token t_id="107" sentence="1" number="29">屏</token>
  <token t_id="108" sentence="1" number="30">风</token>
  <token t_id="109" sentence="1" number="31">山</token>
  <token t_id="110" sentence="1" number="32">附</token>
  <token t_id="111" sentence="1" number="33">近</token>
  <token t_id="112" sentence="1" number="34">水</token>
  <token t_id="113" sentence="1" number="35">域</token>
  <token t_id="114" sentence="1" number="36">沉</token>
  <token t_id="115" sentence="1" number="37">没</token>
  <token t_id="116" sentence="1" number="38">，</token>
  <token t_id="117" sentence="1" number="39">船</token>
  <token t_id="118" sentence="1" number="40">上</token>
  <token t_id="119" sentence="1" number="41">4</token>
  <token t_id="120" sentence="1" number="42">名</token>
  <token t_id="121" sentence="1" number="43">船</token>
  <token t_id="122" sentence="1" number="44">员</token>
  <token t_id="123" sentence="1" number="45">急</token>
  <token t_id="124" sentence="1" number="46">需</token>
  <token t_id="125" sentence="1" number="47">救</token>
  <token t_id="126" sentence="1" number="48">助</token>
  <token t_id="127" sentence="1" number="49">。</token>
  <token t_id="128" sentence="2" number="0">接</token>
  <token t_id="129" sentence="2" number="1">报</token>
  <token t_id="130" sentence="2" number="2">后</token>
  <token t_id="131" sentence="2" number="3">，</token>
  <token t_id="132" sentence="2" number="4">宁</token>
  <token t_id="133" sentence="2" number="5">波</token>
  <token t_id="134" sentence="2" number="6">海</token>
  <token t_id="135" sentence="2" number="7">事</token>
  <token t_id="136" sentence="2" number="8">局</token>
  <token t_id="137" sentence="2" number="9">立</token>
  <token t_id="138" sentence="2" number="10">即</token>
  <token t_id="139" sentence="2" number="11">启</token>
  <token t_id="140" sentence="2" number="12">动</token>
  <token t_id="141" sentence="2" number="13">应</token>
  <token t_id="142" sentence="2" number="14">急</token>
  <token t_id="143" sentence="2" number="15">预</token>
  <token t_id="144" sentence="2" number="16">案</token>
  <token t_id="145" sentence="2" number="17">，</token>
  <token t_id="146" sentence="2" number="18">核</token>
  <token t_id="147" sentence="2" number="19">实</token>
  <token t_id="148" sentence="2" number="20">险</token>
  <token t_id="149" sentence="2" number="21">情</token>
  <token t_id="150" sentence="2" number="22">信</token>
  <token t_id="151" sentence="2" number="23">息</token>
  <token t_id="152" sentence="2" number="24">、</token>
  <token t_id="153" sentence="2" number="25">确</token>
  <token t_id="154" sentence="2" number="26">认</token>
  <token t_id="155" sentence="2" number="27">现</token>
  <token t_id="156" sentence="2" number="28">场</token>
  <token t_id="157" sentence="2" number="29">情</token>
  <token t_id="158" sentence="2" number="30">况</token>
  <token t_id="159" sentence="2" number="31">、</token>
  <token t_id="160" sentence="2" number="32">指</token>
  <token t_id="161" sentence="2" number="33">导</token>
  <token t_id="162" sentence="2" number="34">船</token>
  <token t_id="163" sentence="2" number="35">员</token>
  <token t_id="164" sentence="2" number="36">做</token>
  <token t_id="165" sentence="2" number="37">好</token>
  <token t_id="166" sentence="2" number="38">待</token>
  <token t_id="167" sentence="2" number="39">援</token>
  <token t_id="168" sentence="2" number="40">准</token>
  <token t_id="169" sentence="2" number="41">备</token>
  <token t_id="170" sentence="2" number="42">。</token>
  <token t_id="171" sentence="3" number="0">同</token>
  <token t_id="172" sentence="3" number="1">时</token>
  <token t_id="173" sentence="3" number="2">，</token>
  <token t_id="174" sentence="3" number="3">指</token>
  <token t_id="175" sentence="3" number="4">令</token>
  <token t_id="176" sentence="3" number="5">宁</token>
  <token t_id="177" sentence="3" number="6">波</token>
  <token t_id="178" sentence="3" number="7">象</token>
  <token t_id="179" sentence="3" number="8">山</token>
  <token t_id="180" sentence="3" number="9">海</token>
  <token t_id="181" sentence="3" number="10">事</token>
  <token t_id="182" sentence="3" number="11">处</token>
  <token t_id="183" sentence="3" number="12">第</token>
  <token t_id="184" sentence="3" number="13">一</token>
  <token t_id="185" sentence="3" number="14">时</token>
  <token t_id="186" sentence="3" number="15">间</token>
  <token t_id="187" sentence="3" number="16">出</token>
  <token t_id="188" sentence="3" number="17">艇</token>
  <token t_id="189" sentence="3" number="18">处</token>
  <token t_id="190" sentence="3" number="19">置</token>
  <token t_id="191" sentence="3" number="20">；</token>
  <token t_id="192" sentence="3" number="21">通</token>
  <token t_id="193" sentence="3" number="22">过</token>
  <token t_id="194" sentence="3" number="23">船</token>
  <token t_id="195" sentence="3" number="24">舶</token>
  <token t_id="196" sentence="3" number="25">交</token>
  <token t_id="197" sentence="3" number="26">通</token>
  <token t_id="198" sentence="3" number="27">管</token>
  <token t_id="199" sentence="3" number="28">理</token>
  <token t_id="200" sentence="3" number="29">中</token>
  <token t_id="201" sentence="3" number="30">心</token>
  <token t_id="202" sentence="3" number="31">(</token>
  <token t_id="203" sentence="3" number="32">V</token>
  <token t_id="204" sentence="3" number="33">T</token>
  <token t_id="205" sentence="3" number="34">S</token>
  <token t_id="206" sentence="3" number="35">)</token>
  <token t_id="207" sentence="3" number="36">对</token>
  <token t_id="208" sentence="3" number="37">事</token>
  <token t_id="209" sentence="3" number="38">发</token>
  <token t_id="210" sentence="3" number="39">水</token>
  <token t_id="211" sentence="3" number="40">域</token>
  <token t_id="212" sentence="3" number="41">航</token>
  <token t_id="213" sentence="3" number="42">经</token>
  <token t_id="214" sentence="3" number="43">船</token>
  <token t_id="215" sentence="3" number="44">舶</token>
  <token t_id="216" sentence="3" number="45">播</token>
  <token t_id="217" sentence="3" number="46">发</token>
  <token t_id="218" sentence="3" number="47">安</token>
  <token t_id="219" sentence="3" number="48">全</token>
  <token t_id="220" sentence="3" number="49">信</token>
  <token t_id="221" sentence="3" number="50">息</token>
  <token t_id="222" sentence="3" number="51">，</token>
  <token t_id="223" sentence="3" number="52">并</token>
  <token t_id="224" sentence="3" number="53">做</token>
  <token t_id="225" sentence="3" number="54">好</token>
  <token t_id="226" sentence="3" number="55">交</token>
  <token t_id="227" sentence="3" number="56">通</token>
  <token t_id="228" sentence="3" number="57">流</token>
  <token t_id="229" sentence="3" number="58">组</token>
  <token t_id="230" sentence="3" number="59">织</token>
  <token t_id="231" sentence="3" number="60">。</token>
  <token t_id="232" sentence="4" number="0">7</token>
  <token t_id="233" sentence="4" number="1">时</token>
  <token t_id="234" sentence="4" number="2">5</token>
  <token t_id="235" sentence="4" number="3">4</token>
  <token t_id="236" sentence="4" number="4">分</token>
  <token t_id="237" sentence="4" number="5">，</token>
  <token t_id="238" sentence="4" number="6">“</token>
  <token t_id="239" sentence="4" number="7">海</token>
  <token t_id="240" sentence="4" number="8">巡</token>
  <token t_id="241" sentence="4" number="9">0</token>
  <token t_id="242" sentence="4" number="10">7</token>
  <token t_id="243" sentence="4" number="11">1</token>
  <token t_id="244" sentence="4" number="12">7</token>
  <token t_id="245" sentence="4" number="13">”</token>
  <token t_id="246" sentence="4" number="14">艇</token>
  <token t_id="247" sentence="4" number="15">、</token>
  <token t_id="248" sentence="4" number="16">“</token>
  <token t_id="249" sentence="4" number="17">海</token>
  <token t_id="250" sentence="4" number="18">巡</token>
  <token t_id="251" sentence="4" number="19">0</token>
  <token t_id="252" sentence="4" number="20">7</token>
  <token t_id="253" sentence="4" number="21">1</token>
  <token t_id="254" sentence="4" number="22">2</token>
  <token t_id="255" sentence="4" number="23">9</token>
  <token t_id="256" sentence="4" number="24">”</token>
  <token t_id="257" sentence="4" number="25">艇</token>
  <token t_id="258" sentence="4" number="26">到</token>
  <token t_id="259" sentence="4" number="27">达</token>
  <token t_id="260" sentence="4" number="28">沉</token>
  <token t_id="261" sentence="4" number="29">船</token>
  <token t_id="262" sentence="4" number="30">位</token>
  <token t_id="263" sentence="4" number="31">置</token>
  <token t_id="264" sentence="4" number="32">，</token>
  <token t_id="265" sentence="4" number="33">在</token>
  <token t_id="266" sentence="4" number="34">航</token>
  <token t_id="267" sentence="4" number="35">经</token>
  <token t_id="268" sentence="4" number="36">船</token>
  <token t_id="269" sentence="4" number="37">“</token>
  <token t_id="270" sentence="4" number="38">永</token>
  <token t_id="271" sentence="4" number="39">泰</token>
  <token t_id="272" sentence="4" number="40">达</token>
  <token t_id="273" sentence="4" number="41">5</token>
  <token t_id="274" sentence="4" number="42">9</token>
  <token t_id="275" sentence="4" number="43">”</token>
  <token t_id="276" sentence="4" number="44">轮</token>
  <token t_id="277" sentence="4" number="45">的</token>
  <token t_id="278" sentence="4" number="46">协</token>
  <token t_id="279" sentence="4" number="47">助</token>
  <token t_id="280" sentence="4" number="48">下</token>
  <token t_id="281" sentence="4" number="49">，</token>
  <token t_id="282" sentence="4" number="50">将</token>
  <token t_id="283" sentence="4" number="51">4</token>
  <token t_id="284" sentence="4" number="52">名</token>
  <token t_id="285" sentence="4" number="53">船</token>
  <token t_id="286" sentence="4" number="54">员</token>
  <token t_id="287" sentence="4" number="55">安</token>
  <token t_id="288" sentence="4" number="56">全</token>
  <token t_id="289" sentence="4" number="57">转</token>
  <token t_id="290" sentence="4" number="58">移</token>
  <token t_id="291" sentence="4" number="59">至</token>
  <token t_id="292" sentence="4" number="60">海</token>
  <token t_id="293" sentence="4" number="61">事</token>
  <token t_id="294" sentence="4" number="62">巡</token>
  <token t_id="295" sentence="4" number="63">逻</token>
  <token t_id="296" sentence="4" number="64">艇</token>
  <token t_id="297" sentence="4" number="65">。</token>
  <token t_id="298" sentence="5" number="0">经</token>
  <token t_id="299" sentence="5" number="1">海</token>
  <token t_id="300" sentence="5" number="2">事</token>
  <token t_id="301" sentence="5" number="3">执</token>
  <token t_id="302" sentence="5" number="4">法</token>
  <token t_id="303" sentence="5" number="5">人</token>
  <token t_id="304" sentence="5" number="6">员</token>
  <token t_id="305" sentence="5" number="7">确</token>
  <token t_id="306" sentence="5" number="8">认</token>
  <token t_id="307" sentence="5" number="9">，</token>
  <token t_id="308" sentence="5" number="10">4</token>
  <token t_id="309" sentence="5" number="11">名</token>
  <token t_id="310" sentence="5" number="12">船</token>
  <token t_id="311" sentence="5" number="13">员</token>
  <token t_id="312" sentence="5" number="14">身</token>
  <token t_id="313" sentence="5" number="15">体</token>
  <token t_id="314" sentence="5" number="16">状</token>
  <token t_id="315" sentence="5" number="17">况</token>
  <token t_id="316" sentence="5" number="18">良</token>
  <token t_id="317" sentence="5" number="19">好</token>
  <token t_id="318" sentence="5" number="20">，</token>
  <token t_id="319" sentence="5" number="21">无</token>
  <token t_id="320" sentence="5" number="22">人</token>
  <token t_id="321" sentence="5" number="23">员</token>
  <token t_id="322" sentence="5" number="24">受</token>
  <token t_id="323" sentence="5" number="25">伤</token>
  <token t_id="324" sentence="5" number="26">。</token>
  <token t_id="325" sentence="6" number="0">9</token>
  <token t_id="326" sentence="6" number="1">时</token>
  <token t_id="327" sentence="6" number="2">4</token>
  <token t_id="328" sentence="6" number="3">0</token>
  <token t_id="329" sentence="6" number="4">分</token>
  <token t_id="330" sentence="6" number="5">，</token>
  <token t_id="331" sentence="6" number="6">4</token>
  <token t_id="332" sentence="6" number="7">名</token>
  <token t_id="333" sentence="6" number="8">船</token>
  <token t_id="334" sentence="6" number="9">员</token>
  <token t_id="335" sentence="6" number="10">被</token>
  <token t_id="336" sentence="6" number="11">安</token>
  <token t_id="337" sentence="6" number="12">全</token>
  <token t_id="338" sentence="6" number="13">送</token>
  <token t_id="339" sentence="6" number="14">抵</token>
  <token t_id="340" sentence="6" number="15">象</token>
  <token t_id="341" sentence="6" number="16">山</token>
  <token t_id="342" sentence="6" number="17">石</token>
  <token t_id="343" sentence="6" number="18">浦</token>
  <token t_id="344" sentence="6" number="19">，</token>
  <token t_id="345" sentence="6" number="20">救</token>
  <token t_id="346" sentence="6" number="21">助</token>
  <token t_id="347" sentence="6" number="22">行</token>
  <token t_id="348" sentence="6" number="23">动</token>
  <token t_id="349" sentence="6" number="24">结</token>
  <token t_id="350" sentence="6" number="25">束</token>
  <token t_id="351" sentence="6" number="26">。</token>
  <token t_id="352" sentence="7" number="0">据</token>
  <token t_id="353" sentence="7" number="1">海</token>
  <token t_id="354" sentence="7" number="2">事</token>
  <token t_id="355" sentence="7" number="3">部</token>
  <token t_id="356" sentence="7" number="4">门</token>
  <token t_id="357" sentence="7" number="5">提</token>
  <token t_id="358" sentence="7" number="6">醒</token>
  <token t_id="359" sentence="7" number="7">，</token>
  <token t_id="360" sentence="7" number="8">象</token>
  <token t_id="361" sentence="7" number="9">山</token>
  <token t_id="362" sentence="7" number="10">沿</token>
  <token t_id="363" sentence="7" number="11">海</token>
  <token t_id="364" sentence="7" number="12">航</token>
  <token t_id="365" sentence="7" number="13">路</token>
  <token t_id="366" sentence="7" number="14">密</token>
  <token t_id="367" sentence="7" number="15">集</token>
  <token t_id="368" sentence="7" number="16">，</token>
  <token t_id="369" sentence="7" number="17">船</token>
  <token t_id="370" sentence="7" number="18">舶</token>
  <token t_id="371" sentence="7" number="19">流</token>
  <token t_id="372" sentence="7" number="20">量</token>
  <token t_id="373" sentence="7" number="21">较</token>
  <token t_id="374" sentence="7" number="22">大</token>
  <token t_id="375" sentence="7" number="23">，</token>
  <token t_id="376" sentence="7" number="24">加</token>
  <token t_id="377" sentence="7" number="25">之</token>
  <token t_id="378" sentence="7" number="26">作</token>
  <token t_id="379" sentence="7" number="27">业</token>
  <token t_id="380" sentence="7" number="28">渔</token>
  <token t_id="381" sentence="7" number="29">船</token>
  <token t_id="382" sentence="7" number="30">及</token>
  <token t_id="383" sentence="7" number="31">渔</token>
  <token t_id="384" sentence="7" number="32">网</token>
  <token t_id="385" sentence="7" number="33">渔</token>
  <token t_id="386" sentence="7" number="34">具</token>
  <token t_id="387" sentence="7" number="35">密</token>
  <token t_id="388" sentence="7" number="36">集</token>
  <token t_id="389" sentence="7" number="37">等</token>
  <token t_id="390" sentence="7" number="38">各</token>
  <token t_id="391" sentence="7" number="39">种</token>
  <token t_id="392" sentence="7" number="40">因</token>
  <token t_id="393" sentence="7" number="41">素</token>
  <token t_id="394" sentence="7" number="42">交</token>
  <token t_id="395" sentence="7" number="43">织</token>
  <token t_id="396" sentence="7" number="44">，</token>
  <token t_id="397" sentence="7" number="45">航</token>
  <token t_id="398" sentence="7" number="46">行</token>
  <token t_id="399" sentence="7" number="47">环</token>
  <token t_id="400" sentence="7" number="48">境</token>
  <token t_id="401" sentence="7" number="49">相</token>
  <token t_id="402" sentence="7" number="50">对</token>
  <token t_id="403" sentence="7" number="51">复</token>
  <token t_id="404" sentence="7" number="52">杂</token>
  <token t_id="405" sentence="7" number="53">，</token>
  <token t_id="406" sentence="7" number="54">容</token>
  <token t_id="407" sentence="7" number="55">易</token>
  <token t_id="408" sentence="7" number="56">发</token>
  <token t_id="409" sentence="7" number="57">生</token>
  <token t_id="410" sentence="7" number="58">事</token>
  <token t_id="411" sentence="7" number="59">故</token>
  <token t_id="412" sentence="7" number="60">险</token>
  <token t_id="413" sentence="7" number="61">情</token>
  <token t_id="414" sentence="7" number="62">。</token>
  <token t_id="415" sentence="8" number="0">值</token>
  <token t_id="416" sentence="8" number="1">此</token>
  <token t_id="417" sentence="8" number="2">临</token>
  <token t_id="418" sentence="8" number="3">近</token>
  <token t_id="419" sentence="8" number="4">年</token>
  <token t_id="420" sentence="8" number="5">关</token>
  <token t_id="421" sentence="8" number="6">之</token>
  <token t_id="422" sentence="8" number="7">际</token>
  <token t_id="423" sentence="8" number="8">，</token>
  <token t_id="424" sentence="8" number="9">寒</token>
  <token t_id="425" sentence="8" number="10">潮</token>
  <token t_id="426" sentence="8" number="11">大</token>
  <token t_id="427" sentence="8" number="12">风</token>
  <token t_id="428" sentence="8" number="13">、</token>
  <token t_id="429" sentence="8" number="14">能</token>
  <token t_id="430" sentence="8" number="15">见</token>
  <token t_id="431" sentence="8" number="16">度</token>
  <token t_id="432" sentence="8" number="17">不</token>
  <token t_id="433" sentence="8" number="18">良</token>
  <token t_id="434" sentence="8" number="19">等</token>
  <token t_id="435" sentence="8" number="20">恶</token>
  <token t_id="436" sentence="8" number="21">劣</token>
  <token t_id="437" sentence="8" number="22">天</token>
  <token t_id="438" sentence="8" number="23">气</token>
  <token t_id="439" sentence="8" number="24">频</token>
  <token t_id="440" sentence="8" number="25">发</token>
  <token t_id="441" sentence="8" number="26">，</token>
  <token t_id="442" sentence="8" number="27">海</token>
  <token t_id="443" sentence="8" number="28">事</token>
  <token t_id="444" sentence="8" number="29">部</token>
  <token t_id="445" sentence="8" number="30">门</token>
  <token t_id="446" sentence="8" number="31">提</token>
  <token t_id="447" sentence="8" number="32">醒</token>
  <token t_id="448" sentence="8" number="33">往</token>
  <token t_id="449" sentence="8" number="34">来</token>
  <token t_id="450" sentence="8" number="35">船</token>
  <token t_id="451" sentence="8" number="36">舶</token>
  <token t_id="452" sentence="8" number="37">合</token>
  <token t_id="453" sentence="8" number="38">理</token>
  <token t_id="454" sentence="8" number="39">制</token>
  <token t_id="455" sentence="8" number="40">定</token>
  <token t_id="456" sentence="8" number="41">航</token>
  <token t_id="457" sentence="8" number="42">行</token>
  <token t_id="458" sentence="8" number="43">计</token>
  <token t_id="459" sentence="8" number="44">划</token>
  <token t_id="460" sentence="8" number="45">，</token>
  <token t_id="461" sentence="8" number="46">时</token>
  <token t_id="462" sentence="8" number="47">刻</token>
  <token t_id="463" sentence="8" number="48">保</token>
  <token t_id="464" sentence="8" number="49">持</token>
  <token t_id="465" sentence="8" number="50">有</token>
  <token t_id="466" sentence="8" number="51">效</token>
  <token t_id="467" sentence="8" number="52">瞭</token>
  <token t_id="468" sentence="8" number="53">望</token>
  <token t_id="469" sentence="8" number="54">，</token>
  <token t_id="470" sentence="8" number="55">提</token>
  <token t_id="471" sentence="8" number="56">升</token>
  <token t_id="472" sentence="8" number="57">航</token>
  <token t_id="473" sentence="8" number="58">行</token>
  <token t_id="474" sentence="8" number="59">安</token>
  <token t_id="475" sentence="8" number="60">全</token>
  <token t_id="476" sentence="8" number="61">意</token>
  <token t_id="477" sentence="8" number="62">识</token>
  <Markables>
    <ACTION m_id="49141" comment="">
      <token_anchor t_id="47" />
      <token_anchor t_id="48" />
    </ACTION>
    <ACTION m_id="49142" comment="">
      <token_anchor t_id="60" />
      <token_anchor t_id="61" />
    </ACTION>
    <ACTION m_id="49143" comment="">
      <token_anchor t_id="67" />
      <token_anchor t_id="68" />
    </ACTION>
    <ACTION m_id="49145" comment="">
      <token_anchor t_id="95" />
      <token_anchor t_id="96" />
    </ACTION>
    <ACTION m_id="49146" comment="">
      <token_anchor t_id="114" />
      <token_anchor t_id="115" />
    </ACTION>
    <ACTION m_id="49148" comment="">
      <token_anchor t_id="128" />
      <token_anchor t_id="129" />
    </ACTION>
    <ACTION m_id="49149" comment="">
      <token_anchor t_id="139" />
      <token_anchor t_id="140" />
    </ACTION>
    <ACTION m_id="49150" comment="">
      <token_anchor t_id="146" />
      <token_anchor t_id="147" />
    </ACTION>
    <ACTION m_id="49151" comment="">
      <token_anchor t_id="160" />
      <token_anchor t_id="161" />
    </ACTION>
    <ACTION m_id="49153" comment="">
      <token_anchor t_id="174" />
      <token_anchor t_id="175" />
    </ACTION>
    <ACTION m_id="49154" comment="">
      <token_anchor t_id="189" />
      <token_anchor t_id="190" />
    </ACTION>
    <ACTION m_id="49155" comment="">
      <token_anchor t_id="216" />
      <token_anchor t_id="217" />
    </ACTION>
    <ACTION m_id="49157" comment="">
      <token_anchor t_id="278" />
      <token_anchor t_id="279" />
    </ACTION>
    <ACTION m_id="49158" comment="">
      <token_anchor t_id="289" />
      <token_anchor t_id="290" />
    </ACTION>
    <ACTION m_id="49160" comment="">
      <token_anchor t_id="338" />
      <token_anchor t_id="339" />
    </ACTION>
    <ACTION m_id="49162" comment="">
      <token_anchor t_id="349" />
      <token_anchor t_id="350" />
    </ACTION>
    <ACTION m_id="49163" comment="">
      <token_anchor t_id="357" />
      <token_anchor t_id="358" />
    </ACTION>
    <ACTION m_id="49165" comment="">
      <token_anchor t_id="439" />
      <token_anchor t_id="440" />
    </ACTION>
    <ACTION m_id="49166" comment="">
      <token_anchor t_id="446" />
      <token_anchor t_id="447" />
    </ACTION>
    <ACTION m_id="49167" comment="">
      <token_anchor t_id="454" />
      <token_anchor t_id="455" />
    </ACTION>
    <ACTION m_id="49168" comment="">
      <token_anchor t_id="467" />
      <token_anchor t_id="468" />
    </ACTION>
    <ACTION m_id="49169" comment="">
      <token_anchor t_id="470" />
      <token_anchor t_id="471" />
    </ACTION>
    <ACTION m_id="59809" comment="">
      <token_anchor t_id="123" />
      <token_anchor t_id="124" />
    </ACTION>
    <ACTION m_id="59810" comment="">
      <token_anchor t_id="224" />
      <token_anchor t_id="225" />
    </ACTION>
    <ACTION m_id="59811" comment="">
      <token_anchor t_id="366" />
      <token_anchor t_id="367" />
    </ACTION>
    <ACTION m_id="59812" comment="">
      <token_anchor t_id="373" />
      <token_anchor t_id="374" />
    </ACTION>
    <ACTION m_id="59813" comment="">
      <token_anchor t_id="376" />
      <token_anchor t_id="377" />
    </ACTION>
    <ACTION m_id="59814" comment="">
      <token_anchor t_id="403" />
      <token_anchor t_id="404" />
    </ACTION>
    <ACTION m_id="59815" comment="">
      <token_anchor t_id="408" />
      <token_anchor t_id="409" />
    </ACTION>
  </Markables>
  <Relations>
    <PLOT_LINK r_id="6371" SIGNAL="" relType="causation" CAUSES="FALSE" CAUSED_BY="FALSE">
      <source m_id="49146" />
      <target m_id="59809" />
    </PLOT_LINK>
    <PLOT_LINK r_id="6372" SIGNAL="" relType="causation" CAUSES="FALSE" CAUSED_BY="FALSE">
      <source m_id="49148" />
      <target m_id="49149" />
    </PLOT_LINK>
    <PLOT_LINK r_id="6374" SIGNAL="" relType="causation" CAUSES="FALSE" CAUSED_BY="FALSE">
      <source m_id="49160" />
      <target m_id="49162" />
    </PLOT_LINK>
    <PLOT_LINK r_id="6376" SIGNAL="" relType="causation" CAUSES="FALSE" CAUSED_BY="FALSE">
      <source m_id="59813" />
      <target m_id="59814" />
    </PLOT_LINK>
    <PLOT_LINK r_id="6377" SIGNAL="" relType="causation" CAUSES="FALSE" CAUSED_BY="FALSE">
      <source m_id="59812" />
      <target m_id="59814" />
    </PLOT_LINK>
    <PLOT_LINK r_id="6378" SIGNAL="" relType="causation" CAUSES="FALSE" CAUSED_BY="FALSE">
      <source m_id="59811" />
      <target m_id="59814" />
    </PLOT_LINK>
    <PLOT_LINK r_id="6379" SIGNAL="" relType="causation" CAUSES="FALSE" CAUSED_BY="FALSE">
      <source m_id="59814" />
      <target m_id="59815" />
    </PLOT_LINK>
    <PLOT_LINK r_id="6380" SIGNAL="" relType="causation" CAUSES="FALSE" CAUSED_BY="FALSE">
      <source m_id="49165" />
      <target m_id="49166" />
    </PLOT_LINK>
  </Relations>
</Document>