<?xml version="1.0" encoding="UTF-8"?>
<Document doc_name="3824_ecbplus.xml.xml">
  <token t_id="1" sentence="0" number="0">北</token>
  <token t_id="2" sentence="0" number="1">京</token>
  <token t_id="3" sentence="0" number="2">1</token>
  <token t_id="4" sentence="0" number="3">2</token>
  <token t_id="5" sentence="0" number="4">月</token>
  <token t_id="6" sentence="0" number="5">5</token>
  <token t_id="7" sentence="0" number="6">日</token>
  <token t_id="8" sentence="0" number="7">电</token>
  <token t_id="9" sentence="0" number="8">。</token>
  <token t_id="10" sentence="0" number="9"> </token>
  <token t_id="11" sentence="0" number="10">努</token>
  <token t_id="12" sentence="0" number="11">瓦</token>
  <token t_id="13" sentence="0" number="12">克</token>
  <token t_id="14" sentence="0" number="13">肖</token>
  <token t_id="15" sentence="0" number="14">特</token>
  <token t_id="16" sentence="0" number="15">消</token>
  <token t_id="17" sentence="0" number="16">息</token>
  <token t_id="18" sentence="0" number="17">：</token>
  <token t_id="19" sentence="0" number="18">据</token>
  <token t_id="20" sentence="0" number="19">联</token>
  <token t_id="21" sentence="0" number="20">合</token>
  <token t_id="22" sentence="0" number="21">国</token>
  <token t_id="23" sentence="0" number="22">难</token>
  <token t_id="24" sentence="0" number="23">民</token>
  <token t_id="25" sentence="0" number="24">署</token>
  <token t_id="26" sentence="0" number="25">(</token>
  <token t_id="27" sentence="0" number="26">U</token>
  <token t_id="28" sentence="0" number="27">N</token>
  <token t_id="29" sentence="0" number="28">H</token>
  <token t_id="30" sentence="0" number="29">C</token>
  <token t_id="31" sentence="0" number="30">R</token>
  <token t_id="32" sentence="0" number="31">)</token>
  <token t_id="33" sentence="0" number="32">和</token>
  <token t_id="34" sentence="0" number="33">国</token>
  <token t_id="35" sentence="0" number="34">际</token>
  <token t_id="36" sentence="0" number="35">移</token>
  <token t_id="37" sentence="0" number="36">民</token>
  <token t_id="38" sentence="0" number="37">组</token>
  <token t_id="39" sentence="0" number="38">织</token>
  <token t_id="40" sentence="0" number="39">(</token>
  <token t_id="41" sentence="0" number="40">I</token>
  <token t_id="42" sentence="0" number="41">M</token>
  <token t_id="43" sentence="0" number="42">O</token>
  <token t_id="44" sentence="0" number="43">)</token>
  <token t_id="45" sentence="0" number="44">的</token>
  <token t_id="46" sentence="0" number="45">消</token>
  <token t_id="47" sentence="0" number="46">息</token>
  <token t_id="48" sentence="0" number="47">，</token>
  <token t_id="49" sentence="0" number="48">当</token>
  <token t_id="50" sentence="0" number="49">地</token>
  <token t_id="51" sentence="0" number="50">时</token>
  <token t_id="52" sentence="0" number="51">间</token>
  <token t_id="53" sentence="0" number="52">4</token>
  <token t_id="54" sentence="0" number="53">日</token>
  <token t_id="55" sentence="0" number="54">，</token>
  <token t_id="56" sentence="0" number="55">一</token>
  <token t_id="57" sentence="0" number="56">艘</token>
  <token t_id="58" sentence="0" number="57">移</token>
  <token t_id="59" sentence="0" number="58">民</token>
  <token t_id="60" sentence="0" number="59">船</token>
  <token t_id="61" sentence="0" number="60">在</token>
  <token t_id="62" sentence="0" number="61">毛</token>
  <token t_id="63" sentence="0" number="62">里</token>
  <token t_id="64" sentence="0" number="63">塔</token>
  <token t_id="65" sentence="0" number="64">尼</token>
  <token t_id="66" sentence="0" number="65">亚</token>
  <token t_id="67" sentence="0" number="66">附</token>
  <token t_id="68" sentence="0" number="67">近</token>
  <token t_id="69" sentence="0" number="68">海</token>
  <token t_id="70" sentence="0" number="69">域</token>
  <token t_id="71" sentence="0" number="70">沉</token>
  <token t_id="72" sentence="0" number="71">没</token>
  <token t_id="73" sentence="0" number="72">，</token>
  <token t_id="74" sentence="0" number="73">至</token>
  <token t_id="75" sentence="0" number="74">少</token>
  <token t_id="76" sentence="0" number="75">5</token>
  <token t_id="77" sentence="0" number="76">8</token>
  <token t_id="78" sentence="0" number="77">人</token>
  <token t_id="79" sentence="0" number="78">遇</token>
  <token t_id="80" sentence="0" number="79">难</token>
  <token t_id="81" sentence="0" number="80">。</token>
  <token t_id="82" sentence="1" number="0">I</token>
  <token t_id="83" sentence="1" number="1">M</token>
  <token t_id="84" sentence="1" number="2">O</token>
  <token t_id="85" sentence="1" number="3">的</token>
  <token t_id="86" sentence="1" number="4">消</token>
  <token t_id="87" sentence="1" number="5">息</token>
  <token t_id="88" sentence="1" number="6">称</token>
  <token t_id="89" sentence="1" number="7">，</token>
  <token t_id="90" sentence="1" number="8">一</token>
  <token t_id="91" sentence="1" number="9">艘</token>
  <token t_id="92" sentence="1" number="10">载</token>
  <token t_id="93" sentence="1" number="11">有</token>
  <token t_id="94" sentence="1" number="12">至</token>
  <token t_id="95" sentence="1" number="13">少</token>
  <token t_id="96" sentence="1" number="14">1</token>
  <token t_id="97" sentence="1" number="15">5</token>
  <token t_id="98" sentence="1" number="16">0</token>
  <token t_id="99" sentence="1" number="17">人</token>
  <token t_id="100" sentence="1" number="18">的</token>
  <token t_id="101" sentence="1" number="19">移</token>
  <token t_id="102" sentence="1" number="20">民</token>
  <token t_id="103" sentence="1" number="21">船</token>
  <token t_id="104" sentence="1" number="22">4</token>
  <token t_id="105" sentence="1" number="23">日</token>
  <token t_id="106" sentence="1" number="24">在</token>
  <token t_id="107" sentence="1" number="25">毛</token>
  <token t_id="108" sentence="1" number="26">里</token>
  <token t_id="109" sentence="1" number="27">塔</token>
  <token t_id="110" sentence="1" number="28">尼</token>
  <token t_id="111" sentence="1" number="29">亚</token>
  <token t_id="112" sentence="1" number="30">附</token>
  <token t_id="113" sentence="1" number="31">近</token>
  <token t_id="114" sentence="1" number="32">海</token>
  <token t_id="115" sentence="1" number="33">域</token>
  <token t_id="116" sentence="1" number="34">发</token>
  <token t_id="117" sentence="1" number="35">生</token>
  <token t_id="118" sentence="1" number="36">倾</token>
  <token t_id="119" sentence="1" number="37">覆</token>
  <token t_id="120" sentence="1" number="38">后</token>
  <token t_id="121" sentence="1" number="39">沉</token>
  <token t_id="122" sentence="1" number="40">没</token>
  <token t_id="123" sentence="1" number="41">，</token>
  <token t_id="124" sentence="1" number="42">造</token>
  <token t_id="125" sentence="1" number="43">成</token>
  <token t_id="126" sentence="1" number="44">包</token>
  <token t_id="127" sentence="1" number="45">括</token>
  <token t_id="128" sentence="1" number="46">妇</token>
  <token t_id="129" sentence="1" number="47">女</token>
  <token t_id="130" sentence="1" number="48">和</token>
  <token t_id="131" sentence="1" number="49">儿</token>
  <token t_id="132" sentence="1" number="50">童</token>
  <token t_id="133" sentence="1" number="51">在</token>
  <token t_id="134" sentence="1" number="52">内</token>
  <token t_id="135" sentence="1" number="53">的</token>
  <token t_id="136" sentence="1" number="54">至</token>
  <token t_id="137" sentence="1" number="55">少</token>
  <token t_id="138" sentence="1" number="56">5</token>
  <token t_id="139" sentence="1" number="57">8</token>
  <token t_id="140" sentence="1" number="58">人</token>
  <token t_id="141" sentence="1" number="59">遇</token>
  <token t_id="142" sentence="1" number="60">难</token>
  <token t_id="143" sentence="1" number="61">。</token>
  <token t_id="144" sentence="2" number="0">U</token>
  <token t_id="145" sentence="2" number="1">N</token>
  <token t_id="146" sentence="2" number="2">H</token>
  <token t_id="147" sentence="2" number="3">C</token>
  <token t_id="148" sentence="2" number="4">R</token>
  <token t_id="149" sentence="2" number="5">就</token>
  <token t_id="150" sentence="2" number="6">此</token>
  <token t_id="151" sentence="2" number="7">事</token>
  <token t_id="152" sentence="2" number="8">发</token>
  <token t_id="153" sentence="2" number="9">布</token>
  <token t_id="154" sentence="2" number="10">的</token>
  <token t_id="155" sentence="2" number="11">声</token>
  <token t_id="156" sentence="2" number="12">明</token>
  <token t_id="157" sentence="2" number="13">称</token>
  <token t_id="158" sentence="2" number="14">，</token>
  <token t_id="159" sentence="2" number="15">出</token>
  <token t_id="160" sentence="2" number="16">事</token>
  <token t_id="161" sentence="2" number="17">船</token>
  <token t_id="162" sentence="2" number="18">只</token>
  <token t_id="163" sentence="2" number="19">上</token>
  <token t_id="164" sentence="2" number="20">有</token>
  <token t_id="165" sentence="2" number="21">8</token>
  <token t_id="166" sentence="2" number="22">3</token>
  <token t_id="167" sentence="2" number="23">人</token>
  <token t_id="168" sentence="2" number="24">在</token>
  <token t_id="169" sentence="2" number="25">事</token>
  <token t_id="170" sentence="2" number="26">发</token>
  <token t_id="171" sentence="2" number="27">后</token>
  <token t_id="172" sentence="2" number="28">游</token>
  <token t_id="173" sentence="2" number="29">到</token>
  <token t_id="174" sentence="2" number="30">岸</token>
  <token t_id="175" sentence="2" number="31">上</token>
  <token t_id="176" sentence="2" number="32">。</token>
  <token t_id="177" sentence="3" number="0">毛</token>
  <token t_id="178" sentence="3" number="1">里</token>
  <token t_id="179" sentence="3" number="2">塔</token>
  <token t_id="180" sentence="3" number="3">尼</token>
  <token t_id="181" sentence="3" number="4">亚</token>
  <token t_id="182" sentence="3" number="5">政</token>
  <token t_id="183" sentence="3" number="6">府</token>
  <token t_id="184" sentence="3" number="7">已</token>
  <token t_id="185" sentence="3" number="8">将</token>
  <token t_id="186" sentence="3" number="9">幸</token>
  <token t_id="187" sentence="3" number="10">存</token>
  <token t_id="188" sentence="3" number="11">者</token>
  <token t_id="189" sentence="3" number="12">安</token>
  <token t_id="190" sentence="3" number="13">置</token>
  <token t_id="191" sentence="3" number="14">在</token>
  <token t_id="192" sentence="3" number="15">该</token>
  <token t_id="193" sentence="3" number="16">国</token>
  <token t_id="194" sentence="3" number="17">北</token>
  <token t_id="195" sentence="3" number="18">部</token>
  <token t_id="196" sentence="3" number="19">城</token>
  <token t_id="197" sentence="3" number="20">市</token>
  <token t_id="198" sentence="3" number="21">努</token>
  <token t_id="199" sentence="3" number="22">瓦</token>
  <token t_id="200" sentence="3" number="23">迪</token>
  <token t_id="201" sentence="3" number="24">布</token>
  <token t_id="202" sentence="3" number="25">，</token>
  <token t_id="203" sentence="3" number="26">将</token>
  <token t_id="204" sentence="3" number="27">部</token>
  <token t_id="205" sentence="3" number="28">分</token>
  <token t_id="206" sentence="3" number="29">伤</token>
  <token t_id="207" sentence="3" number="30">者</token>
  <token t_id="208" sentence="3" number="31">送</token>
  <token t_id="209" sentence="3" number="32">往</token>
  <token t_id="210" sentence="3" number="33">医</token>
  <token t_id="211" sentence="3" number="34">院</token>
  <token t_id="212" sentence="3" number="35">治</token>
  <token t_id="213" sentence="3" number="36">疗</token>
  <token t_id="214" sentence="3" number="37">。</token>
  <token t_id="215" sentence="4" number="0">I</token>
  <token t_id="216" sentence="4" number="1">M</token>
  <token t_id="217" sentence="4" number="2">O</token>
  <token t_id="218" sentence="4" number="3">援</token>
  <token t_id="219" sentence="4" number="4">引</token>
  <token t_id="220" sentence="4" number="5">船</token>
  <token t_id="221" sentence="4" number="6">上</token>
  <token t_id="222" sentence="4" number="7">幸</token>
  <token t_id="223" sentence="4" number="8">存</token>
  <token t_id="224" sentence="4" number="9">者</token>
  <token t_id="225" sentence="4" number="10">的</token>
  <token t_id="226" sentence="4" number="11">描</token>
  <token t_id="227" sentence="4" number="12">述</token>
  <token t_id="228" sentence="4" number="13">称</token>
  <token t_id="229" sentence="4" number="14">，</token>
  <token t_id="230" sentence="4" number="15">船</token>
  <token t_id="231" sentence="4" number="16">上</token>
  <token t_id="232" sentence="4" number="17">乘</token>
  <token t_id="233" sentence="4" number="18">客</token>
  <token t_id="234" sentence="4" number="19">是</token>
  <token t_id="235" sentence="4" number="20">冈</token>
  <token t_id="236" sentence="4" number="21">比</token>
  <token t_id="237" sentence="4" number="22">亚</token>
  <token t_id="238" sentence="4" number="23">人</token>
  <token t_id="239" sentence="4" number="24">，</token>
  <token t_id="240" sentence="4" number="25">他</token>
  <token t_id="241" sentence="4" number="26">们</token>
  <token t_id="242" sentence="4" number="27">于</token>
  <token t_id="243" sentence="4" number="28">1</token>
  <token t_id="244" sentence="4" number="29">1</token>
  <token t_id="245" sentence="4" number="30">月</token>
  <token t_id="246" sentence="4" number="31">2</token>
  <token t_id="247" sentence="4" number="32">7</token>
  <token t_id="248" sentence="4" number="33">日</token>
  <token t_id="249" sentence="4" number="34">乘</token>
  <token t_id="250" sentence="4" number="35">船</token>
  <token t_id="251" sentence="4" number="36">离</token>
  <token t_id="252" sentence="4" number="37">开</token>
  <token t_id="253" sentence="4" number="38">冈</token>
  <token t_id="254" sentence="4" number="39">比</token>
  <token t_id="255" sentence="4" number="40">亚</token>
  <token t_id="256" sentence="4" number="41">，</token>
  <token t_id="257" sentence="4" number="42">但</token>
  <token t_id="258" sentence="4" number="43">船</token>
  <token t_id="259" sentence="4" number="44">只</token>
  <token t_id="260" sentence="4" number="45">燃</token>
  <token t_id="261" sentence="4" number="46">料</token>
  <token t_id="262" sentence="4" number="47">在</token>
  <token t_id="263" sentence="4" number="48">靠</token>
  <token t_id="264" sentence="4" number="49">近</token>
  <token t_id="265" sentence="4" number="50">毛</token>
  <token t_id="266" sentence="4" number="51">里</token>
  <token t_id="267" sentence="4" number="52">塔</token>
  <token t_id="268" sentence="4" number="53">尼</token>
  <token t_id="269" sentence="4" number="54">亚</token>
  <token t_id="270" sentence="4" number="55">海</token>
  <token t_id="271" sentence="4" number="56">岸</token>
  <token t_id="272" sentence="4" number="57">时</token>
  <token t_id="273" sentence="4" number="58">耗</token>
  <token t_id="274" sentence="4" number="59">尽</token>
  <token t_id="275" sentence="4" number="60">，</token>
  <token t_id="276" sentence="4" number="61">导</token>
  <token t_id="277" sentence="4" number="62">致</token>
  <token t_id="278" sentence="4" number="63">倾</token>
  <token t_id="279" sentence="4" number="64">覆</token>
  <token t_id="280" sentence="4" number="65">沉</token>
  <token t_id="281" sentence="4" number="66">没</token>
  <token t_id="282" sentence="4" number="67">。</token>
  <token t_id="283" sentence="5" number="0">U</token>
  <token t_id="284" sentence="5" number="1">N</token>
  <token t_id="285" sentence="5" number="2">H</token>
  <token t_id="286" sentence="5" number="3">C</token>
  <token t_id="287" sentence="5" number="4">R</token>
  <token t_id="288" sentence="5" number="5">的</token>
  <token t_id="289" sentence="5" number="6">统</token>
  <token t_id="290" sentence="5" number="7">计</token>
  <token t_id="291" sentence="5" number="8">数</token>
  <token t_id="292" sentence="5" number="9">据</token>
  <token t_id="293" sentence="5" number="10">显</token>
  <token t_id="294" sentence="5" number="11">示</token>
  <token t_id="295" sentence="5" number="12">，</token>
  <token t_id="296" sentence="5" number="13">2</token>
  <token t_id="297" sentence="5" number="14">0</token>
  <token t_id="298" sentence="5" number="15">1</token>
  <token t_id="299" sentence="5" number="16">4</token>
  <token t_id="300" sentence="5" number="17">年</token>
  <token t_id="301" sentence="5" number="18">至</token>
  <token t_id="302" sentence="5" number="19">2</token>
  <token t_id="303" sentence="5" number="20">0</token>
  <token t_id="304" sentence="5" number="21">1</token>
  <token t_id="305" sentence="5" number="22">8</token>
  <token t_id="306" sentence="5" number="23">年</token>
  <token t_id="307" sentence="5" number="24">间</token>
  <token t_id="308" sentence="5" number="25">，</token>
  <token t_id="309" sentence="5" number="26">欧</token>
  <token t_id="310" sentence="5" number="27">洲</token>
  <token t_id="311" sentence="5" number="28">接</token>
  <token t_id="312" sentence="5" number="29">纳</token>
  <token t_id="313" sentence="5" number="30">超</token>
  <token t_id="314" sentence="5" number="31">过</token>
  <token t_id="315" sentence="5" number="32">3</token>
  <token t_id="316" sentence="5" number="33">.</token>
  <token t_id="317" sentence="5" number="34">5</token>
  <token t_id="318" sentence="5" number="35">万</token>
  <token t_id="319" sentence="5" number="36">名</token>
  <token t_id="320" sentence="5" number="37">冈</token>
  <token t_id="321" sentence="5" number="38">比</token>
  <token t_id="322" sentence="5" number="39">亚</token>
  <token t_id="323" sentence="5" number="40">移</token>
  <token t_id="324" sentence="5" number="41">民</token>
  <Markables>
    <ACTION m_id="49199" comment="">
      <token_anchor t_id="71" />
      <token_anchor t_id="72" />
    </ACTION>
    <ACTION m_id="49200" comment="">
      <token_anchor t_id="79" />
      <token_anchor t_id="80" />
    </ACTION>
    <ACTION m_id="49201" comment="">
      <token_anchor t_id="88" />
    </ACTION>
    <ACTION m_id="49202" comment="">
      <token_anchor t_id="121" />
      <token_anchor t_id="122" />
    </ACTION>
    <ACTION m_id="49203" comment="">
      <token_anchor t_id="141" />
      <token_anchor t_id="142" />
    </ACTION>
    <ACTION m_id="49204" comment="">
      <token_anchor t_id="157" />
    </ACTION>
    <ACTION m_id="49205" comment="">
      <token_anchor t_id="172" />
      <token_anchor t_id="173" />
    </ACTION>
    <ACTION m_id="49206" comment="">
      <token_anchor t_id="189" />
      <token_anchor t_id="190" />
    </ACTION>
    <ACTION m_id="49207" comment="">
      <token_anchor t_id="208" />
      <token_anchor t_id="209" />
    </ACTION>
    <ACTION m_id="49208" comment="">
      <token_anchor t_id="212" />
      <token_anchor t_id="213" />
    </ACTION>
    <ACTION m_id="49210" comment="">
      <token_anchor t_id="251" />
      <token_anchor t_id="252" />
    </ACTION>
    <ACTION m_id="49211" comment="">
      <token_anchor t_id="280" />
      <token_anchor t_id="281" />
    </ACTION>
    <ACTION m_id="49212" comment="">
      <token_anchor t_id="293" />
      <token_anchor t_id="294" />
    </ACTION>
    <ACTION m_id="49213" comment="">
      <token_anchor t_id="311" />
      <token_anchor t_id="312" />
    </ACTION>
    <ACTION_CAUSATIVE m_id="49214" comment="">
      <token_anchor t_id="276" />
      <token_anchor t_id="277" />
    </ACTION_CAUSATIVE>
    <ACTION m_id="59817" comment="">
      <token_anchor t_id="273" />
      <token_anchor t_id="274" />
    </ACTION>
  </Markables>
  <Relations>
    <PLOT_LINK r_id="6386" SIGNAL="" relType="causation" CAUSES="FALSE" CAUSED_BY="FALSE">
      <source m_id="49199" />
      <target m_id="49200" />
    </PLOT_LINK>
    <PLOT_LINK r_id="6387" SIGNAL="" relType="causation" CAUSES="FALSE" CAUSED_BY="FALSE">
      <source m_id="49202" />
      <target m_id="49203" />
    </PLOT_LINK>
    <PLOT_LINK r_id="6388" SIGNAL="" relType="causation" CAUSES="FALSE" CAUSED_BY="FALSE">
      <source m_id="59817" />
      <target m_id="49211" />
    </PLOT_LINK>
  </Relations>
</Document>