<?xml version="1.0" encoding="UTF-8"?>
<Document doc_name="2425_ecbplus.xml.xml">
  <token t_id="1" sentence="0" number="0">伊</token>
  <token t_id="2" sentence="0" number="1">拉</token>
  <token t_id="3" sentence="0" number="2">克</token>
  <token t_id="4" sentence="0" number="3">北</token>
  <token t_id="5" sentence="0" number="4">部</token>
  <token t_id="6" sentence="0" number="5">尼</token>
  <token t_id="7" sentence="0" number="6">尼</token>
  <token t_id="8" sentence="0" number="7">微</token>
  <token t_id="9" sentence="0" number="8">省</token>
  <token t_id="10" sentence="0" number="9">泰</token>
  <token t_id="11" sentence="0" number="10">勒</token>
  <token t_id="12" sentence="0" number="11">阿</token>
  <token t_id="13" sentence="0" number="12">费</token>
  <token t_id="14" sentence="0" number="13">尔</token>
  <token t_id="15" sentence="0" number="14">镇</token>
  <token t_id="16" sentence="0" number="15">2</token>
  <token t_id="17" sentence="0" number="16">5</token>
  <token t_id="18" sentence="0" number="17">日</token>
  <token t_id="19" sentence="0" number="18">发</token>
  <token t_id="20" sentence="0" number="19">生</token>
  <token t_id="21" sentence="0" number="20">一</token>
  <token t_id="22" sentence="0" number="21">起</token>
  <token t_id="23" sentence="0" number="22">汽</token>
  <token t_id="24" sentence="0" number="23">车</token>
  <token t_id="25" sentence="0" number="24">炸</token>
  <token t_id="26" sentence="0" number="25">弹</token>
  <token t_id="27" sentence="0" number="26">袭</token>
  <token t_id="28" sentence="0" number="27">击</token>
  <token t_id="29" sentence="0" number="28">事</token>
  <token t_id="30" sentence="0" number="29">件</token>
  <token t_id="31" sentence="0" number="30">，</token>
  <token t_id="32" sentence="0" number="31">一</token>
  <token t_id="33" sentence="0" number="32">辆</token>
  <token t_id="34" sentence="0" number="33">装</token>
  <token t_id="35" sentence="0" number="34">有</token>
  <token t_id="36" sentence="0" number="35">爆</token>
  <token t_id="37" sentence="0" number="36">炸</token>
  <token t_id="38" sentence="0" number="37">装</token>
  <token t_id="39" sentence="0" number="38">置</token>
  <token t_id="40" sentence="0" number="39">的</token>
  <token t_id="41" sentence="0" number="40">汽</token>
  <token t_id="42" sentence="0" number="41">车</token>
  <token t_id="43" sentence="0" number="42">冲</token>
  <token t_id="44" sentence="0" number="43">进</token>
  <token t_id="45" sentence="0" number="44">该</token>
  <token t_id="46" sentence="0" number="45">镇</token>
  <token t_id="47" sentence="0" number="46">一</token>
  <token t_id="48" sentence="0" number="47">处</token>
  <token t_id="49" sentence="0" number="48">繁</token>
  <token t_id="50" sentence="0" number="49">忙</token>
  <token t_id="51" sentence="0" number="50">的</token>
  <token t_id="52" sentence="0" number="51">市</token>
  <token t_id="53" sentence="0" number="52">场</token>
  <token t_id="54" sentence="0" number="53">并</token>
  <token t_id="55" sentence="0" number="54">被</token>
  <token t_id="56" sentence="0" number="55">引</token>
  <token t_id="57" sentence="0" number="56">爆</token>
  <token t_id="58" sentence="0" number="57">，</token>
  <token t_id="59" sentence="0" number="58">造</token>
  <token t_id="60" sentence="0" number="59">成</token>
  <token t_id="61" sentence="0" number="60">两</token>
  <token t_id="62" sentence="0" number="61">人</token>
  <token t_id="63" sentence="0" number="62">死</token>
  <token t_id="64" sentence="0" number="63">亡</token>
  <token t_id="65" sentence="0" number="64">、</token>
  <token t_id="66" sentence="0" number="65">1</token>
  <token t_id="67" sentence="0" number="66">2</token>
  <token t_id="68" sentence="0" number="67">人</token>
  <token t_id="69" sentence="0" number="68">受</token>
  <token t_id="70" sentence="0" number="69">伤</token>
  <token t_id="71" sentence="0" number="70">，</token>
  <token t_id="72" sentence="0" number="71">附</token>
  <token t_id="73" sentence="0" number="72">近</token>
  <token t_id="74" sentence="0" number="73">大</token>
  <token t_id="75" sentence="0" number="74">约</token>
  <token t_id="76" sentence="0" number="75">2</token>
  <token t_id="77" sentence="0" number="76">0</token>
  <token t_id="78" sentence="0" number="77">家</token>
  <token t_id="79" sentence="0" number="78">商</token>
  <token t_id="80" sentence="0" number="79">铺</token>
  <token t_id="81" sentence="0" number="80">受</token>
  <token t_id="82" sentence="0" number="81">到</token>
  <token t_id="83" sentence="0" number="82">不</token>
  <token t_id="84" sentence="0" number="83">同</token>
  <token t_id="85" sentence="0" number="84">程</token>
  <token t_id="86" sentence="0" number="85">度</token>
  <token t_id="87" sentence="0" number="86">的</token>
  <token t_id="88" sentence="0" number="87">毁</token>
  <token t_id="89" sentence="0" number="88">坏</token>
  <token t_id="90" sentence="0" number="89">。</token>
  <token t_id="91" sentence="1" number="0">泰</token>
  <token t_id="92" sentence="1" number="1">勒</token>
  <token t_id="93" sentence="1" number="2">阿</token>
  <token t_id="94" sentence="1" number="3">费</token>
  <token t_id="95" sentence="1" number="4">尔</token>
  <token t_id="96" sentence="1" number="5">镇</token>
  <token t_id="97" sentence="1" number="6">位</token>
  <token t_id="98" sentence="1" number="7">于</token>
  <token t_id="99" sentence="1" number="8">尼</token>
  <token t_id="100" sentence="1" number="9">尼</token>
  <token t_id="101" sentence="1" number="10">微</token>
  <token t_id="102" sentence="1" number="11">省</token>
  <token t_id="103" sentence="1" number="12">首</token>
  <token t_id="104" sentence="1" number="13">府</token>
  <token t_id="105" sentence="1" number="14">摩</token>
  <token t_id="106" sentence="1" number="15">苏</token>
  <token t_id="107" sentence="1" number="16">尔</token>
  <token t_id="108" sentence="1" number="17">以</token>
  <token t_id="109" sentence="1" number="18">西</token>
  <token t_id="110" sentence="1" number="19">7</token>
  <token t_id="111" sentence="1" number="20">0</token>
  <token t_id="112" sentence="1" number="21">公</token>
  <token t_id="113" sentence="1" number="22">里</token>
  <token t_id="114" sentence="1" number="23">处</token>
  <token t_id="115" sentence="1" number="24">，</token>
  <token t_id="116" sentence="1" number="25">靠</token>
  <token t_id="117" sentence="1" number="26">近</token>
  <token t_id="118" sentence="1" number="27">伊</token>
  <token t_id="119" sentence="1" number="28">拉</token>
  <token t_id="120" sentence="1" number="29">克</token>
  <token t_id="121" sentence="1" number="30">和</token>
  <token t_id="122" sentence="1" number="31">叙</token>
  <token t_id="123" sentence="1" number="32">利</token>
  <token t_id="124" sentence="1" number="33">亚</token>
  <token t_id="125" sentence="1" number="34">边</token>
  <token t_id="126" sentence="1" number="35">境</token>
  <token t_id="127" sentence="1" number="36">。</token>
  <token t_id="128" sentence="2" number="0">去</token>
  <token t_id="129" sentence="2" number="1">年</token>
  <token t_id="130" sentence="2" number="2">8</token>
  <token t_id="131" sentence="2" number="3">月</token>
  <token t_id="132" sentence="2" number="4">，</token>
  <token t_id="133" sentence="2" number="5">伊</token>
  <token t_id="134" sentence="2" number="6">拉</token>
  <token t_id="135" sentence="2" number="7">克</token>
  <token t_id="136" sentence="2" number="8">政</token>
  <token t_id="137" sentence="2" number="9">府</token>
  <token t_id="138" sentence="2" number="10">军</token>
  <token t_id="139" sentence="2" number="11">在</token>
  <token t_id="140" sentence="2" number="12">收</token>
  <token t_id="141" sentence="2" number="13">复</token>
  <token t_id="142" sentence="2" number="14">泰</token>
  <token t_id="143" sentence="2" number="15">勒</token>
  <token t_id="144" sentence="2" number="16">阿</token>
  <token t_id="145" sentence="2" number="17">费</token>
  <token t_id="146" sentence="2" number="18">尔</token>
  <token t_id="147" sentence="2" number="19">镇</token>
  <token t_id="148" sentence="2" number="20">时</token>
  <token t_id="149" sentence="2" number="21">与</token>
  <token t_id="150" sentence="2" number="22">极</token>
  <token t_id="151" sentence="2" number="23">端</token>
  <token t_id="152" sentence="2" number="24">组</token>
  <token t_id="153" sentence="2" number="25">织</token>
  <token t_id="154" sentence="2" number="26">发</token>
  <token t_id="155" sentence="2" number="27">生</token>
  <token t_id="156" sentence="2" number="28">激</token>
  <token t_id="157" sentence="2" number="29">烈</token>
  <token t_id="158" sentence="2" number="30">交</token>
  <token t_id="159" sentence="2" number="31">战</token>
  <token t_id="160" sentence="2" number="32">，</token>
  <token t_id="161" sentence="2" number="33">而</token>
  <token t_id="162" sentence="2" number="34">2</token>
  <token t_id="163" sentence="2" number="35">5</token>
  <token t_id="164" sentence="2" number="36">日</token>
  <token t_id="165" sentence="2" number="37">遭</token>
  <token t_id="166" sentence="2" number="38">袭</token>
  <token t_id="167" sentence="2" number="39">的</token>
  <token t_id="168" sentence="2" number="40">这</token>
  <token t_id="169" sentence="2" number="41">座</token>
  <token t_id="170" sentence="2" number="42">市</token>
  <token t_id="171" sentence="2" number="43">场</token>
  <token t_id="172" sentence="2" number="44">去</token>
  <token t_id="173" sentence="2" number="45">年</token>
  <token t_id="174" sentence="2" number="46">在</token>
  <token t_id="175" sentence="2" number="47">战</token>
  <token t_id="176" sentence="2" number="48">事</token>
  <token t_id="177" sentence="2" number="49">中</token>
  <token t_id="178" sentence="2" number="50">损</token>
  <token t_id="179" sentence="2" number="51">毁</token>
  <token t_id="180" sentence="2" number="52">严</token>
  <token t_id="181" sentence="2" number="53">重</token>
  <token t_id="182" sentence="2" number="54">，</token>
  <token t_id="183" sentence="2" number="55">近</token>
  <token t_id="184" sentence="2" number="56">日</token>
  <token t_id="185" sentence="2" number="57">刚</token>
  <token t_id="186" sentence="2" number="58">刚</token>
  <token t_id="187" sentence="2" number="59">恢</token>
  <token t_id="188" sentence="2" number="60">复</token>
  <token t_id="189" sentence="2" number="61">营</token>
  <token t_id="190" sentence="2" number="62">业</token>
  <token t_id="191" sentence="2" number="63">。</token>
  <token t_id="192" sentence="3" number="0">目</token>
  <token t_id="193" sentence="3" number="1">前</token>
  <token t_id="194" sentence="3" number="2">，</token>
  <token t_id="195" sentence="3" number="3">极</token>
  <token t_id="196" sentence="3" number="4">端</token>
  <token t_id="197" sentence="3" number="5">组</token>
  <token t_id="198" sentence="3" number="6">织</token>
  <token t_id="199" sentence="3" number="7">已</token>
  <token t_id="200" sentence="3" number="8">宣</token>
  <token t_id="201" sentence="3" number="9">称</token>
  <token t_id="202" sentence="3" number="10">制</token>
  <token t_id="203" sentence="3" number="11">造</token>
  <token t_id="204" sentence="3" number="12">了</token>
  <token t_id="205" sentence="3" number="13">这</token>
  <token t_id="206" sentence="3" number="14">起</token>
  <token t_id="207" sentence="3" number="15">袭</token>
  <token t_id="208" sentence="3" number="16">击</token>
  <token t_id="209" sentence="3" number="17">事</token>
  <token t_id="210" sentence="3" number="18">件</token>
  <token t_id="211" sentence="3" number="19">。</token>
  <token t_id="212" sentence="4" number="0">伊</token>
  <token t_id="213" sentence="4" number="1">拉</token>
  <token t_id="214" sentence="4" number="2">克</token>
  <token t_id="215" sentence="4" number="3">去</token>
  <token t_id="216" sentence="4" number="4">年</token>
  <token t_id="217" sentence="4" number="5">1</token>
  <token t_id="218" sentence="4" number="6">2</token>
  <token t_id="219" sentence="4" number="7">月</token>
  <token t_id="220" sentence="4" number="8">宣</token>
  <token t_id="221" sentence="4" number="9">布</token>
  <token t_id="222" sentence="4" number="10">取</token>
  <token t_id="223" sentence="4" number="11">得</token>
  <token t_id="224" sentence="4" number="12">打</token>
  <token t_id="225" sentence="4" number="13">击</token>
  <token t_id="226" sentence="4" number="14">极</token>
  <token t_id="227" sentence="4" number="15">端</token>
  <token t_id="228" sentence="4" number="16">组</token>
  <token t_id="229" sentence="4" number="17">织</token>
  <token t_id="230" sentence="4" number="18">的</token>
  <token t_id="231" sentence="4" number="19">“</token>
  <token t_id="232" sentence="4" number="20">历</token>
  <token t_id="233" sentence="4" number="21">史</token>
  <token t_id="234" sentence="4" number="22">性</token>
  <token t_id="235" sentence="4" number="23">胜</token>
  <token t_id="236" sentence="4" number="24">利</token>
  <token t_id="237" sentence="4" number="25">”</token>
  <token t_id="238" sentence="4" number="26">，</token>
  <token t_id="239" sentence="4" number="27">但</token>
  <token t_id="240" sentence="4" number="28">眼</token>
  <token t_id="241" sentence="4" number="29">下</token>
  <token t_id="242" sentence="4" number="30">仍</token>
  <token t_id="243" sentence="4" number="31">有</token>
  <token t_id="244" sentence="4" number="32">一</token>
  <token t_id="245" sentence="4" number="33">些</token>
  <token t_id="246" sentence="4" number="34">极</token>
  <token t_id="247" sentence="4" number="35">端</token>
  <token t_id="248" sentence="4" number="36">分</token>
  <token t_id="249" sentence="4" number="37">子</token>
  <token t_id="250" sentence="4" number="38">藏</token>
  <token t_id="251" sentence="4" number="39">身</token>
  <token t_id="252" sentence="4" number="40">偏</token>
  <token t_id="253" sentence="4" number="41">远</token>
  <token t_id="254" sentence="4" number="42">地</token>
  <token t_id="255" sentence="4" number="43">区</token>
  <token t_id="256" sentence="4" number="44">，</token>
  <token t_id="257" sentence="4" number="45">伺</token>
  <token t_id="258" sentence="4" number="46">机</token>
  <token t_id="259" sentence="4" number="47">发</token>
  <token t_id="260" sentence="4" number="48">动</token>
  <token t_id="261" sentence="4" number="49">袭</token>
  <token t_id="262" sentence="4" number="50">击</token>
  <Markables>
    <ACTION m_id="23390" comment="">
      <token_anchor t_id="43" />
      <token_anchor t_id="44" />
    </ACTION>
    <ACTION m_id="23391" comment="">
      <token_anchor t_id="56" />
      <token_anchor t_id="57" />
    </ACTION>
    <ACTION_CAUSATIVE m_id="23392" comment="">
      <token_anchor t_id="59" />
      <token_anchor t_id="60" />
    </ACTION_CAUSATIVE>
    <ACTION m_id="23393" comment="">
      <token_anchor t_id="63" />
      <token_anchor t_id="64" />
    </ACTION>
    <ACTION m_id="23394" comment="">
      <token_anchor t_id="69" />
      <token_anchor t_id="70" />
    </ACTION>
    <ACTION m_id="23395" comment="">
      <token_anchor t_id="88" />
      <token_anchor t_id="89" />
    </ACTION>
    <ACTION m_id="23396" comment="">
      <token_anchor t_id="140" />
      <token_anchor t_id="141" />
    </ACTION>
    <ACTION m_id="23397" comment="">
      <token_anchor t_id="158" />
      <token_anchor t_id="159" />
    </ACTION>
    <ACTION m_id="23399" comment="">
      <token_anchor t_id="189" />
      <token_anchor t_id="190" />
    </ACTION>
    <ACTION m_id="23401" comment="">
      <token_anchor t_id="202" />
      <token_anchor t_id="203" />
    </ACTION>
    <ACTION m_id="23402" comment="">
      <token_anchor t_id="220" />
      <token_anchor t_id="221" />
    </ACTION>
    <ACTION m_id="23403" comment="">
      <token_anchor t_id="224" />
      <token_anchor t_id="225" />
    </ACTION>
    <ACTION m_id="23405" comment="">
      <token_anchor t_id="250" />
      <token_anchor t_id="251" />
    </ACTION>
    <ACTION m_id="23406" comment="">
      <token_anchor t_id="259" />
      <token_anchor t_id="260" />
    </ACTION>
  </Markables>
  <Relations>
    <PLOT_LINK r_id="1121" SIGNAL="" relType="causation" CAUSES="FALSE" CAUSED_BY="FALSE">
      <source m_id="23391" />
      <target m_id="23393" />
    </PLOT_LINK>
    <PLOT_LINK r_id="1122" SIGNAL="" relType="causation" CAUSES="FALSE" CAUSED_BY="FALSE">
      <source m_id="23391" />
      <target m_id="23394" />
    </PLOT_LINK>
    <PLOT_LINK r_id="1123" SIGNAL="" relType="causation" CAUSES="FALSE" CAUSED_BY="FALSE">
      <source m_id="23391" />
      <target m_id="23395" />
    </PLOT_LINK>
  </Relations>
</Document>