<?xml version="1.0" encoding="UTF-8"?>
<Document doc_name="3403_ecbplus.xml.xml">
  <token t_id="1" sentence="0" number="0"> </token>
  <token t_id="2" sentence="0" number="1">索</token>
  <token t_id="3" sentence="0" number="2">马</token>
  <token t_id="4" sentence="0" number="3">里</token>
  <token t_id="5" sentence="0" number="4">警</token>
  <token t_id="6" sentence="0" number="5">方</token>
  <token t_id="7" sentence="0" number="6">3</token>
  <token t_id="8" sentence="0" number="7">日</token>
  <token t_id="9" sentence="0" number="8">表</token>
  <token t_id="10" sentence="0" number="9">示</token>
  <token t_id="11" sentence="0" number="10">，</token>
  <token t_id="12" sentence="0" number="11">当</token>
  <token t_id="13" sentence="0" number="12">地</token>
  <token t_id="14" sentence="0" number="13">时</token>
  <token t_id="15" sentence="0" number="14">间</token>
  <token t_id="16" sentence="0" number="15">2</token>
  <token t_id="17" sentence="0" number="16">日</token>
  <token t_id="18" sentence="0" number="17">晚</token>
  <token t_id="19" sentence="0" number="18">索</token>
  <token t_id="20" sentence="0" number="19">马</token>
  <token t_id="21" sentence="0" number="20">里</token>
  <token t_id="22" sentence="0" number="21">首</token>
  <token t_id="23" sentence="0" number="22">都</token>
  <token t_id="24" sentence="0" number="23">摩</token>
  <token t_id="25" sentence="0" number="24">加</token>
  <token t_id="26" sentence="0" number="25">迪</token>
  <token t_id="27" sentence="0" number="26">沙</token>
  <token t_id="28" sentence="0" number="27">发</token>
  <token t_id="29" sentence="0" number="28">生</token>
  <token t_id="30" sentence="0" number="29">一</token>
  <token t_id="31" sentence="0" number="30">起</token>
  <token t_id="32" sentence="0" number="31">路</token>
  <token t_id="33" sentence="0" number="32">边</token>
  <token t_id="34" sentence="0" number="33">炸</token>
  <token t_id="35" sentence="0" number="34">弹</token>
  <token t_id="36" sentence="0" number="35">袭</token>
  <token t_id="37" sentence="0" number="36">击</token>
  <token t_id="38" sentence="0" number="37">事</token>
  <token t_id="39" sentence="0" number="38">件</token>
  <token t_id="40" sentence="0" number="39">，</token>
  <token t_id="41" sentence="0" number="40">已</token>
  <token t_id="42" sentence="0" number="41">造</token>
  <token t_id="43" sentence="0" number="42">成</token>
  <token t_id="44" sentence="0" number="43">至</token>
  <token t_id="45" sentence="0" number="44">少</token>
  <token t_id="46" sentence="0" number="45">1</token>
  <token t_id="47" sentence="0" number="46">人</token>
  <token t_id="48" sentence="0" number="47">死</token>
  <token t_id="49" sentence="0" number="48">亡</token>
  <token t_id="50" sentence="0" number="49">、</token>
  <token t_id="51" sentence="0" number="50">7</token>
  <token t_id="52" sentence="0" number="51">人</token>
  <token t_id="53" sentence="0" number="52">受</token>
  <token t_id="54" sentence="0" number="53">伤</token>
  <token t_id="55" sentence="0" number="54">。</token>
  <token t_id="56" sentence="1" number="0">据</token>
  <token t_id="57" sentence="1" number="1">摩</token>
  <token t_id="58" sentence="1" number="2">加</token>
  <token t_id="59" sentence="1" number="3">迪</token>
  <token t_id="60" sentence="1" number="4">沙</token>
  <token t_id="61" sentence="1" number="5">警</token>
  <token t_id="62" sentence="1" number="6">官</token>
  <token t_id="63" sentence="1" number="7">侯</token>
  <token t_id="64" sentence="1" number="8">赛</token>
  <token t_id="65" sentence="1" number="9">因</token>
  <token t_id="66" sentence="1" number="10">·</token>
  <token t_id="67" sentence="1" number="11">穆</token>
  <token t_id="68" sentence="1" number="12">罕</token>
  <token t_id="69" sentence="1" number="13">默</token>
  <token t_id="70" sentence="1" number="14">德</token>
  <token t_id="71" sentence="1" number="15">透</token>
  <token t_id="72" sentence="1" number="16">露</token>
  <token t_id="73" sentence="1" number="17">，</token>
  <token t_id="74" sentence="1" number="18">爆</token>
  <token t_id="75" sentence="1" number="19">炸</token>
  <token t_id="76" sentence="1" number="20">发</token>
  <token t_id="77" sentence="1" number="21">生</token>
  <token t_id="78" sentence="1" number="22">在</token>
  <token t_id="79" sentence="1" number="23">霍</token>
  <token t_id="80" sentence="1" number="24">丹</token>
  <token t_id="81" sentence="1" number="25">区</token>
  <token t_id="82" sentence="1" number="26">一</token>
  <token t_id="83" sentence="1" number="27">个</token>
  <token t_id="84" sentence="1" number="28">路</token>
  <token t_id="85" sentence="1" number="29">口</token>
  <token t_id="86" sentence="1" number="30">附</token>
  <token t_id="87" sentence="1" number="31">近</token>
  <token t_id="88" sentence="1" number="32">，</token>
  <token t_id="89" sentence="1" number="33">一</token>
  <token t_id="90" sentence="1" number="34">名</token>
  <token t_id="91" sentence="1" number="35">平</token>
  <token t_id="92" sentence="1" number="36">民</token>
  <token t_id="93" sentence="1" number="37">在</token>
  <token t_id="94" sentence="1" number="38">爆</token>
  <token t_id="95" sentence="1" number="39">炸</token>
  <token t_id="96" sentence="1" number="40">中</token>
  <token t_id="97" sentence="1" number="41">当</token>
  <token t_id="98" sentence="1" number="42">场</token>
  <token t_id="99" sentence="1" number="43">死</token>
  <token t_id="100" sentence="1" number="44">亡</token>
  <token t_id="101" sentence="1" number="45">。</token>
  <token t_id="102" sentence="2" number="0">警</token>
  <token t_id="103" sentence="2" number="1">方</token>
  <token t_id="104" sentence="2" number="2">已</token>
  <token t_id="105" sentence="2" number="3">对</token>
  <token t_id="106" sentence="2" number="4">爆</token>
  <token t_id="107" sentence="2" number="5">炸</token>
  <token t_id="108" sentence="2" number="6">事</token>
  <token t_id="109" sentence="2" number="7">件</token>
  <token t_id="110" sentence="2" number="8">原</token>
  <token t_id="111" sentence="2" number="9">因</token>
  <token t_id="112" sentence="2" number="10">展</token>
  <token t_id="113" sentence="2" number="11">开</token>
  <token t_id="114" sentence="2" number="12">调</token>
  <token t_id="115" sentence="2" number="13">查</token>
  <token t_id="116" sentence="2" number="14">。</token>
  <token t_id="117" sentence="3" number="0">目</token>
  <token t_id="118" sentence="3" number="1">前</token>
  <token t_id="119" sentence="3" number="2">尚</token>
  <token t_id="120" sentence="3" number="3">无</token>
  <token t_id="121" sentence="3" number="4">任</token>
  <token t_id="122" sentence="3" number="5">何</token>
  <token t_id="123" sentence="3" number="6">组</token>
  <token t_id="124" sentence="3" number="7">织</token>
  <token t_id="125" sentence="3" number="8">宣</token>
  <token t_id="126" sentence="3" number="9">称</token>
  <token t_id="127" sentence="3" number="10">制</token>
  <token t_id="128" sentence="3" number="11">造</token>
  <token t_id="129" sentence="3" number="12">了</token>
  <token t_id="130" sentence="3" number="13">这</token>
  <token t_id="131" sentence="3" number="14">起</token>
  <token t_id="132" sentence="3" number="15">袭</token>
  <token t_id="133" sentence="3" number="16">击</token>
  <token t_id="134" sentence="3" number="17">。</token>
  <token t_id="135" sentence="4" number="0">有</token>
  <token t_id="136" sentence="4" number="1">分</token>
  <token t_id="137" sentence="4" number="2">析</token>
  <token t_id="138" sentence="4" number="3">人</token>
  <token t_id="139" sentence="4" number="4">士</token>
  <token t_id="140" sentence="4" number="5">认</token>
  <token t_id="141" sentence="4" number="6">为</token>
  <token t_id="142" sentence="4" number="7">，</token>
  <token t_id="143" sentence="4" number="8">索</token>
  <token t_id="144" sentence="4" number="9">马</token>
  <token t_id="145" sentence="4" number="10">里</token>
  <token t_id="146" sentence="4" number="11">“</token>
  <token t_id="147" sentence="4" number="12">青</token>
  <token t_id="148" sentence="4" number="13">年</token>
  <token t_id="149" sentence="4" number="14">党</token>
  <token t_id="150" sentence="4" number="15">”</token>
  <token t_id="151" sentence="4" number="16">经</token>
  <token t_id="152" sentence="4" number="17">常</token>
  <token t_id="153" sentence="4" number="18">发</token>
  <token t_id="154" sentence="4" number="19">动</token>
  <token t_id="155" sentence="4" number="20">类</token>
  <token t_id="156" sentence="4" number="21">似</token>
  <token t_id="157" sentence="4" number="22">袭</token>
  <token t_id="158" sentence="4" number="23">击</token>
  <token t_id="159" sentence="4" number="24">。</token>
  <token t_id="160" sentence="5" number="0">索</token>
  <token t_id="161" sentence="5" number="1">马</token>
  <token t_id="162" sentence="5" number="2">里</token>
  <token t_id="163" sentence="5" number="3">“</token>
  <token t_id="164" sentence="5" number="4">青</token>
  <token t_id="165" sentence="5" number="5">年</token>
  <token t_id="166" sentence="5" number="6">党</token>
  <token t_id="167" sentence="5" number="7">”</token>
  <token t_id="168" sentence="5" number="8">是</token>
  <token t_id="169" sentence="5" number="9">与</token>
  <token t_id="170" sentence="5" number="10">“</token>
  <token t_id="171" sentence="5" number="11">基</token>
  <token t_id="172" sentence="5" number="12">地</token>
  <token t_id="173" sentence="5" number="13">”</token>
  <token t_id="174" sentence="5" number="14">组</token>
  <token t_id="175" sentence="5" number="15">织</token>
  <token t_id="176" sentence="5" number="16">有</token>
  <token t_id="177" sentence="5" number="17">关</token>
  <token t_id="178" sentence="5" number="18">联</token>
  <token t_id="179" sentence="5" number="19">的</token>
  <token t_id="180" sentence="5" number="20">极</token>
  <token t_id="181" sentence="5" number="21">端</token>
  <token t_id="182" sentence="5" number="22">组</token>
  <token t_id="183" sentence="5" number="23">织</token>
  <token t_id="184" sentence="5" number="24">，</token>
  <token t_id="185" sentence="5" number="25">近</token>
  <token t_id="186" sentence="5" number="26">年</token>
  <token t_id="187" sentence="5" number="27">来</token>
  <token t_id="188" sentence="5" number="28">在</token>
  <token t_id="189" sentence="5" number="29">索</token>
  <token t_id="190" sentence="5" number="30">马</token>
  <token t_id="191" sentence="5" number="31">里</token>
  <token t_id="192" sentence="5" number="32">及</token>
  <token t_id="193" sentence="5" number="33">其</token>
  <token t_id="194" sentence="5" number="34">邻</token>
  <token t_id="195" sentence="5" number="35">国</token>
  <token t_id="196" sentence="5" number="36">多</token>
  <token t_id="197" sentence="5" number="37">次</token>
  <token t_id="198" sentence="5" number="38">发</token>
  <token t_id="199" sentence="5" number="39">动</token>
  <token t_id="200" sentence="5" number="40">恐</token>
  <token t_id="201" sentence="5" number="41">怖</token>
  <token t_id="202" sentence="5" number="42">袭</token>
  <token t_id="203" sentence="5" number="43">击</token>
  <token t_id="204" sentence="5" number="44">，</token>
  <token t_id="205" sentence="5" number="45">造</token>
  <token t_id="206" sentence="5" number="46">成</token>
  <token t_id="207" sentence="5" number="47">大</token>
  <token t_id="208" sentence="5" number="48">量</token>
  <token t_id="209" sentence="5" number="49">人</token>
  <token t_id="210" sentence="5" number="50">员</token>
  <token t_id="211" sentence="5" number="51">伤</token>
  <token t_id="212" sentence="5" number="52">亡</token>
  <Markables>
    <ACTION m_id="40791" comment="">
      <token_anchor t_id="9" />
      <token_anchor t_id="10" />
    </ACTION>
    <ACTION m_id="40792" comment="">
      <token_anchor t_id="34" />
      <token_anchor t_id="35" />
      <token_anchor t_id="36" />
      <token_anchor t_id="37" />
      <token_anchor t_id="38" />
      <token_anchor t_id="39" />
    </ACTION>
    <ACTION m_id="40793" comment="">
      <token_anchor t_id="48" />
      <token_anchor t_id="49" />
    </ACTION>
    <ACTION m_id="40794" comment="">
      <token_anchor t_id="53" />
      <token_anchor t_id="54" />
    </ACTION>
    <ACTION m_id="40795" comment="">
      <token_anchor t_id="71" />
      <token_anchor t_id="72" />
    </ACTION>
    <ACTION m_id="40796" comment="">
      <token_anchor t_id="74" />
      <token_anchor t_id="75" />
    </ACTION>
    <ACTION m_id="40797" comment="">
      <token_anchor t_id="99" />
      <token_anchor t_id="100" />
    </ACTION>
    <ACTION m_id="40798" comment="">
      <token_anchor t_id="114" />
      <token_anchor t_id="115" />
    </ACTION>
    <ACTION_CAUSATIVE m_id="40799" comment="">
      <token_anchor t_id="42" />
      <token_anchor t_id="43" />
    </ACTION_CAUSATIVE>
    <ACTION_CAUSATIVE m_id="40800" comment="">
      <token_anchor t_id="205" />
      <token_anchor t_id="206" />
    </ACTION_CAUSATIVE>
    <ACTION m_id="40801" comment="">
      <token_anchor t_id="123" />
      <token_anchor t_id="124" />
    </ACTION>
    <ACTION m_id="40802" comment="">
      <token_anchor t_id="127" />
      <token_anchor t_id="128" />
    </ACTION>
    <ACTION m_id="40804" comment="">
      <token_anchor t_id="140" />
      <token_anchor t_id="141" />
    </ACTION>
    <ACTION m_id="40805" comment="">
      <token_anchor t_id="153" />
      <token_anchor t_id="154" />
    </ACTION>
    <ACTION m_id="40807" comment="">
      <token_anchor t_id="198" />
      <token_anchor t_id="199" />
    </ACTION>
    <ACTION m_id="40809" comment="">
      <token_anchor t_id="211" />
      <token_anchor t_id="212" />
    </ACTION>
  </Markables>
  <Relations>
    <PLOT_LINK r_id="4182" SIGNAL="" relType="causation" CAUSES="FALSE" CAUSED_BY="FALSE">
      <source m_id="40792" />
      <target m_id="40793" />
    </PLOT_LINK>
    <PLOT_LINK r_id="4183" SIGNAL="" relType="causation" CAUSES="FALSE" CAUSED_BY="FALSE">
      <source m_id="40792" />
      <target m_id="40794" />
    </PLOT_LINK>
    <PLOT_LINK r_id="4184" SIGNAL="" relType="causation" CAUSES="FALSE" CAUSED_BY="FALSE">
      <source m_id="40796" />
      <target m_id="40797" />
    </PLOT_LINK>
    <PLOT_LINK r_id="4185" SIGNAL="" relType="causation" CAUSES="FALSE" CAUSED_BY="FALSE">
      <source m_id="40807" />
      <target m_id="40809" />
    </PLOT_LINK>
  </Relations>
</Document>