<?xml version="1.0" encoding="UTF-8"?>
<Document doc_name="3412_ecbplus.xml.xml">
  <token t_id="1" sentence="0" number="0">新</token>
  <token t_id="2" sentence="0" number="1">华</token>
  <token t_id="3" sentence="0" number="2">社</token>
  <token t_id="4" sentence="0" number="3">洛</token>
  <token t_id="5" sentence="0" number="4">美</token>
  <token t_id="6" sentence="0" number="5">1</token>
  <token t_id="7" sentence="0" number="6">1</token>
  <token t_id="8" sentence="0" number="7">月</token>
  <token t_id="9" sentence="0" number="8">2</token>
  <token t_id="10" sentence="0" number="9">日</token>
  <token t_id="11" sentence="0" number="10">电</token>
  <token t_id="12" sentence="0" number="11">（</token>
  <token t_id="13" sentence="0" number="12">记</token>
  <token t_id="14" sentence="0" number="13">者</token>
  <token t_id="15" sentence="0" number="14">田</token>
  <token t_id="16" sentence="0" number="15">耘</token>
  <token t_id="17" sentence="0" number="16">）</token>
  <token t_id="18" sentence="0" number="17">瓦</token>
  <token t_id="19" sentence="0" number="18">加</token>
  <token t_id="20" sentence="0" number="19">杜</token>
  <token t_id="21" sentence="0" number="20">古</token>
  <token t_id="22" sentence="0" number="21">消</token>
  <token t_id="23" sentence="0" number="22">息</token>
  <token t_id="24" sentence="0" number="23">：</token>
  <token t_id="25" sentence="0" number="24">布</token>
  <token t_id="26" sentence="0" number="25">基</token>
  <token t_id="27" sentence="0" number="26">纳</token>
  <token t_id="28" sentence="0" number="27">法</token>
  <token t_id="29" sentence="0" number="28">索</token>
  <token t_id="30" sentence="0" number="29">北</token>
  <token t_id="31" sentence="0" number="30">部</token>
  <token t_id="32" sentence="0" number="31">萨</token>
  <token t_id="33" sentence="0" number="32">赫</token>
  <token t_id="34" sentence="0" number="33">勒</token>
  <token t_id="35" sentence="0" number="34">地</token>
  <token t_id="36" sentence="0" number="35">区</token>
  <token t_id="37" sentence="0" number="36">1</token>
  <token t_id="38" sentence="0" number="37">日</token>
  <token t_id="39" sentence="0" number="38">发</token>
  <token t_id="40" sentence="0" number="39">生</token>
  <token t_id="41" sentence="0" number="40">一</token>
  <token t_id="42" sentence="0" number="41">起</token>
  <token t_id="43" sentence="0" number="42">袭</token>
  <token t_id="44" sentence="0" number="43">击</token>
  <token t_id="45" sentence="0" number="44">事</token>
  <token t_id="46" sentence="0" number="45">件</token>
  <token t_id="47" sentence="0" number="46">，</token>
  <token t_id="48" sentence="0" number="47">造</token>
  <token t_id="49" sentence="0" number="48">成</token>
  <token t_id="50" sentence="0" number="49">1</token>
  <token t_id="51" sentence="0" number="50">0</token>
  <token t_id="52" sentence="0" number="51">余</token>
  <token t_id="53" sentence="0" number="52">名</token>
  <token t_id="54" sentence="0" number="53">平</token>
  <token t_id="55" sentence="0" number="54">民</token>
  <token t_id="56" sentence="0" number="55">死</token>
  <token t_id="57" sentence="0" number="56">亡</token>
  <token t_id="58" sentence="0" number="57">。</token>
  <token t_id="59" sentence="1" number="0">据</token>
  <token t_id="60" sentence="1" number="1">布</token>
  <token t_id="61" sentence="1" number="2">基</token>
  <token t_id="62" sentence="1" number="3">纳</token>
  <token t_id="63" sentence="1" number="4">法</token>
  <token t_id="64" sentence="1" number="5">索</token>
  <token t_id="65" sentence="1" number="6">通</token>
  <token t_id="66" sentence="1" number="7">讯</token>
  <token t_id="67" sentence="1" number="8">社</token>
  <token t_id="68" sentence="1" number="9">消</token>
  <token t_id="69" sentence="1" number="10">息</token>
  <token t_id="70" sentence="1" number="11">，</token>
  <token t_id="71" sentence="1" number="12">1</token>
  <token t_id="72" sentence="1" number="13">日</token>
  <token t_id="73" sentence="1" number="14">清</token>
  <token t_id="74" sentence="1" number="15">晨</token>
  <token t_id="75" sentence="1" number="16">，</token>
  <token t_id="76" sentence="1" number="17">该</token>
  <token t_id="77" sentence="1" number="18">国</token>
  <token t_id="78" sentence="1" number="19">乌</token>
  <token t_id="79" sentence="1" number="20">达</token>
  <token t_id="80" sentence="1" number="21">兰</token>
  <token t_id="81" sentence="1" number="22">省</token>
  <token t_id="82" sentence="1" number="23">一</token>
  <token t_id="83" sentence="1" number="24">村</token>
  <token t_id="84" sentence="1" number="25">庄</token>
  <token t_id="85" sentence="1" number="26">的</token>
  <token t_id="86" sentence="1" number="27">村</token>
  <token t_id="87" sentence="1" number="28">民</token>
  <token t_id="88" sentence="1" number="29">前</token>
  <token t_id="89" sentence="1" number="30">往</token>
  <token t_id="90" sentence="1" number="31">马</token>
  <token t_id="91" sentence="1" number="32">尔</token>
  <token t_id="92" sentence="1" number="33">科</token>
  <token t_id="93" sentence="1" number="34">伊</token>
  <token t_id="94" sentence="1" number="35">镇</token>
  <token t_id="95" sentence="1" number="36">赶</token>
  <token t_id="96" sentence="1" number="37">集</token>
  <token t_id="97" sentence="1" number="38">，</token>
  <token t_id="98" sentence="1" number="39">途</token>
  <token t_id="99" sentence="1" number="40">中</token>
  <token t_id="100" sentence="1" number="41">遭</token>
  <token t_id="101" sentence="1" number="42">遇</token>
  <token t_id="102" sentence="1" number="43">不</token>
  <token t_id="103" sentence="1" number="44">明</token>
  <token t_id="104" sentence="1" number="45">身</token>
  <token t_id="105" sentence="1" number="46">份</token>
  <token t_id="106" sentence="1" number="47">武</token>
  <token t_id="107" sentence="1" number="48">装</token>
  <token t_id="108" sentence="1" number="49">分</token>
  <token t_id="109" sentence="1" number="50">子</token>
  <token t_id="110" sentence="1" number="51">袭</token>
  <token t_id="111" sentence="1" number="52">击</token>
  <token t_id="112" sentence="1" number="53">，</token>
  <token t_id="113" sentence="1" number="54">1</token>
  <token t_id="114" sentence="1" number="55">0</token>
  <token t_id="115" sentence="1" number="56">余</token>
  <token t_id="116" sentence="1" number="57">名</token>
  <token t_id="117" sentence="1" number="58">平</token>
  <token t_id="118" sentence="1" number="59">民</token>
  <token t_id="119" sentence="1" number="60">在</token>
  <token t_id="120" sentence="1" number="61">袭</token>
  <token t_id="121" sentence="1" number="62">击</token>
  <token t_id="122" sentence="1" number="63">中</token>
  <token t_id="123" sentence="1" number="64">死</token>
  <token t_id="124" sentence="1" number="65">亡</token>
  <token t_id="125" sentence="1" number="66">，</token>
  <token t_id="126" sentence="1" number="67">另</token>
  <token t_id="127" sentence="1" number="68">有</token>
  <token t_id="128" sentence="1" number="69">4</token>
  <token t_id="129" sentence="1" number="70">名</token>
  <token t_id="130" sentence="1" number="71">平</token>
  <token t_id="131" sentence="1" number="72">民</token>
  <token t_id="132" sentence="1" number="73">被</token>
  <token t_id="133" sentence="1" number="74">绑</token>
  <token t_id="134" sentence="1" number="75">架</token>
  <token t_id="135" sentence="1" number="76">。</token>
  <token t_id="136" sentence="2" number="0">一</token>
  <token t_id="137" sentence="2" number="1">名</token>
  <token t_id="138" sentence="2" number="2">当</token>
  <token t_id="139" sentence="2" number="3">地</token>
  <token t_id="140" sentence="2" number="4">官</token>
  <token t_id="141" sentence="2" number="5">员</token>
  <token t_id="142" sentence="2" number="6">说</token>
  <token t_id="143" sentence="2" number="7">，</token>
  <token t_id="144" sentence="2" number="8">遇</token>
  <token t_id="145" sentence="2" number="9">难</token>
  <token t_id="146" sentence="2" number="10">者</token>
  <token t_id="147" sentence="2" number="11">中</token>
  <token t_id="148" sentence="2" number="12">有</token>
  <token t_id="149" sentence="2" number="13">一</token>
  <token t_id="150" sentence="2" number="14">名</token>
  <token t_id="151" sentence="2" number="15">尼</token>
  <token t_id="152" sentence="2" number="16">日</token>
  <token t_id="153" sentence="2" number="17">尔</token>
  <token t_id="154" sentence="2" number="18">公</token>
  <token t_id="155" sentence="2" number="19">民</token>
  <token t_id="156" sentence="2" number="20">。</token>
  <token t_id="157" sentence="3" number="0">马</token>
  <token t_id="158" sentence="3" number="1">尔</token>
  <token t_id="159" sentence="3" number="2">科</token>
  <token t_id="160" sentence="3" number="3">伊</token>
  <token t_id="161" sentence="3" number="4">镇</token>
  <token t_id="162" sentence="3" number="5">位</token>
  <token t_id="163" sentence="3" number="6">于</token>
  <token t_id="164" sentence="3" number="7">布</token>
  <token t_id="165" sentence="3" number="8">基</token>
  <token t_id="166" sentence="3" number="9">纳</token>
  <token t_id="167" sentence="3" number="10">法</token>
  <token t_id="168" sentence="3" number="11">索</token>
  <token t_id="169" sentence="3" number="12">与</token>
  <token t_id="170" sentence="3" number="13">尼</token>
  <token t_id="171" sentence="3" number="14">日</token>
  <token t_id="172" sentence="3" number="15">尔</token>
  <token t_id="173" sentence="3" number="16">、</token>
  <token t_id="174" sentence="3" number="17">马</token>
  <token t_id="175" sentence="3" number="18">里</token>
  <token t_id="176" sentence="3" number="19">三</token>
  <token t_id="177" sentence="3" number="20">国</token>
  <token t_id="178" sentence="3" number="21">交</token>
  <token t_id="179" sentence="3" number="22">界</token>
  <token t_id="180" sentence="3" number="23">处</token>
  <token t_id="181" sentence="3" number="24">，</token>
  <token t_id="182" sentence="3" number="25">曾</token>
  <token t_id="183" sentence="3" number="26">多</token>
  <token t_id="184" sentence="3" number="27">次</token>
  <token t_id="185" sentence="3" number="28">遭</token>
  <token t_id="186" sentence="3" number="29">遇</token>
  <token t_id="187" sentence="3" number="30">恐</token>
  <token t_id="188" sentence="3" number="31">怖</token>
  <token t_id="189" sentence="3" number="32">袭</token>
  <token t_id="190" sentence="3" number="33">击</token>
  <token t_id="191" sentence="3" number="34">。</token>
  <token t_id="192" sentence="4" number="0">今</token>
  <token t_id="193" sentence="4" number="1">年</token>
  <token t_id="194" sentence="4" number="2">2</token>
  <token t_id="195" sentence="4" number="3">月</token>
  <token t_id="196" sentence="4" number="4">1</token>
  <token t_id="197" sentence="4" number="5">8</token>
  <token t_id="198" sentence="4" number="6">日</token>
  <token t_id="199" sentence="4" number="7">，</token>
  <token t_id="200" sentence="4" number="8">一</token>
  <token t_id="201" sentence="4" number="9">辆</token>
  <token t_id="202" sentence="4" number="10">载</token>
  <token t_id="203" sentence="4" number="11">有</token>
  <token t_id="204" sentence="4" number="12">平</token>
  <token t_id="205" sentence="4" number="13">民</token>
  <token t_id="206" sentence="4" number="14">的</token>
  <token t_id="207" sentence="4" number="15">车</token>
  <token t_id="208" sentence="4" number="16">辆</token>
  <token t_id="209" sentence="4" number="17">在</token>
  <token t_id="210" sentence="4" number="18">马</token>
  <token t_id="211" sentence="4" number="19">尔</token>
  <token t_id="212" sentence="4" number="20">科</token>
  <token t_id="213" sentence="4" number="21">伊</token>
  <token t_id="214" sentence="4" number="22">镇</token>
  <token t_id="215" sentence="4" number="23">和</token>
  <token t_id="216" sentence="4" number="24">托</token>
  <token t_id="217" sentence="4" number="25">卡</token>
  <token t_id="218" sentence="4" number="26">邦</token>
  <token t_id="219" sentence="4" number="27">古</token>
  <token t_id="220" sentence="4" number="28">镇</token>
  <token t_id="221" sentence="4" number="29">之</token>
  <token t_id="222" sentence="4" number="30">间</token>
  <token t_id="223" sentence="4" number="31">遭</token>
  <token t_id="224" sentence="4" number="32">到</token>
  <token t_id="225" sentence="4" number="33">身</token>
  <token t_id="226" sentence="4" number="34">份</token>
  <token t_id="227" sentence="4" number="35">不</token>
  <token t_id="228" sentence="4" number="36">明</token>
  <token t_id="229" sentence="4" number="37">的</token>
  <token t_id="230" sentence="4" number="38">武</token>
  <token t_id="231" sentence="4" number="39">装</token>
  <token t_id="232" sentence="4" number="40">分</token>
  <token t_id="233" sentence="4" number="41">子</token>
  <token t_id="234" sentence="4" number="42">袭</token>
  <token t_id="235" sentence="4" number="43">击</token>
  <token t_id="236" sentence="4" number="44">，</token>
  <token t_id="237" sentence="4" number="45">8</token>
  <token t_id="238" sentence="4" number="46">名</token>
  <token t_id="239" sentence="4" number="47">平</token>
  <token t_id="240" sentence="4" number="48">民</token>
  <token t_id="241" sentence="4" number="49">在</token>
  <token t_id="242" sentence="4" number="50">袭</token>
  <token t_id="243" sentence="4" number="51">击</token>
  <token t_id="244" sentence="4" number="52">中</token>
  <token t_id="245" sentence="4" number="53">丧</token>
  <token t_id="246" sentence="4" number="54">生</token>
  <Markables>
    <ACTION m_id="40980" comment="">
      <token_anchor t_id="43" />
      <token_anchor t_id="44" />
      <token_anchor t_id="45" />
      <token_anchor t_id="46" />
    </ACTION>
    <ACTION m_id="40981" comment="">
      <token_anchor t_id="56" />
      <token_anchor t_id="57" />
    </ACTION>
    <ACTION m_id="40982" comment="">
      <token_anchor t_id="95" />
      <token_anchor t_id="96" />
    </ACTION>
    <ACTION m_id="40983" comment="">
      <token_anchor t_id="100" />
      <token_anchor t_id="101" />
    </ACTION>
    <ACTION m_id="40985" comment="">
      <token_anchor t_id="123" />
      <token_anchor t_id="124" />
    </ACTION>
    <ACTION m_id="40986" comment="">
      <token_anchor t_id="133" />
      <token_anchor t_id="134" />
    </ACTION>
    <ACTION m_id="40987" comment="">
      <token_anchor t_id="142" />
    </ACTION>
    <ACTION_CAUSATIVE m_id="40988" comment="">
      <token_anchor t_id="48" />
      <token_anchor t_id="49" />
    </ACTION_CAUSATIVE>
    <ACTION m_id="40989" comment="">
      <token_anchor t_id="185" />
      <token_anchor t_id="186" />
    </ACTION>
    <ACTION m_id="40993" comment="">
      <token_anchor t_id="245" />
      <token_anchor t_id="246" />
    </ACTION>
    <ACTION m_id="53426" comment="">
      <token_anchor t_id="223" />
      <token_anchor t_id="224" />
    </ACTION>
  </Markables>
  <Relations>
    <PLOT_LINK r_id="4226" SIGNAL="" relType="causation" CAUSES="FALSE" CAUSED_BY="FALSE">
      <source m_id="40980" />
      <target m_id="40981" />
    </PLOT_LINK>
    <PLOT_LINK r_id="4227" SIGNAL="" relType="causation" CAUSES="FALSE" CAUSED_BY="FALSE">
      <source m_id="40983" />
      <target m_id="40985" />
    </PLOT_LINK>
    <PLOT_LINK r_id="4228" SIGNAL="" relType="causation" CAUSES="FALSE" CAUSED_BY="FALSE">
      <source m_id="40983" />
      <target m_id="40986" />
    </PLOT_LINK>
    <PLOT_LINK r_id="4229" SIGNAL="" relType="causation" CAUSES="FALSE" CAUSED_BY="FALSE">
      <source m_id="53426" />
      <target m_id="40993" />
    </PLOT_LINK>
  </Relations>
</Document>