<?xml version="1.0" encoding="UTF-8"?>
<Document doc_name="3517_ecbplus.xml.xml">
  <token t_id="1" sentence="0" number="0">中</token>
  <token t_id="2" sentence="0" number="1">新</token>
  <token t_id="3" sentence="0" number="2">网</token>
  <token t_id="4" sentence="0" number="3">5</token>
  <token t_id="5" sentence="0" number="4">月</token>
  <token t_id="6" sentence="0" number="5">3</token>
  <token t_id="7" sentence="0" number="6">1</token>
  <token t_id="8" sentence="0" number="7">日</token>
  <token t_id="9" sentence="0" number="8">电</token>
  <token t_id="10" sentence="0" number="9">据</token>
  <token t_id="11" sentence="0" number="10">法</token>
  <token t_id="12" sentence="0" number="11">新</token>
  <token t_id="13" sentence="0" number="12">社</token>
  <token t_id="14" sentence="0" number="13">报</token>
  <token t_id="15" sentence="0" number="14">道</token>
  <token t_id="16" sentence="0" number="15">，</token>
  <token t_id="17" sentence="0" number="16">尼</token>
  <token t_id="18" sentence="0" number="17">日</token>
  <token t_id="19" sentence="0" number="18">利</token>
  <token t_id="20" sentence="0" number="19">亚</token>
  <token t_id="21" sentence="0" number="20">警</token>
  <token t_id="22" sentence="0" number="21">方</token>
  <token t_id="23" sentence="0" number="22">和</token>
  <token t_id="24" sentence="0" number="23">居</token>
  <token t_id="25" sentence="0" number="24">民</token>
  <token t_id="26" sentence="0" number="25">表</token>
  <token t_id="27" sentence="0" number="26">示</token>
  <token t_id="28" sentence="0" number="27">，</token>
  <token t_id="29" sentence="0" number="28">5</token>
  <token t_id="30" sentence="0" number="29">月</token>
  <token t_id="31" sentence="0" number="30">3</token>
  <token t_id="32" sentence="0" number="31">0</token>
  <token t_id="33" sentence="0" number="32">日</token>
  <token t_id="34" sentence="0" number="33">，</token>
  <token t_id="35" sentence="0" number="34">尼</token>
  <token t_id="36" sentence="0" number="35">日</token>
  <token t_id="37" sentence="0" number="36">利</token>
  <token t_id="38" sentence="0" number="37">亚</token>
  <token t_id="39" sentence="0" number="38">中</token>
  <token t_id="40" sentence="0" number="39">部</token>
  <token t_id="41" sentence="0" number="40">尼</token>
  <token t_id="42" sentence="0" number="41">日</token>
  <token t_id="43" sentence="0" number="42">尔</token>
  <token t_id="44" sentence="0" number="43">州</token>
  <token t_id="45" sentence="0" number="44">泰</token>
  <token t_id="46" sentence="0" number="45">吉</token>
  <token t_id="47" sentence="0" number="46">纳</token>
  <token t_id="48" sentence="0" number="47">镇</token>
  <token t_id="49" sentence="0" number="48">遭</token>
  <token t_id="50" sentence="0" number="49">到</token>
  <token t_id="51" sentence="0" number="50">武</token>
  <token t_id="52" sentence="0" number="51">装</token>
  <token t_id="53" sentence="0" number="52">分</token>
  <token t_id="54" sentence="0" number="53">子</token>
  <token t_id="55" sentence="0" number="54">袭</token>
  <token t_id="56" sentence="0" number="55">击</token>
  <token t_id="57" sentence="0" number="56">，</token>
  <token t_id="58" sentence="0" number="57">造</token>
  <token t_id="59" sentence="0" number="58">成</token>
  <token t_id="60" sentence="0" number="59">一</token>
  <token t_id="61" sentence="0" number="60">人</token>
  <token t_id="62" sentence="0" number="61">死</token>
  <token t_id="63" sentence="0" number="62">亡</token>
  <token t_id="64" sentence="0" number="63">。</token>
  <token t_id="65" sentence="1" number="0">另</token>
  <token t_id="66" sentence="1" number="1">外</token>
  <token t_id="67" sentence="1" number="2">，</token>
  <token t_id="68" sentence="1" number="3">该</token>
  <token t_id="69" sentence="1" number="4">地</token>
  <token t_id="70" sentence="1" number="5">一</token>
  <token t_id="71" sentence="1" number="6">所</token>
  <token t_id="72" sentence="1" number="7">学</token>
  <token t_id="73" sentence="1" number="8">校</token>
  <token t_id="74" sentence="1" number="9">有</token>
  <token t_id="75" sentence="1" number="10">数</token>
  <token t_id="76" sentence="1" number="11">量</token>
  <token t_id="77" sentence="1" number="12">不</token>
  <token t_id="78" sentence="1" number="13">明</token>
  <token t_id="79" sentence="1" number="14">的</token>
  <token t_id="80" sentence="1" number="15">学</token>
  <token t_id="81" sentence="1" number="16">生</token>
  <token t_id="82" sentence="1" number="17">被</token>
  <token t_id="83" sentence="1" number="18">绑</token>
  <token t_id="84" sentence="1" number="19">架</token>
  <token t_id="85" sentence="1" number="20">。</token>
  <token t_id="86" sentence="2" number="0">据</token>
  <token t_id="87" sentence="2" number="1">报</token>
  <token t_id="88" sentence="2" number="2">道</token>
  <token t_id="89" sentence="2" number="3">，</token>
  <token t_id="90" sentence="2" number="4">尼</token>
  <token t_id="91" sentence="2" number="5">日</token>
  <token t_id="92" sentence="2" number="6">尔</token>
  <token t_id="93" sentence="2" number="7">州</token>
  <token t_id="94" sentence="2" number="8">警</token>
  <token t_id="95" sentence="2" number="9">方</token>
  <token t_id="96" sentence="2" number="10">发</token>
  <token t_id="97" sentence="2" number="11">言</token>
  <token t_id="98" sentence="2" number="12">人</token>
  <token t_id="99" sentence="2" number="13">表</token>
  <token t_id="100" sentence="2" number="14">示</token>
  <token t_id="101" sentence="2" number="15">，</token>
  <token t_id="102" sentence="2" number="16">袭</token>
  <token t_id="103" sentence="2" number="17">击</token>
  <token t_id="104" sentence="2" number="18">者</token>
  <token t_id="105" sentence="2" number="19">们</token>
  <token t_id="106" sentence="2" number="20">当</token>
  <token t_id="107" sentence="2" number="21">天</token>
  <token t_id="108" sentence="2" number="22">骑</token>
  <token t_id="109" sentence="2" number="23">着</token>
  <token t_id="110" sentence="2" number="24">摩</token>
  <token t_id="111" sentence="2" number="25">托</token>
  <token t_id="112" sentence="2" number="26">车</token>
  <token t_id="113" sentence="2" number="27">来</token>
  <token t_id="114" sentence="2" number="28">到</token>
  <token t_id="115" sentence="2" number="29">泰</token>
  <token t_id="116" sentence="2" number="30">吉</token>
  <token t_id="117" sentence="2" number="31">纳</token>
  <token t_id="118" sentence="2" number="32">镇</token>
  <token t_id="119" sentence="2" number="33">，</token>
  <token t_id="120" sentence="2" number="34">并</token>
  <token t_id="121" sentence="2" number="35">在</token>
  <token t_id="122" sentence="2" number="36">当</token>
  <token t_id="123" sentence="2" number="37">地</token>
  <token t_id="124" sentence="2" number="38">枪</token>
  <token t_id="125" sentence="2" number="39">杀</token>
  <token t_id="126" sentence="2" number="40">一</token>
  <token t_id="127" sentence="2" number="41">位</token>
  <token t_id="128" sentence="2" number="42">居</token>
  <token t_id="129" sentence="2" number="43">民</token>
  <token t_id="130" sentence="2" number="44">、</token>
  <token t_id="131" sentence="2" number="45">打</token>
  <token t_id="132" sentence="2" number="46">伤</token>
  <token t_id="133" sentence="2" number="47">另</token>
  <token t_id="134" sentence="2" number="48">一</token>
  <token t_id="135" sentence="2" number="49">人</token>
  <token t_id="136" sentence="2" number="50">。</token>
  <token t_id="137" sentence="3" number="0">之</token>
  <token t_id="138" sentence="3" number="1">后</token>
  <token t_id="139" sentence="3" number="2">，</token>
  <token t_id="140" sentence="3" number="3">他</token>
  <token t_id="141" sentence="3" number="4">们</token>
  <token t_id="142" sentence="3" number="5">绑</token>
  <token t_id="143" sentence="3" number="6">架</token>
  <token t_id="144" sentence="3" number="7">了</token>
  <token t_id="145" sentence="3" number="8">该</token>
  <token t_id="146" sentence="3" number="9">所</token>
  <token t_id="147" sentence="3" number="10">学</token>
  <token t_id="148" sentence="3" number="11">校</token>
  <token t_id="149" sentence="3" number="12">的</token>
  <token t_id="150" sentence="3" number="13">学</token>
  <token t_id="151" sentence="3" number="14">生</token>
  <token t_id="152" sentence="3" number="15">。</token>
  <token t_id="153" sentence="4" number="0">尼</token>
  <token t_id="154" sentence="4" number="1">日</token>
  <token t_id="155" sentence="4" number="2">尔</token>
  <token t_id="156" sentence="4" number="3">州</token>
  <token t_id="157" sentence="4" number="4">政</token>
  <token t_id="158" sentence="4" number="5">府</token>
  <token t_id="159" sentence="4" number="6">在</token>
  <token t_id="160" sentence="4" number="7">社</token>
  <token t_id="161" sentence="4" number="8">交</token>
  <token t_id="162" sentence="4" number="9">网</token>
  <token t_id="163" sentence="4" number="10">站</token>
  <token t_id="164" sentence="4" number="11">上</token>
  <token t_id="165" sentence="4" number="12">表</token>
  <token t_id="166" sentence="4" number="13">示</token>
  <token t_id="167" sentence="4" number="14">，</token>
  <token t_id="168" sentence="4" number="15">袭</token>
  <token t_id="169" sentence="4" number="16">击</token>
  <token t_id="170" sentence="4" number="17">事</token>
  <token t_id="171" sentence="4" number="18">件</token>
  <token t_id="172" sentence="4" number="19">发</token>
  <token t_id="173" sentence="4" number="20">生</token>
  <token t_id="174" sentence="4" number="21">时</token>
  <token t_id="175" sentence="4" number="22">，</token>
  <token t_id="176" sentence="4" number="23">该</token>
  <token t_id="177" sentence="4" number="24">校</token>
  <token t_id="178" sentence="4" number="25">约</token>
  <token t_id="179" sentence="4" number="26">有</token>
  <token t_id="180" sentence="4" number="27">2</token>
  <token t_id="181" sentence="4" number="28">0</token>
  <token t_id="182" sentence="4" number="29">0</token>
  <token t_id="183" sentence="4" number="30">名</token>
  <token t_id="184" sentence="4" number="31">学</token>
  <token t_id="185" sentence="4" number="32">生</token>
  <token t_id="186" sentence="4" number="33">，</token>
  <token t_id="187" sentence="4" number="34">遭</token>
  <token t_id="188" sentence="4" number="35">绑</token>
  <token t_id="189" sentence="4" number="36">架</token>
  <token t_id="190" sentence="4" number="37">的</token>
  <token t_id="191" sentence="4" number="38">“</token>
  <token t_id="192" sentence="4" number="39">人</token>
  <token t_id="193" sentence="4" number="40">数</token>
  <token t_id="194" sentence="4" number="41">尚</token>
  <token t_id="195" sentence="4" number="42">未</token>
  <token t_id="196" sentence="4" number="43">确</token>
  <token t_id="197" sentence="4" number="44">定</token>
  <token t_id="198" sentence="4" number="45">”</token>
  <token t_id="199" sentence="4" number="46">。</token>
  <token t_id="200" sentence="5" number="0">据</token>
  <token t_id="201" sentence="5" number="1">报</token>
  <token t_id="202" sentence="5" number="2">道</token>
  <token t_id="203" sentence="5" number="3">援</token>
  <token t_id="204" sentence="5" number="4">引</token>
  <token t_id="205" sentence="5" number="5">一</token>
  <token t_id="206" sentence="5" number="6">位</token>
  <token t_id="207" sentence="5" number="7">不</token>
  <token t_id="208" sentence="5" number="8">具</token>
  <token t_id="209" sentence="5" number="9">名</token>
  <token t_id="210" sentence="5" number="10">的</token>
  <token t_id="211" sentence="5" number="11">学</token>
  <token t_id="212" sentence="5" number="12">校</token>
  <token t_id="213" sentence="5" number="13">官</token>
  <token t_id="214" sentence="5" number="14">员</token>
  <token t_id="215" sentence="5" number="15">称</token>
  <token t_id="216" sentence="5" number="16">，</token>
  <token t_id="217" sentence="5" number="17">袭</token>
  <token t_id="218" sentence="5" number="18">击</token>
  <token t_id="219" sentence="5" number="19">者</token>
  <token t_id="220" sentence="5" number="20">最</token>
  <token t_id="221" sentence="5" number="21">初</token>
  <token t_id="222" sentence="5" number="22">带</token>
  <token t_id="223" sentence="5" number="23">走</token>
  <token t_id="224" sentence="5" number="24">了</token>
  <token t_id="225" sentence="5" number="25">超</token>
  <token t_id="226" sentence="5" number="26">1</token>
  <token t_id="227" sentence="5" number="27">0</token>
  <token t_id="228" sentence="5" number="28">0</token>
  <token t_id="229" sentence="5" number="29">名</token>
  <token t_id="230" sentence="5" number="30">学</token>
  <token t_id="231" sentence="5" number="31">生</token>
  <token t_id="232" sentence="5" number="32">，</token>
  <token t_id="233" sentence="5" number="33">“</token>
  <token t_id="234" sentence="5" number="34">但</token>
  <token t_id="235" sentence="5" number="35">后</token>
  <token t_id="236" sentence="5" number="36">来</token>
  <token t_id="237" sentence="5" number="37">，</token>
  <token t_id="238" sentence="5" number="38">他</token>
  <token t_id="239" sentence="5" number="39">们</token>
  <token t_id="240" sentence="5" number="40">把</token>
  <token t_id="241" sentence="5" number="41">那</token>
  <token t_id="242" sentence="5" number="42">些</token>
  <token t_id="243" sentence="5" number="43">他</token>
  <token t_id="244" sentence="5" number="44">们</token>
  <token t_id="245" sentence="5" number="45">认</token>
  <token t_id="246" sentence="5" number="46">为</token>
  <token t_id="247" sentence="5" number="47">年</token>
  <token t_id="248" sentence="5" number="48">龄</token>
  <token t_id="249" sentence="5" number="49">太</token>
  <token t_id="250" sentence="5" number="50">小</token>
  <token t_id="251" sentence="5" number="51">的</token>
  <token t_id="252" sentence="5" number="52">孩</token>
  <token t_id="253" sentence="5" number="53">子</token>
  <token t_id="254" sentence="5" number="54">送</token>
  <token t_id="255" sentence="5" number="55">回</token>
  <token t_id="256" sentence="5" number="56">学</token>
  <token t_id="257" sentence="5" number="57">校</token>
  <token t_id="258" sentence="5" number="58">，</token>
  <token t_id="259" sentence="5" number="59">(</token>
  <token t_id="260" sentence="5" number="60">这</token>
  <token t_id="261" sentence="5" number="61">些</token>
  <token t_id="262" sentence="5" number="62">学</token>
  <token t_id="263" sentence="5" number="63">生</token>
  <token t_id="264" sentence="5" number="64">)</token>
  <token t_id="265" sentence="5" number="65">年</token>
  <token t_id="266" sentence="5" number="66">龄</token>
  <token t_id="267" sentence="5" number="67">在</token>
  <token t_id="268" sentence="5" number="68">4</token>
  <token t_id="269" sentence="5" number="69">岁</token>
  <token t_id="270" sentence="5" number="70">到</token>
  <token t_id="271" sentence="5" number="71">1</token>
  <token t_id="272" sentence="5" number="72">2</token>
  <token t_id="273" sentence="5" number="73">岁</token>
  <token t_id="274" sentence="5" number="74">之</token>
  <token t_id="275" sentence="5" number="75">间</token>
  <token t_id="276" sentence="5" number="76">”</token>
  <token t_id="277" sentence="5" number="77">。</token>
  <token t_id="278" sentence="6" number="0">州</token>
  <token t_id="279" sentence="6" number="1">政</token>
  <token t_id="280" sentence="6" number="2">府</token>
  <token t_id="281" sentence="6" number="3">在</token>
  <token t_id="282" sentence="6" number="4">社</token>
  <token t_id="283" sentence="6" number="5">交</token>
  <token t_id="284" sentence="6" number="6">网</token>
  <token t_id="285" sentence="6" number="7">站</token>
  <token t_id="286" sentence="6" number="8">上</token>
  <token t_id="287" sentence="6" number="9">称</token>
  <token t_id="288" sentence="6" number="10">，</token>
  <token t_id="289" sentence="6" number="11">袭</token>
  <token t_id="290" sentence="6" number="12">击</token>
  <token t_id="291" sentence="6" number="13">者</token>
  <token t_id="292" sentence="6" number="14">们</token>
  <token t_id="293" sentence="6" number="15">释</token>
  <token t_id="294" sentence="6" number="16">放</token>
  <token t_id="295" sentence="6" number="17">了</token>
  <token t_id="296" sentence="6" number="18">1</token>
  <token t_id="297" sentence="6" number="19">1</token>
  <token t_id="298" sentence="6" number="20">名</token>
  <token t_id="299" sentence="6" number="21">“</token>
  <token t_id="300" sentence="6" number="22">太</token>
  <token t_id="301" sentence="6" number="23">小</token>
  <token t_id="302" sentence="6" number="24">，</token>
  <token t_id="303" sentence="6" number="25">不</token>
  <token t_id="304" sentence="6" number="26">能</token>
  <token t_id="305" sentence="6" number="27">走</token>
  <token t_id="306" sentence="6" number="28">远</token>
  <token t_id="307" sentence="6" number="29">路</token>
  <token t_id="308" sentence="6" number="30">”</token>
  <token t_id="309" sentence="6" number="31">的</token>
  <token t_id="310" sentence="6" number="32">学</token>
  <token t_id="311" sentence="6" number="33">生</token>
  <token t_id="312" sentence="6" number="34">。</token>
  <token t_id="313" sentence="7" number="0">近</token>
  <token t_id="314" sentence="7" number="1">几</token>
  <token t_id="315" sentence="7" number="2">个</token>
  <token t_id="316" sentence="7" number="3">月</token>
  <token t_id="317" sentence="7" number="4">来</token>
  <token t_id="318" sentence="7" number="5">，</token>
  <token t_id="319" sentence="7" number="6">尼</token>
  <token t_id="320" sentence="7" number="7">日</token>
  <token t_id="321" sentence="7" number="8">利</token>
  <token t_id="322" sentence="7" number="9">亚</token>
  <token t_id="323" sentence="7" number="10">连</token>
  <token t_id="324" sentence="7" number="11">续</token>
  <token t_id="325" sentence="7" number="12">发</token>
  <token t_id="326" sentence="7" number="13">生</token>
  <token t_id="327" sentence="7" number="14">武</token>
  <token t_id="328" sentence="7" number="15">装</token>
  <token t_id="329" sentence="7" number="16">袭</token>
  <token t_id="330" sentence="7" number="17">击</token>
  <token t_id="331" sentence="7" number="18">事</token>
  <token t_id="332" sentence="7" number="19">件</token>
  <token t_id="333" sentence="7" number="20">，</token>
  <token t_id="334" sentence="7" number="21">其</token>
  <token t_id="335" sentence="7" number="22">中</token>
  <token t_id="336" sentence="7" number="23">包</token>
  <token t_id="337" sentence="7" number="24">括</token>
  <token t_id="338" sentence="7" number="25">多</token>
  <token t_id="339" sentence="7" number="26">起</token>
  <token t_id="340" sentence="7" number="27">针</token>
  <token t_id="341" sentence="7" number="28">对</token>
  <token t_id="342" sentence="7" number="29">学</token>
  <token t_id="343" sentence="7" number="30">生</token>
  <token t_id="344" sentence="7" number="31">的</token>
  <token t_id="345" sentence="7" number="32">绑</token>
  <token t_id="346" sentence="7" number="33">架</token>
  <token t_id="347" sentence="7" number="34">事</token>
  <token t_id="348" sentence="7" number="35">件</token>
  <token t_id="349" sentence="7" number="36">。</token>
  <token t_id="350" sentence="8" number="0">就</token>
  <token t_id="351" sentence="8" number="1">在</token>
  <token t_id="352" sentence="8" number="2">一</token>
  <token t_id="353" sentence="8" number="3">天</token>
  <token t_id="354" sentence="8" number="4">前</token>
  <token t_id="355" sentence="8" number="5">，</token>
  <token t_id="356" sentence="8" number="6">尼</token>
  <token t_id="357" sentence="8" number="7">日</token>
  <token t_id="358" sentence="8" number="8">利</token>
  <token t_id="359" sentence="8" number="9">亚</token>
  <token t_id="360" sentence="8" number="10">西</token>
  <token t_id="361" sentence="8" number="11">北</token>
  <token t_id="362" sentence="8" number="12">部</token>
  <token t_id="363" sentence="8" number="13">一</token>
  <token t_id="364" sentence="8" number="14">所</token>
  <token t_id="365" sentence="8" number="15">大</token>
  <token t_id="366" sentence="8" number="16">学</token>
  <token t_id="367" sentence="8" number="17">的</token>
  <token t_id="368" sentence="8" number="18">1</token>
  <token t_id="369" sentence="8" number="19">4</token>
  <token t_id="370" sentence="8" number="20">名</token>
  <token t_id="371" sentence="8" number="21">学</token>
  <token t_id="372" sentence="8" number="22">生</token>
  <token t_id="373" sentence="8" number="23">，</token>
  <token t_id="374" sentence="8" number="24">在</token>
  <token t_id="375" sentence="8" number="25">被</token>
  <token t_id="376" sentence="8" number="26">囚</token>
  <token t_id="377" sentence="8" number="27">禁</token>
  <token t_id="378" sentence="8" number="28">4</token>
  <token t_id="379" sentence="8" number="29">0</token>
  <token t_id="380" sentence="8" number="30">天</token>
  <token t_id="381" sentence="8" number="31">后</token>
  <token t_id="382" sentence="8" number="32">被</token>
  <token t_id="383" sentence="8" number="33">释</token>
  <token t_id="384" sentence="8" number="34">放</token>
  <Markables>
    <ACTION m_id="43204" comment="">
      <token_anchor t_id="14" />
      <token_anchor t_id="15" />
    </ACTION>
    <ACTION m_id="43205" comment="">
      <token_anchor t_id="26" />
      <token_anchor t_id="27" />
    </ACTION>
    <ACTION m_id="43206" comment="">
      <token_anchor t_id="55" />
      <token_anchor t_id="56" />
    </ACTION>
    <ACTION m_id="43207" comment="">
      <token_anchor t_id="62" />
      <token_anchor t_id="63" />
    </ACTION>
    <ACTION m_id="43208" comment="">
      <token_anchor t_id="83" />
      <token_anchor t_id="84" />
    </ACTION>
    <ACTION m_id="43209" comment="">
      <token_anchor t_id="86" />
      <token_anchor t_id="87" />
      <token_anchor t_id="88" />
    </ACTION>
    <ACTION m_id="43210" comment="">
      <token_anchor t_id="99" />
      <token_anchor t_id="100" />
    </ACTION>
    <ACTION m_id="43211" comment="">
      <token_anchor t_id="108" />
      <token_anchor t_id="109" />
    </ACTION>
    <ACTION m_id="43212" comment="">
      <token_anchor t_id="124" />
      <token_anchor t_id="125" />
    </ACTION>
    <ACTION m_id="43213" comment="">
      <token_anchor t_id="131" />
      <token_anchor t_id="132" />
    </ACTION>
    <ACTION_CAUSATIVE m_id="43214" comment="">
      <token_anchor t_id="58" />
      <token_anchor t_id="59" />
    </ACTION_CAUSATIVE>
    <ACTION m_id="43215" comment="">
      <token_anchor t_id="142" />
      <token_anchor t_id="143" />
    </ACTION>
    <ACTION m_id="43216" comment="">
      <token_anchor t_id="165" />
      <token_anchor t_id="166" />
    </ACTION>
    <ACTION m_id="43217" comment="">
      <token_anchor t_id="168" />
      <token_anchor t_id="169" />
      <token_anchor t_id="170" />
      <token_anchor t_id="171" />
    </ACTION>
    <ACTION m_id="43220" comment="">
      <token_anchor t_id="222" />
      <token_anchor t_id="223" />
      <token_anchor t_id="224" />
    </ACTION>
    <ACTION m_id="43221" comment="">
      <token_anchor t_id="254" />
      <token_anchor t_id="255" />
    </ACTION>
    <ACTION m_id="43222" comment="">
      <token_anchor t_id="287" />
    </ACTION>
    <ACTION m_id="43223" comment="">
      <token_anchor t_id="293" />
      <token_anchor t_id="294" />
    </ACTION>
    <ACTION m_id="43224" comment="">
      <token_anchor t_id="327" />
      <token_anchor t_id="328" />
      <token_anchor t_id="329" />
      <token_anchor t_id="330" />
      <token_anchor t_id="331" />
      <token_anchor t_id="332" />
    </ACTION>
    <ACTION m_id="43225" comment="">
      <token_anchor t_id="345" />
      <token_anchor t_id="346" />
      <token_anchor t_id="347" />
      <token_anchor t_id="348" />
    </ACTION>
    <ACTION m_id="43226" comment="">
      <token_anchor t_id="376" />
      <token_anchor t_id="377" />
    </ACTION>
    <ACTION m_id="43227" comment="">
      <token_anchor t_id="383" />
      <token_anchor t_id="384" />
    </ACTION>
    <ACTION m_id="56144" comment="">
      <token_anchor t_id="245" />
      <token_anchor t_id="246" />
    </ACTION>
  </Markables>
  <Relations>
    <PLOT_LINK r_id="5123" SIGNAL="" relType="causation" CAUSES="FALSE" CAUSED_BY="FALSE">
      <source m_id="43206" />
      <target m_id="43207" />
    </PLOT_LINK>
    <PLOT_LINK r_id="5124" SIGNAL="" relType="causation" CAUSES="FALSE" CAUSED_BY="FALSE">
      <source m_id="56144" />
      <target m_id="43221" />
    </PLOT_LINK>
  </Relations>
</Document>