<?xml version="1.0" encoding="UTF-8"?>
<Document doc_name="3528_ecbplus.xml.xml">
  <token t_id="1" sentence="0" number="0">曼</token>
  <token t_id="2" sentence="0" number="1">谷</token>
  <token t_id="3" sentence="0" number="2">1</token>
  <token t_id="4" sentence="0" number="3">1</token>
  <token t_id="5" sentence="0" number="4">月</token>
  <token t_id="6" sentence="0" number="5">6</token>
  <token t_id="7" sentence="0" number="6">日</token>
  <token t_id="8" sentence="0" number="7">电</token>
  <token t_id="9" sentence="0" number="8">据</token>
  <token t_id="10" sentence="0" number="9">泰</token>
  <token t_id="11" sentence="0" number="10">国</token>
  <token t_id="12" sentence="0" number="11">媒</token>
  <token t_id="13" sentence="0" number="12">体</token>
  <token t_id="14" sentence="0" number="13">6</token>
  <token t_id="15" sentence="0" number="14">日</token>
  <token t_id="16" sentence="0" number="15">报</token>
  <token t_id="17" sentence="0" number="16">道</token>
  <token t_id="18" sentence="0" number="17">，</token>
  <token t_id="19" sentence="0" number="18">泰</token>
  <token t_id="20" sentence="0" number="19">国</token>
  <token t_id="21" sentence="0" number="20">南</token>
  <token t_id="22" sentence="0" number="21">部</token>
  <token t_id="23" sentence="0" number="22">也</token>
  <token t_id="24" sentence="0" number="23">拉</token>
  <token t_id="25" sentence="0" number="24">府</token>
  <token t_id="26" sentence="0" number="25">5</token>
  <token t_id="27" sentence="0" number="26">日</token>
  <token t_id="28" sentence="0" number="27">深</token>
  <token t_id="29" sentence="0" number="28">夜</token>
  <token t_id="30" sentence="0" number="29">发</token>
  <token t_id="31" sentence="0" number="30">生</token>
  <token t_id="32" sentence="0" number="31">武</token>
  <token t_id="33" sentence="0" number="32">装</token>
  <token t_id="34" sentence="0" number="33">袭</token>
  <token t_id="35" sentence="0" number="34">击</token>
  <token t_id="36" sentence="0" number="35">事</token>
  <token t_id="37" sentence="0" number="36">件</token>
  <token t_id="38" sentence="0" number="37">，</token>
  <token t_id="39" sentence="0" number="38">目</token>
  <token t_id="40" sentence="0" number="39">前</token>
  <token t_id="41" sentence="0" number="40">已</token>
  <token t_id="42" sentence="0" number="41">知</token>
  <token t_id="43" sentence="0" number="42">造</token>
  <token t_id="44" sentence="0" number="43">成</token>
  <token t_id="45" sentence="0" number="44">1</token>
  <token t_id="46" sentence="0" number="45">5</token>
  <token t_id="47" sentence="0" number="46">人</token>
  <token t_id="48" sentence="0" number="47">身</token>
  <token t_id="49" sentence="0" number="48">亡</token>
  <token t_id="50" sentence="0" number="49">，</token>
  <token t_id="51" sentence="0" number="50">另</token>
  <token t_id="52" sentence="0" number="51">有</token>
  <token t_id="53" sentence="0" number="52">数</token>
  <token t_id="54" sentence="0" number="53">人</token>
  <token t_id="55" sentence="0" number="54">受</token>
  <token t_id="56" sentence="0" number="55">伤</token>
  <token t_id="57" sentence="0" number="56">。</token>
  <token t_id="58" sentence="1" number="0">事</token>
  <token t_id="59" sentence="1" number="1">件</token>
  <token t_id="60" sentence="1" number="2">发</token>
  <token t_id="61" sentence="1" number="3">生</token>
  <token t_id="62" sentence="1" number="4">于</token>
  <token t_id="63" sentence="1" number="5">当</token>
  <token t_id="64" sentence="1" number="6">地</token>
  <token t_id="65" sentence="1" number="7">时</token>
  <token t_id="66" sentence="1" number="8">间</token>
  <token t_id="67" sentence="1" number="9">5</token>
  <token t_id="68" sentence="1" number="10">日</token>
  <token t_id="69" sentence="1" number="11">2</token>
  <token t_id="70" sentence="1" number="12">3</token>
  <token t_id="71" sentence="1" number="13">时</token>
  <token t_id="72" sentence="1" number="14">2</token>
  <token t_id="73" sentence="1" number="15">0</token>
  <token t_id="74" sentence="1" number="16">分</token>
  <token t_id="75" sentence="1" number="17">左</token>
  <token t_id="76" sentence="1" number="18">右</token>
  <token t_id="77" sentence="1" number="19">，</token>
  <token t_id="78" sentence="1" number="20">据</token>
  <token t_id="79" sentence="1" number="21">信</token>
  <token t_id="80" sentence="1" number="22">至</token>
  <token t_id="81" sentence="1" number="23">少</token>
  <token t_id="82" sentence="1" number="24">有</token>
  <token t_id="83" sentence="1" number="25">1</token>
  <token t_id="84" sentence="1" number="26">0</token>
  <token t_id="85" sentence="1" number="27">名</token>
  <token t_id="86" sentence="1" number="28">武</token>
  <token t_id="87" sentence="1" number="29">装</token>
  <token t_id="88" sentence="1" number="30">分</token>
  <token t_id="89" sentence="1" number="31">子</token>
  <token t_id="90" sentence="1" number="32">袭</token>
  <token t_id="91" sentence="1" number="33">击</token>
  <token t_id="92" sentence="1" number="34">了</token>
  <token t_id="93" sentence="1" number="35">当</token>
  <token t_id="94" sentence="1" number="36">地</token>
  <token t_id="95" sentence="1" number="37">一</token>
  <token t_id="96" sentence="1" number="38">处</token>
  <token t_id="97" sentence="1" number="39">检</token>
  <token t_id="98" sentence="1" number="40">查</token>
  <token t_id="99" sentence="1" number="41">站</token>
  <token t_id="100" sentence="1" number="42">，</token>
  <token t_id="101" sentence="1" number="43">造</token>
  <token t_id="102" sentence="1" number="44">成</token>
  <token t_id="103" sentence="1" number="45">包</token>
  <token t_id="104" sentence="1" number="46">括</token>
  <token t_id="105" sentence="1" number="47">警</token>
  <token t_id="106" sentence="1" number="48">察</token>
  <token t_id="107" sentence="1" number="49">、</token>
  <token t_id="108" sentence="1" number="50">国</token>
  <token t_id="109" sentence="1" number="51">防</token>
  <token t_id="110" sentence="1" number="52">志</token>
  <token t_id="111" sentence="1" number="53">愿</token>
  <token t_id="112" sentence="1" number="54">者</token>
  <token t_id="113" sentence="1" number="55">和</token>
  <token t_id="114" sentence="1" number="56">当</token>
  <token t_id="115" sentence="1" number="57">地</token>
  <token t_id="116" sentence="1" number="58">居</token>
  <token t_id="117" sentence="1" number="59">民</token>
  <token t_id="118" sentence="1" number="60">在</token>
  <token t_id="119" sentence="1" number="61">内</token>
  <token t_id="120" sentence="1" number="62">的</token>
  <token t_id="121" sentence="1" number="63">1</token>
  <token t_id="122" sentence="1" number="64">5</token>
  <token t_id="123" sentence="1" number="65">人</token>
  <token t_id="124" sentence="1" number="66">遇</token>
  <token t_id="125" sentence="1" number="67">难</token>
  <token t_id="126" sentence="1" number="68">，</token>
  <token t_id="127" sentence="1" number="69">另</token>
  <token t_id="128" sentence="1" number="70">有</token>
  <token t_id="129" sentence="1" number="71">数</token>
  <token t_id="130" sentence="1" number="72">名</token>
  <token t_id="131" sentence="1" number="73">伤</token>
  <token t_id="132" sentence="1" number="74">者</token>
  <token t_id="133" sentence="1" number="75">被</token>
  <token t_id="134" sentence="1" number="76">救</token>
  <token t_id="135" sentence="1" number="77">护</token>
  <token t_id="136" sentence="1" number="78">人</token>
  <token t_id="137" sentence="1" number="79">员</token>
  <token t_id="138" sentence="1" number="80">送</token>
  <token t_id="139" sentence="1" number="81">往</token>
  <token t_id="140" sentence="1" number="82">医</token>
  <token t_id="141" sentence="1" number="83">院</token>
  <token t_id="142" sentence="1" number="84">救</token>
  <token t_id="143" sentence="1" number="85">治</token>
  <token t_id="144" sentence="1" number="86">。</token>
  <token t_id="145" sentence="2" number="0">警</token>
  <token t_id="146" sentence="2" number="1">方</token>
  <token t_id="147" sentence="2" number="2">称</token>
  <token t_id="148" sentence="2" number="3">，</token>
  <token t_id="149" sentence="2" number="4">武</token>
  <token t_id="150" sentence="2" number="5">装</token>
  <token t_id="151" sentence="2" number="6">分</token>
  <token t_id="152" sentence="2" number="7">子</token>
  <token t_id="153" sentence="2" number="8">在</token>
  <token t_id="154" sentence="2" number="9">袭</token>
  <token t_id="155" sentence="2" number="10">击</token>
  <token t_id="156" sentence="2" number="11">后</token>
  <token t_id="157" sentence="2" number="12">还</token>
  <token t_id="158" sentence="2" number="13">带</token>
  <token t_id="159" sentence="2" number="14">走</token>
  <token t_id="160" sentence="2" number="15">了</token>
  <token t_id="161" sentence="2" number="16">现</token>
  <token t_id="162" sentence="2" number="17">场</token>
  <token t_id="163" sentence="2" number="18">的</token>
  <token t_id="164" sentence="2" number="19">数</token>
  <token t_id="165" sentence="2" number="20">支</token>
  <token t_id="166" sentence="2" number="21">长</token>
  <token t_id="167" sentence="2" number="22">枪</token>
  <token t_id="168" sentence="2" number="23">和</token>
  <token t_id="169" sentence="2" number="24">手</token>
  <token t_id="170" sentence="2" number="25">枪</token>
  <token t_id="171" sentence="2" number="26">，</token>
  <token t_id="172" sentence="2" number="27">并</token>
  <token t_id="173" sentence="2" number="28">在</token>
  <token t_id="174" sentence="2" number="29">附</token>
  <token t_id="175" sentence="2" number="30">近</token>
  <token t_id="176" sentence="2" number="31">道</token>
  <token t_id="177" sentence="2" number="32">路</token>
  <token t_id="178" sentence="2" number="33">上</token>
  <token t_id="179" sentence="2" number="34">撒</token>
  <token t_id="180" sentence="2" number="35">下</token>
  <token t_id="181" sentence="2" number="36">路</token>
  <token t_id="182" sentence="2" number="37">钉</token>
  <token t_id="183" sentence="2" number="38">、</token>
  <token t_id="184" sentence="2" number="39">放</token>
  <token t_id="185" sentence="2" number="40">火</token>
  <token t_id="186" sentence="2" number="41">焚</token>
  <token t_id="187" sentence="2" number="42">烧</token>
  <token t_id="188" sentence="2" number="43">轮</token>
  <token t_id="189" sentence="2" number="44">胎</token>
  <token t_id="190" sentence="2" number="45">、</token>
  <token t_id="191" sentence="2" number="46">砍</token>
  <token t_id="192" sentence="2" number="47">倒</token>
  <token t_id="193" sentence="2" number="48">路</token>
  <token t_id="194" sentence="2" number="49">旁</token>
  <token t_id="195" sentence="2" number="50">树</token>
  <token t_id="196" sentence="2" number="51">木</token>
  <token t_id="197" sentence="2" number="52">并</token>
  <token t_id="198" sentence="2" number="53">炸</token>
  <token t_id="199" sentence="2" number="54">毁</token>
  <token t_id="200" sentence="2" number="55">电</token>
  <token t_id="201" sentence="2" number="56">线</token>
  <token t_id="202" sentence="2" number="57">杆</token>
  <token t_id="203" sentence="2" number="58">以</token>
  <token t_id="204" sentence="2" number="59">阻</token>
  <token t_id="205" sentence="2" number="60">止</token>
  <token t_id="206" sentence="2" number="61">军</token>
  <token t_id="207" sentence="2" number="62">警</token>
  <token t_id="208" sentence="2" number="63">追</token>
  <token t_id="209" sentence="2" number="64">击</token>
  <token t_id="210" sentence="2" number="65">。</token>
  <token t_id="211" sentence="3" number="0">大</token>
  <token t_id="212" sentence="3" number="1">约</token>
  <token t_id="213" sentence="3" number="2">在</token>
  <token t_id="214" sentence="3" number="3">同</token>
  <token t_id="215" sentence="3" number="4">一</token>
  <token t_id="216" sentence="3" number="5">时</token>
  <token t_id="217" sentence="3" number="6">间</token>
  <token t_id="218" sentence="3" number="7">，</token>
  <token t_id="219" sentence="3" number="8">当</token>
  <token t_id="220" sentence="3" number="9">地</token>
  <token t_id="221" sentence="3" number="10">另</token>
  <token t_id="222" sentence="3" number="11">外</token>
  <token t_id="223" sentence="3" number="12">两</token>
  <token t_id="224" sentence="3" number="13">个</token>
  <token t_id="225" sentence="3" number="14">检</token>
  <token t_id="226" sentence="3" number="15">查</token>
  <token t_id="227" sentence="3" number="16">站</token>
  <token t_id="228" sentence="3" number="17">也</token>
  <token t_id="229" sentence="3" number="18">遭</token>
  <token t_id="230" sentence="3" number="19">到</token>
  <token t_id="231" sentence="3" number="20">枪</token>
  <token t_id="232" sentence="3" number="21">手</token>
  <token t_id="233" sentence="3" number="22">攻</token>
  <token t_id="234" sentence="3" number="23">击</token>
  <token t_id="235" sentence="3" number="24">，</token>
  <token t_id="236" sentence="3" number="25">但</token>
  <token t_id="237" sentence="3" number="26">目</token>
  <token t_id="238" sentence="3" number="27">前</token>
  <token t_id="239" sentence="3" number="28">尚</token>
  <token t_id="240" sentence="3" number="29">无</token>
  <token t_id="241" sentence="3" number="30">人</token>
  <token t_id="242" sentence="3" number="31">员</token>
  <token t_id="243" sentence="3" number="32">伤</token>
  <token t_id="244" sentence="3" number="33">亡</token>
  <token t_id="245" sentence="3" number="34">的</token>
  <token t_id="246" sentence="3" number="35">报</token>
  <token t_id="247" sentence="3" number="36">道</token>
  <token t_id="248" sentence="3" number="37">。</token>
  <token t_id="249" sentence="4" number="0">泰</token>
  <token t_id="250" sentence="4" number="1">国</token>
  <token t_id="251" sentence="4" number="2">总</token>
  <token t_id="252" sentence="4" number="3">理</token>
  <token t_id="253" sentence="4" number="4">兼</token>
  <token t_id="254" sentence="4" number="5">国</token>
  <token t_id="255" sentence="4" number="6">防</token>
  <token t_id="256" sentence="4" number="7">部</token>
  <token t_id="257" sentence="4" number="8">长</token>
  <token t_id="258" sentence="4" number="9">巴</token>
  <token t_id="259" sentence="4" number="10">育</token>
  <token t_id="260" sentence="4" number="11">6</token>
  <token t_id="261" sentence="4" number="12">日</token>
  <token t_id="262" sentence="4" number="13">对</token>
  <token t_id="263" sentence="4" number="14">遇</token>
  <token t_id="264" sentence="4" number="15">难</token>
  <token t_id="265" sentence="4" number="16">者</token>
  <token t_id="266" sentence="4" number="17">家</token>
  <token t_id="267" sentence="4" number="18">属</token>
  <token t_id="268" sentence="4" number="19">表</token>
  <token t_id="269" sentence="4" number="20">示</token>
  <token t_id="270" sentence="4" number="21">哀</token>
  <token t_id="271" sentence="4" number="22">悼</token>
  <token t_id="272" sentence="4" number="23">，</token>
  <token t_id="273" sentence="4" number="24">要</token>
  <token t_id="274" sentence="4" number="25">求</token>
  <token t_id="275" sentence="4" number="26">当</token>
  <token t_id="276" sentence="4" number="27">地</token>
  <token t_id="277" sentence="4" number="28">相</token>
  <token t_id="278" sentence="4" number="29">关</token>
  <token t_id="279" sentence="4" number="30">部</token>
  <token t_id="280" sentence="4" number="31">门</token>
  <token t_id="281" sentence="4" number="32">做</token>
  <token t_id="282" sentence="4" number="33">好</token>
  <token t_id="283" sentence="4" number="34">救</token>
  <token t_id="284" sentence="4" number="35">治</token>
  <token t_id="285" sentence="4" number="36">和</token>
  <token t_id="286" sentence="4" number="37">抚</token>
  <token t_id="287" sentence="4" number="38">恤</token>
  <token t_id="288" sentence="4" number="39">工</token>
  <token t_id="289" sentence="4" number="40">作</token>
  <token t_id="290" sentence="4" number="41">，</token>
  <token t_id="291" sentence="4" number="42">并</token>
  <token t_id="292" sentence="4" number="43">下</token>
  <token t_id="293" sentence="4" number="44">令</token>
  <token t_id="294" sentence="4" number="45">军</token>
  <token t_id="295" sentence="4" number="46">警</token>
  <token t_id="296" sentence="4" number="47">追</token>
  <token t_id="297" sentence="4" number="48">查</token>
  <token t_id="298" sentence="4" number="49">袭</token>
  <token t_id="299" sentence="4" number="50">击</token>
  <token t_id="300" sentence="4" number="51">者</token>
  <token t_id="301" sentence="4" number="52">及</token>
  <token t_id="302" sentence="4" number="53">背</token>
  <token t_id="303" sentence="4" number="54">后</token>
  <token t_id="304" sentence="4" number="55">团</token>
  <token t_id="305" sentence="4" number="56">伙</token>
  <token t_id="306" sentence="4" number="57">。</token>
  <token t_id="307" sentence="5" number="0">也</token>
  <token t_id="308" sentence="5" number="1">拉</token>
  <token t_id="309" sentence="5" number="2">府</token>
  <token t_id="310" sentence="5" number="3">是</token>
  <token t_id="311" sentence="5" number="4">泰</token>
  <token t_id="312" sentence="5" number="5">国</token>
  <token t_id="313" sentence="5" number="6">南</token>
  <token t_id="314" sentence="5" number="7">疆</token>
  <token t_id="315" sentence="5" number="8">三</token>
  <token t_id="316" sentence="5" number="9">府</token>
  <token t_id="317" sentence="5" number="10">之</token>
  <token t_id="318" sentence="5" number="11">一</token>
  <token t_id="319" sentence="5" number="12">。</token>
  <token t_id="320" sentence="6" number="0">由</token>
  <token t_id="321" sentence="6" number="1">于</token>
  <token t_id="322" sentence="6" number="2">历</token>
  <token t_id="323" sentence="6" number="3">史</token>
  <token t_id="324" sentence="6" number="4">与</token>
  <token t_id="325" sentence="6" number="5">现</token>
  <token t_id="326" sentence="6" number="6">实</token>
  <token t_id="327" sentence="6" number="7">的</token>
  <token t_id="328" sentence="6" number="8">种</token>
  <token t_id="329" sentence="6" number="9">种</token>
  <token t_id="330" sentence="6" number="10">原</token>
  <token t_id="331" sentence="6" number="11">因</token>
  <token t_id="332" sentence="6" number="12">，</token>
  <token t_id="333" sentence="6" number="13">当</token>
  <token t_id="334" sentence="6" number="14">地</token>
  <token t_id="335" sentence="6" number="15">分</token>
  <token t_id="336" sentence="6" number="16">离</token>
  <token t_id="337" sentence="6" number="17">主</token>
  <token t_id="338" sentence="6" number="18">义</token>
  <token t_id="339" sentence="6" number="19">分</token>
  <token t_id="340" sentence="6" number="20">子</token>
  <token t_id="341" sentence="6" number="21">经</token>
  <token t_id="342" sentence="6" number="22">常</token>
  <token t_id="343" sentence="6" number="23">制</token>
  <token t_id="344" sentence="6" number="24">造</token>
  <token t_id="345" sentence="6" number="25">袭</token>
  <token t_id="346" sentence="6" number="26">击</token>
  <token t_id="347" sentence="6" number="27">事</token>
  <token t_id="348" sentence="6" number="28">件</token>
  <token t_id="349" sentence="6" number="29">，</token>
  <token t_id="350" sentence="6" number="30">造</token>
  <token t_id="351" sentence="6" number="31">成</token>
  <token t_id="352" sentence="6" number="32">大</token>
  <token t_id="353" sentence="6" number="33">量</token>
  <token t_id="354" sentence="6" number="34">人</token>
  <token t_id="355" sentence="6" number="35">员</token>
  <token t_id="356" sentence="6" number="36">伤</token>
  <token t_id="357" sentence="6" number="37">亡</token>
  <Markables>
    <ACTION m_id="43423" comment="">
      <token_anchor t_id="16" />
      <token_anchor t_id="17" />
    </ACTION>
    <ACTION m_id="43424" comment="">
      <token_anchor t_id="32" />
      <token_anchor t_id="33" />
      <token_anchor t_id="34" />
      <token_anchor t_id="35" />
      <token_anchor t_id="36" />
      <token_anchor t_id="37" />
    </ACTION>
    <ACTION m_id="43425" comment="">
      <token_anchor t_id="48" />
      <token_anchor t_id="49" />
    </ACTION>
    <ACTION m_id="43426" comment="">
      <token_anchor t_id="55" />
      <token_anchor t_id="56" />
    </ACTION>
    <ACTION m_id="43427" comment="">
      <token_anchor t_id="90" />
      <token_anchor t_id="91" />
    </ACTION>
    <ACTION m_id="43428" comment="">
      <token_anchor t_id="124" />
      <token_anchor t_id="125" />
    </ACTION>
    <ACTION m_id="43429" comment="">
      <token_anchor t_id="138" />
      <token_anchor t_id="139" />
    </ACTION>
    <ACTION m_id="43430" comment="">
      <token_anchor t_id="142" />
      <token_anchor t_id="143" />
    </ACTION>
    <ACTION_CAUSATIVE m_id="43431" comment="">
      <token_anchor t_id="43" />
      <token_anchor t_id="44" />
    </ACTION_CAUSATIVE>
    <ACTION m_id="43432" comment="">
      <token_anchor t_id="78" />
      <token_anchor t_id="79" />
    </ACTION>
    <ACTION m_id="43433" comment="">
      <token_anchor t_id="147" />
    </ACTION>
    <ACTION m_id="43435" comment="">
      <token_anchor t_id="158" />
      <token_anchor t_id="159" />
    </ACTION>
    <ACTION m_id="43436" comment="">
      <token_anchor t_id="179" />
      <token_anchor t_id="180" />
    </ACTION>
    <ACTION m_id="43437" comment="">
      <token_anchor t_id="198" />
      <token_anchor t_id="199" />
    </ACTION>
    <ACTION m_id="43438" comment="">
      <token_anchor t_id="204" />
      <token_anchor t_id="205" />
    </ACTION>
    <ACTION m_id="43442" comment="">
      <token_anchor t_id="270" />
      <token_anchor t_id="271" />
    </ACTION>
    <ACTION m_id="43445" comment="">
      <token_anchor t_id="292" />
      <token_anchor t_id="293" />
    </ACTION>
    <ACTION m_id="43446" comment="">
      <token_anchor t_id="296" />
      <token_anchor t_id="297" />
    </ACTION>
    <ACTION m_id="43447" comment="">
      <token_anchor t_id="343" />
      <token_anchor t_id="344" />
    </ACTION>
    <ACTION m_id="43448" comment="">
      <token_anchor t_id="356" />
      <token_anchor t_id="357" />
    </ACTION>
    <ACTION_CAUSATIVE m_id="43449" comment="">
      <token_anchor t_id="350" />
      <token_anchor t_id="351" />
    </ACTION_CAUSATIVE>
    <ACTION m_id="56155" comment="">
      <token_anchor t_id="186" />
      <token_anchor t_id="187" />
    </ACTION>
    <ACTION m_id="56156" comment="">
      <token_anchor t_id="191" />
      <token_anchor t_id="192" />
    </ACTION>
    <ACTION m_id="56157" comment="">
      <token_anchor t_id="229" />
      <token_anchor t_id="230" />
    </ACTION>
    <ACTION m_id="56158" comment="">
      <token_anchor t_id="281" />
      <token_anchor t_id="282" />
    </ACTION>
  </Markables>
  <Relations>
    <PLOT_LINK r_id="5155" SIGNAL="" relType="causation" CAUSES="FALSE" CAUSED_BY="FALSE">
      <source m_id="43424" />
      <target m_id="43425" />
    </PLOT_LINK>
    <PLOT_LINK r_id="5156" SIGNAL="" relType="causation" CAUSES="FALSE" CAUSED_BY="FALSE">
      <source m_id="43424" />
      <target m_id="43426" />
    </PLOT_LINK>
    <PLOT_LINK r_id="5157" SIGNAL="" relType="causation" CAUSES="FALSE" CAUSED_BY="FALSE">
      <source m_id="43427" />
      <target m_id="43428" />
    </PLOT_LINK>
    <PLOT_LINK r_id="5158" SIGNAL="" relType="causation" CAUSES="FALSE" CAUSED_BY="FALSE">
      <source m_id="43438" />
      <target m_id="43437" />
    </PLOT_LINK>
    <PLOT_LINK r_id="5159" SIGNAL="" relType="causation" CAUSES="FALSE" CAUSED_BY="FALSE">
      <source m_id="43438" />
      <target m_id="43436" />
    </PLOT_LINK>
    <PLOT_LINK r_id="5160" SIGNAL="" relType="causation" CAUSES="FALSE" CAUSED_BY="FALSE">
      <source m_id="43438" />
      <target m_id="56156" />
    </PLOT_LINK>
    <PLOT_LINK r_id="5161" SIGNAL="" relType="causation" CAUSES="FALSE" CAUSED_BY="FALSE">
      <source m_id="43438" />
      <target m_id="56155" />
    </PLOT_LINK>
    <PLOT_LINK r_id="5162" SIGNAL="" relType="causation" CAUSES="FALSE" CAUSED_BY="FALSE">
      <source m_id="43447" />
      <target m_id="43448" />
    </PLOT_LINK>
  </Relations>
</Document>