<?xml version="1.0" encoding="UTF-8"?>
<Document doc_name="3543_ecbplus.xml.xml">
  <token t_id="1" sentence="0" number="0">新</token>
  <token t_id="2" sentence="0" number="1">华</token>
  <token t_id="3" sentence="0" number="2">社</token>
  <token t_id="4" sentence="0" number="3">墨</token>
  <token t_id="5" sentence="0" number="4">西</token>
  <token t_id="6" sentence="0" number="5">哥</token>
  <token t_id="7" sentence="0" number="6">城</token>
  <token t_id="8" sentence="0" number="7">6</token>
  <token t_id="9" sentence="0" number="8">月</token>
  <token t_id="10" sentence="0" number="9">6</token>
  <token t_id="11" sentence="0" number="10">日</token>
  <token t_id="12" sentence="0" number="11">电</token>
  <token t_id="13" sentence="0" number="12">墨</token>
  <token t_id="14" sentence="0" number="13">西</token>
  <token t_id="15" sentence="0" number="14">哥</token>
  <token t_id="16" sentence="0" number="15">中</token>
  <token t_id="17" sentence="0" number="16">部</token>
  <token t_id="18" sentence="0" number="17">瓜</token>
  <token t_id="19" sentence="0" number="18">纳</token>
  <token t_id="20" sentence="0" number="19">华</token>
  <token t_id="21" sentence="0" number="20">托</token>
  <token t_id="22" sentence="0" number="21">州</token>
  <token t_id="23" sentence="0" number="22">伊</token>
  <token t_id="24" sentence="0" number="23">拉</token>
  <token t_id="25" sentence="0" number="24">普</token>
  <token t_id="26" sentence="0" number="25">阿</token>
  <token t_id="27" sentence="0" number="26">托</token>
  <token t_id="28" sentence="0" number="27">市</token>
  <token t_id="29" sentence="0" number="28">6</token>
  <token t_id="30" sentence="0" number="29">日</token>
  <token t_id="31" sentence="0" number="30">发</token>
  <token t_id="32" sentence="0" number="31">生</token>
  <token t_id="33" sentence="0" number="32">一</token>
  <token t_id="34" sentence="0" number="33">起</token>
  <token t_id="35" sentence="0" number="34">武</token>
  <token t_id="36" sentence="0" number="35">装</token>
  <token t_id="37" sentence="0" number="36">分</token>
  <token t_id="38" sentence="0" number="37">子</token>
  <token t_id="39" sentence="0" number="38">袭</token>
  <token t_id="40" sentence="0" number="39">击</token>
  <token t_id="41" sentence="0" number="40">戒</token>
  <token t_id="42" sentence="0" number="41">毒</token>
  <token t_id="43" sentence="0" number="42">所</token>
  <token t_id="44" sentence="0" number="43">事</token>
  <token t_id="45" sentence="0" number="44">件</token>
  <token t_id="46" sentence="0" number="45">，</token>
  <token t_id="47" sentence="0" number="46">造</token>
  <token t_id="48" sentence="0" number="47">成</token>
  <token t_id="49" sentence="0" number="48">1</token>
  <token t_id="50" sentence="0" number="49">0</token>
  <token t_id="51" sentence="0" number="50">人</token>
  <token t_id="52" sentence="0" number="51">死</token>
  <token t_id="53" sentence="0" number="52">亡</token>
  <token t_id="54" sentence="0" number="53">。</token>
  <token t_id="55" sentence="1" number="0">据</token>
  <token t_id="56" sentence="1" number="1">当</token>
  <token t_id="57" sentence="1" number="2">地</token>
  <token t_id="58" sentence="1" number="3">媒</token>
  <token t_id="59" sentence="1" number="4">体</token>
  <token t_id="60" sentence="1" number="5">报</token>
  <token t_id="61" sentence="1" number="6">道</token>
  <token t_id="62" sentence="1" number="7">，</token>
  <token t_id="63" sentence="1" number="8">当</token>
  <token t_id="64" sentence="1" number="9">天</token>
  <token t_id="65" sentence="1" number="10">下</token>
  <token t_id="66" sentence="1" number="11">午</token>
  <token t_id="67" sentence="1" number="12">，</token>
  <token t_id="68" sentence="1" number="13">一</token>
  <token t_id="69" sentence="1" number="14">群</token>
  <token t_id="70" sentence="1" number="15">武</token>
  <token t_id="71" sentence="1" number="16">装</token>
  <token t_id="72" sentence="1" number="17">分</token>
  <token t_id="73" sentence="1" number="18">子</token>
  <token t_id="74" sentence="1" number="19">持</token>
  <token t_id="75" sentence="1" number="20">枪</token>
  <token t_id="76" sentence="1" number="21">冲</token>
  <token t_id="77" sentence="1" number="22">入</token>
  <token t_id="78" sentence="1" number="23">该</token>
  <token t_id="79" sentence="1" number="24">市</token>
  <token t_id="80" sentence="1" number="25">一</token>
  <token t_id="81" sentence="1" number="26">处</token>
  <token t_id="82" sentence="1" number="27">戒</token>
  <token t_id="83" sentence="1" number="28">毒</token>
  <token t_id="84" sentence="1" number="29">所</token>
  <token t_id="85" sentence="1" number="30">，</token>
  <token t_id="86" sentence="1" number="31">向</token>
  <token t_id="87" sentence="1" number="32">里</token>
  <token t_id="88" sentence="1" number="33">面</token>
  <token t_id="89" sentence="1" number="34">人</token>
  <token t_id="90" sentence="1" number="35">员</token>
  <token t_id="91" sentence="1" number="36">开</token>
  <token t_id="92" sentence="1" number="37">枪</token>
  <token t_id="93" sentence="1" number="38">射</token>
  <token t_id="94" sentence="1" number="39">击</token>
  <token t_id="95" sentence="1" number="40">，</token>
  <token t_id="96" sentence="1" number="41">数</token>
  <token t_id="97" sentence="1" number="42">分</token>
  <token t_id="98" sentence="1" number="43">钟</token>
  <token t_id="99" sentence="1" number="44">后</token>
  <token t_id="100" sentence="1" number="45">乘</token>
  <token t_id="101" sentence="1" number="46">车</token>
  <token t_id="102" sentence="1" number="47">逃</token>
  <token t_id="103" sentence="1" number="48">跑</token>
  <token t_id="104" sentence="1" number="49">。</token>
  <token t_id="105" sentence="2" number="0">袭</token>
  <token t_id="106" sentence="2" number="1">击</token>
  <token t_id="107" sentence="2" number="2">造</token>
  <token t_id="108" sentence="2" number="3">成</token>
  <token t_id="109" sentence="2" number="4">9</token>
  <token t_id="110" sentence="2" number="5">人</token>
  <token t_id="111" sentence="2" number="6">当</token>
  <token t_id="112" sentence="2" number="7">场</token>
  <token t_id="113" sentence="2" number="8">死</token>
  <token t_id="114" sentence="2" number="9">亡</token>
  <token t_id="115" sentence="2" number="10">，</token>
  <token t_id="116" sentence="2" number="11">1</token>
  <token t_id="117" sentence="2" number="12">人</token>
  <token t_id="118" sentence="2" number="13">被</token>
  <token t_id="119" sentence="2" number="14">送</token>
  <token t_id="120" sentence="2" number="15">到</token>
  <token t_id="121" sentence="2" number="16">医</token>
  <token t_id="122" sentence="2" number="17">院</token>
  <token t_id="123" sentence="2" number="18">后</token>
  <token t_id="124" sentence="2" number="19">不</token>
  <token t_id="125" sentence="2" number="20">治</token>
  <token t_id="126" sentence="2" number="21">身</token>
  <token t_id="127" sentence="2" number="22">亡</token>
  <token t_id="128" sentence="2" number="23">。</token>
  <token t_id="129" sentence="3" number="0">当</token>
  <token t_id="130" sentence="3" number="1">地</token>
  <token t_id="131" sentence="3" number="2">检</token>
  <token t_id="132" sentence="3" number="3">方</token>
  <token t_id="133" sentence="3" number="4">已</token>
  <token t_id="134" sentence="3" number="5">对</token>
  <token t_id="135" sentence="3" number="6">袭</token>
  <token t_id="136" sentence="3" number="7">击</token>
  <token t_id="137" sentence="3" number="8">事</token>
  <token t_id="138" sentence="3" number="9">件</token>
  <token t_id="139" sentence="3" number="10">展</token>
  <token t_id="140" sentence="3" number="11">开</token>
  <token t_id="141" sentence="3" number="12">调</token>
  <token t_id="142" sentence="3" number="13">查</token>
  <token t_id="143" sentence="3" number="14">。</token>
  <token t_id="144" sentence="4" number="0">瓜</token>
  <token t_id="145" sentence="4" number="1">纳</token>
  <token t_id="146" sentence="4" number="2">华</token>
  <token t_id="147" sentence="4" number="3">托</token>
  <token t_id="148" sentence="4" number="4">州</token>
  <token t_id="149" sentence="4" number="5">是</token>
  <token t_id="150" sentence="4" number="6">墨</token>
  <token t_id="151" sentence="4" number="7">西</token>
  <token t_id="152" sentence="4" number="8">哥</token>
  <token t_id="153" sentence="4" number="9">著</token>
  <token t_id="154" sentence="4" number="10">名</token>
  <token t_id="155" sentence="4" number="11">的</token>
  <token t_id="156" sentence="4" number="12">旅</token>
  <token t_id="157" sentence="4" number="13">游</token>
  <token t_id="158" sentence="4" number="14">胜</token>
  <token t_id="159" sentence="4" number="15">地</token>
  <token t_id="160" sentence="4" number="16">，</token>
  <token t_id="161" sentence="4" number="17">近</token>
  <token t_id="162" sentence="4" number="18">年</token>
  <token t_id="163" sentence="4" number="19">来</token>
  <token t_id="164" sentence="4" number="20">武</token>
  <token t_id="165" sentence="4" number="21">装</token>
  <token t_id="166" sentence="4" number="22">袭</token>
  <token t_id="167" sentence="4" number="23">击</token>
  <token t_id="168" sentence="4" number="24">、</token>
  <token t_id="169" sentence="4" number="25">绑</token>
  <token t_id="170" sentence="4" number="26">架</token>
  <token t_id="171" sentence="4" number="27">等</token>
  <token t_id="172" sentence="4" number="28">安</token>
  <token t_id="173" sentence="4" number="29">全</token>
  <token t_id="174" sentence="4" number="30">问</token>
  <token t_id="175" sentence="4" number="31">题</token>
  <token t_id="176" sentence="4" number="32">频</token>
  <token t_id="177" sentence="4" number="33">发</token>
  <token t_id="178" sentence="4" number="34">。</token>
  <token t_id="179" sentence="5" number="0">去</token>
  <token t_id="180" sentence="5" number="1">年</token>
  <token t_id="181" sentence="5" number="2">，</token>
  <token t_id="182" sentence="5" number="3">该</token>
  <token t_id="183" sentence="5" number="4">州</token>
  <token t_id="184" sentence="5" number="5">发</token>
  <token t_id="185" sentence="5" number="6">生</token>
  <token t_id="186" sentence="5" number="7">了</token>
  <token t_id="187" sentence="5" number="8">3</token>
  <token t_id="188" sentence="5" number="9">0</token>
  <token t_id="189" sentence="5" number="10">0</token>
  <token t_id="190" sentence="5" number="11">0</token>
  <token t_id="191" sentence="5" number="12">多</token>
  <token t_id="192" sentence="5" number="13">起</token>
  <token t_id="193" sentence="5" number="14">凶</token>
  <token t_id="194" sentence="5" number="15">杀</token>
  <token t_id="195" sentence="5" number="16">案</token>
  <token t_id="196" sentence="5" number="17">件</token>
  <Markables>
    <ACTION m_id="43736" comment="">
      <token_anchor t_id="39" />
      <token_anchor t_id="40" />
      <token_anchor t_id="41" />
      <token_anchor t_id="42" />
      <token_anchor t_id="43" />
      <token_anchor t_id="44" />
      <token_anchor t_id="45" />
    </ACTION>
    <ACTION m_id="43737" comment="">
      <token_anchor t_id="52" />
      <token_anchor t_id="53" />
    </ACTION>
    <ACTION m_id="43738" comment="">
      <token_anchor t_id="60" />
      <token_anchor t_id="61" />
    </ACTION>
    <ACTION m_id="43739" comment="">
      <token_anchor t_id="76" />
      <token_anchor t_id="77" />
    </ACTION>
    <ACTION m_id="43740" comment="">
      <token_anchor t_id="91" />
      <token_anchor t_id="92" />
    </ACTION>
    <ACTION m_id="43741" comment="">
      <token_anchor t_id="102" />
      <token_anchor t_id="103" />
    </ACTION>
    <ACTION m_id="43742" comment="">
      <token_anchor t_id="105" />
      <token_anchor t_id="106" />
    </ACTION>
    <ACTION m_id="43743" comment="">
      <token_anchor t_id="113" />
      <token_anchor t_id="114" />
    </ACTION>
    <ACTION m_id="43744" comment="">
      <token_anchor t_id="119" />
      <token_anchor t_id="120" />
    </ACTION>
    <ACTION m_id="43745" comment="">
      <token_anchor t_id="126" />
      <token_anchor t_id="127" />
    </ACTION>
    <ACTION_CAUSATIVE m_id="43746" comment="">
      <token_anchor t_id="47" />
      <token_anchor t_id="48" />
    </ACTION_CAUSATIVE>
    <ACTION_CAUSATIVE m_id="43747" comment="">
      <token_anchor t_id="107" />
      <token_anchor t_id="108" />
    </ACTION_CAUSATIVE>
    <ACTION m_id="43748" comment="">
      <token_anchor t_id="141" />
      <token_anchor t_id="142" />
    </ACTION>
    <ACTION m_id="56176" comment="">
      <token_anchor t_id="176" />
      <token_anchor t_id="177" />
    </ACTION>
    <ACTION m_id="56177" comment="">
      <token_anchor t_id="184" />
      <token_anchor t_id="185" />
    </ACTION>
  </Markables>
  <Relations>
    <PLOT_LINK r_id="5255" SIGNAL="" relType="causation" CAUSES="FALSE" CAUSED_BY="FALSE">
      <source m_id="43736" />
      <target m_id="43737" />
    </PLOT_LINK>
    <PLOT_LINK r_id="5256" SIGNAL="" relType="causation" CAUSES="FALSE" CAUSED_BY="FALSE">
      <source m_id="43742" />
      <target m_id="43743" />
    </PLOT_LINK>
    <PLOT_LINK r_id="5257" SIGNAL="" relType="causation" CAUSES="FALSE" CAUSED_BY="FALSE">
      <source m_id="43742" />
      <target m_id="43745" />
    </PLOT_LINK>
  </Relations>
</Document>