<?xml version="1.0" encoding="UTF-8"?>
<Document doc_name="3545_ecbplus.xml.xml">
  <token t_id="1" sentence="0" number="0">据</token>
  <token t_id="2" sentence="0" number="1">奥</token>
  <token t_id="3" sentence="0" number="2">地</token>
  <token t_id="4" sentence="0" number="3">利</token>
  <token t_id="5" sentence="0" number="4">国</token>
  <token t_id="6" sentence="0" number="5">家</token>
  <token t_id="7" sentence="0" number="6">广</token>
  <token t_id="8" sentence="0" number="7">播</token>
  <token t_id="9" sentence="0" number="8">电</token>
  <token t_id="10" sentence="0" number="9">视</token>
  <token t_id="11" sentence="0" number="10">台</token>
  <token t_id="12" sentence="0" number="11">消</token>
  <token t_id="13" sentence="0" number="12">息</token>
  <token t_id="14" sentence="0" number="13">，</token>
  <token t_id="15" sentence="0" number="14">当</token>
  <token t_id="16" sentence="0" number="15">地</token>
  <token t_id="17" sentence="0" number="16">时</token>
  <token t_id="18" sentence="0" number="17">间</token>
  <token t_id="19" sentence="0" number="18">1</token>
  <token t_id="20" sentence="0" number="19">1</token>
  <token t_id="21" sentence="0" number="20">月</token>
  <token t_id="22" sentence="0" number="21">2</token>
  <token t_id="23" sentence="0" number="22">日</token>
  <token t_id="24" sentence="0" number="23">晚</token>
  <token t_id="25" sentence="0" number="24">上</token>
  <token t_id="26" sentence="0" number="25">8</token>
  <token t_id="27" sentence="0" number="26">点</token>
  <token t_id="28" sentence="0" number="27">多</token>
  <token t_id="29" sentence="0" number="28">，</token>
  <token t_id="30" sentence="0" number="29">北</token>
  <token t_id="31" sentence="0" number="30">京</token>
  <token t_id="32" sentence="0" number="31">时</token>
  <token t_id="33" sentence="0" number="32">间</token>
  <token t_id="34" sentence="0" number="33">今</token>
  <token t_id="35" sentence="0" number="34">天</token>
  <token t_id="36" sentence="0" number="35">（</token>
  <token t_id="37" sentence="0" number="36">3</token>
  <token t_id="38" sentence="0" number="37">日</token>
  <token t_id="39" sentence="0" number="38">）</token>
  <token t_id="40" sentence="0" number="39">凌</token>
  <token t_id="41" sentence="0" number="40">晨</token>
  <token t_id="42" sentence="0" number="41">3</token>
  <token t_id="43" sentence="0" number="42">点</token>
  <token t_id="44" sentence="0" number="43">多</token>
  <token t_id="45" sentence="0" number="44">，</token>
  <token t_id="46" sentence="0" number="45">奥</token>
  <token t_id="47" sentence="0" number="46">地</token>
  <token t_id="48" sentence="0" number="47">利</token>
  <token t_id="49" sentence="0" number="48">首</token>
  <token t_id="50" sentence="0" number="49">都</token>
  <token t_id="51" sentence="0" number="50">维</token>
  <token t_id="52" sentence="0" number="51">也</token>
  <token t_id="53" sentence="0" number="52">纳</token>
  <token t_id="54" sentence="0" number="53">市</token>
  <token t_id="55" sentence="0" number="54">中</token>
  <token t_id="56" sentence="0" number="55">心</token>
  <token t_id="57" sentence="0" number="56">发</token>
  <token t_id="58" sentence="0" number="57">生</token>
  <token t_id="59" sentence="0" number="58">枪</token>
  <token t_id="60" sentence="0" number="59">击</token>
  <token t_id="61" sentence="0" number="60">事</token>
  <token t_id="62" sentence="0" number="61">件</token>
  <token t_id="63" sentence="0" number="62">，</token>
  <token t_id="64" sentence="0" number="63">现</token>
  <token t_id="65" sentence="0" number="64">已</token>
  <token t_id="66" sentence="0" number="65">造</token>
  <token t_id="67" sentence="0" number="66">成</token>
  <token t_id="68" sentence="0" number="67">多</token>
  <token t_id="69" sentence="0" number="68">人</token>
  <token t_id="70" sentence="0" number="69">伤</token>
  <token t_id="71" sentence="0" number="70">亡</token>
  <token t_id="72" sentence="0" number="71">。</token>
  <token t_id="73" sentence="1" number="0">目</token>
  <token t_id="74" sentence="1" number="1">前</token>
  <token t_id="75" sentence="1" number="2">事</token>
  <token t_id="76" sentence="1" number="3">发</token>
  <token t_id="77" sentence="1" number="4">地</token>
  <token t_id="78" sentence="1" number="5">区</token>
  <token t_id="79" sentence="1" number="6">已</token>
  <token t_id="80" sentence="1" number="7">被</token>
  <token t_id="81" sentence="1" number="8">封</token>
  <token t_id="82" sentence="1" number="9">锁</token>
  <token t_id="83" sentence="1" number="10">，</token>
  <token t_id="84" sentence="1" number="11">一</token>
  <token t_id="85" sentence="1" number="12">名</token>
  <token t_id="86" sentence="1" number="13">袭</token>
  <token t_id="87" sentence="1" number="14">击</token>
  <token t_id="88" sentence="1" number="15">者</token>
  <token t_id="89" sentence="1" number="16">被</token>
  <token t_id="90" sentence="1" number="17">击</token>
  <token t_id="91" sentence="1" number="18">毙</token>
  <token t_id="92" sentence="1" number="19">，</token>
  <token t_id="93" sentence="1" number="20">抓</token>
  <token t_id="94" sentence="1" number="21">捕</token>
  <token t_id="95" sentence="1" number="22">行</token>
  <token t_id="96" sentence="1" number="23">动</token>
  <token t_id="97" sentence="1" number="24">仍</token>
  <token t_id="98" sentence="1" number="25">在</token>
  <token t_id="99" sentence="1" number="26">继</token>
  <token t_id="100" sentence="1" number="27">续</token>
  <token t_id="101" sentence="1" number="28">。</token>
  <token t_id="102" sentence="2" number="0">奥</token>
  <token t_id="103" sentence="2" number="1">地</token>
  <token t_id="104" sentence="2" number="2">利</token>
  <token t_id="105" sentence="2" number="3">内</token>
  <token t_id="106" sentence="2" number="4">政</token>
  <token t_id="107" sentence="2" number="5">部</token>
  <token t_id="108" sentence="2" number="6">长</token>
  <token t_id="109" sentence="2" number="7">卡</token>
  <token t_id="110" sentence="2" number="8">尔</token>
  <token t_id="111" sentence="2" number="9">·</token>
  <token t_id="112" sentence="2" number="10">内</token>
  <token t_id="113" sentence="2" number="11">哈</token>
  <token t_id="114" sentence="2" number="12">默</token>
  <token t_id="115" sentence="2" number="13">对</token>
  <token t_id="116" sentence="2" number="14">媒</token>
  <token t_id="117" sentence="2" number="15">体</token>
  <token t_id="118" sentence="2" number="16">表</token>
  <token t_id="119" sentence="2" number="17">示</token>
  <token t_id="120" sentence="2" number="18">，</token>
  <token t_id="121" sentence="2" number="19">他</token>
  <token t_id="122" sentence="2" number="20">确</token>
  <token t_id="123" sentence="2" number="21">信</token>
  <token t_id="124" sentence="2" number="22">这</token>
  <token t_id="125" sentence="2" number="23">是</token>
  <token t_id="126" sentence="2" number="24">一</token>
  <token t_id="127" sentence="2" number="25">起</token>
  <token t_id="128" sentence="2" number="26">由</token>
  <token t_id="129" sentence="2" number="27">多</token>
  <token t_id="130" sentence="2" number="28">名</token>
  <token t_id="131" sentence="2" number="29">袭</token>
  <token t_id="132" sentence="2" number="30">击</token>
  <token t_id="133" sentence="2" number="31">者</token>
  <token t_id="134" sentence="2" number="32">发</token>
  <token t_id="135" sentence="2" number="33">动</token>
  <token t_id="136" sentence="2" number="34">的</token>
  <token t_id="137" sentence="2" number="35">恐</token>
  <token t_id="138" sentence="2" number="36">怖</token>
  <token t_id="139" sentence="2" number="37">袭</token>
  <token t_id="140" sentence="2" number="38">击</token>
  <token t_id="141" sentence="2" number="39">事</token>
  <token t_id="142" sentence="2" number="40">件</token>
  <token t_id="143" sentence="2" number="41">，</token>
  <token t_id="144" sentence="2" number="42">目</token>
  <token t_id="145" sentence="2" number="43">前</token>
  <token t_id="146" sentence="2" number="44">仍</token>
  <token t_id="147" sentence="2" number="45">有</token>
  <token t_id="148" sentence="2" number="46">多</token>
  <token t_id="149" sentence="2" number="47">名</token>
  <token t_id="150" sentence="2" number="48">全</token>
  <token t_id="151" sentence="2" number="49">副</token>
  <token t_id="152" sentence="2" number="50">武</token>
  <token t_id="153" sentence="2" number="51">装</token>
  <token t_id="154" sentence="2" number="52">的</token>
  <token t_id="155" sentence="2" number="53">、</token>
  <token t_id="156" sentence="2" number="54">危</token>
  <token t_id="157" sentence="2" number="55">险</token>
  <token t_id="158" sentence="2" number="56">的</token>
  <token t_id="159" sentence="2" number="57">袭</token>
  <token t_id="160" sentence="2" number="58">击</token>
  <token t_id="161" sentence="2" number="59">者</token>
  <token t_id="162" sentence="2" number="60">”</token>
  <token t_id="163" sentence="2" number="61">在</token>
  <token t_id="164" sentence="2" number="62">逃</token>
  <token t_id="165" sentence="2" number="63">。</token>
  <token t_id="166" sentence="3" number="0">经</token>
  <token t_id="167" sentence="3" number="1">维</token>
  <token t_id="168" sentence="3" number="2">也</token>
  <token t_id="169" sentence="3" number="3">纳</token>
  <token t_id="170" sentence="3" number="4">警</token>
  <token t_id="171" sentence="3" number="5">方</token>
  <token t_id="172" sentence="3" number="6">证</token>
  <token t_id="173" sentence="3" number="7">实</token>
  <token t_id="174" sentence="3" number="8">，</token>
  <token t_id="175" sentence="3" number="9">当</token>
  <token t_id="176" sentence="3" number="10">晚</token>
  <token t_id="177" sentence="3" number="11">的</token>
  <token t_id="178" sentence="3" number="12">枪</token>
  <token t_id="179" sentence="3" number="13">击</token>
  <token t_id="180" sentence="3" number="14">首</token>
  <token t_id="181" sentence="3" number="15">先</token>
  <token t_id="182" sentence="3" number="16">是</token>
  <token t_id="183" sentence="3" number="17">在</token>
  <token t_id="184" sentence="3" number="18">一</token>
  <token t_id="185" sentence="3" number="19">座</token>
  <token t_id="186" sentence="3" number="20">犹</token>
  <token t_id="187" sentence="3" number="21">太</token>
  <token t_id="188" sentence="3" number="22">会</token>
  <token t_id="189" sentence="3" number="23">堂</token>
  <token t_id="190" sentence="3" number="24">附</token>
  <token t_id="191" sentence="3" number="25">近</token>
  <token t_id="192" sentence="3" number="26">发</token>
  <token t_id="193" sentence="3" number="27">生</token>
  <token t_id="194" sentence="3" number="28">的</token>
  <token t_id="195" sentence="3" number="29">，</token>
  <token t_id="196" sentence="3" number="30">总</token>
  <token t_id="197" sentence="3" number="31">共</token>
  <token t_id="198" sentence="3" number="32">有</token>
  <token t_id="199" sentence="3" number="33">六</token>
  <token t_id="200" sentence="3" number="34">处</token>
  <token t_id="201" sentence="3" number="35">地</token>
  <token t_id="202" sentence="3" number="36">点</token>
  <token t_id="203" sentence="3" number="37">发</token>
  <token t_id="204" sentence="3" number="38">生</token>
  <token t_id="205" sentence="3" number="39">袭</token>
  <token t_id="206" sentence="3" number="40">击</token>
  <token t_id="207" sentence="3" number="41">。</token>
  <token t_id="208" sentence="4" number="0">目</token>
  <token t_id="209" sentence="4" number="1">前</token>
  <token t_id="210" sentence="4" number="2">已</token>
  <token t_id="211" sentence="4" number="3">至</token>
  <token t_id="212" sentence="4" number="4">少</token>
  <token t_id="213" sentence="4" number="5">造</token>
  <token t_id="214" sentence="4" number="6">成</token>
  <token t_id="215" sentence="4" number="7">一</token>
  <token t_id="216" sentence="4" number="8">名</token>
  <token t_id="217" sentence="4" number="9">路</token>
  <token t_id="218" sentence="4" number="10">人</token>
  <token t_id="219" sentence="4" number="11">和</token>
  <token t_id="220" sentence="4" number="12">一</token>
  <token t_id="221" sentence="4" number="13">名</token>
  <token t_id="222" sentence="4" number="14">嫌</token>
  <token t_id="223" sentence="4" number="15">犯</token>
  <token t_id="224" sentence="4" number="16">死</token>
  <token t_id="225" sentence="4" number="17">亡</token>
  <token t_id="226" sentence="4" number="18">，</token>
  <token t_id="227" sentence="4" number="19">伤</token>
  <token t_id="228" sentence="4" number="20">者</token>
  <token t_id="229" sentence="4" number="21">中</token>
  <token t_id="230" sentence="4" number="22">有</token>
  <token t_id="231" sentence="4" number="23">多</token>
  <token t_id="232" sentence="4" number="24">人</token>
  <token t_id="233" sentence="4" number="25">生</token>
  <token t_id="234" sentence="4" number="26">命</token>
  <token t_id="235" sentence="4" number="27">垂</token>
  <token t_id="236" sentence="4" number="28">危</token>
  <token t_id="237" sentence="4" number="29">，</token>
  <token t_id="238" sentence="4" number="30">包</token>
  <token t_id="239" sentence="4" number="31">括</token>
  <token t_id="240" sentence="4" number="32">一</token>
  <token t_id="241" sentence="4" number="33">名</token>
  <token t_id="242" sentence="4" number="34">警</token>
  <token t_id="243" sentence="4" number="35">员</token>
  <token t_id="244" sentence="4" number="36">。</token>
  <token t_id="245" sentence="5" number="0">还</token>
  <token t_id="246" sentence="5" number="1">有</token>
  <token t_id="247" sentence="5" number="2">一</token>
  <token t_id="248" sentence="5" number="3">名</token>
  <token t_id="249" sentence="5" number="4">嫌</token>
  <token t_id="250" sentence="5" number="5">犯</token>
  <token t_id="251" sentence="5" number="6">在</token>
  <token t_id="252" sentence="5" number="7">与</token>
  <token t_id="253" sentence="5" number="8">警</token>
  <token t_id="254" sentence="5" number="9">方</token>
  <token t_id="255" sentence="5" number="10">交</token>
  <token t_id="256" sentence="5" number="11">火</token>
  <token t_id="257" sentence="5" number="12">后</token>
  <token t_id="258" sentence="5" number="13">遭</token>
  <token t_id="259" sentence="5" number="14">到</token>
  <token t_id="260" sentence="5" number="15">逮</token>
  <token t_id="261" sentence="5" number="16">捕</token>
  <token t_id="262" sentence="5" number="17">，</token>
  <token t_id="263" sentence="5" number="18">且</token>
  <token t_id="264" sentence="5" number="19">在</token>
  <token t_id="265" sentence="5" number="20">逃</token>
  <token t_id="266" sentence="5" number="21">的</token>
  <token t_id="267" sentence="5" number="22">一</token>
  <token t_id="268" sentence="5" number="23">名</token>
  <token t_id="269" sentence="5" number="24">或</token>
  <token t_id="270" sentence="5" number="25">多</token>
  <token t_id="271" sentence="5" number="26">名</token>
  <token t_id="272" sentence="5" number="27">嫌</token>
  <token t_id="273" sentence="5" number="28">犯</token>
  <token t_id="274" sentence="5" number="29">携</token>
  <token t_id="275" sentence="5" number="30">带</token>
  <token t_id="276" sentence="5" number="31">包</token>
  <token t_id="277" sentence="5" number="32">括</token>
  <token t_id="278" sentence="5" number="33">长</token>
  <token t_id="279" sentence="5" number="34">管</token>
  <token t_id="280" sentence="5" number="35">枪</token>
  <token t_id="281" sentence="5" number="36">械</token>
  <token t_id="282" sentence="5" number="37">在</token>
  <token t_id="283" sentence="5" number="38">内</token>
  <token t_id="284" sentence="5" number="39">的</token>
  <token t_id="285" sentence="5" number="40">武</token>
  <token t_id="286" sentence="5" number="41">器</token>
  <token t_id="287" sentence="5" number="42">。</token>
  <token t_id="288" sentence="6" number="0">警</token>
  <token t_id="289" sentence="6" number="1">方</token>
  <token t_id="290" sentence="6" number="2">第</token>
  <token t_id="291" sentence="6" number="3">一</token>
  <token t_id="292" sentence="6" number="4">时</token>
  <token t_id="293" sentence="6" number="5">间</token>
  <token t_id="294" sentence="6" number="6">对</token>
  <token t_id="295" sentence="6" number="7">维</token>
  <token t_id="296" sentence="6" number="8">也</token>
  <token t_id="297" sentence="6" number="9">纳</token>
  <token t_id="298" sentence="6" number="10">市</token>
  <token t_id="299" sentence="6" number="11">中</token>
  <token t_id="300" sentence="6" number="12">心</token>
  <token t_id="301" sentence="6" number="13">进</token>
  <token t_id="302" sentence="6" number="14">行</token>
  <token t_id="303" sentence="6" number="15">了</token>
  <token t_id="304" sentence="6" number="16">大</token>
  <token t_id="305" sentence="6" number="17">规</token>
  <token t_id="306" sentence="6" number="18">模</token>
  <token t_id="307" sentence="6" number="19">封</token>
  <token t_id="308" sentence="6" number="20">锁</token>
  <token t_id="309" sentence="6" number="21">并</token>
  <token t_id="310" sentence="6" number="22">展</token>
  <token t_id="311" sentence="6" number="23">开</token>
  <token t_id="312" sentence="6" number="24">搜</token>
  <token t_id="313" sentence="6" number="25">捕</token>
  <token t_id="314" sentence="6" number="26">工</token>
  <token t_id="315" sentence="6" number="27">作</token>
  <token t_id="316" sentence="6" number="28">。</token>
  <token t_id="317" sentence="7" number="0">同</token>
  <token t_id="318" sentence="7" number="1">时</token>
  <token t_id="319" sentence="7" number="2">要</token>
  <token t_id="320" sentence="7" number="3">求</token>
  <token t_id="321" sentence="7" number="4">民</token>
  <token t_id="322" sentence="7" number="5">众</token>
  <token t_id="323" sentence="7" number="6">尽</token>
  <token t_id="324" sentence="7" number="7">量</token>
  <token t_id="325" sentence="7" number="8">避</token>
  <token t_id="326" sentence="7" number="9">开</token>
  <token t_id="327" sentence="7" number="10">案</token>
  <token t_id="328" sentence="7" number="11">件</token>
  <token t_id="329" sentence="7" number="12">发</token>
  <token t_id="330" sentence="7" number="13">生</token>
  <token t_id="331" sentence="7" number="14">区</token>
  <token t_id="332" sentence="7" number="15">域</token>
  <token t_id="333" sentence="7" number="16">以</token>
  <token t_id="334" sentence="7" number="17">及</token>
  <token t_id="335" sentence="7" number="18">待</token>
  <token t_id="336" sentence="7" number="19">在</token>
  <token t_id="337" sentence="7" number="20">家</token>
  <token t_id="338" sentence="7" number="21">中</token>
  <token t_id="339" sentence="7" number="22">，</token>
  <token t_id="340" sentence="7" number="23">且</token>
  <token t_id="341" sentence="7" number="24">不</token>
  <token t_id="342" sentence="7" number="25">要</token>
  <token t_id="343" sentence="7" number="26">将</token>
  <token t_id="344" sentence="7" number="27">案</token>
  <token t_id="345" sentence="7" number="28">发</token>
  <token t_id="346" sentence="7" number="29">现</token>
  <token t_id="347" sentence="7" number="30">场</token>
  <token t_id="348" sentence="7" number="31">的</token>
  <token t_id="349" sentence="7" number="32">照</token>
  <token t_id="350" sentence="7" number="33">片</token>
  <token t_id="351" sentence="7" number="34">或</token>
  <token t_id="352" sentence="7" number="35">者</token>
  <token t_id="353" sentence="7" number="36">视</token>
  <token t_id="354" sentence="7" number="37">频</token>
  <token t_id="355" sentence="7" number="38">发</token>
  <token t_id="356" sentence="7" number="39">布</token>
  <token t_id="357" sentence="7" number="40">在</token>
  <token t_id="358" sentence="7" number="41">社</token>
  <token t_id="359" sentence="7" number="42">交</token>
  <token t_id="360" sentence="7" number="43">媒</token>
  <token t_id="361" sentence="7" number="44">体</token>
  <token t_id="362" sentence="7" number="45">上</token>
  <token t_id="363" sentence="7" number="46">，</token>
  <token t_id="364" sentence="7" number="47">而</token>
  <token t_id="365" sentence="7" number="48">是</token>
  <token t_id="366" sentence="7" number="49">提</token>
  <token t_id="367" sentence="7" number="50">供</token>
  <token t_id="368" sentence="7" number="51">给</token>
  <token t_id="369" sentence="7" number="52">有</token>
  <token t_id="370" sentence="7" number="53">关</token>
  <token t_id="371" sentence="7" number="54">当</token>
  <token t_id="372" sentence="7" number="55">局</token>
  <token t_id="373" sentence="7" number="56">。</token>
  <token t_id="374" sentence="8" number="0">目</token>
  <token t_id="375" sentence="8" number="1">前</token>
  <token t_id="376" sentence="8" number="2">尚</token>
  <token t_id="377" sentence="8" number="3">未</token>
  <token t_id="378" sentence="8" number="4">确</token>
  <token t_id="379" sentence="8" number="5">定</token>
  <token t_id="380" sentence="8" number="6">附</token>
  <token t_id="381" sentence="8" number="7">近</token>
  <token t_id="382" sentence="8" number="8">的</token>
  <token t_id="383" sentence="8" number="9">犹</token>
  <token t_id="384" sentence="8" number="10">太</token>
  <token t_id="385" sentence="8" number="11">会</token>
  <token t_id="386" sentence="8" number="12">堂</token>
  <token t_id="387" sentence="8" number="13">是</token>
  <token t_id="388" sentence="8" number="14">不</token>
  <token t_id="389" sentence="8" number="15">是</token>
  <token t_id="390" sentence="8" number="16">本</token>
  <token t_id="391" sentence="8" number="17">次</token>
  <token t_id="392" sentence="8" number="18">袭</token>
  <token t_id="393" sentence="8" number="19">击</token>
  <token t_id="394" sentence="8" number="20">的</token>
  <token t_id="395" sentence="8" number="21">目</token>
  <token t_id="396" sentence="8" number="22">标</token>
  <token t_id="397" sentence="8" number="23">，</token>
  <token t_id="398" sentence="8" number="24">袭</token>
  <token t_id="399" sentence="8" number="25">击</token>
  <token t_id="400" sentence="8" number="26">者</token>
  <token t_id="401" sentence="8" number="27">的</token>
  <token t_id="402" sentence="8" number="28">身</token>
  <token t_id="403" sentence="8" number="29">份</token>
  <token t_id="404" sentence="8" number="30">和</token>
  <token t_id="405" sentence="8" number="31">动</token>
  <token t_id="406" sentence="8" number="32">机</token>
  <token t_id="407" sentence="8" number="33">还</token>
  <token t_id="408" sentence="8" number="34">不</token>
  <token t_id="409" sentence="8" number="35">清</token>
  <token t_id="410" sentence="8" number="36">楚</token>
  <Markables>
    <ACTION m_id="43773" comment="">
      <token_anchor t_id="59" />
      <token_anchor t_id="60" />
      <token_anchor t_id="61" />
      <token_anchor t_id="62" />
    </ACTION>
    <ACTION m_id="43774" comment="">
      <token_anchor t_id="70" />
      <token_anchor t_id="71" />
    </ACTION>
    <ACTION m_id="43775" comment="">
      <token_anchor t_id="81" />
      <token_anchor t_id="82" />
    </ACTION>
    <ACTION m_id="43776" comment="">
      <token_anchor t_id="90" />
      <token_anchor t_id="91" />
    </ACTION>
    <ACTION m_id="43778" comment="">
      <token_anchor t_id="99" />
      <token_anchor t_id="100" />
    </ACTION>
    <ACTION m_id="43779" comment="">
      <token_anchor t_id="118" />
      <token_anchor t_id="119" />
    </ACTION>
    <ACTION m_id="43780" comment="">
      <token_anchor t_id="137" />
      <token_anchor t_id="138" />
      <token_anchor t_id="139" />
      <token_anchor t_id="140" />
      <token_anchor t_id="141" />
      <token_anchor t_id="142" />
    </ACTION>
    <ACTION m_id="43781" comment="">
      <token_anchor t_id="163" />
      <token_anchor t_id="164" />
    </ACTION>
    <ACTION m_id="43782" comment="">
      <token_anchor t_id="172" />
      <token_anchor t_id="173" />
    </ACTION>
    <ACTION m_id="43784" comment="">
      <token_anchor t_id="205" />
      <token_anchor t_id="206" />
    </ACTION>
    <ACTION_CAUSATIVE m_id="43785" comment="">
      <token_anchor t_id="66" />
      <token_anchor t_id="67" />
    </ACTION_CAUSATIVE>
    <ACTION_CAUSATIVE m_id="43786" comment="">
      <token_anchor t_id="213" />
      <token_anchor t_id="214" />
    </ACTION_CAUSATIVE>
    <ACTION m_id="43787" comment="">
      <token_anchor t_id="224" />
      <token_anchor t_id="225" />
    </ACTION>
    <ACTION m_id="43788" comment="">
      <token_anchor t_id="255" />
      <token_anchor t_id="256" />
    </ACTION>
    <ACTION m_id="43789" comment="">
      <token_anchor t_id="260" />
      <token_anchor t_id="261" />
    </ACTION>
    <ACTION m_id="43790" comment="">
      <token_anchor t_id="274" />
      <token_anchor t_id="275" />
    </ACTION>
    <ACTION m_id="43791" comment="">
      <token_anchor t_id="307" />
      <token_anchor t_id="308" />
    </ACTION>
    <ACTION m_id="43792" comment="">
      <token_anchor t_id="312" />
      <token_anchor t_id="313" />
    </ACTION>
    <ACTION m_id="43793" comment="">
      <token_anchor t_id="325" />
      <token_anchor t_id="326" />
    </ACTION>
    <ACTION m_id="43794" comment="">
      <token_anchor t_id="355" />
      <token_anchor t_id="356" />
    </ACTION>
    <ACTION m_id="43795" comment="">
      <token_anchor t_id="366" />
      <token_anchor t_id="367" />
    </ACTION>
    <ACTION m_id="43796" comment="">
      <token_anchor t_id="378" />
      <token_anchor t_id="379" />
    </ACTION>
  </Markables>
  <Relations>
    <PLOT_LINK r_id="5262" SIGNAL="" relType="causation" CAUSES="FALSE" CAUSED_BY="FALSE">
      <source m_id="43773" />
      <target m_id="43774" />
    </PLOT_LINK>
  </Relations>
</Document>