<?xml version="1.0" encoding="UTF-8"?>
<Document doc_name="3547_ecbplus.xml.xml">
  <token t_id="1" sentence="0" number="0">当</token>
  <token t_id="2" sentence="0" number="1">地</token>
  <token t_id="3" sentence="0" number="2">时</token>
  <token t_id="4" sentence="0" number="3">间</token>
  <token t_id="5" sentence="0" number="4">1</token>
  <token t_id="6" sentence="0" number="5">月</token>
  <token t_id="7" sentence="0" number="6">1</token>
  <token t_id="8" sentence="0" number="7">日</token>
  <token t_id="9" sentence="0" number="8">凌</token>
  <token t_id="10" sentence="0" number="9">晨</token>
  <token t_id="11" sentence="0" number="10">，</token>
  <token t_id="12" sentence="0" number="11">土</token>
  <token t_id="13" sentence="0" number="12">耳</token>
  <token t_id="14" sentence="0" number="13">其</token>
  <token t_id="15" sentence="0" number="14">伊</token>
  <token t_id="16" sentence="0" number="15">斯</token>
  <token t_id="17" sentence="0" number="16">坦</token>
  <token t_id="18" sentence="0" number="17">布</token>
  <token t_id="19" sentence="0" number="18">尔</token>
  <token t_id="20" sentence="0" number="19">一</token>
  <token t_id="21" sentence="0" number="20">家</token>
  <token t_id="22" sentence="0" number="21">夜</token>
  <token t_id="23" sentence="0" number="22">总</token>
  <token t_id="24" sentence="0" number="23">会</token>
  <token t_id="25" sentence="0" number="24">发</token>
  <token t_id="26" sentence="0" number="25">生</token>
  <token t_id="27" sentence="0" number="26">袭</token>
  <token t_id="28" sentence="0" number="27">击</token>
  <token t_id="29" sentence="0" number="28">事</token>
  <token t_id="30" sentence="0" number="29">件</token>
  <token t_id="31" sentence="0" number="30">。</token>
  <token t_id="32" sentence="1" number="0">目</token>
  <token t_id="33" sentence="1" number="1">前</token>
  <token t_id="34" sentence="1" number="2">尚</token>
  <token t_id="35" sentence="1" number="3">不</token>
  <token t_id="36" sentence="1" number="4">确</token>
  <token t_id="37" sentence="1" number="5">定</token>
  <token t_id="38" sentence="1" number="6">袭</token>
  <token t_id="39" sentence="1" number="7">击</token>
  <token t_id="40" sentence="1" number="8">者</token>
  <token t_id="41" sentence="1" number="9">身</token>
  <token t_id="42" sentence="1" number="10">份</token>
  <token t_id="43" sentence="1" number="11">。</token>
  <token t_id="44" sentence="2" number="0">图</token>
  <token t_id="45" sentence="2" number="1">片</token>
  <token t_id="46" sentence="2" number="2">来</token>
  <token t_id="47" sentence="2" number="3">源</token>
  <token t_id="48" sentence="2" number="4">：</token>
  <token t_id="49" sentence="2" number="5">视</token>
  <token t_id="50" sentence="2" number="6">觉</token>
  <token t_id="51" sentence="2" number="7">中</token>
  <token t_id="52" sentence="2" number="8">国</token>
  <token t_id="53" sentence="2" number="9">中</token>
  <token t_id="54" sentence="2" number="10">新</token>
  <token t_id="55" sentence="2" number="11">网</token>
  <token t_id="56" sentence="2" number="12">1</token>
  <token t_id="57" sentence="2" number="13">月</token>
  <token t_id="58" sentence="2" number="14">1</token>
  <token t_id="59" sentence="2" number="15">日</token>
  <token t_id="60" sentence="2" number="16">电</token>
  <token t_id="61" sentence="2" number="17">据</token>
  <token t_id="62" sentence="2" number="18">法</token>
  <token t_id="63" sentence="2" number="19">新</token>
  <token t_id="64" sentence="2" number="20">社</token>
  <token t_id="65" sentence="2" number="21">报</token>
  <token t_id="66" sentence="2" number="22">道</token>
  <token t_id="67" sentence="2" number="23">，</token>
  <token t_id="68" sentence="2" number="24">土</token>
  <token t_id="69" sentence="2" number="25">耳</token>
  <token t_id="70" sentence="2" number="26">其</token>
  <token t_id="71" sentence="2" number="27">内</token>
  <token t_id="72" sentence="2" number="28">政</token>
  <token t_id="73" sentence="2" number="29">部</token>
  <token t_id="74" sentence="2" number="30">处</token>
  <token t_id="75" sentence="2" number="31">长</token>
  <token t_id="76" sentence="2" number="32">称</token>
  <token t_id="77" sentence="2" number="33">，</token>
  <token t_id="78" sentence="2" number="34">伊</token>
  <token t_id="79" sentence="2" number="35">斯</token>
  <token t_id="80" sentence="2" number="36">坦</token>
  <token t_id="81" sentence="2" number="37">布</token>
  <token t_id="82" sentence="2" number="38">尔</token>
  <token t_id="83" sentence="2" number="39">夜</token>
  <token t_id="84" sentence="2" number="40">总</token>
  <token t_id="85" sentence="2" number="41">会</token>
  <token t_id="86" sentence="2" number="42">遭</token>
  <token t_id="87" sentence="2" number="43">袭</token>
  <token t_id="88" sentence="2" number="44">击</token>
  <token t_id="89" sentence="2" number="45">事</token>
  <token t_id="90" sentence="2" number="46">件</token>
  <token t_id="91" sentence="2" number="47">遇</token>
  <token t_id="92" sentence="2" number="48">难</token>
  <token t_id="93" sentence="2" number="49">者</token>
  <token t_id="94" sentence="2" number="50">升</token>
  <token t_id="95" sentence="2" number="51">至</token>
  <token t_id="96" sentence="2" number="52">3</token>
  <token t_id="97" sentence="2" number="53">9</token>
  <token t_id="98" sentence="2" number="54">人</token>
  <token t_id="99" sentence="2" number="55">，</token>
  <token t_id="100" sentence="2" number="56">死</token>
  <token t_id="101" sentence="2" number="57">者</token>
  <token t_id="102" sentence="2" number="58">中</token>
  <token t_id="103" sentence="2" number="59">包</token>
  <token t_id="104" sentence="2" number="60">括</token>
  <token t_id="105" sentence="2" number="61">1</token>
  <token t_id="106" sentence="2" number="62">6</token>
  <token t_id="107" sentence="2" number="63">名</token>
  <token t_id="108" sentence="2" number="64">外</token>
  <token t_id="109" sentence="2" number="65">国</token>
  <token t_id="110" sentence="2" number="66">人</token>
  <token t_id="111" sentence="2" number="67">。</token>
  <token t_id="112" sentence="3" number="0">土</token>
  <token t_id="113" sentence="3" number="1">耳</token>
  <token t_id="114" sentence="3" number="2">其</token>
  <token t_id="115" sentence="3" number="3">内</token>
  <token t_id="116" sentence="3" number="4">政</token>
  <token t_id="117" sentence="3" number="5">部</token>
  <token t_id="118" sentence="3" number="6">长</token>
  <token t_id="119" sentence="3" number="7">苏</token>
  <token t_id="120" sentence="3" number="8">莱</token>
  <token t_id="121" sentence="3" number="9">曼</token>
  <token t_id="122" sentence="3" number="10">(</token>
  <token t_id="123" sentence="3" number="11">S</token>
  <token t_id="124" sentence="3" number="12">u</token>
  <token t_id="125" sentence="3" number="13">l</token>
  <token t_id="126" sentence="3" number="14">e</token>
  <token t_id="127" sentence="3" number="15">y</token>
  <token t_id="128" sentence="3" number="16">m</token>
  <token t_id="129" sentence="3" number="17">a</token>
  <token t_id="130" sentence="3" number="18">n</token>
  <token t_id="131" sentence="3" number="19">S</token>
  <token t_id="132" sentence="3" number="20">o</token>
  <token t_id="133" sentence="3" number="21">y</token>
  <token t_id="134" sentence="3" number="22">l</token>
  <token t_id="135" sentence="3" number="23">u</token>
  <token t_id="136" sentence="3" number="24">)</token>
  <token t_id="137" sentence="3" number="25">表</token>
  <token t_id="138" sentence="3" number="26">示</token>
  <token t_id="139" sentence="3" number="27">，</token>
  <token t_id="140" sentence="3" number="28">目</token>
  <token t_id="141" sentence="3" number="29">前</token>
  <token t_id="142" sentence="3" number="30">，</token>
  <token t_id="143" sentence="3" number="31">3</token>
  <token t_id="144" sentence="3" number="32">9</token>
  <token t_id="145" sentence="3" number="33">名</token>
  <token t_id="146" sentence="3" number="34">死</token>
  <token t_id="147" sentence="3" number="35">者</token>
  <token t_id="148" sentence="3" number="36">中</token>
  <token t_id="149" sentence="3" number="37">已</token>
  <token t_id="150" sentence="3" number="38">有</token>
  <token t_id="151" sentence="3" number="39">2</token>
  <token t_id="152" sentence="3" number="40">1</token>
  <token t_id="153" sentence="3" number="41">人</token>
  <token t_id="154" sentence="3" number="42">的</token>
  <token t_id="155" sentence="3" number="43">身</token>
  <token t_id="156" sentence="3" number="44">份</token>
  <token t_id="157" sentence="3" number="45">得</token>
  <token t_id="158" sentence="3" number="46">到</token>
  <token t_id="159" sentence="3" number="47">确</token>
  <token t_id="160" sentence="3" number="48">认</token>
  <token t_id="161" sentence="3" number="49">，</token>
  <token t_id="162" sentence="3" number="50">他</token>
  <token t_id="163" sentence="3" number="51">们</token>
  <token t_id="164" sentence="3" number="52">中</token>
  <token t_id="165" sentence="3" number="53">1</token>
  <token t_id="166" sentence="3" number="54">6</token>
  <token t_id="167" sentence="3" number="55">人</token>
  <token t_id="168" sentence="3" number="56">是</token>
  <token t_id="169" sentence="3" number="57">外</token>
  <token t_id="170" sentence="3" number="58">国</token>
  <token t_id="171" sentence="3" number="59">人</token>
  <token t_id="172" sentence="3" number="60">，</token>
  <token t_id="173" sentence="3" number="61">另</token>
  <token t_id="174" sentence="3" number="62">外</token>
  <token t_id="175" sentence="3" number="63">5</token>
  <token t_id="176" sentence="3" number="64">人</token>
  <token t_id="177" sentence="3" number="65">是</token>
  <token t_id="178" sentence="3" number="66">土</token>
  <token t_id="179" sentence="3" number="67">耳</token>
  <token t_id="180" sentence="3" number="68">其</token>
  <token t_id="181" sentence="3" number="69">人</token>
  <token t_id="182" sentence="3" number="70">。</token>
  <token t_id="183" sentence="4" number="0">此</token>
  <token t_id="184" sentence="4" number="1">外</token>
  <token t_id="185" sentence="4" number="2">，</token>
  <token t_id="186" sentence="4" number="3">还</token>
  <token t_id="187" sentence="4" number="4">有</token>
  <token t_id="188" sentence="4" number="5">6</token>
  <token t_id="189" sentence="4" number="6">9</token>
  <token t_id="190" sentence="4" number="7">人</token>
  <token t_id="191" sentence="4" number="8">正</token>
  <token t_id="192" sentence="4" number="9">在</token>
  <token t_id="193" sentence="4" number="10">医</token>
  <token t_id="194" sentence="4" number="11">院</token>
  <token t_id="195" sentence="4" number="12">接</token>
  <token t_id="196" sentence="4" number="13">受</token>
  <token t_id="197" sentence="4" number="14">治</token>
  <token t_id="198" sentence="4" number="15">疗</token>
  <token t_id="199" sentence="4" number="16">。</token>
  <token t_id="200" sentence="5" number="0">媒</token>
  <token t_id="201" sentence="5" number="1">体</token>
  <token t_id="202" sentence="5" number="2">此</token>
  <token t_id="203" sentence="5" number="3">前</token>
  <token t_id="204" sentence="5" number="4">援</token>
  <token t_id="205" sentence="5" number="5">引</token>
  <token t_id="206" sentence="5" number="6">伊</token>
  <token t_id="207" sentence="5" number="7">斯</token>
  <token t_id="208" sentence="5" number="8">坦</token>
  <token t_id="209" sentence="5" number="9">布</token>
  <token t_id="210" sentence="5" number="10">尔</token>
  <token t_id="211" sentence="5" number="11">市</token>
  <token t_id="212" sentence="5" number="12">长</token>
  <token t_id="213" sentence="5" number="13">消</token>
  <token t_id="214" sentence="5" number="14">息</token>
  <token t_id="215" sentence="5" number="15">称</token>
  <token t_id="216" sentence="5" number="16">，</token>
  <token t_id="217" sentence="5" number="17">这</token>
  <token t_id="218" sentence="5" number="18">起</token>
  <token t_id="219" sentence="5" number="19">袭</token>
  <token t_id="220" sentence="5" number="20">击</token>
  <token t_id="221" sentence="5" number="21">造</token>
  <token t_id="222" sentence="5" number="22">成</token>
  <token t_id="223" sentence="5" number="23">至</token>
  <token t_id="224" sentence="5" number="24">少</token>
  <token t_id="225" sentence="5" number="25">3</token>
  <token t_id="226" sentence="5" number="26">5</token>
  <token t_id="227" sentence="5" number="27">人</token>
  <token t_id="228" sentence="5" number="28">死</token>
  <token t_id="229" sentence="5" number="29">亡</token>
  <token t_id="230" sentence="5" number="30">、</token>
  <token t_id="231" sentence="5" number="31">4</token>
  <token t_id="232" sentence="5" number="32">0</token>
  <token t_id="233" sentence="5" number="33">人</token>
  <token t_id="234" sentence="5" number="34">受</token>
  <token t_id="235" sentence="5" number="35">伤</token>
  <token t_id="236" sentence="5" number="36">。</token>
  <token t_id="237" sentence="6" number="0">苏</token>
  <token t_id="238" sentence="6" number="1">莱</token>
  <token t_id="239" sentence="6" number="2">曼</token>
  <token t_id="240" sentence="6" number="3">还</token>
  <token t_id="241" sentence="6" number="4">表</token>
  <token t_id="242" sentence="6" number="5">示</token>
  <token t_id="243" sentence="6" number="6">，</token>
  <token t_id="244" sentence="6" number="7">目</token>
  <token t_id="245" sentence="6" number="8">前</token>
  <token t_id="246" sentence="6" number="9">当</token>
  <token t_id="247" sentence="6" number="10">局</token>
  <token t_id="248" sentence="6" number="11">还</token>
  <token t_id="249" sentence="6" number="12">在</token>
  <token t_id="250" sentence="6" number="13">搜</token>
  <token t_id="251" sentence="6" number="14">寻</token>
  <token t_id="252" sentence="6" number="15">恐</token>
  <token t_id="253" sentence="6" number="16">怖</token>
  <token t_id="254" sentence="6" number="17">分</token>
  <token t_id="255" sentence="6" number="18">子</token>
  <token t_id="256" sentence="6" number="19">，</token>
  <token t_id="257" sentence="6" number="20">希</token>
  <token t_id="258" sentence="6" number="21">望</token>
  <token t_id="259" sentence="6" number="22">能</token>
  <token t_id="260" sentence="6" number="23">尽</token>
  <token t_id="261" sentence="6" number="24">快</token>
  <token t_id="262" sentence="6" number="25">将</token>
  <token t_id="263" sentence="6" number="26">袭</token>
  <token t_id="264" sentence="6" number="27">击</token>
  <token t_id="265" sentence="6" number="28">者</token>
  <token t_id="266" sentence="6" number="29">逮</token>
  <token t_id="267" sentence="6" number="30">捕</token>
  <token t_id="268" sentence="6" number="31">。</token>
  <token t_id="269" sentence="7" number="0">目</token>
  <token t_id="270" sentence="7" number="1">前</token>
  <token t_id="271" sentence="7" number="2">尚</token>
  <token t_id="272" sentence="7" number="3">不</token>
  <token t_id="273" sentence="7" number="4">确</token>
  <token t_id="274" sentence="7" number="5">定</token>
  <token t_id="275" sentence="7" number="6">此</token>
  <token t_id="276" sentence="7" number="7">次</token>
  <token t_id="277" sentence="7" number="8">事</token>
  <token t_id="278" sentence="7" number="9">件</token>
  <token t_id="279" sentence="7" number="10">袭</token>
  <token t_id="280" sentence="7" number="11">击</token>
  <token t_id="281" sentence="7" number="12">者</token>
  <token t_id="282" sentence="7" number="13">的</token>
  <token t_id="283" sentence="7" number="14">确</token>
  <token t_id="284" sentence="7" number="15">切</token>
  <token t_id="285" sentence="7" number="16">人</token>
  <token t_id="286" sentence="7" number="17">数</token>
  <token t_id="287" sentence="7" number="18">以</token>
  <token t_id="288" sentence="7" number="19">及</token>
  <token t_id="289" sentence="7" number="20">袭</token>
  <token t_id="290" sentence="7" number="21">击</token>
  <token t_id="291" sentence="7" number="22">者</token>
  <token t_id="292" sentence="7" number="23">身</token>
  <token t_id="293" sentence="7" number="24">份</token>
  <token t_id="294" sentence="7" number="25">。</token>
  <token t_id="295" sentence="8" number="0">伊</token>
  <token t_id="296" sentence="8" number="1">斯</token>
  <token t_id="297" sentence="8" number="2">坦</token>
  <token t_id="298" sentence="8" number="3">布</token>
  <token t_id="299" sentence="8" number="4">尔</token>
  <token t_id="300" sentence="8" number="5">市</token>
  <token t_id="301" sentence="8" number="6">长</token>
  <token t_id="302" sentence="8" number="7">此</token>
  <token t_id="303" sentence="8" number="8">前</token>
  <token t_id="304" sentence="8" number="9">称</token>
  <token t_id="305" sentence="8" number="10">袭</token>
  <token t_id="306" sentence="8" number="11">击</token>
  <token t_id="307" sentence="8" number="12">者</token>
  <token t_id="308" sentence="8" number="13">人</token>
  <token t_id="309" sentence="8" number="14">数</token>
  <token t_id="310" sentence="8" number="15">一</token>
  <token t_id="311" sentence="8" number="16">人</token>
  <token t_id="312" sentence="8" number="17">，</token>
  <token t_id="313" sentence="8" number="18">但</token>
  <token t_id="314" sentence="8" number="19">有</token>
  <token t_id="315" sentence="8" number="20">目</token>
  <token t_id="316" sentence="8" number="21">击</token>
  <token t_id="317" sentence="8" number="22">者</token>
  <token t_id="318" sentence="8" number="23">称</token>
  <token t_id="319" sentence="8" number="24">人</token>
  <token t_id="320" sentence="8" number="25">数</token>
  <token t_id="321" sentence="8" number="26">不</token>
  <token t_id="322" sentence="8" number="27">止</token>
  <token t_id="323" sentence="8" number="28">一</token>
  <token t_id="324" sentence="8" number="29">人</token>
  <token t_id="325" sentence="8" number="30">。</token>
  <token t_id="326" sentence="9" number="0">而</token>
  <token t_id="327" sentence="9" number="1">不</token>
  <token t_id="328" sentence="9" number="2">久</token>
  <token t_id="329" sentence="9" number="3">前</token>
  <token t_id="330" sentence="9" number="4">有</token>
  <token t_id="331" sentence="9" number="5">媒</token>
  <token t_id="332" sentence="9" number="6">体</token>
  <token t_id="333" sentence="9" number="7">称</token>
  <token t_id="334" sentence="9" number="8">，</token>
  <token t_id="335" sentence="9" number="9">这</token>
  <token t_id="336" sentence="9" number="10">起</token>
  <token t_id="337" sentence="9" number="11">事</token>
  <token t_id="338" sentence="9" number="12">件</token>
  <token t_id="339" sentence="9" number="13">的</token>
  <token t_id="340" sentence="9" number="14">袭</token>
  <token t_id="341" sentence="9" number="15">击</token>
  <token t_id="342" sentence="9" number="16">者</token>
  <token t_id="343" sentence="9" number="17">已</token>
  <token t_id="344" sentence="9" number="18">经</token>
  <token t_id="345" sentence="9" number="19">被</token>
  <token t_id="346" sentence="9" number="20">击</token>
  <token t_id="347" sentence="9" number="21">毙</token>
  <Markables>
    <ACTION m_id="43809" comment="">
      <token_anchor t_id="27" />
      <token_anchor t_id="28" />
      <token_anchor t_id="29" />
      <token_anchor t_id="30" />
    </ACTION>
    <ACTION m_id="43810" comment="">
      <token_anchor t_id="65" />
      <token_anchor t_id="66" />
    </ACTION>
    <ACTION m_id="43811" comment="">
      <token_anchor t_id="76" />
    </ACTION>
    <ACTION m_id="43813" comment="">
      <token_anchor t_id="137" />
      <token_anchor t_id="138" />
    </ACTION>
    <ACTION m_id="43814" comment="">
      <token_anchor t_id="159" />
      <token_anchor t_id="160" />
    </ACTION>
    <ACTION m_id="43815" comment="">
      <token_anchor t_id="197" />
      <token_anchor t_id="198" />
    </ACTION>
    <ACTION m_id="43816" comment="">
      <token_anchor t_id="215" />
    </ACTION>
    <ACTION m_id="43817" comment="">
      <token_anchor t_id="219" />
      <token_anchor t_id="220" />
    </ACTION>
    <ACTION m_id="43818" comment="">
      <token_anchor t_id="228" />
      <token_anchor t_id="229" />
    </ACTION>
    <ACTION m_id="43819" comment="">
      <token_anchor t_id="234" />
      <token_anchor t_id="235" />
    </ACTION>
    <ACTION m_id="43820" comment="">
      <token_anchor t_id="241" />
      <token_anchor t_id="242" />
    </ACTION>
    <ACTION m_id="43821" comment="">
      <token_anchor t_id="250" />
      <token_anchor t_id="251" />
    </ACTION>
    <ACTION m_id="43822" comment="">
      <token_anchor t_id="266" />
      <token_anchor t_id="267" />
    </ACTION>
    <ACTION_CAUSATIVE m_id="43823" comment="">
      <token_anchor t_id="221" />
      <token_anchor t_id="222" />
    </ACTION_CAUSATIVE>
    <ACTION m_id="43824" comment="">
      <token_anchor t_id="304" />
    </ACTION>
    <ACTION m_id="43825" comment="">
      <token_anchor t_id="318" />
    </ACTION>
    <ACTION m_id="43826" comment="">
      <token_anchor t_id="333" />
    </ACTION>
    <ACTION m_id="43827" comment="">
      <token_anchor t_id="346" />
      <token_anchor t_id="347" />
    </ACTION>
    <ACTION m_id="56180" comment="">
      <token_anchor t_id="94" />
      <token_anchor t_id="95" />
    </ACTION>
  </Markables>
  <Relations>
    <PLOT_LINK r_id="5266" SIGNAL="" relType="causation" CAUSES="FALSE" CAUSED_BY="FALSE">
      <source m_id="43817" />
      <target m_id="43818" />
    </PLOT_LINK>
    <PLOT_LINK r_id="5267" SIGNAL="" relType="causation" CAUSES="FALSE" CAUSED_BY="FALSE">
      <source m_id="43817" />
      <target m_id="43819" />
    </PLOT_LINK>
  </Relations>
</Document>