<?xml version="1.0" encoding="UTF-8"?>
<Document doc_name="3548_ecbplus.xml.xml">
  <token t_id="1" sentence="0" number="0">新</token>
  <token t_id="2" sentence="0" number="1">华</token>
  <token t_id="3" sentence="0" number="2">社</token>
  <token t_id="4" sentence="0" number="3">马</token>
  <token t_id="5" sentence="0" number="4">尼</token>
  <token t_id="6" sentence="0" number="5">拉</token>
  <token t_id="7" sentence="0" number="6">８</token>
  <token t_id="8" sentence="0" number="7">月</token>
  <token t_id="9" sentence="0" number="8">２</token>
  <token t_id="10" sentence="0" number="9">９</token>
  <token t_id="11" sentence="0" number="10">日</token>
  <token t_id="12" sentence="0" number="11">电</token>
  <token t_id="13" sentence="0" number="12">（</token>
  <token t_id="14" sentence="0" number="13">记</token>
  <token t_id="15" sentence="0" number="14">者</token>
  <token t_id="16" sentence="0" number="15">郑</token>
  <token t_id="17" sentence="0" number="16">昕</token>
  <token t_id="18" sentence="0" number="17">袁</token>
  <token t_id="19" sentence="0" number="18">梦</token>
  <token t_id="20" sentence="0" number="19">晨</token>
  <token t_id="21" sentence="0" number="20">）</token>
  <token t_id="22" sentence="0" number="21">菲</token>
  <token t_id="23" sentence="0" number="22">律</token>
  <token t_id="24" sentence="0" number="23">宾</token>
  <token t_id="25" sentence="0" number="24">警</token>
  <token t_id="26" sentence="0" number="25">方</token>
  <token t_id="27" sentence="0" number="26">２</token>
  <token t_id="28" sentence="0" number="27">９</token>
  <token t_id="29" sentence="0" number="28">日</token>
  <token t_id="30" sentence="0" number="29">说</token>
  <token t_id="31" sentence="0" number="30">，</token>
  <token t_id="32" sentence="0" number="31">菲</token>
  <token t_id="33" sentence="0" number="32">律</token>
  <token t_id="34" sentence="0" number="33">宾</token>
  <token t_id="35" sentence="0" number="34">南</token>
  <token t_id="36" sentence="0" number="35">部</token>
  <token t_id="37" sentence="0" number="36">棉</token>
  <token t_id="38" sentence="0" number="37">兰</token>
  <token t_id="39" sentence="0" number="38">老</token>
  <token t_id="40" sentence="0" number="39">岛</token>
  <token t_id="41" sentence="0" number="40">苏</token>
  <token t_id="42" sentence="0" number="41">丹</token>
  <token t_id="43" sentence="0" number="42">库</token>
  <token t_id="44" sentence="0" number="43">达</token>
  <token t_id="45" sentence="0" number="44">拉</token>
  <token t_id="46" sentence="0" number="45">省</token>
  <token t_id="47" sentence="0" number="46">2</token>
  <token t_id="48" sentence="0" number="47">8</token>
  <token t_id="49" sentence="0" number="48">日</token>
  <token t_id="50" sentence="0" number="49">晚</token>
  <token t_id="51" sentence="0" number="50">发</token>
  <token t_id="52" sentence="0" number="51">生</token>
  <token t_id="53" sentence="0" number="52">炸</token>
  <token t_id="54" sentence="0" number="53">弹</token>
  <token t_id="55" sentence="0" number="54">袭</token>
  <token t_id="56" sentence="0" number="55">击</token>
  <token t_id="57" sentence="0" number="56">事</token>
  <token t_id="58" sentence="0" number="57">件</token>
  <token t_id="59" sentence="0" number="58">，</token>
  <token t_id="60" sentence="0" number="59">目</token>
  <token t_id="61" sentence="0" number="60">前</token>
  <token t_id="62" sentence="0" number="61">已</token>
  <token t_id="63" sentence="0" number="62">造</token>
  <token t_id="64" sentence="0" number="63">成</token>
  <token t_id="65" sentence="0" number="64">２</token>
  <token t_id="66" sentence="0" number="65">人</token>
  <token t_id="67" sentence="0" number="66">死</token>
  <token t_id="68" sentence="0" number="67">亡</token>
  <token t_id="69" sentence="0" number="68">、</token>
  <token t_id="70" sentence="0" number="69">３</token>
  <token t_id="71" sentence="0" number="70">４</token>
  <token t_id="72" sentence="0" number="71">人</token>
  <token t_id="73" sentence="0" number="72">受</token>
  <token t_id="74" sentence="0" number="73">伤</token>
  <token t_id="75" sentence="0" number="74">。</token>
  <token t_id="76" sentence="1" number="0">苏</token>
  <token t_id="77" sentence="1" number="1">丹</token>
  <token t_id="78" sentence="1" number="2">库</token>
  <token t_id="79" sentence="1" number="3">达</token>
  <token t_id="80" sentence="1" number="4">拉</token>
  <token t_id="81" sentence="1" number="5">省</token>
  <token t_id="82" sentence="1" number="6">警</token>
  <token t_id="83" sentence="1" number="7">方</token>
  <token t_id="84" sentence="1" number="8">负</token>
  <token t_id="85" sentence="1" number="9">责</token>
  <token t_id="86" sentence="1" number="10">人</token>
  <token t_id="87" sentence="1" number="11">诺</token>
  <token t_id="88" sentence="1" number="12">埃</token>
  <token t_id="89" sentence="1" number="13">尔</token>
  <token t_id="90" sentence="1" number="14">·</token>
  <token t_id="91" sentence="1" number="15">基</token>
  <token t_id="92" sentence="1" number="16">纳</token>
  <token t_id="93" sentence="1" number="17">佐</token>
  <token t_id="94" sentence="1" number="18">告</token>
  <token t_id="95" sentence="1" number="19">诉</token>
  <token t_id="96" sentence="1" number="20">记</token>
  <token t_id="97" sentence="1" number="21">者</token>
  <token t_id="98" sentence="1" number="22">，</token>
  <token t_id="99" sentence="1" number="23">袭</token>
  <token t_id="100" sentence="1" number="24">击</token>
  <token t_id="101" sentence="1" number="25">发</token>
  <token t_id="102" sentence="1" number="26">生</token>
  <token t_id="103" sentence="1" number="27">在</token>
  <token t_id="104" sentence="1" number="28">2</token>
  <token t_id="105" sentence="1" number="29">8</token>
  <token t_id="106" sentence="1" number="30">日</token>
  <token t_id="107" sentence="1" number="31">晚</token>
  <token t_id="108" sentence="1" number="32">８</token>
  <token t_id="109" sentence="1" number="33">时</token>
  <token t_id="110" sentence="1" number="34">３</token>
  <token t_id="111" sentence="1" number="35">５</token>
  <token t_id="112" sentence="1" number="36">分</token>
  <token t_id="113" sentence="1" number="37">左</token>
  <token t_id="114" sentence="1" number="38">右</token>
  <token t_id="115" sentence="1" number="39">，</token>
  <token t_id="116" sentence="1" number="40">地</token>
  <token t_id="117" sentence="1" number="41">点</token>
  <token t_id="118" sentence="1" number="42">在</token>
  <token t_id="119" sentence="1" number="43">一</token>
  <token t_id="120" sentence="1" number="44">条</token>
  <token t_id="121" sentence="1" number="45">高</token>
  <token t_id="122" sentence="1" number="46">速</token>
  <token t_id="123" sentence="1" number="47">公</token>
  <token t_id="124" sentence="1" number="48">路</token>
  <token t_id="125" sentence="1" number="49">旁</token>
  <token t_id="126" sentence="1" number="50">的</token>
  <token t_id="127" sentence="1" number="51">餐</token>
  <token t_id="128" sentence="1" number="52">厅</token>
  <token t_id="129" sentence="1" number="53">前</token>
  <token t_id="130" sentence="1" number="54">，</token>
  <token t_id="131" sentence="1" number="55">爆</token>
  <token t_id="132" sentence="1" number="56">炸</token>
  <token t_id="133" sentence="1" number="57">物</token>
  <token t_id="134" sentence="1" number="58">为</token>
  <token t_id="135" sentence="1" number="59">土</token>
  <token t_id="136" sentence="1" number="60">制</token>
  <token t_id="137" sentence="1" number="61">炸</token>
  <token t_id="138" sentence="1" number="62">弹</token>
  <token t_id="139" sentence="1" number="63">。</token>
  <token t_id="140" sentence="2" number="0">袭</token>
  <token t_id="141" sentence="2" number="1">击</token>
  <token t_id="142" sentence="2" number="2">发</token>
  <token t_id="143" sentence="2" number="3">生</token>
  <token t_id="144" sentence="2" number="4">时</token>
  <token t_id="145" sentence="2" number="5">，</token>
  <token t_id="146" sentence="2" number="6">这</token>
  <token t_id="147" sentence="2" number="7">家</token>
  <token t_id="148" sentence="2" number="8">餐</token>
  <token t_id="149" sentence="2" number="9">厅</token>
  <token t_id="150" sentence="2" number="10">正</token>
  <token t_id="151" sentence="2" number="11">在</token>
  <token t_id="152" sentence="2" number="12">举</token>
  <token t_id="153" sentence="2" number="13">办</token>
  <token t_id="154" sentence="2" number="14">集</token>
  <token t_id="155" sentence="2" number="15">市</token>
  <token t_id="156" sentence="2" number="16">活</token>
  <token t_id="157" sentence="2" number="17">动</token>
  <token t_id="158" sentence="2" number="18">，</token>
  <token t_id="159" sentence="2" number="19">人</token>
  <token t_id="160" sentence="2" number="20">员</token>
  <token t_id="161" sentence="2" number="21">聚</token>
  <token t_id="162" sentence="2" number="22">集</token>
  <token t_id="163" sentence="2" number="23">。</token>
  <token t_id="164" sentence="3" number="0">炸</token>
  <token t_id="165" sentence="3" number="1">弹</token>
  <token t_id="166" sentence="3" number="2">袭</token>
  <token t_id="167" sentence="3" number="3">造</token>
  <token t_id="168" sentence="3" number="4">成</token>
  <token t_id="169" sentence="3" number="5">一</token>
  <token t_id="170" sentence="3" number="6">名</token>
  <token t_id="171" sentence="3" number="7">７</token>
  <token t_id="172" sentence="3" number="8">岁</token>
  <token t_id="173" sentence="3" number="9">儿</token>
  <token t_id="174" sentence="3" number="10">童</token>
  <token t_id="175" sentence="3" number="11">和</token>
  <token t_id="176" sentence="3" number="12">一</token>
  <token t_id="177" sentence="3" number="13">名</token>
  <token t_id="178" sentence="3" number="14">５</token>
  <token t_id="179" sentence="3" number="15">２</token>
  <token t_id="180" sentence="3" number="16">岁</token>
  <token t_id="181" sentence="3" number="17">的</token>
  <token t_id="182" sentence="3" number="18">妇</token>
  <token t_id="183" sentence="3" number="19">女</token>
  <token t_id="184" sentence="3" number="20">身</token>
  <token t_id="185" sentence="3" number="21">亡</token>
  <token t_id="186" sentence="3" number="22">，</token>
  <token t_id="187" sentence="3" number="23">另</token>
  <token t_id="188" sentence="3" number="24">有</token>
  <token t_id="189" sentence="3" number="25">３</token>
  <token t_id="190" sentence="3" number="26">４</token>
  <token t_id="191" sentence="3" number="27">人</token>
  <token t_id="192" sentence="3" number="28">受</token>
  <token t_id="193" sentence="3" number="29">伤</token>
  <token t_id="194" sentence="3" number="30">，</token>
  <token t_id="195" sentence="3" number="31">其</token>
  <token t_id="196" sentence="3" number="32">中</token>
  <token t_id="197" sentence="3" number="33">部</token>
  <token t_id="198" sentence="3" number="34">分</token>
  <token t_id="199" sentence="3" number="35">人</token>
  <token t_id="200" sentence="3" number="36">伤</token>
  <token t_id="201" sentence="3" number="37">势</token>
  <token t_id="202" sentence="3" number="38">严</token>
  <token t_id="203" sentence="3" number="39">重</token>
  <token t_id="204" sentence="3" number="40">。</token>
  <token t_id="205" sentence="4" number="0">菲</token>
  <token t_id="206" sentence="4" number="1">军</token>
  <token t_id="207" sentence="4" number="2">方</token>
  <token t_id="208" sentence="4" number="3">发</token>
  <token t_id="209" sentence="4" number="4">言</token>
  <token t_id="210" sentence="4" number="5">人</token>
  <token t_id="211" sentence="4" number="6">２</token>
  <token t_id="212" sentence="4" number="7">９</token>
  <token t_id="213" sentence="4" number="8">日</token>
  <token t_id="214" sentence="4" number="9">说</token>
  <token t_id="215" sentence="4" number="10">，</token>
  <token t_id="216" sentence="4" number="11">他</token>
  <token t_id="217" sentence="4" number="12">们</token>
  <token t_id="218" sentence="4" number="13">怀</token>
  <token t_id="219" sentence="4" number="14">疑</token>
  <token t_id="220" sentence="4" number="15">事</token>
  <token t_id="221" sentence="4" number="16">件</token>
  <token t_id="222" sentence="4" number="17">由</token>
  <token t_id="223" sentence="4" number="18">反</token>
  <token t_id="224" sentence="4" number="19">政</token>
  <token t_id="225" sentence="4" number="20">府</token>
  <token t_id="226" sentence="4" number="21">武</token>
  <token t_id="227" sentence="4" number="22">装</token>
  <token t_id="228" sentence="4" number="23">“</token>
  <token t_id="229" sentence="4" number="24">摩</token>
  <token t_id="230" sentence="4" number="25">洛</token>
  <token t_id="231" sentence="4" number="26">伊</token>
  <token t_id="232" sentence="4" number="27">斯</token>
  <token t_id="233" sentence="4" number="28">兰</token>
  <token t_id="234" sentence="4" number="29">自</token>
  <token t_id="235" sentence="4" number="30">由</token>
  <token t_id="236" sentence="4" number="31">斗</token>
  <token t_id="237" sentence="4" number="32">士</token>
  <token t_id="238" sentence="4" number="33">”</token>
  <token t_id="239" sentence="4" number="34">所</token>
  <token t_id="240" sentence="4" number="35">为</token>
  <Markables>
    <ACTION m_id="43828" comment="">
      <token_anchor t_id="30" />
    </ACTION>
    <ACTION m_id="43829" comment="">
      <token_anchor t_id="53" />
      <token_anchor t_id="54" />
      <token_anchor t_id="55" />
      <token_anchor t_id="56" />
      <token_anchor t_id="57" />
      <token_anchor t_id="58" />
    </ACTION>
    <ACTION m_id="43830" comment="">
      <token_anchor t_id="67" />
      <token_anchor t_id="68" />
    </ACTION>
    <ACTION m_id="43831" comment="">
      <token_anchor t_id="73" />
      <token_anchor t_id="74" />
    </ACTION>
    <ACTION m_id="43832" comment="">
      <token_anchor t_id="94" />
      <token_anchor t_id="95" />
    </ACTION>
    <ACTION m_id="43833" comment="">
      <token_anchor t_id="99" />
      <token_anchor t_id="100" />
    </ACTION>
    <ACTION_CAUSATIVE m_id="43834" comment="">
      <token_anchor t_id="63" />
      <token_anchor t_id="64" />
    </ACTION_CAUSATIVE>
    <ACTION m_id="43836" comment="">
      <token_anchor t_id="152" />
      <token_anchor t_id="153" />
    </ACTION>
    <ACTION m_id="43837" comment="">
      <token_anchor t_id="164" />
      <token_anchor t_id="165" />
      <token_anchor t_id="166" />
    </ACTION>
    <ACTION m_id="43838" comment="">
      <token_anchor t_id="184" />
      <token_anchor t_id="185" />
    </ACTION>
    <ACTION m_id="43839" comment="">
      <token_anchor t_id="192" />
      <token_anchor t_id="193" />
    </ACTION>
    <ACTION m_id="43840" comment="">
      <token_anchor t_id="214" />
    </ACTION>
    <ACTION_CAUSATIVE m_id="43841" comment="">
      <token_anchor t_id="167" />
      <token_anchor t_id="168" />
    </ACTION_CAUSATIVE>
    <ACTION m_id="57167" comment="">
      <token_anchor t_id="161" />
      <token_anchor t_id="162" />
    </ACTION>
  </Markables>
  <Relations>
    <PLOT_LINK r_id="5268" SIGNAL="" relType="causation" CAUSES="FALSE" CAUSED_BY="FALSE">
      <source m_id="43829" />
      <target m_id="43830" />
    </PLOT_LINK>
    <PLOT_LINK r_id="5269" SIGNAL="" relType="causation" CAUSES="FALSE" CAUSED_BY="FALSE">
      <source m_id="43829" />
      <target m_id="43831" />
    </PLOT_LINK>
    <PLOT_LINK r_id="5270" SIGNAL="" relType="causation" CAUSES="FALSE" CAUSED_BY="FALSE">
      <source m_id="43836" />
      <target m_id="57167" />
    </PLOT_LINK>
    <PLOT_LINK r_id="5271" SIGNAL="" relType="causation" CAUSES="FALSE" CAUSED_BY="FALSE">
      <source m_id="43837" />
      <target m_id="43838" />
    </PLOT_LINK>
    <PLOT_LINK r_id="5272" SIGNAL="" relType="causation" CAUSES="FALSE" CAUSED_BY="FALSE">
      <source m_id="43837" />
      <target m_id="43839" />
    </PLOT_LINK>
  </Relations>
</Document>