<?xml version="1.0" encoding="UTF-8"?>
<Document doc_name="3549_ecbplus.xml.xml">
  <token t_id="1" sentence="0" number="0">新</token>
  <token t_id="2" sentence="0" number="1">华</token>
  <token t_id="3" sentence="0" number="2">社</token>
  <token t_id="4" sentence="0" number="3">巴</token>
  <token t_id="5" sentence="0" number="4">格</token>
  <token t_id="6" sentence="0" number="5">达</token>
  <token t_id="7" sentence="0" number="6">６</token>
  <token t_id="8" sentence="0" number="7">月</token>
  <token t_id="9" sentence="0" number="8">２</token>
  <token t_id="10" sentence="0" number="9">日</token>
  <token t_id="11" sentence="0" number="10">电</token>
  <token t_id="12" sentence="0" number="11">（</token>
  <token t_id="13" sentence="0" number="12">记</token>
  <token t_id="14" sentence="0" number="13">者</token>
  <token t_id="15" sentence="0" number="14">程</token>
  <token t_id="16" sentence="0" number="15">帅</token>
  <token t_id="17" sentence="0" number="16">朋</token>
  <token t_id="18" sentence="0" number="17">张</token>
  <token t_id="19" sentence="0" number="18">淼</token>
  <token t_id="20" sentence="0" number="19">）</token>
  <token t_id="21" sentence="0" number="20">伊</token>
  <token t_id="22" sentence="0" number="21">拉</token>
  <token t_id="23" sentence="0" number="22">克</token>
  <token t_id="24" sentence="0" number="23">安</token>
  <token t_id="25" sentence="0" number="24">全</token>
  <token t_id="26" sentence="0" number="25">人</token>
  <token t_id="27" sentence="0" number="26">员</token>
  <token t_id="28" sentence="0" number="27">２</token>
  <token t_id="29" sentence="0" number="28">日</token>
  <token t_id="30" sentence="0" number="29">说</token>
  <token t_id="31" sentence="0" number="30">，</token>
  <token t_id="32" sentence="0" number="31">伊</token>
  <token t_id="33" sentence="0" number="32">拉</token>
  <token t_id="34" sentence="0" number="33">克</token>
  <token t_id="35" sentence="0" number="34">中</token>
  <token t_id="36" sentence="0" number="35">部</token>
  <token t_id="37" sentence="0" number="36">萨</token>
  <token t_id="38" sentence="0" number="37">拉</token>
  <token t_id="39" sentence="0" number="38">赫</token>
  <token t_id="40" sentence="0" number="39">丁</token>
  <token t_id="41" sentence="0" number="40">省</token>
  <token t_id="42" sentence="0" number="41">拜</token>
  <token t_id="43" sentence="0" number="42">莱</token>
  <token t_id="44" sentence="0" number="43">德</token>
  <token t_id="45" sentence="0" number="44">市</token>
  <token t_id="46" sentence="0" number="45">附</token>
  <token t_id="47" sentence="0" number="46">近</token>
  <token t_id="48" sentence="0" number="47">当</token>
  <token t_id="49" sentence="0" number="48">天</token>
  <token t_id="50" sentence="0" number="49">发</token>
  <token t_id="51" sentence="0" number="50">生</token>
  <token t_id="52" sentence="0" number="51">袭</token>
  <token t_id="53" sentence="0" number="52">击</token>
  <token t_id="54" sentence="0" number="53">事</token>
  <token t_id="55" sentence="0" number="54">件</token>
  <token t_id="56" sentence="0" number="55">，</token>
  <token t_id="57" sentence="0" number="56">当</token>
  <token t_id="58" sentence="0" number="57">地</token>
  <token t_id="59" sentence="0" number="58">一</token>
  <token t_id="60" sentence="0" number="59">个</token>
  <token t_id="61" sentence="0" number="60">家</token>
  <token t_id="62" sentence="0" number="61">庭</token>
  <token t_id="63" sentence="0" number="62">的</token>
  <token t_id="64" sentence="0" number="63">１</token>
  <token t_id="65" sentence="0" number="64">２</token>
  <token t_id="66" sentence="0" number="65">人</token>
  <token t_id="67" sentence="0" number="66">遭</token>
  <token t_id="68" sentence="0" number="67">身</token>
  <token t_id="69" sentence="0" number="68">份</token>
  <token t_id="70" sentence="0" number="69">不</token>
  <token t_id="71" sentence="0" number="70">明</token>
  <token t_id="72" sentence="0" number="71">武</token>
  <token t_id="73" sentence="0" number="72">装</token>
  <token t_id="74" sentence="0" number="73">分</token>
  <token t_id="75" sentence="0" number="74">子</token>
  <token t_id="76" sentence="0" number="75">枪</token>
  <token t_id="77" sentence="0" number="76">杀</token>
  <token t_id="78" sentence="0" number="77">。</token>
  <token t_id="79" sentence="1" number="0">萨</token>
  <token t_id="80" sentence="1" number="1">拉</token>
  <token t_id="81" sentence="1" number="2">赫</token>
  <token t_id="82" sentence="1" number="3">丁</token>
  <token t_id="83" sentence="1" number="4">省</token>
  <token t_id="84" sentence="1" number="5">警</token>
  <token t_id="85" sentence="1" number="6">方</token>
  <token t_id="86" sentence="1" number="7">一</token>
  <token t_id="87" sentence="1" number="8">名</token>
  <token t_id="88" sentence="1" number="9">消</token>
  <token t_id="89" sentence="1" number="10">息</token>
  <token t_id="90" sentence="1" number="11">人</token>
  <token t_id="91" sentence="1" number="12">士</token>
  <token t_id="92" sentence="1" number="13">告</token>
  <token t_id="93" sentence="1" number="14">诉</token>
  <token t_id="94" sentence="1" number="15">新</token>
  <token t_id="95" sentence="1" number="16">华</token>
  <token t_id="96" sentence="1" number="17">社</token>
  <token t_id="97" sentence="1" number="18">记</token>
  <token t_id="98" sentence="1" number="19">者</token>
  <token t_id="99" sentence="1" number="20">，</token>
  <token t_id="100" sentence="1" number="21">袭</token>
  <token t_id="101" sentence="1" number="22">击</token>
  <token t_id="102" sentence="1" number="23">发</token>
  <token t_id="103" sentence="1" number="24">生</token>
  <token t_id="104" sentence="1" number="25">在</token>
  <token t_id="105" sentence="1" number="26">拜</token>
  <token t_id="106" sentence="1" number="27">莱</token>
  <token t_id="107" sentence="1" number="28">德</token>
  <token t_id="108" sentence="1" number="29">市</token>
  <token t_id="109" sentence="1" number="30">以</token>
  <token t_id="110" sentence="1" number="31">西</token>
  <token t_id="111" sentence="1" number="32">２</token>
  <token t_id="112" sentence="1" number="33">０</token>
  <token t_id="113" sentence="1" number="34">公</token>
  <token t_id="114" sentence="1" number="35">里</token>
  <token t_id="115" sentence="1" number="36">的</token>
  <token t_id="116" sentence="1" number="37">法</token>
  <token t_id="117" sentence="1" number="38">尔</token>
  <token t_id="118" sentence="1" number="39">哈</token>
  <token t_id="119" sentence="1" number="40">塔</token>
  <token t_id="120" sentence="1" number="41">地</token>
  <token t_id="121" sentence="1" number="42">区</token>
  <token t_id="122" sentence="1" number="43">，</token>
  <token t_id="123" sentence="1" number="44">一</token>
  <token t_id="124" sentence="1" number="45">伙</token>
  <token t_id="125" sentence="1" number="46">身</token>
  <token t_id="126" sentence="1" number="47">份</token>
  <token t_id="127" sentence="1" number="48">不</token>
  <token t_id="128" sentence="1" number="49">明</token>
  <token t_id="129" sentence="1" number="50">的</token>
  <token t_id="130" sentence="1" number="51">武</token>
  <token t_id="131" sentence="1" number="52">装</token>
  <token t_id="132" sentence="1" number="53">分</token>
  <token t_id="133" sentence="1" number="54">子</token>
  <token t_id="134" sentence="1" number="55">２</token>
  <token t_id="135" sentence="1" number="56">日</token>
  <token t_id="136" sentence="1" number="57">凌</token>
  <token t_id="137" sentence="1" number="58">晨</token>
  <token t_id="138" sentence="1" number="59">冲</token>
  <token t_id="139" sentence="1" number="60">入</token>
  <token t_id="140" sentence="1" number="61">一</token>
  <token t_id="141" sentence="1" number="62">处</token>
  <token t_id="142" sentence="1" number="63">房</token>
  <token t_id="143" sentence="1" number="64">屋</token>
  <token t_id="144" sentence="1" number="65">，</token>
  <token t_id="145" sentence="1" number="66">枪</token>
  <token t_id="146" sentence="1" number="67">杀</token>
  <token t_id="147" sentence="1" number="68">了</token>
  <token t_id="148" sentence="1" number="69">来</token>
  <token t_id="149" sentence="1" number="70">自</token>
  <token t_id="150" sentence="1" number="71">同</token>
  <token t_id="151" sentence="1" number="72">一</token>
  <token t_id="152" sentence="1" number="73">家</token>
  <token t_id="153" sentence="1" number="74">庭</token>
  <token t_id="154" sentence="1" number="75">的</token>
  <token t_id="155" sentence="1" number="76">１</token>
  <token t_id="156" sentence="1" number="77">２</token>
  <token t_id="157" sentence="1" number="78">名</token>
  <token t_id="158" sentence="1" number="79">平</token>
  <token t_id="159" sentence="1" number="80">民</token>
  <token t_id="160" sentence="1" number="81">，</token>
  <token t_id="161" sentence="1" number="82">死</token>
  <token t_id="162" sentence="1" number="83">者</token>
  <token t_id="163" sentence="1" number="84">中</token>
  <token t_id="164" sentence="1" number="85">包</token>
  <token t_id="165" sentence="1" number="86">括</token>
  <token t_id="166" sentence="1" number="87">４</token>
  <token t_id="167" sentence="1" number="88">名</token>
  <token t_id="168" sentence="1" number="89">妇</token>
  <token t_id="169" sentence="1" number="90">女</token>
  <token t_id="170" sentence="1" number="91">和</token>
  <token t_id="171" sentence="1" number="92">３</token>
  <token t_id="172" sentence="1" number="93">名</token>
  <token t_id="173" sentence="1" number="94">儿</token>
  <token t_id="174" sentence="1" number="95">童</token>
  <token t_id="175" sentence="1" number="96">，</token>
  <token t_id="176" sentence="1" number="97">一</token>
  <token t_id="177" sentence="1" number="98">名</token>
  <token t_id="178" sentence="1" number="99">６</token>
  <token t_id="179" sentence="1" number="100">个</token>
  <token t_id="180" sentence="1" number="101">月</token>
  <token t_id="181" sentence="1" number="102">大</token>
  <token t_id="182" sentence="1" number="103">的</token>
  <token t_id="183" sentence="1" number="104">婴</token>
  <token t_id="184" sentence="1" number="105">儿</token>
  <token t_id="185" sentence="1" number="106">中</token>
  <token t_id="186" sentence="1" number="107">弹</token>
  <token t_id="187" sentence="1" number="108">后</token>
  <token t_id="188" sentence="1" number="109">奇</token>
  <token t_id="189" sentence="1" number="110">迹</token>
  <token t_id="190" sentence="1" number="111">生</token>
  <token t_id="191" sentence="1" number="112">还</token>
  <token t_id="192" sentence="1" number="113">。</token>
  <token t_id="193" sentence="2" number="0">这</token>
  <token t_id="194" sentence="2" number="1">名</token>
  <token t_id="195" sentence="2" number="2">消</token>
  <token t_id="196" sentence="2" number="3">息</token>
  <token t_id="197" sentence="2" number="4">人</token>
  <token t_id="198" sentence="2" number="5">士</token>
  <token t_id="199" sentence="2" number="6">说</token>
  <token t_id="200" sentence="2" number="7">，</token>
  <token t_id="201" sentence="2" number="8">遭</token>
  <token t_id="202" sentence="2" number="9">袭</token>
  <token t_id="203" sentence="2" number="10">家</token>
  <token t_id="204" sentence="2" number="11">庭</token>
  <token t_id="205" sentence="2" number="12">因</token>
  <token t_id="206" sentence="2" number="13">战</token>
  <token t_id="207" sentence="2" number="14">乱</token>
  <token t_id="208" sentence="2" number="15">曾</token>
  <token t_id="209" sentence="2" number="16">流</token>
  <token t_id="210" sentence="2" number="17">离</token>
  <token t_id="211" sentence="2" number="18">失</token>
  <token t_id="212" sentence="2" number="19">所</token>
  <token t_id="213" sentence="2" number="20">数</token>
  <token t_id="214" sentence="2" number="21">年</token>
  <token t_id="215" sentence="2" number="22">，</token>
  <token t_id="216" sentence="2" number="23">近</token>
  <token t_id="217" sentence="2" number="24">期</token>
  <token t_id="218" sentence="2" number="25">刚</token>
  <token t_id="219" sentence="2" number="26">刚</token>
  <token t_id="220" sentence="2" number="27">返</token>
  <token t_id="221" sentence="2" number="28">乡</token>
  <token t_id="222" sentence="2" number="29">。</token>
  <token t_id="223" sentence="3" number="0">伊</token>
  <token t_id="224" sentence="3" number="1">安</token>
  <token t_id="225" sentence="3" number="2">全</token>
  <token t_id="226" sentence="3" number="3">部</token>
  <token t_id="227" sentence="3" number="4">队</token>
  <token t_id="228" sentence="3" number="5">已</token>
  <token t_id="229" sentence="3" number="6">封</token>
  <token t_id="230" sentence="3" number="7">锁</token>
  <token t_id="231" sentence="3" number="8">袭</token>
  <token t_id="232" sentence="3" number="9">击</token>
  <token t_id="233" sentence="3" number="10">现</token>
  <token t_id="234" sentence="3" number="11">场</token>
  <token t_id="235" sentence="3" number="12">附</token>
  <token t_id="236" sentence="3" number="13">近</token>
  <token t_id="237" sentence="3" number="14">道</token>
  <token t_id="238" sentence="3" number="15">路</token>
  <token t_id="239" sentence="3" number="16">，</token>
  <token t_id="240" sentence="3" number="17">对</token>
  <token t_id="241" sentence="3" number="18">事</token>
  <token t_id="242" sentence="3" number="19">件</token>
  <token t_id="243" sentence="3" number="20">展</token>
  <token t_id="244" sentence="3" number="21">开</token>
  <token t_id="245" sentence="3" number="22">调</token>
  <token t_id="246" sentence="3" number="23">查</token>
  <token t_id="247" sentence="3" number="24">。</token>
  <token t_id="248" sentence="4" number="0">２</token>
  <token t_id="249" sentence="4" number="1">０</token>
  <token t_id="250" sentence="4" number="2">１</token>
  <token t_id="251" sentence="4" number="3">４</token>
  <token t_id="252" sentence="4" number="4">年</token>
  <token t_id="253" sentence="4" number="5">，</token>
  <token t_id="254" sentence="4" number="6">萨</token>
  <token t_id="255" sentence="4" number="7">拉</token>
  <token t_id="256" sentence="4" number="8">赫</token>
  <token t_id="257" sentence="4" number="9">丁</token>
  <token t_id="258" sentence="4" number="10">省</token>
  <token t_id="259" sentence="4" number="11">大</token>
  <token t_id="260" sentence="4" number="12">片</token>
  <token t_id="261" sentence="4" number="13">地</token>
  <token t_id="262" sentence="4" number="14">区</token>
  <token t_id="263" sentence="4" number="15">曾</token>
  <token t_id="264" sentence="4" number="16">被</token>
  <token t_id="265" sentence="4" number="17">极</token>
  <token t_id="266" sentence="4" number="18">端</token>
  <token t_id="267" sentence="4" number="19">组</token>
  <token t_id="268" sentence="4" number="20">织</token>
  <token t_id="269" sentence="4" number="21">“</token>
  <token t_id="270" sentence="4" number="22">伊</token>
  <token t_id="271" sentence="4" number="23">斯</token>
  <token t_id="272" sentence="4" number="24">兰</token>
  <token t_id="273" sentence="4" number="25">国</token>
  <token t_id="274" sentence="4" number="26">”</token>
  <token t_id="275" sentence="4" number="27">占</token>
  <token t_id="276" sentence="4" number="28">据</token>
  <token t_id="277" sentence="4" number="29">，</token>
  <token t_id="278" sentence="4" number="30">后</token>
  <token t_id="279" sentence="4" number="31">被</token>
  <token t_id="280" sentence="4" number="32">伊</token>
  <token t_id="281" sentence="4" number="33">政</token>
  <token t_id="282" sentence="4" number="34">府</token>
  <token t_id="283" sentence="4" number="35">军</token>
  <token t_id="284" sentence="4" number="36">收</token>
  <token t_id="285" sentence="4" number="37">复</token>
  <token t_id="286" sentence="4" number="38">。</token>
  <token t_id="287" sentence="5" number="0">目</token>
  <token t_id="288" sentence="5" number="1">前</token>
  <token t_id="289" sentence="5" number="2">仍</token>
  <token t_id="290" sentence="5" number="3">有</token>
  <token t_id="291" sentence="5" number="4">少</token>
  <token t_id="292" sentence="5" number="5">量</token>
  <token t_id="293" sentence="5" number="6">“</token>
  <token t_id="294" sentence="5" number="7">伊</token>
  <token t_id="295" sentence="5" number="8">斯</token>
  <token t_id="296" sentence="5" number="9">兰</token>
  <token t_id="297" sentence="5" number="10">国</token>
  <token t_id="298" sentence="5" number="11">”</token>
  <token t_id="299" sentence="5" number="12">残</token>
  <token t_id="300" sentence="5" number="13">余</token>
  <token t_id="301" sentence="5" number="14">分</token>
  <token t_id="302" sentence="5" number="15">子</token>
  <token t_id="303" sentence="5" number="16">盘</token>
  <token t_id="304" sentence="5" number="17">踞</token>
  <token t_id="305" sentence="5" number="18">在</token>
  <token t_id="306" sentence="5" number="19">该</token>
  <token t_id="307" sentence="5" number="20">省</token>
  <token t_id="308" sentence="5" number="21">部</token>
  <token t_id="309" sentence="5" number="22">分</token>
  <token t_id="310" sentence="5" number="23">地</token>
  <token t_id="311" sentence="5" number="24">区</token>
  <token t_id="312" sentence="5" number="25">，</token>
  <token t_id="313" sentence="5" number="26">不</token>
  <token t_id="314" sentence="5" number="27">时</token>
  <token t_id="315" sentence="5" number="28">发</token>
  <token t_id="316" sentence="5" number="29">动</token>
  <token t_id="317" sentence="5" number="30">袭</token>
  <token t_id="318" sentence="5" number="31">击</token>
  <Markables>
    <ACTION m_id="43842" comment="">
      <token_anchor t_id="30" />
    </ACTION>
    <ACTION m_id="43843" comment="">
      <token_anchor t_id="52" />
      <token_anchor t_id="53" />
      <token_anchor t_id="54" />
      <token_anchor t_id="55" />
    </ACTION>
    <ACTION m_id="43844" comment="">
      <token_anchor t_id="76" />
      <token_anchor t_id="77" />
    </ACTION>
    <ACTION m_id="43845" comment="">
      <token_anchor t_id="92" />
      <token_anchor t_id="93" />
    </ACTION>
    <ACTION m_id="43847" comment="">
      <token_anchor t_id="138" />
      <token_anchor t_id="139" />
    </ACTION>
    <ACTION m_id="43848" comment="">
      <token_anchor t_id="145" />
      <token_anchor t_id="146" />
    </ACTION>
    <ACTION m_id="43849" comment="">
      <token_anchor t_id="190" />
      <token_anchor t_id="191" />
    </ACTION>
    <ACTION m_id="43850" comment="">
      <token_anchor t_id="199" />
    </ACTION>
    <ACTION m_id="43851" comment="">
      <token_anchor t_id="229" />
      <token_anchor t_id="230" />
    </ACTION>
    <ACTION m_id="43852" comment="">
      <token_anchor t_id="245" />
      <token_anchor t_id="246" />
    </ACTION>
    <ACTION m_id="43853" comment="">
      <token_anchor t_id="275" />
      <token_anchor t_id="276" />
    </ACTION>
    <ACTION m_id="43854" comment="">
      <token_anchor t_id="284" />
      <token_anchor t_id="285" />
    </ACTION>
    <ACTION_CAUSATIVE m_id="43855" comment="">
      <token_anchor t_id="205" />
    </ACTION_CAUSATIVE>
    <ACTION m_id="43856" comment="">
      <token_anchor t_id="317" />
      <token_anchor t_id="318" />
    </ACTION>
    <ACTION m_id="57175" comment="">
      <token_anchor t_id="206" />
      <token_anchor t_id="207" />
    </ACTION>
    <ACTION m_id="57176" comment="">
      <token_anchor t_id="209" />
      <token_anchor t_id="210" />
      <token_anchor t_id="211" />
      <token_anchor t_id="212" />
    </ACTION>
  </Markables>
  <Relations>
    <PLOT_LINK r_id="5273" SIGNAL="" relType="causation" CAUSES="FALSE" CAUSED_BY="FALSE">
      <source m_id="43843" />
      <target m_id="43844" />
    </PLOT_LINK>
    <PLOT_LINK r_id="5274" SIGNAL="" relType="causation" CAUSES="FALSE" CAUSED_BY="FALSE">
      <source m_id="57175" />
      <target m_id="57176" />
    </PLOT_LINK>
  </Relations>
</Document>