<?xml version="1.0" encoding="UTF-8"?>
<Document doc_name="3554_ecbplus.xml.xml">
  <token t_id="1" sentence="0" number="0">1</token>
  <token t_id="2" sentence="0" number="1">1</token>
  <token t_id="3" sentence="0" number="2">月</token>
  <token t_id="4" sentence="0" number="3">2</token>
  <token t_id="5" sentence="0" number="4">1</token>
  <token t_id="6" sentence="0" number="5">日</token>
  <token t_id="7" sentence="0" number="6">，</token>
  <token t_id="8" sentence="0" number="7">以</token>
  <token t_id="9" sentence="0" number="8">色</token>
  <token t_id="10" sentence="0" number="9">列</token>
  <token t_id="11" sentence="0" number="10">警</token>
  <token t_id="12" sentence="0" number="11">方</token>
  <token t_id="13" sentence="0" number="12">在</token>
  <token t_id="14" sentence="0" number="13">耶</token>
  <token t_id="15" sentence="0" number="14">路</token>
  <token t_id="16" sentence="0" number="15">撒</token>
  <token t_id="17" sentence="0" number="16">冷</token>
  <token t_id="18" sentence="0" number="17">老</token>
  <token t_id="19" sentence="0" number="18">城</token>
  <token t_id="20" sentence="0" number="19">持</token>
  <token t_id="21" sentence="0" number="20">枪</token>
  <token t_id="22" sentence="0" number="21">袭</token>
  <token t_id="23" sentence="0" number="22">击</token>
  <token t_id="24" sentence="0" number="23">事</token>
  <token t_id="25" sentence="0" number="24">件</token>
  <token t_id="26" sentence="0" number="25">现</token>
  <token t_id="27" sentence="0" number="26">场</token>
  <token t_id="28" sentence="0" number="27">附</token>
  <token t_id="29" sentence="0" number="28">近</token>
  <token t_id="30" sentence="0" number="29">工</token>
  <token t_id="31" sentence="0" number="30">作</token>
  <token t_id="32" sentence="0" number="31">。</token>
  <token t_id="33" sentence="1" number="0">据</token>
  <token t_id="34" sentence="1" number="1">以</token>
  <token t_id="35" sentence="1" number="2">色</token>
  <token t_id="36" sentence="1" number="3">列</token>
  <token t_id="37" sentence="1" number="4">警</token>
  <token t_id="38" sentence="1" number="5">方</token>
  <token t_id="39" sentence="1" number="6">消</token>
  <token t_id="40" sentence="1" number="7">息</token>
  <token t_id="41" sentence="1" number="8">，</token>
  <token t_id="42" sentence="1" number="9">耶</token>
  <token t_id="43" sentence="1" number="10">路</token>
  <token t_id="44" sentence="1" number="11">撒</token>
  <token t_id="45" sentence="1" number="12">冷</token>
  <token t_id="46" sentence="1" number="13">老</token>
  <token t_id="47" sentence="1" number="14">城</token>
  <token t_id="48" sentence="1" number="15">阿</token>
  <token t_id="49" sentence="1" number="16">克</token>
  <token t_id="50" sentence="1" number="17">萨</token>
  <token t_id="51" sentence="1" number="18">清</token>
  <token t_id="52" sentence="1" number="19">真</token>
  <token t_id="53" sentence="1" number="20">寺</token>
  <token t_id="54" sentence="1" number="21">2</token>
  <token t_id="55" sentence="1" number="22">1</token>
  <token t_id="56" sentence="1" number="23">日</token>
  <token t_id="57" sentence="1" number="24">发</token>
  <token t_id="58" sentence="1" number="25">生</token>
  <token t_id="59" sentence="1" number="26">持</token>
  <token t_id="60" sentence="1" number="27">枪</token>
  <token t_id="61" sentence="1" number="28">袭</token>
  <token t_id="62" sentence="1" number="29">击</token>
  <token t_id="63" sentence="1" number="30">事</token>
  <token t_id="64" sentence="1" number="31">件</token>
  <token t_id="65" sentence="1" number="32">。</token>
  <token t_id="66" sentence="2" number="0">一</token>
  <token t_id="67" sentence="2" number="1">人</token>
  <token t_id="68" sentence="2" number="2">持</token>
  <token t_id="69" sentence="2" number="3">冲</token>
  <token t_id="70" sentence="2" number="4">锋</token>
  <token t_id="71" sentence="2" number="5">枪</token>
  <token t_id="72" sentence="2" number="6">向</token>
  <token t_id="73" sentence="2" number="7">平</token>
  <token t_id="74" sentence="2" number="8">民</token>
  <token t_id="75" sentence="2" number="9">射</token>
  <token t_id="76" sentence="2" number="10">击</token>
  <token t_id="77" sentence="2" number="11">，</token>
  <token t_id="78" sentence="2" number="12">致</token>
  <token t_id="79" sentence="2" number="13">死</token>
  <token t_id="80" sentence="2" number="14">1</token>
  <token t_id="81" sentence="2" number="15">名</token>
  <token t_id="82" sentence="2" number="16">平</token>
  <token t_id="83" sentence="2" number="17">民</token>
  <token t_id="84" sentence="2" number="18">。</token>
  <token t_id="85" sentence="3" number="0">以</token>
  <token t_id="86" sentence="3" number="1">色</token>
  <token t_id="87" sentence="3" number="2">列</token>
  <token t_id="88" sentence="3" number="3">警</token>
  <token t_id="89" sentence="3" number="4">方</token>
  <token t_id="90" sentence="3" number="5">赶</token>
  <token t_id="91" sentence="3" number="6">到</token>
  <token t_id="92" sentence="3" number="7">后</token>
  <token t_id="93" sentence="3" number="8">将</token>
  <token t_id="94" sentence="3" number="9">袭</token>
  <token t_id="95" sentence="3" number="10">击</token>
  <token t_id="96" sentence="3" number="11">者</token>
  <token t_id="97" sentence="3" number="12">击</token>
  <token t_id="98" sentence="3" number="13">毙</token>
  <Markables>
    <ACTION m_id="43907" comment="">
      <token_anchor t_id="59" />
      <token_anchor t_id="60" />
      <token_anchor t_id="61" />
      <token_anchor t_id="62" />
      <token_anchor t_id="63" />
      <token_anchor t_id="64" />
    </ACTION>
    <ACTION m_id="43908" comment="">
      <token_anchor t_id="75" />
      <token_anchor t_id="76" />
    </ACTION>
    <ACTION m_id="43909" comment="">
      <token_anchor t_id="78" />
      <token_anchor t_id="79" />
    </ACTION>
    <ACTION m_id="43910" comment="">
      <token_anchor t_id="90" />
      <token_anchor t_id="91" />
    </ACTION>
    <ACTION m_id="43911" comment="">
      <token_anchor t_id="97" />
      <token_anchor t_id="98" />
    </ACTION>
  </Markables>
  <Relations>
    <PLOT_LINK r_id="5285" SIGNAL="" relType="causation" CAUSES="FALSE" CAUSED_BY="FALSE">
      <source m_id="43907" />
      <target m_id="43909" />
    </PLOT_LINK>
    <PLOT_LINK r_id="5286" SIGNAL="" relType="causation" CAUSES="FALSE" CAUSED_BY="FALSE">
      <source m_id="43908" />
      <target m_id="43909" />
    </PLOT_LINK>
  </Relations>
</Document>