<?xml version="1.0" encoding="UTF-8"?>
<Document doc_name="3578_ecbplus.xml.xml">
  <token t_id="1" sentence="0" number="0">新</token>
  <token t_id="2" sentence="0" number="1">华</token>
  <token t_id="3" sentence="0" number="2">社</token>
  <token t_id="4" sentence="0" number="3">北</token>
  <token t_id="5" sentence="0" number="4">京</token>
  <token t_id="6" sentence="0" number="5">8</token>
  <token t_id="7" sentence="0" number="6">月</token>
  <token t_id="8" sentence="0" number="7">1</token>
  <token t_id="9" sentence="0" number="8">8</token>
  <token t_id="10" sentence="0" number="9">日</token>
  <token t_id="11" sentence="0" number="10">电</token>
  <token t_id="12" sentence="0" number="11">8</token>
  <token t_id="13" sentence="0" number="12">月</token>
  <token t_id="14" sentence="0" number="13">1</token>
  <token t_id="15" sentence="0" number="14">8</token>
  <token t_id="16" sentence="0" number="15">日</token>
  <token t_id="17" sentence="0" number="16">，</token>
  <token t_id="18" sentence="0" number="17">国</token>
  <token t_id="19" sentence="0" number="18">家</token>
  <token t_id="20" sentence="0" number="19">主</token>
  <token t_id="21" sentence="0" number="20">席</token>
  <token t_id="22" sentence="0" number="21">习</token>
  <token t_id="23" sentence="0" number="22">近</token>
  <token t_id="24" sentence="0" number="23">平</token>
  <token t_id="25" sentence="0" number="24">就</token>
  <token t_id="26" sentence="0" number="25">西</token>
  <token t_id="27" sentence="0" number="26">班</token>
  <token t_id="28" sentence="0" number="27">牙</token>
  <token t_id="29" sentence="0" number="28">巴</token>
  <token t_id="30" sentence="0" number="29">塞</token>
  <token t_id="31" sentence="0" number="30">罗</token>
  <token t_id="32" sentence="0" number="31">那</token>
  <token t_id="33" sentence="0" number="32">市</token>
  <token t_id="34" sentence="0" number="33">中</token>
  <token t_id="35" sentence="0" number="34">心</token>
  <token t_id="36" sentence="0" number="35">发</token>
  <token t_id="37" sentence="0" number="36">生</token>
  <token t_id="38" sentence="0" number="37">货</token>
  <token t_id="39" sentence="0" number="38">车</token>
  <token t_id="40" sentence="0" number="39">冲</token>
  <token t_id="41" sentence="0" number="40">撞</token>
  <token t_id="42" sentence="0" number="41">人</token>
  <token t_id="43" sentence="0" number="42">群</token>
  <token t_id="44" sentence="0" number="43">恐</token>
  <token t_id="45" sentence="0" number="44">怖</token>
  <token t_id="46" sentence="0" number="45">袭</token>
  <token t_id="47" sentence="0" number="46">击</token>
  <token t_id="48" sentence="0" number="47">事</token>
  <token t_id="49" sentence="0" number="48">件</token>
  <token t_id="50" sentence="0" number="49">向</token>
  <token t_id="51" sentence="0" number="50">西</token>
  <token t_id="52" sentence="0" number="51">班</token>
  <token t_id="53" sentence="0" number="52">牙</token>
  <token t_id="54" sentence="0" number="53">国</token>
  <token t_id="55" sentence="0" number="54">王</token>
  <token t_id="56" sentence="0" number="55">费</token>
  <token t_id="57" sentence="0" number="56">利</token>
  <token t_id="58" sentence="0" number="57">佩</token>
  <token t_id="59" sentence="0" number="58">六</token>
  <token t_id="60" sentence="0" number="59">世</token>
  <token t_id="61" sentence="0" number="60">致</token>
  <token t_id="62" sentence="0" number="61">慰</token>
  <token t_id="63" sentence="0" number="62">问</token>
  <token t_id="64" sentence="0" number="63">电</token>
  <token t_id="65" sentence="0" number="64">。</token>
  <token t_id="66" sentence="1" number="0">习</token>
  <token t_id="67" sentence="1" number="1">近</token>
  <token t_id="68" sentence="1" number="2">平</token>
  <token t_id="69" sentence="1" number="3">在</token>
  <token t_id="70" sentence="1" number="4">慰</token>
  <token t_id="71" sentence="1" number="5">问</token>
  <token t_id="72" sentence="1" number="6">电</token>
  <token t_id="73" sentence="1" number="7">中</token>
  <token t_id="74" sentence="1" number="8">表</token>
  <token t_id="75" sentence="1" number="9">示</token>
  <token t_id="76" sentence="1" number="10">，</token>
  <token t_id="77" sentence="1" number="11">惊</token>
  <token t_id="78" sentence="1" number="12">悉</token>
  <token t_id="79" sentence="1" number="13">8</token>
  <token t_id="80" sentence="1" number="14">月</token>
  <token t_id="81" sentence="1" number="15">1</token>
  <token t_id="82" sentence="1" number="16">7</token>
  <token t_id="83" sentence="1" number="17">日</token>
  <token t_id="84" sentence="1" number="18">下</token>
  <token t_id="85" sentence="1" number="19">午</token>
  <token t_id="86" sentence="1" number="20">贵</token>
  <token t_id="87" sentence="1" number="21">国</token>
  <token t_id="88" sentence="1" number="22">巴</token>
  <token t_id="89" sentence="1" number="23">塞</token>
  <token t_id="90" sentence="1" number="24">罗</token>
  <token t_id="91" sentence="1" number="25">那</token>
  <token t_id="92" sentence="1" number="26">市</token>
  <token t_id="93" sentence="1" number="27">发</token>
  <token t_id="94" sentence="1" number="28">生</token>
  <token t_id="95" sentence="1" number="29">货</token>
  <token t_id="96" sentence="1" number="30">车</token>
  <token t_id="97" sentence="1" number="31">冲</token>
  <token t_id="98" sentence="1" number="32">撞</token>
  <token t_id="99" sentence="1" number="33">人</token>
  <token t_id="100" sentence="1" number="34">群</token>
  <token t_id="101" sentence="1" number="35">恐</token>
  <token t_id="102" sentence="1" number="36">怖</token>
  <token t_id="103" sentence="1" number="37">袭</token>
  <token t_id="104" sentence="1" number="38">击</token>
  <token t_id="105" sentence="1" number="39">事</token>
  <token t_id="106" sentence="1" number="40">件</token>
  <token t_id="107" sentence="1" number="41">，</token>
  <token t_id="108" sentence="1" number="42">造</token>
  <token t_id="109" sentence="1" number="43">成</token>
  <token t_id="110" sentence="1" number="44">大</token>
  <token t_id="111" sentence="1" number="45">量</token>
  <token t_id="112" sentence="1" number="46">人</token>
  <token t_id="113" sentence="1" number="47">员</token>
  <token t_id="114" sentence="1" number="48">伤</token>
  <token t_id="115" sentence="1" number="49">亡</token>
  <token t_id="116" sentence="1" number="50">。</token>
  <token t_id="117" sentence="2" number="0">我</token>
  <token t_id="118" sentence="2" number="1">谨</token>
  <token t_id="119" sentence="2" number="2">代</token>
  <token t_id="120" sentence="2" number="3">表</token>
  <token t_id="121" sentence="2" number="4">中</token>
  <token t_id="122" sentence="2" number="5">国</token>
  <token t_id="123" sentence="2" number="6">政</token>
  <token t_id="124" sentence="2" number="7">府</token>
  <token t_id="125" sentence="2" number="8">和</token>
  <token t_id="126" sentence="2" number="9">中</token>
  <token t_id="127" sentence="2" number="10">国</token>
  <token t_id="128" sentence="2" number="11">人</token>
  <token t_id="129" sentence="2" number="12">民</token>
  <token t_id="130" sentence="2" number="13">，</token>
  <token t_id="131" sentence="2" number="14">并</token>
  <token t_id="132" sentence="2" number="15">以</token>
  <token t_id="133" sentence="2" number="16">我</token>
  <token t_id="134" sentence="2" number="17">个</token>
  <token t_id="135" sentence="2" number="18">人</token>
  <token t_id="136" sentence="2" number="19">的</token>
  <token t_id="137" sentence="2" number="20">名</token>
  <token t_id="138" sentence="2" number="21">义</token>
  <token t_id="139" sentence="2" number="22">，</token>
  <token t_id="140" sentence="2" number="23">向</token>
  <token t_id="141" sentence="2" number="24">遇</token>
  <token t_id="142" sentence="2" number="25">难</token>
  <token t_id="143" sentence="2" number="26">者</token>
  <token t_id="144" sentence="2" number="27">表</token>
  <token t_id="145" sentence="2" number="28">示</token>
  <token t_id="146" sentence="2" number="29">深</token>
  <token t_id="147" sentence="2" number="30">切</token>
  <token t_id="148" sentence="2" number="31">的</token>
  <token t_id="149" sentence="2" number="32">哀</token>
  <token t_id="150" sentence="2" number="33">悼</token>
  <token t_id="151" sentence="2" number="34">，</token>
  <token t_id="152" sentence="2" number="35">向</token>
  <token t_id="153" sentence="2" number="36">遇</token>
  <token t_id="154" sentence="2" number="37">难</token>
  <token t_id="155" sentence="2" number="38">者</token>
  <token t_id="156" sentence="2" number="39">家</token>
  <token t_id="157" sentence="2" number="40">属</token>
  <token t_id="158" sentence="2" number="41">和</token>
  <token t_id="159" sentence="2" number="42">伤</token>
  <token t_id="160" sentence="2" number="43">者</token>
  <token t_id="161" sentence="2" number="44">表</token>
  <token t_id="162" sentence="2" number="45">示</token>
  <token t_id="163" sentence="2" number="46">诚</token>
  <token t_id="164" sentence="2" number="47">挚</token>
  <token t_id="165" sentence="2" number="48">慰</token>
  <token t_id="166" sentence="2" number="49">问</token>
  <token t_id="167" sentence="2" number="50">，</token>
  <token t_id="168" sentence="2" number="51">祝</token>
  <token t_id="169" sentence="2" number="52">愿</token>
  <token t_id="170" sentence="2" number="53">伤</token>
  <token t_id="171" sentence="2" number="54">者</token>
  <token t_id="172" sentence="2" number="55">早</token>
  <token t_id="173" sentence="2" number="56">日</token>
  <token t_id="174" sentence="2" number="57">康</token>
  <token t_id="175" sentence="2" number="58">复</token>
  <token t_id="176" sentence="2" number="59">。</token>
  <token t_id="177" sentence="3" number="0">中</token>
  <token t_id="178" sentence="3" number="1">方</token>
  <token t_id="179" sentence="3" number="2">坚</token>
  <token t_id="180" sentence="3" number="3">决</token>
  <token t_id="181" sentence="3" number="4">反</token>
  <token t_id="182" sentence="3" number="5">对</token>
  <token t_id="183" sentence="3" number="6">一</token>
  <token t_id="184" sentence="3" number="7">切</token>
  <token t_id="185" sentence="3" number="8">形</token>
  <token t_id="186" sentence="3" number="9">式</token>
  <token t_id="187" sentence="3" number="10">的</token>
  <token t_id="188" sentence="3" number="11">恐</token>
  <token t_id="189" sentence="3" number="12">怖</token>
  <token t_id="190" sentence="3" number="13">主</token>
  <token t_id="191" sentence="3" number="14">义</token>
  <token t_id="192" sentence="3" number="15">，</token>
  <token t_id="193" sentence="3" number="16">愿</token>
  <token t_id="194" sentence="3" number="17">同</token>
  <token t_id="195" sentence="3" number="18">包</token>
  <token t_id="196" sentence="3" number="19">括</token>
  <token t_id="197" sentence="3" number="20">西</token>
  <token t_id="198" sentence="3" number="21">班</token>
  <token t_id="199" sentence="3" number="22">牙</token>
  <token t_id="200" sentence="3" number="23">在</token>
  <token t_id="201" sentence="3" number="24">内</token>
  <token t_id="202" sentence="3" number="25">的</token>
  <token t_id="203" sentence="3" number="26">国</token>
  <token t_id="204" sentence="3" number="27">际</token>
  <token t_id="205" sentence="3" number="28">社</token>
  <token t_id="206" sentence="3" number="29">会</token>
  <token t_id="207" sentence="3" number="30">一</token>
  <token t_id="208" sentence="3" number="31">道</token>
  <token t_id="209" sentence="3" number="32">，</token>
  <token t_id="210" sentence="3" number="33">加</token>
  <token t_id="211" sentence="3" number="34">强</token>
  <token t_id="212" sentence="3" number="35">反</token>
  <token t_id="213" sentence="3" number="36">恐</token>
  <token t_id="214" sentence="3" number="37">合</token>
  <token t_id="215" sentence="3" number="38">作</token>
  <token t_id="216" sentence="3" number="39">，</token>
  <token t_id="217" sentence="3" number="40">共</token>
  <token t_id="218" sentence="3" number="41">同</token>
  <token t_id="219" sentence="3" number="42">维</token>
  <token t_id="220" sentence="3" number="43">护</token>
  <token t_id="221" sentence="3" number="44">地</token>
  <token t_id="222" sentence="3" number="45">区</token>
  <token t_id="223" sentence="3" number="46">和</token>
  <token t_id="224" sentence="3" number="47">世</token>
  <token t_id="225" sentence="3" number="48">界</token>
  <token t_id="226" sentence="3" number="49">和</token>
  <token t_id="227" sentence="3" number="50">平</token>
  <token t_id="228" sentence="3" number="51">稳</token>
  <token t_id="229" sentence="3" number="52">定</token>
  <Markables>
    <ACTION m_id="44323" comment="">
      <token_anchor t_id="62" />
      <token_anchor t_id="63" />
    </ACTION>
    <ACTION m_id="44324" comment="">
      <token_anchor t_id="74" />
      <token_anchor t_id="75" />
    </ACTION>
    <ACTION m_id="44326" comment="">
      <token_anchor t_id="114" />
      <token_anchor t_id="115" />
    </ACTION>
    <ACTION m_id="44331" comment="">
      <token_anchor t_id="181" />
      <token_anchor t_id="182" />
    </ACTION>
    <ACTION_CAUSATIVE m_id="44332" comment="">
      <token_anchor t_id="108" />
      <token_anchor t_id="109" />
    </ACTION_CAUSATIVE>
    <ACTION m_id="44334" comment="">
      <token_anchor t_id="219" />
      <token_anchor t_id="220" />
    </ACTION>
    <ACTION m_id="57304" comment="">
      <token_anchor t_id="40" />
      <token_anchor t_id="41" />
    </ACTION>
    <ACTION m_id="57305" comment="">
      <token_anchor t_id="97" />
      <token_anchor t_id="98" />
    </ACTION>
    <ACTION m_id="57306" comment="">
      <token_anchor t_id="210" />
      <token_anchor t_id="211" />
    </ACTION>
  </Markables>
  <Relations>
    <PLOT_LINK r_id="5362" SIGNAL="" relType="causation" CAUSES="FALSE" CAUSED_BY="FALSE">
      <source m_id="57305" />
      <target m_id="44326" />
    </PLOT_LINK>
  </Relations>
</Document>