<?xml version="1.0" encoding="UTF-8"?>
<Document doc_name="3680_ecbplus.xml.xml">
  <token t_id="1" sentence="0" number="0">叙</token>
  <token t_id="2" sentence="0" number="1">利</token>
  <token t_id="3" sentence="0" number="2">亚</token>
  <token t_id="4" sentence="0" number="3">首</token>
  <token t_id="5" sentence="0" number="4">都</token>
  <token t_id="6" sentence="0" number="5">发</token>
  <token t_id="7" sentence="0" number="6">生</token>
  <token t_id="8" sentence="0" number="7">袭</token>
  <token t_id="9" sentence="0" number="8">击</token>
  <token t_id="10" sentence="0" number="9">事</token>
  <token t_id="11" sentence="0" number="10">件</token>
  <token t_id="12" sentence="0" number="11">致</token>
  <token t_id="13" sentence="0" number="12">1</token>
  <token t_id="14" sentence="0" number="13">死</token>
  <token t_id="15" sentence="0" number="14">1</token>
  <token t_id="16" sentence="0" number="15">伤</token>
  <token t_id="17" sentence="0" number="16">新</token>
  <token t_id="18" sentence="0" number="17">华</token>
  <token t_id="19" sentence="0" number="18">社</token>
  <token t_id="20" sentence="0" number="19">大</token>
  <token t_id="21" sentence="0" number="20">马</token>
  <token t_id="22" sentence="0" number="21">士</token>
  <token t_id="23" sentence="0" number="22">革</token>
  <token t_id="24" sentence="0" number="23">2</token>
  <token t_id="25" sentence="0" number="24">0</token>
  <token t_id="26" sentence="0" number="25">2</token>
  <token t_id="27" sentence="0" number="26">0</token>
  <token t_id="28" sentence="0" number="27">年</token>
  <token t_id="29" sentence="0" number="28">7</token>
  <token t_id="30" sentence="0" number="29">月</token>
  <token t_id="31" sentence="0" number="30">1</token>
  <token t_id="32" sentence="0" number="31">8</token>
  <token t_id="33" sentence="0" number="32">日</token>
  <token t_id="34" sentence="0" number="33">电</token>
  <token t_id="35" sentence="0" number="34">　</token>
  <token t_id="36" sentence="0" number="35">叙</token>
  <token t_id="37" sentence="0" number="36">利</token>
  <token t_id="38" sentence="0" number="37">亚</token>
  <token t_id="39" sentence="0" number="38">首</token>
  <token t_id="40" sentence="0" number="39">都</token>
  <token t_id="41" sentence="0" number="40">大</token>
  <token t_id="42" sentence="0" number="41">马</token>
  <token t_id="43" sentence="0" number="42">士</token>
  <token t_id="44" sentence="0" number="43">革</token>
  <token t_id="45" sentence="0" number="44">1</token>
  <token t_id="46" sentence="0" number="45">8</token>
  <token t_id="47" sentence="0" number="46">日</token>
  <token t_id="48" sentence="0" number="47">晚</token>
  <token t_id="49" sentence="0" number="48">发</token>
  <token t_id="50" sentence="0" number="49">生</token>
  <token t_id="51" sentence="0" number="50">袭</token>
  <token t_id="52" sentence="0" number="51">击</token>
  <token t_id="53" sentence="0" number="52">事</token>
  <token t_id="54" sentence="0" number="53">件</token>
  <token t_id="55" sentence="0" number="54">，</token>
  <token t_id="56" sentence="0" number="55">造</token>
  <token t_id="57" sentence="0" number="56">成</token>
  <token t_id="58" sentence="0" number="57">1</token>
  <token t_id="59" sentence="0" number="58">人</token>
  <token t_id="60" sentence="0" number="59">死</token>
  <token t_id="61" sentence="0" number="60">亡</token>
  <token t_id="62" sentence="0" number="61">、</token>
  <token t_id="63" sentence="0" number="62">1</token>
  <token t_id="64" sentence="0" number="63">人</token>
  <token t_id="65" sentence="0" number="64">重</token>
  <token t_id="66" sentence="0" number="65">伤</token>
  <token t_id="67" sentence="0" number="66">。</token>
  <token t_id="68" sentence="1" number="0">据</token>
  <token t_id="69" sentence="1" number="1">叙</token>
  <token t_id="70" sentence="1" number="2">利</token>
  <token t_id="71" sentence="1" number="3">亚</token>
  <token t_id="72" sentence="1" number="4">通</token>
  <token t_id="73" sentence="1" number="5">讯</token>
  <token t_id="74" sentence="1" number="6">社</token>
  <token t_id="75" sentence="1" number="7">报</token>
  <token t_id="76" sentence="1" number="8">道</token>
  <token t_id="77" sentence="1" number="9">，</token>
  <token t_id="78" sentence="1" number="10">袭</token>
  <token t_id="79" sentence="1" number="11">击</token>
  <token t_id="80" sentence="1" number="12">发</token>
  <token t_id="81" sentence="1" number="13">生</token>
  <token t_id="82" sentence="1" number="14">在</token>
  <token t_id="83" sentence="1" number="15">大</token>
  <token t_id="84" sentence="1" number="16">马</token>
  <token t_id="85" sentence="1" number="17">士</token>
  <token t_id="86" sentence="1" number="18">革</token>
  <token t_id="87" sentence="1" number="19">奈</token>
  <token t_id="88" sentence="1" number="20">赫</token>
  <token t_id="89" sentence="1" number="21">尔</token>
  <token t_id="90" sentence="1" number="22">艾</token>
  <token t_id="91" sentence="1" number="23">沙</token>
  <token t_id="92" sentence="1" number="24">区</token>
  <token t_id="93" sentence="1" number="25">的</token>
  <token t_id="94" sentence="1" number="26">一</token>
  <token t_id="95" sentence="1" number="27">处</token>
  <token t_id="96" sentence="1" number="28">售</token>
  <token t_id="97" sentence="1" number="29">货</token>
  <token t_id="98" sentence="1" number="30">亭</token>
  <token t_id="99" sentence="1" number="31">附</token>
  <token t_id="100" sentence="1" number="32">近</token>
  <token t_id="101" sentence="1" number="33">。</token>
  <token t_id="102" sentence="2" number="0">两</token>
  <token t_id="103" sentence="2" number="1">个</token>
  <token t_id="104" sentence="2" number="2">事</token>
  <token t_id="105" sentence="2" number="3">先</token>
  <token t_id="106" sentence="2" number="4">安</token>
  <token t_id="107" sentence="2" number="5">置</token>
  <token t_id="108" sentence="2" number="6">的</token>
  <token t_id="109" sentence="2" number="7">爆</token>
  <token t_id="110" sentence="2" number="8">炸</token>
  <token t_id="111" sentence="2" number="9">装</token>
  <token t_id="112" sentence="2" number="10">置</token>
  <token t_id="113" sentence="2" number="11">被</token>
  <token t_id="114" sentence="2" number="12">引</token>
  <token t_id="115" sentence="2" number="13">爆</token>
  <token t_id="116" sentence="2" number="14">，</token>
  <token t_id="117" sentence="2" number="15">造</token>
  <token t_id="118" sentence="2" number="16">成</token>
  <token t_id="119" sentence="2" number="17">1</token>
  <token t_id="120" sentence="2" number="18">人</token>
  <token t_id="121" sentence="2" number="19">死</token>
  <token t_id="122" sentence="2" number="20">亡</token>
  <token t_id="123" sentence="2" number="21">、</token>
  <token t_id="124" sentence="2" number="22">1</token>
  <token t_id="125" sentence="2" number="23">人</token>
  <token t_id="126" sentence="2" number="24">重</token>
  <token t_id="127" sentence="2" number="25">伤</token>
  <token t_id="128" sentence="2" number="26">，</token>
  <token t_id="129" sentence="2" number="27">周</token>
  <token t_id="130" sentence="2" number="28">围</token>
  <token t_id="131" sentence="2" number="29">车</token>
  <token t_id="132" sentence="2" number="30">辆</token>
  <token t_id="133" sentence="2" number="31">和</token>
  <token t_id="134" sentence="2" number="32">设</token>
  <token t_id="135" sentence="2" number="33">施</token>
  <token t_id="136" sentence="2" number="34">受</token>
  <token t_id="137" sentence="2" number="35">损</token>
  <token t_id="138" sentence="2" number="36">。</token>
  <token t_id="139" sentence="3" number="0">伤</token>
  <token t_id="140" sentence="3" number="1">者</token>
  <token t_id="141" sentence="3" number="2">已</token>
  <token t_id="142" sentence="3" number="3">被</token>
  <token t_id="143" sentence="3" number="4">送</token>
  <token t_id="144" sentence="3" number="5">至</token>
  <token t_id="145" sentence="3" number="6">医</token>
  <token t_id="146" sentence="3" number="7">院</token>
  <token t_id="147" sentence="3" number="8">接</token>
  <token t_id="148" sentence="3" number="9">受</token>
  <token t_id="149" sentence="3" number="10">救</token>
  <token t_id="150" sentence="3" number="11">治</token>
  <token t_id="151" sentence="3" number="12">。</token>
  <token t_id="152" sentence="4" number="0">目</token>
  <token t_id="153" sentence="4" number="1">前</token>
  <token t_id="154" sentence="4" number="2">，</token>
  <token t_id="155" sentence="4" number="3">尚</token>
  <token t_id="156" sentence="4" number="4">无</token>
  <token t_id="157" sentence="4" number="5">任</token>
  <token t_id="158" sentence="4" number="6">何</token>
  <token t_id="159" sentence="4" number="7">组</token>
  <token t_id="160" sentence="4" number="8">织</token>
  <token t_id="161" sentence="4" number="9">或</token>
  <token t_id="162" sentence="4" number="10">个</token>
  <token t_id="163" sentence="4" number="11">人</token>
  <token t_id="164" sentence="4" number="12">宣</token>
  <token t_id="165" sentence="4" number="13">称</token>
  <token t_id="166" sentence="4" number="14">制</token>
  <token t_id="167" sentence="4" number="15">造</token>
  <token t_id="168" sentence="4" number="16">了</token>
  <token t_id="169" sentence="4" number="17">这</token>
  <token t_id="170" sentence="4" number="18">起</token>
  <token t_id="171" sentence="4" number="19">爆</token>
  <token t_id="172" sentence="4" number="20">炸</token>
  <token t_id="173" sentence="4" number="21">袭</token>
  <token t_id="174" sentence="4" number="22">击</token>
  <token t_id="175" sentence="4" number="23">。</token>
  <token t_id="176" sentence="5" number="0">近</token>
  <token t_id="177" sentence="5" number="1">几</token>
  <token t_id="178" sentence="5" number="2">个</token>
  <token t_id="179" sentence="5" number="3">月</token>
  <token t_id="180" sentence="5" number="4">来</token>
  <token t_id="181" sentence="5" number="5">，</token>
  <token t_id="182" sentence="5" number="6">大</token>
  <token t_id="183" sentence="5" number="7">马</token>
  <token t_id="184" sentence="5" number="8">士</token>
  <token t_id="185" sentence="5" number="9">革</token>
  <token t_id="186" sentence="5" number="10">安</token>
  <token t_id="187" sentence="5" number="11">全</token>
  <token t_id="188" sentence="5" number="12">局</token>
  <token t_id="189" sentence="5" number="13">势</token>
  <token t_id="190" sentence="5" number="14">相</token>
  <token t_id="191" sentence="5" number="15">对</token>
  <token t_id="192" sentence="5" number="16">稳</token>
  <token t_id="193" sentence="5" number="17">定</token>
  <token t_id="194" sentence="5" number="18">。</token>
  <token t_id="195" sentence="6" number="0">叙</token>
  <token t_id="196" sentence="6" number="1">利</token>
  <token t_id="197" sentence="6" number="2">亚</token>
  <token t_id="198" sentence="6" number="3">新</token>
  <token t_id="199" sentence="6" number="4">一</token>
  <token t_id="200" sentence="6" number="5">届</token>
  <token t_id="201" sentence="6" number="6">议</token>
  <token t_id="202" sentence="6" number="7">会</token>
  <token t_id="203" sentence="6" number="8">选</token>
  <token t_id="204" sentence="6" number="9">举</token>
  <token t_id="205" sentence="6" number="10">将</token>
  <token t_id="206" sentence="6" number="11">于</token>
  <token t_id="207" sentence="6" number="12">1</token>
  <token t_id="208" sentence="6" number="13">9</token>
  <token t_id="209" sentence="6" number="14">日</token>
  <token t_id="210" sentence="6" number="15">举</token>
  <token t_id="211" sentence="6" number="16">行</token>
  <Markables>
    <ACTION m_id="45999" comment="">
      <token_anchor t_id="8" />
      <token_anchor t_id="9" />
      <token_anchor t_id="10" />
      <token_anchor t_id="11" />
    </ACTION>
    <ACTION m_id="46000" comment="">
      <token_anchor t_id="14" />
    </ACTION>
    <ACTION m_id="46001" comment="">
      <token_anchor t_id="16" />
    </ACTION>
    <ACTION m_id="46002" comment="">
      <token_anchor t_id="51" />
      <token_anchor t_id="52" />
      <token_anchor t_id="53" />
      <token_anchor t_id="54" />
    </ACTION>
    <ACTION m_id="46003" comment="">
      <token_anchor t_id="60" />
      <token_anchor t_id="61" />
    </ACTION>
    <ACTION m_id="46004" comment="">
      <token_anchor t_id="65" />
      <token_anchor t_id="66" />
    </ACTION>
    <ACTION m_id="46005" comment="">
      <token_anchor t_id="75" />
      <token_anchor t_id="76" />
    </ACTION>
    <ACTION m_id="46006" comment="">
      <token_anchor t_id="78" />
      <token_anchor t_id="79" />
    </ACTION>
    <ACTION_CAUSATIVE m_id="46007" comment="">
      <token_anchor t_id="56" />
      <token_anchor t_id="57" />
    </ACTION_CAUSATIVE>
    <ACTION_CAUSATIVE m_id="46008" comment="">
      <token_anchor t_id="12" />
    </ACTION_CAUSATIVE>
    <ACTION_CAUSATIVE m_id="46009" comment="">
      <token_anchor t_id="117" />
      <token_anchor t_id="118" />
    </ACTION_CAUSATIVE>
    <ACTION m_id="46010" comment="">
      <token_anchor t_id="114" />
      <token_anchor t_id="115" />
    </ACTION>
    <ACTION m_id="46011" comment="">
      <token_anchor t_id="121" />
      <token_anchor t_id="122" />
    </ACTION>
    <ACTION m_id="46012" comment="">
      <token_anchor t_id="126" />
      <token_anchor t_id="127" />
    </ACTION>
    <ACTION m_id="46013" comment="">
      <token_anchor t_id="136" />
      <token_anchor t_id="137" />
    </ACTION>
    <ACTION m_id="46014" comment="">
      <token_anchor t_id="143" />
      <token_anchor t_id="144" />
    </ACTION>
    <ACTION m_id="46015" comment="">
      <token_anchor t_id="149" />
      <token_anchor t_id="150" />
    </ACTION>
    <ACTION m_id="46016" comment="">
      <token_anchor t_id="164" />
      <token_anchor t_id="165" />
    </ACTION>
    <ACTION m_id="46018" comment="">
      <token_anchor t_id="210" />
      <token_anchor t_id="211" />
    </ACTION>
  </Markables>
  <Relations>
    <PLOT_LINK r_id="5743" SIGNAL="" relType="causation" CAUSES="FALSE" CAUSED_BY="FALSE">
      <source m_id="45999" />
      <target m_id="46000" />
    </PLOT_LINK>
    <PLOT_LINK r_id="5744" SIGNAL="" relType="causation" CAUSES="FALSE" CAUSED_BY="FALSE">
      <source m_id="45999" />
      <target m_id="46001" />
    </PLOT_LINK>
    <PLOT_LINK r_id="5745" SIGNAL="" relType="causation" CAUSES="FALSE" CAUSED_BY="FALSE">
      <source m_id="46002" />
      <target m_id="46003" />
    </PLOT_LINK>
    <PLOT_LINK r_id="5746" SIGNAL="" relType="causation" CAUSES="FALSE" CAUSED_BY="FALSE">
      <source m_id="46002" />
      <target m_id="46004" />
    </PLOT_LINK>
    <PLOT_LINK r_id="5747" SIGNAL="" relType="causation" CAUSES="FALSE" CAUSED_BY="FALSE">
      <source m_id="46010" />
      <target m_id="46011" />
    </PLOT_LINK>
    <PLOT_LINK r_id="5748" SIGNAL="" relType="causation" CAUSES="FALSE" CAUSED_BY="FALSE">
      <source m_id="46010" />
      <target m_id="46012" />
    </PLOT_LINK>
    <PLOT_LINK r_id="5749" SIGNAL="" relType="causation" CAUSES="FALSE" CAUSED_BY="FALSE">
      <source m_id="46010" />
      <target m_id="46013" />
    </PLOT_LINK>
  </Relations>
</Document>